#Build: Fabric Compiler 2024.2-SP1.2, Build 187561, May 22 18:16 2025
#Install: C:\studyware\pango\PDS_2024.2-SP1.2-ads\bin
#Application name: pds_shell.exe
#OS: Windows 10 10.0.18363
#Hostname: z02665mj
Generated by Fabric Compiler (version 2024.2-SP1.2 build 187561) at Sat Mar 14 16:13:30 2026
Parameters for debugging are loaded as follows:
License checkout: fabric_ads from C:/studyware/pango/PDS_2024.2-SP1.2-ads/license/new_pds_6805cabd4893.lic
Compiling verification operator library.
Loading technology operator library.
Compiling technology operator library.
Compiling technology operator (valence) library.
I: Enable Verilog2k features and keywords
Start rtl-analyze.
I: Include path: C:/CPLD/pango/2_Tieta_Feiteng/Tieta_Feiteng_1001_PGC7KD69MBG400/rtl/include
I: Include path: C:/CPLD/pango/2_Tieta_Feiteng/Tieta_Feiteng_1001_PGC7KD69MBG400/rtl/include
I: Include path: C:/CPLD/pango/2_Tieta_Feiteng/Tieta_Feiteng_1001_PGC7KD69MBG400/prj/Tieta_M
I: Verilog-0001: Analyzing file C:/CPLD/pango/2_Tieta_Feiteng/Tieta_Feiteng_1001_PGC7KD69MBG400/rtl/source/Tieta_Feiteng_1001_top.v.
I: Found Verilog include file C:/CPLD/pango/2_Tieta_Feiteng/Tieta_Feiteng_1001_PGC7KD69MBG400/rtl/include/pwrseq_define.v
I: Verilog-0008: [C:/CPLD/pango/2_Tieta_Feiteng/Tieta_Feiteng_1001_PGC7KD69MBG400/rtl/include/pwrseq_define.v(line number: 1)] Define macro SM_RESET_STATE 6'h00.
I: Verilog-0008: [C:/CPLD/pango/2_Tieta_Feiteng/Tieta_Feiteng_1001_PGC7KD69MBG400/rtl/include/pwrseq_define.v(line number: 2)] Define macro SM_DISABLE_S5_DEVICES 6'h01.
I: Verilog-0008: [C:/CPLD/pango/2_Tieta_Feiteng/Tieta_Feiteng_1001_PGC7KD69MBG400/rtl/include/pwrseq_define.v(line number: 4)] Define macro SM_OFF_STANDBY 6'h02.
I: Verilog-0008: [C:/CPLD/pango/2_Tieta_Feiteng/Tieta_Feiteng_1001_PGC7KD69MBG400/rtl/include/pwrseq_define.v(line number: 5)] Define macro SM_ENABLE_S5_DEVICES 6'h03.
I: Verilog-0008: [C:/CPLD/pango/2_Tieta_Feiteng/Tieta_Feiteng_1001_PGC7KD69MBG400/rtl/include/pwrseq_define.v(line number: 6)] Define macro SM_PS_ON 6'h04.
I: Verilog-0008: [C:/CPLD/pango/2_Tieta_Feiteng/Tieta_Feiteng_1001_PGC7KD69MBG400/rtl/include/pwrseq_define.v(line number: 7)] Define macro SM_EN_5V_STBY 6'h05.
I: Verilog-0008: [C:/CPLD/pango/2_Tieta_Feiteng/Tieta_Feiteng_1001_PGC7KD69MBG400/rtl/include/pwrseq_define.v(line number: 8)] Define macro SM_EN_TELEM 6'h06.
I: Verilog-0008: [C:/CPLD/pango/2_Tieta_Feiteng/Tieta_Feiteng_1001_PGC7KD69MBG400/rtl/include/pwrseq_define.v(line number: 9)] Define macro SM_EN_MAIN_EFUSE 6'h07.
I: Verilog-0008: [C:/CPLD/pango/2_Tieta_Feiteng/Tieta_Feiteng_1001_PGC7KD69MBG400/rtl/include/pwrseq_define.v(line number: 10)] Define macro SM_EN_5V 6'h08.
I: Verilog-0008: [C:/CPLD/pango/2_Tieta_Feiteng/Tieta_Feiteng_1001_PGC7KD69MBG400/rtl/include/pwrseq_define.v(line number: 11)] Define macro SM_EN_3V3 6'h09.
I: Verilog-0008: [C:/CPLD/pango/2_Tieta_Feiteng/Tieta_Feiteng_1001_PGC7KD69MBG400/rtl/include/pwrseq_define.v(line number: 12)] Define macro SM_EN_1V1 6'h0A.
I: Verilog-0008: [C:/CPLD/pango/2_Tieta_Feiteng/Tieta_Feiteng_1001_PGC7KD69MBG400/rtl/include/pwrseq_define.v(line number: 14)] Define macro SM_EN_CPU_CORE 6'h0B.
I: Verilog-0008: [C:/CPLD/pango/2_Tieta_Feiteng/Tieta_Feiteng_1001_PGC7KD69MBG400/rtl/include/pwrseq_define.v(line number: 15)] Define macro SM_EN_CPU_P1V8 6'h0C.
I: Verilog-0008: [C:/CPLD/pango/2_Tieta_Feiteng/Tieta_Feiteng_1001_PGC7KD69MBG400/rtl/include/pwrseq_define.v(line number: 16)] Define macro SM_EN_CPU_DDR 6'h0D.
I: Verilog-0008: [C:/CPLD/pango/2_Tieta_Feiteng/Tieta_Feiteng_1001_PGC7KD69MBG400/rtl/include/pwrseq_define.v(line number: 17)] Define macro SM_EN_CPU_VP 6'h0E.
I: Verilog-0008: [C:/CPLD/pango/2_Tieta_Feiteng/Tieta_Feiteng_1001_PGC7KD69MBG400/rtl/include/pwrseq_define.v(line number: 19)] Define macro PEX_RESET 6'h0F.
I: Verilog-0008: [C:/CPLD/pango/2_Tieta_Feiteng/Tieta_Feiteng_1001_PGC7KD69MBG400/rtl/include/pwrseq_define.v(line number: 20)] Define macro SM_CPU_RESET 6'h10.
I: Verilog-0008: [C:/CPLD/pango/2_Tieta_Feiteng/Tieta_Feiteng_1001_PGC7KD69MBG400/rtl/include/pwrseq_define.v(line number: 22)] Define macro SM_WAIT_POWEROK 6'h11.
I: Verilog-0008: [C:/CPLD/pango/2_Tieta_Feiteng/Tieta_Feiteng_1001_PGC7KD69MBG400/rtl/include/pwrseq_define.v(line number: 23)] Define macro SM_STEADY_PWROK 6'h12.
I: Verilog-0008: [C:/CPLD/pango/2_Tieta_Feiteng/Tieta_Feiteng_1001_PGC7KD69MBG400/rtl/include/pwrseq_define.v(line number: 24)] Define macro SM_CRITICAL_FAIL 6'h13.
I: Verilog-0008: [C:/CPLD/pango/2_Tieta_Feiteng/Tieta_Feiteng_1001_PGC7KD69MBG400/rtl/include/pwrseq_define.v(line number: 26)] Define macro SM_DISABLE_CPU_VP 6'h14.
I: Verilog-0008: [C:/CPLD/pango/2_Tieta_Feiteng/Tieta_Feiteng_1001_PGC7KD69MBG400/rtl/include/pwrseq_define.v(line number: 27)] Define macro SM_DISABLE_CPU_DDR 6'h15.
I: Verilog-0008: [C:/CPLD/pango/2_Tieta_Feiteng/Tieta_Feiteng_1001_PGC7KD69MBG400/rtl/include/pwrseq_define.v(line number: 28)] Define macro SM_DISABLE_CPU_P1V8 6'h16.
I: Verilog-0008: [C:/CPLD/pango/2_Tieta_Feiteng/Tieta_Feiteng_1001_PGC7KD69MBG400/rtl/include/pwrseq_define.v(line number: 29)] Define macro SM_DISABLE_CPU_CORE 6'h17.
I: Verilog-0008: [C:/CPLD/pango/2_Tieta_Feiteng/Tieta_Feiteng_1001_PGC7KD69MBG400/rtl/include/pwrseq_define.v(line number: 31)] Define macro SM_DISABLE_1V1 6'h18.
I: Verilog-0008: [C:/CPLD/pango/2_Tieta_Feiteng/Tieta_Feiteng_1001_PGC7KD69MBG400/rtl/include/pwrseq_define.v(line number: 32)] Define macro SM_DISABLE_3V3 6'h19.
I: Verilog-0008: [C:/CPLD/pango/2_Tieta_Feiteng/Tieta_Feiteng_1001_PGC7KD69MBG400/rtl/include/pwrseq_define.v(line number: 33)] Define macro SM_DISABLE_5V 6'h1A.
I: Verilog-0008: [C:/CPLD/pango/2_Tieta_Feiteng/Tieta_Feiteng_1001_PGC7KD69MBG400/rtl/include/pwrseq_define.v(line number: 35)] Define macro SM_DISABLE_MAIN_EFUSE 6'h1B.
I: Verilog-0008: [C:/CPLD/pango/2_Tieta_Feiteng/Tieta_Feiteng_1001_PGC7KD69MBG400/rtl/include/pwrseq_define.v(line number: 36)] Define macro SM_DISABLE_TELEM 6'h1C.
I: Verilog-0008: [C:/CPLD/pango/2_Tieta_Feiteng/Tieta_Feiteng_1001_PGC7KD69MBG400/rtl/include/pwrseq_define.v(line number: 37)] Define macro SM_DISABLE_PS_ON 6'h1D.
I: Verilog-0008: [C:/CPLD/pango/2_Tieta_Feiteng/Tieta_Feiteng_1001_PGC7KD69MBG400/rtl/include/pwrseq_define.v(line number: 39)] Define macro SM_HALT_POWER_CYCLE 6'h1E.
I: Verilog-0008: [C:/CPLD/pango/2_Tieta_Feiteng/Tieta_Feiteng_1001_PGC7KD69MBG400/rtl/include/pwrseq_define.v(line number: 40)] Define macro SM_AUX_FAIL_RECOVERY 6'h1F.
I: Found Verilog include file C:/CPLD/pango/2_Tieta_Feiteng/Tieta_Feiteng_1001_PGC7KD69MBG400/rtl/include/top_define.v
I: Verilog-0008: [C:/CPLD/pango/2_Tieta_Feiteng/Tieta_Feiteng_1001_PGC7KD69MBG400/rtl/include/top_define.v(line number: 6)] Define macro RS35M2C16S_VA.
I: Verilog-0008: [C:/CPLD/pango/2_Tieta_Feiteng/Tieta_Feiteng_1001_PGC7KD69MBG400/rtl/include/top_define.v(line number: 8)] Define macro RS41M2C9S.
I: Verilog-0008: [C:/CPLD/pango/2_Tieta_Feiteng/Tieta_Feiteng_1001_PGC7KD69MBG400/rtl/include/top_define.v(line number: 14)] Define macro H3C_2014_RS35M2C16S_VA.
I: Verilog-0008: [C:/CPLD/pango/2_Tieta_Feiteng/Tieta_Feiteng_1001_PGC7KD69MBG400/rtl/include/top_define.v(line number: 18)] Define macro SPECIFIC_POWER_P1V8_PCH_STBY.
I: Verilog-0008: [C:/CPLD/pango/2_Tieta_Feiteng/Tieta_Feiteng_1001_PGC7KD69MBG400/rtl/include/top_define.v(line number: 23)] Define macro PCH_MODE_LPC.
I: Verilog-0008: [C:/CPLD/pango/2_Tieta_Feiteng/Tieta_Feiteng_1001_PGC7KD69MBG400/rtl/include/top_define.v(line number: 25)] Define macro PSU_CTRL.
I: Verilog-0008: [C:/CPLD/pango/2_Tieta_Feiteng/Tieta_Feiteng_1001_PGC7KD69MBG400/rtl/include/top_define.v(line number: 30)] Define macro CPLD_DATE_YYYYMMDD 32'h20240608.
I: Verilog-0008: [C:/CPLD/pango/2_Tieta_Feiteng/Tieta_Feiteng_1001_PGC7KD69MBG400/rtl/include/top_define.v(line number: 33)] Define macro CPLD_TIME_HHMMSSXX {24'h151400, `CPLD_TIME_XX}.
I: Verilog-0008: [C:/CPLD/pango/2_Tieta_Feiteng/Tieta_Feiteng_1001_PGC7KD69MBG400/rtl/include/top_define.v(line number: 35)] Define macro CPLD_TIME_XX 8'hZZ.
I: Verilog-0008: [C:/CPLD/pango/2_Tieta_Feiteng/Tieta_Feiteng_1001_PGC7KD69MBG400/rtl/include/top_define.v(line number: 38)] Define macro H3C_2014_RS35M2C16S_VA.
I: Verilog-0008: [C:/CPLD/pango/2_Tieta_Feiteng/Tieta_Feiteng_1001_PGC7KD69MBG400/rtl/include/top_define.v(line number: 51)] Define macro CPLD_VER 16'h01A1.
I: Verilog-0008: [C:/CPLD/pango/2_Tieta_Feiteng/Tieta_Feiteng_1001_PGC7KD69MBG400/rtl/include/top_define.v(line number: 52)] Define macro PFR_CPLD_VER 16'h0500.
I: Verilog-0008: [C:/CPLD/pango/2_Tieta_Feiteng/Tieta_Feiteng_1001_PGC7KD69MBG400/rtl/include/top_define.v(line number: 53)] Define macro DB_CPLD_VER 16'h0500.
I: Verilog-0008: [C:/CPLD/pango/2_Tieta_Feiteng/Tieta_Feiteng_1001_PGC7KD69MBG400/rtl/include/top_define.v(line number: 56)] Define macro GEN_ID_RSVD 4'b0000.
I: Verilog-0008: [C:/CPLD/pango/2_Tieta_Feiteng/Tieta_Feiteng_1001_PGC7KD69MBG400/rtl/include/top_define.v(line number: 57)] Define macro GEN_ID_G2 4'b0010.
I: Verilog-0008: [C:/CPLD/pango/2_Tieta_Feiteng/Tieta_Feiteng_1001_PGC7KD69MBG400/rtl/include/top_define.v(line number: 58)] Define macro GEN_ID_G3 4'b0011.
I: Verilog-0008: [C:/CPLD/pango/2_Tieta_Feiteng/Tieta_Feiteng_1001_PGC7KD69MBG400/rtl/include/top_define.v(line number: 59)] Define macro GEN_ID_G5 4'b0101.
I: Verilog-0008: [C:/CPLD/pango/2_Tieta_Feiteng/Tieta_Feiteng_1001_PGC7KD69MBG400/rtl/include/top_define.v(line number: 63)] Define macro GEN_ID `GEN_ID_RSVD.
I: Verilog-0008: [C:/CPLD/pango/2_Tieta_Feiteng/Tieta_Feiteng_1001_PGC7KD69MBG400/rtl/include/top_define.v(line number: 67)] Define macro BOARD_ID_RSVD 4'b0000.
I: Verilog-0008: [C:/CPLD/pango/2_Tieta_Feiteng/Tieta_Feiteng_1001_PGC7KD69MBG400/rtl/include/top_define.v(line number: 68)] Define macro BOARD_ID_RS03M2C9S 4'b0100.
I: Verilog-0008: [C:/CPLD/pango/2_Tieta_Feiteng/Tieta_Feiteng_1001_PGC7KD69MBG400/rtl/include/top_define.v(line number: 69)] Define macro BOARD_ID_RS23M2C6S 4'b0011.
I: Verilog-0008: [C:/CPLD/pango/2_Tieta_Feiteng/Tieta_Feiteng_1001_PGC7KD69MBG400/rtl/include/top_define.v(line number: 70)] Define macro BOARD_ID_RS33M2C9S 4'b0100.
I: Verilog-0008: [C:/CPLD/pango/2_Tieta_Feiteng/Tieta_Feiteng_1001_PGC7KD69MBG400/rtl/include/top_define.v(line number: 71)] Define macro BOARD_ID_RS05M2C9S 4'b0101.
I: Verilog-0008: [C:/CPLD/pango/2_Tieta_Feiteng/Tieta_Feiteng_1001_PGC7KD69MBG400/rtl/include/top_define.v(line number: 72)] Define macro BOARD_ID_RS35M2C5S 4'b0011.
I: Verilog-0008: [C:/CPLD/pango/2_Tieta_Feiteng/Tieta_Feiteng_1001_PGC7KD69MBG400/rtl/include/top_define.v(line number: 73)] Define macro BOARD_ID_RS35M2C16S 4'b0100.
I: Verilog-0008: [C:/CPLD/pango/2_Tieta_Feiteng/Tieta_Feiteng_1001_PGC7KD69MBG400/rtl/include/top_define.v(line number: 75)] Define macro BOARD_ID_RS41M2C9S 4'b0001.
I: Verilog-0008: [C:/CPLD/pango/2_Tieta_Feiteng/Tieta_Feiteng_1001_PGC7KD69MBG400/rtl/include/top_define.v(line number: 83)] Define macro CHASSIS_ID_1U 3'b001.
I: Verilog-0008: [C:/CPLD/pango/2_Tieta_Feiteng/Tieta_Feiteng_1001_PGC7KD69MBG400/rtl/include/top_define.v(line number: 84)] Define macro CHASSIS_ID_2U 3'b010.
I: Verilog-0008: [C:/CPLD/pango/2_Tieta_Feiteng/Tieta_Feiteng_1001_PGC7KD69MBG400/rtl/include/top_define.v(line number: 85)] Define macro CHASSIS_ID_4U 3'b000.
I: Verilog-0008: [C:/CPLD/pango/2_Tieta_Feiteng/Tieta_Feiteng_1001_PGC7KD69MBG400/rtl/include/top_define.v(line number: 86)] Define macro CHASSIS_ID_8U 3'b011.
I: Verilog-0008: [C:/CPLD/pango/2_Tieta_Feiteng/Tieta_Feiteng_1001_PGC7KD69MBG400/rtl/include/top_define.v(line number: 90)] Define macro SERVER_ID_RSVD 16'h0000.
I: Verilog-0008: [C:/CPLD/pango/2_Tieta_Feiteng/Tieta_Feiteng_1001_PGC7KD69MBG400/rtl/include/top_define.v(line number: 91)] Define macro SERVER_ID_R4900 16'h4900.
I: Verilog-0008: [C:/CPLD/pango/2_Tieta_Feiteng/Tieta_Feiteng_1001_PGC7KD69MBG400/rtl/include/top_define.v(line number: 92)] Define macro SERVER_ID_R4700 16'h4700.
I: Verilog-0008: [C:/CPLD/pango/2_Tieta_Feiteng/Tieta_Feiteng_1001_PGC7KD69MBG400/rtl/include/top_define.v(line number: 93)] Define macro SERVER_ID_R2900 16'h2900.
I: Verilog-0008: [C:/CPLD/pango/2_Tieta_Feiteng/Tieta_Feiteng_1001_PGC7KD69MBG400/rtl/include/top_define.v(line number: 94)] Define macro SERVER_ID_R2700 16'h2700.
I: Verilog-0008: [C:/CPLD/pango/2_Tieta_Feiteng/Tieta_Feiteng_1001_PGC7KD69MBG400/rtl/include/top_define.v(line number: 96)] Define macro SERVER_ID_R6900 16'h6900.
I: Verilog-0008: [C:/CPLD/pango/2_Tieta_Feiteng/Tieta_Feiteng_1001_PGC7KD69MBG400/rtl/include/top_define.v(line number: 100)] Define macro CPU_PKG_ID_NOMCP 3'b000.
I: Verilog-0008: [C:/CPLD/pango/2_Tieta_Feiteng/Tieta_Feiteng_1001_PGC7KD69MBG400/rtl/include/top_define.v(line number: 101)] Define macro CPU_PKG_ID_FABRIC 3'b001.
I: Verilog-0008: [C:/CPLD/pango/2_Tieta_Feiteng/Tieta_Feiteng_1001_PGC7KD69MBG400/rtl/include/top_define.v(line number: 102)] Define macro CPU_PKG_ID_FPGA 3'b010.
I: Verilog-0008: [C:/CPLD/pango/2_Tieta_Feiteng/Tieta_Feiteng_1001_PGC7KD69MBG400/rtl/include/top_define.v(line number: 103)] Define macro CPU_PKG_ID_RSVD011 3'b011.
I: Verilog-0008: [C:/CPLD/pango/2_Tieta_Feiteng/Tieta_Feiteng_1001_PGC7KD69MBG400/rtl/include/top_define.v(line number: 104)] Define macro CPU_PKG_ID_RSVD100 3'b100.
I: Verilog-0008: [C:/CPLD/pango/2_Tieta_Feiteng/Tieta_Feiteng_1001_PGC7KD69MBG400/rtl/include/top_define.v(line number: 105)] Define macro CPU_PKG_ID_RSVD101 3'b101.
I: Verilog-0008: [C:/CPLD/pango/2_Tieta_Feiteng/Tieta_Feiteng_1001_PGC7KD69MBG400/rtl/include/top_define.v(line number: 106)] Define macro CPU_PKG_ID_RSVD110 3'b110.
I: Verilog-0008: [C:/CPLD/pango/2_Tieta_Feiteng/Tieta_Feiteng_1001_PGC7KD69MBG400/rtl/include/top_define.v(line number: 107)] Define macro CPU_PKG_ID_RSVD111 3'b111.
I: Verilog-0008: [C:/CPLD/pango/2_Tieta_Feiteng/Tieta_Feiteng_1001_PGC7KD69MBG400/rtl/include/top_define.v(line number: 116)] Define macro AROC_TYPE_HBA 2'b00.
I: Verilog-0008: [C:/CPLD/pango/2_Tieta_Feiteng/Tieta_Feiteng_1001_PGC7KD69MBG400/rtl/include/top_define.v(line number: 117)] Define macro AROC_TYPE_RAID 2'b01.
I: Verilog-0008: [C:/CPLD/pango/2_Tieta_Feiteng/Tieta_Feiteng_1001_PGC7KD69MBG400/rtl/include/top_define.v(line number: 118)] Define macro AROC_TYPE_MEZZ 2'b10.
I: Verilog-0008: [C:/CPLD/pango/2_Tieta_Feiteng/Tieta_Feiteng_1001_PGC7KD69MBG400/rtl/include/top_define.v(line number: 119)] Define macro AROC_TYPE_RSVD 2'b11.
I: Verilog-0008: [C:/CPLD/pango/2_Tieta_Feiteng/Tieta_Feiteng_1001_PGC7KD69MBG400/rtl/include/top_define.v(line number: 126)] Define macro RISER_ID_RS35R3X16 5'b00001.
I: Verilog-0008: [C:/CPLD/pango/2_Tieta_Feiteng/Tieta_Feiteng_1001_PGC7KD69MBG400/rtl/include/top_define.v(line number: 127)] Define macro RISER_ID_RS35RX16X8X8 5'b00010.
I: Verilog-0008: [C:/CPLD/pango/2_Tieta_Feiteng/Tieta_Feiteng_1001_PGC7KD69MBG400/rtl/include/top_define.v(line number: 128)] Define macro RISER_ID_RS35R2X8 5'b00011.
I: Verilog-0008: [C:/CPLD/pango/2_Tieta_Feiteng/Tieta_Feiteng_1001_PGC7KD69MBG400/rtl/include/top_define.v(line number: 129)] Define macro RISER_ID_RS35R2X16 5'b00100.
I: Verilog-0008: [C:/CPLD/pango/2_Tieta_Feiteng/Tieta_Feiteng_1001_PGC7KD69MBG400/rtl/include/top_define.v(line number: 130)] Define macro RISER_ID_RS35RX16 5'b00101.
I: Verilog-0008: [C:/CPLD/pango/2_Tieta_Feiteng/Tieta_Feiteng_1001_PGC7KD69MBG400/rtl/include/top_define.v(line number: 131)] Define macro RISER_ID_RS33RLPX8 5'b00111.
I: Verilog-0008: [C:/CPLD/pango/2_Tieta_Feiteng/Tieta_Feiteng_1001_PGC7KD69MBG400/rtl/include/top_define.v(line number: 132)] Define macro RISER_ID_RS35R5X8 5'b01000.
I: Verilog-0008: [C:/CPLD/pango/2_Tieta_Feiteng/Tieta_Feiteng_1001_PGC7KD69MBG400/rtl/include/top_define.v(line number: 133)] Define macro RISER_ID_RS35R1X16 5'b01010.
I: Verilog-0008: [C:/CPLD/pango/2_Tieta_Feiteng/Tieta_Feiteng_1001_PGC7KD69MBG400/rtl/include/top_define.v(line number: 134)] Define macro RISER_ID_RS35R2X8A 5'b01011.
I: Verilog-0008: [C:/CPLD/pango/2_Tieta_Feiteng/Tieta_Feiteng_1001_PGC7KD69MBG400/rtl/include/top_define.v(line number: 135)] Define macro RISER_ID_RS35ROCP 5'b01100.
I: Verilog-0008: [C:/CPLD/pango/2_Tieta_Feiteng/Tieta_Feiteng_1001_PGC7KD69MBG400/rtl/include/top_define.v(line number: 136)] Define macro RISER_ID_RS35R1X16C 5'b01101.
I: Verilog-0008: [C:/CPLD/pango/2_Tieta_Feiteng/Tieta_Feiteng_1001_PGC7KD69MBG400/rtl/include/top_define.v(line number: 139)] Define macro GPU_CABLE_ID_RSVD 2'b11.
I: Verilog-0008: [C:/CPLD/pango/2_Tieta_Feiteng/Tieta_Feiteng_1001_PGC7KD69MBG400/rtl/include/top_define.v(line number: 142)] Define macro BMC_MEM_SIZE_1G 2'b00.
I: Verilog-0008: [C:/CPLD/pango/2_Tieta_Feiteng/Tieta_Feiteng_1001_PGC7KD69MBG400/rtl/include/top_define.v(line number: 143)] Define macro BMC_MEM_SIZE_2G 2'b01.
I: Verilog-0008: [C:/CPLD/pango/2_Tieta_Feiteng/Tieta_Feiteng_1001_PGC7KD69MBG400/rtl/include/top_define.v(line number: 144)] Define macro BMC_MEM_SIZE_4G 2'b10.
I: Verilog-0008: [C:/CPLD/pango/2_Tieta_Feiteng/Tieta_Feiteng_1001_PGC7KD69MBG400/rtl/include/top_define.v(line number: 145)] Define macro BMC_MEM_SIZE_8G 2'b11.
I: Verilog-0008: [C:/CPLD/pango/2_Tieta_Feiteng/Tieta_Feiteng_1001_PGC7KD69MBG400/rtl/include/top_define.v(line number: 147)] Define macro BMC_MEM_SIZE `BMC_MEM_SIZE_2G.
I: Verilog-0008: [C:/CPLD/pango/2_Tieta_Feiteng/Tieta_Feiteng_1001_PGC7KD69MBG400/rtl/include/top_define.v(line number: 150)] Define macro PCB_VA 2'b00.
I: Verilog-0008: [C:/CPLD/pango/2_Tieta_Feiteng/Tieta_Feiteng_1001_PGC7KD69MBG400/rtl/include/top_define.v(line number: 156)] Define macro NUM_CPU 2.
I: Verilog-0008: [C:/CPLD/pango/2_Tieta_Feiteng/Tieta_Feiteng_1001_PGC7KD69MBG400/rtl/include/top_define.v(line number: 157)] Define macro NUM_CPUVR 2.
I: Verilog-0008: [C:/CPLD/pango/2_Tieta_Feiteng/Tieta_Feiteng_1001_PGC7KD69MBG400/rtl/include/top_define.v(line number: 158)] Define macro NUM_MEMVR 4.
I: Verilog-0008: [C:/CPLD/pango/2_Tieta_Feiteng/Tieta_Feiteng_1001_PGC7KD69MBG400/rtl/include/top_define.v(line number: 159)] Define macro NUM_CHN 4.
I: Verilog-0008: [C:/CPLD/pango/2_Tieta_Feiteng/Tieta_Feiteng_1001_PGC7KD69MBG400/rtl/include/top_define.v(line number: 160)] Define macro NUM_FAN 8.
I: Verilog-0008: [C:/CPLD/pango/2_Tieta_Feiteng/Tieta_Feiteng_1001_PGC7KD69MBG400/rtl/include/top_define.v(line number: 161)] Define macro NUM_NIC 4.
I: Verilog-0008: [C:/CPLD/pango/2_Tieta_Feiteng/Tieta_Feiteng_1001_PGC7KD69MBG400/rtl/include/top_define.v(line number: 162)] Define macro NUM_PSU 2.
I: Verilog-0008: [C:/CPLD/pango/2_Tieta_Feiteng/Tieta_Feiteng_1001_PGC7KD69MBG400/rtl/include/top_define.v(line number: 164)] Define macro NUM_IO 1.
I: Verilog-0008: [C:/CPLD/pango/2_Tieta_Feiteng/Tieta_Feiteng_1001_PGC7KD69MBG400/rtl/include/top_define.v(line number: 165)] Define macro NUM_RISER 6.
I: Verilog-0008: [C:/CPLD/pango/2_Tieta_Feiteng/Tieta_Feiteng_1001_PGC7KD69MBG400/rtl/include/top_define.v(line number: 166)] Define macro port_num 3.
I: Verilog-0008: [C:/CPLD/pango/2_Tieta_Feiteng/Tieta_Feiteng_1001_PGC7KD69MBG400/rtl/include/top_define.v(line number: 169)] Define macro SYS_HAS_UID_BTN.
I: Verilog-0008: [C:/CPLD/pango/2_Tieta_Feiteng/Tieta_Feiteng_1001_PGC7KD69MBG400/rtl/include/top_define.v(line number: 171)] Define macro NUM_BP 8      /********G5 2P**********/.
I: Verilog-0008: [C:/CPLD/pango/2_Tieta_Feiteng/Tieta_Feiteng_1001_PGC7KD69MBG400/rtl/include/top_define.v(line number: 173)] Define macro NUM_S5DEV 2      /********G5 2P**********/.
I: Verilog-0008: [C:/CPLD/pango/2_Tieta_Feiteng/Tieta_Feiteng_1001_PGC7KD69MBG400/rtl/include/top_define.v(line number: 187)] Define macro BOARD_TYPE 4'b0000.
I: Verilog-0008: [C:/CPLD/pango/2_Tieta_Feiteng/Tieta_Feiteng_1001_PGC7KD69MBG400/rtl/include/top_define.v(line number: 188)] Define macro OEM_TYPE 4'b0111.
I: Verilog-0008: [C:/CPLD/pango/2_Tieta_Feiteng/Tieta_Feiteng_1001_PGC7KD69MBG400/rtl/include/top_define.v(line number: 191)] Define macro MFR_ID_RSVD 8'h00.
I: Verilog-0008: [C:/CPLD/pango/2_Tieta_Feiteng/Tieta_Feiteng_1001_PGC7KD69MBG400/rtl/include/top_define.v(line number: 192)] Define macro MFR_ID_H3C 8'h03.
I: Verilog-0008: [C:/CPLD/pango/2_Tieta_Feiteng/Tieta_Feiteng_1001_PGC7KD69MBG400/rtl/include/top_define.v(line number: 194)] Define macro MFR_ID `MFR_ID_H3C.
I: Verilog-0008: [C:/CPLD/pango/2_Tieta_Feiteng/Tieta_Feiteng_1001_PGC7KD69MBG400/rtl/include/top_define.v(line number: 197)] Define macro ODM_ID_RSVD 8'h00.
I: Verilog-0008: [C:/CPLD/pango/2_Tieta_Feiteng/Tieta_Feiteng_1001_PGC7KD69MBG400/rtl/include/top_define.v(line number: 198)] Define macro ODM_ID_H3C 8'h03.
I: Verilog-0008: [C:/CPLD/pango/2_Tieta_Feiteng/Tieta_Feiteng_1001_PGC7KD69MBG400/rtl/include/top_define.v(line number: 200)] Define macro ODM_ID `ODM_ID_H3C.
I: Verilog-0008: [C:/CPLD/pango/2_Tieta_Feiteng/Tieta_Feiteng_1001_PGC7KD69MBG400/rtl/include/top_define.v(line number: 203)] Define macro PDT_LINE_RSVD 8'h00.
I: Verilog-0008: [C:/CPLD/pango/2_Tieta_Feiteng/Tieta_Feiteng_1001_PGC7KD69MBG400/rtl/include/top_define.v(line number: 204)] Define macro PDT_LINE_H3C_2014_LLS 8'h01.
I: Verilog-0008: [C:/CPLD/pango/2_Tieta_Feiteng/Tieta_Feiteng_1001_PGC7KD69MBG400/rtl/include/top_define.v(line number: 206)] Define macro PDT_LINE_H3C_OEM_IN 8'h63.
I: Verilog-0008: [C:/CPLD/pango/2_Tieta_Feiteng/Tieta_Feiteng_1001_PGC7KD69MBG400/rtl/include/top_define.v(line number: 208)] Define macro PDT_LINE `PDT_LINE_H3C_OEM_IN.
I: Verilog-0008: [C:/CPLD/pango/2_Tieta_Feiteng/Tieta_Feiteng_1001_PGC7KD69MBG400/rtl/include/top_define.v(line number: 211)] Define macro PDT_GEN_RSVD 8'h00.
I: Verilog-0008: [C:/CPLD/pango/2_Tieta_Feiteng/Tieta_Feiteng_1001_PGC7KD69MBG400/rtl/include/top_define.v(line number: 212)] Define macro PDT_GEN_H3C_2014_G2 8'h02.
I: Verilog-0008: [C:/CPLD/pango/2_Tieta_Feiteng/Tieta_Feiteng_1001_PGC7KD69MBG400/rtl/include/top_define.v(line number: 213)] Define macro PDT_GEN_H3C_2014_G3 8'h03.
I: Verilog-0008: [C:/CPLD/pango/2_Tieta_Feiteng/Tieta_Feiteng_1001_PGC7KD69MBG400/rtl/include/top_define.v(line number: 215)] Define macro PDT_GEN_H3C_S5000C 8'h07.
I: Verilog-0008: [C:/CPLD/pango/2_Tieta_Feiteng/Tieta_Feiteng_1001_PGC7KD69MBG400/rtl/include/top_define.v(line number: 218)] Define macro PDT_GEN `PDT_GEN_H3C_S5000C.
I: Verilog-0008: [C:/CPLD/pango/2_Tieta_Feiteng/Tieta_Feiteng_1001_PGC7KD69MBG400/rtl/include/top_define.v(line number: 221)] Define macro PDT_REV_RSVD 8'h00.
I: Verilog-0008: [C:/CPLD/pango/2_Tieta_Feiteng/Tieta_Feiteng_1001_PGC7KD69MBG400/rtl/include/top_define.v(line number: 222)] Define macro PDT_REV_H3C_2014_V100R001 8'h11.
I: Verilog-0008: [C:/CPLD/pango/2_Tieta_Feiteng/Tieta_Feiteng_1001_PGC7KD69MBG400/rtl/include/top_define.v(line number: 223)] Define macro PDT_REV_H3C_2014_V200R002 8'h22.
I: Verilog-0008: [C:/CPLD/pango/2_Tieta_Feiteng/Tieta_Feiteng_1001_PGC7KD69MBG400/rtl/include/top_define.v(line number: 224)] Define macro PDT_REV_H3C_2014_V500R002 8'h52.
I: Verilog-0008: [C:/CPLD/pango/2_Tieta_Feiteng/Tieta_Feiteng_1001_PGC7KD69MBG400/rtl/include/top_define.v(line number: 225)] Define macro PDT_REV_H3C_2014_V800R001 8'h81.
I: Verilog-0008: [C:/CPLD/pango/2_Tieta_Feiteng/Tieta_Feiteng_1001_PGC7KD69MBG400/rtl/include/top_define.v(line number: 226)] Define macro PDT_REV_H3C_2014_V200R005 8'h25.
I: Verilog-0008: [C:/CPLD/pango/2_Tieta_Feiteng/Tieta_Feiteng_1001_PGC7KD69MBG400/rtl/include/top_define.v(line number: 228)] Define macro PDT_REV_H3C_2014_V500R003 8'h53.
I: Verilog-0008: [C:/CPLD/pango/2_Tieta_Feiteng/Tieta_Feiteng_1001_PGC7KD69MBG400/rtl/include/top_define.v(line number: 229)] Define macro PDT_REV_H3C_2014_V500R005 8'h55.
I: Verilog-0008: [C:/CPLD/pango/2_Tieta_Feiteng/Tieta_Feiteng_1001_PGC7KD69MBG400/rtl/include/top_define.v(line number: 230)] Define macro PDT_REV_H3C_IT_C_RACK_V700R001 8'h71.
I: Verilog-0008: [C:/CPLD/pango/2_Tieta_Feiteng/Tieta_Feiteng_1001_PGC7KD69MBG400/rtl/include/top_define.v(line number: 234)] Define macro PDT_REV `PDT_REV_H3C_IT_C_RACK_V700R001.
I: Verilog-0008: [C:/CPLD/pango/2_Tieta_Feiteng/Tieta_Feiteng_1001_PGC7KD69MBG400/rtl/include/top_define.v(line number: 237)] Define macro SERVER_ID_H3C_2014_RSVD 8'h00.
I: Verilog-0008: [C:/CPLD/pango/2_Tieta_Feiteng/Tieta_Feiteng_1001_PGC7KD69MBG400/rtl/include/top_define.v(line number: 238)] Define macro SERVER_ID_H3C_2014_R2700 8'h01.
I: Verilog-0008: [C:/CPLD/pango/2_Tieta_Feiteng/Tieta_Feiteng_1001_PGC7KD69MBG400/rtl/include/top_define.v(line number: 239)] Define macro SERVER_ID_H3C_2014_R2900 8'h03.
I: Verilog-0008: [C:/CPLD/pango/2_Tieta_Feiteng/Tieta_Feiteng_1001_PGC7KD69MBG400/rtl/include/top_define.v(line number: 240)] Define macro SERVER_ID_H3C_2014_R4700 8'h11.
I: Verilog-0008: [C:/CPLD/pango/2_Tieta_Feiteng/Tieta_Feiteng_1001_PGC7KD69MBG400/rtl/include/top_define.v(line number: 241)] Define macro SERVER_ID_H3C_2014_R4900 8'h13.
I: Verilog-0008: [C:/CPLD/pango/2_Tieta_Feiteng/Tieta_Feiteng_1001_PGC7KD69MBG400/rtl/include/top_define.v(line number: 242)] Define macro SERVER_ID_H3C_2014_R6900 8'h23.
I: Verilog-0008: [C:/CPLD/pango/2_Tieta_Feiteng/Tieta_Feiteng_1001_PGC7KD69MBG400/rtl/include/top_define.v(line number: 243)] Define macro SERVER_ID_H3C_2014_R8900 8'h33.
I: Verilog-0008: [C:/CPLD/pango/2_Tieta_Feiteng/Tieta_Feiteng_1001_PGC7KD69MBG400/rtl/include/top_define.v(line number: 246)] Define macro BOARD_ID_H3C_2014_RSVD 8'h00.
I: Verilog-0008: [C:/CPLD/pango/2_Tieta_Feiteng/Tieta_Feiteng_1001_PGC7KD69MBG400/rtl/include/top_define.v(line number: 247)] Define macro BOARD_ID_H3C_2014_RS03M2C9S 8'h04.
I: Verilog-0008: [C:/CPLD/pango/2_Tieta_Feiteng/Tieta_Feiteng_1001_PGC7KD69MBG400/rtl/include/top_define.v(line number: 248)] Define macro BOARD_ID_H3C_2014_RS23M2C6S 8'h03.
I: Verilog-0008: [C:/CPLD/pango/2_Tieta_Feiteng/Tieta_Feiteng_1001_PGC7KD69MBG400/rtl/include/top_define.v(line number: 249)] Define macro BOARD_ID_H3C_2014_RS33M2C9S 8'h04.
I: Verilog-0008: [C:/CPLD/pango/2_Tieta_Feiteng/Tieta_Feiteng_1001_PGC7KD69MBG400/rtl/include/top_define.v(line number: 250)] Define macro BOARD_ID_H3C_2014_RS35M2C5S 8'h03.
I: Verilog-0008: [C:/CPLD/pango/2_Tieta_Feiteng/Tieta_Feiteng_1001_PGC7KD69MBG400/rtl/include/top_define.v(line number: 251)] Define macro BOARD_ID_H3C_2014_RS35M2C16S 8'h04.
I: Verilog-0008: [C:/CPLD/pango/2_Tieta_Feiteng/Tieta_Feiteng_1001_PGC7KD69MBG400/rtl/include/top_define.v(line number: 253)] Define macro BOARD_ID_H3C_2014_RS41M2C9S 8'h11.
I: Verilog-0008: [C:/CPLD/pango/2_Tieta_Feiteng/Tieta_Feiteng_1001_PGC7KD69MBG400/rtl/include/top_define.v(line number: 256)] Define macro CHASSIS_ID_H3C_2014_RSVD 8'h00.
I: Verilog-0008: [C:/CPLD/pango/2_Tieta_Feiteng/Tieta_Feiteng_1001_PGC7KD69MBG400/rtl/include/top_define.v(line number: 257)] Define macro CHASSIS_ID_H3C_2014_1U 8'h01.
I: Verilog-0008: [C:/CPLD/pango/2_Tieta_Feiteng/Tieta_Feiteng_1001_PGC7KD69MBG400/rtl/include/top_define.v(line number: 258)] Define macro CHASSIS_ID_H3C_2014_2U 8'h02.
I: Verilog-0008: [C:/CPLD/pango/2_Tieta_Feiteng/Tieta_Feiteng_1001_PGC7KD69MBG400/rtl/include/top_define.v(line number: 259)] Define macro CHASSIS_ID_H3C_2014_NONE 8'h03.
I: Verilog-0008: [C:/CPLD/pango/2_Tieta_Feiteng/Tieta_Feiteng_1001_PGC7KD69MBG400/rtl/include/top_define.v(line number: 262)] Define macro PLT_CPU_MFR_RSVD 8'h00.
I: Verilog-0008: [C:/CPLD/pango/2_Tieta_Feiteng/Tieta_Feiteng_1001_PGC7KD69MBG400/rtl/include/top_define.v(line number: 263)] Define macro PLT_CPU_MFR_INTEL 8'h01.
I: Verilog-0008: [C:/CPLD/pango/2_Tieta_Feiteng/Tieta_Feiteng_1001_PGC7KD69MBG400/rtl/include/top_define.v(line number: 264)] Define macro PLT_CPU_MFR_AMD 8'h02.
I: Verilog-0008: [C:/CPLD/pango/2_Tieta_Feiteng/Tieta_Feiteng_1001_PGC7KD69MBG400/rtl/include/top_define.v(line number: 265)] Define macro PLT_CPU_MFR_FT 8'h03.
I: Verilog-0008: [C:/CPLD/pango/2_Tieta_Feiteng/Tieta_Feiteng_1001_PGC7KD69MBG400/rtl/include/top_define.v(line number: 267)] Define macro PLT_CPU_MFR `PLT_CPU_MFR_FT.
I: Verilog-0008: [C:/CPLD/pango/2_Tieta_Feiteng/Tieta_Feiteng_1001_PGC7KD69MBG400/rtl/include/top_define.v(line number: 270)] Define macro PLT_CPU_GEN_RSVD 8'h00.
I: Verilog-0008: [C:/CPLD/pango/2_Tieta_Feiteng/Tieta_Feiteng_1001_PGC7KD69MBG400/rtl/include/top_define.v(line number: 271)] Define macro PLT_CPU_GEN_BROADWELL 8'h00.
I: Verilog-0008: [C:/CPLD/pango/2_Tieta_Feiteng/Tieta_Feiteng_1001_PGC7KD69MBG400/rtl/include/top_define.v(line number: 272)] Define macro PLT_CPU_GEN_SKYLATE 8'h01.
I: Verilog-0008: [C:/CPLD/pango/2_Tieta_Feiteng/Tieta_Feiteng_1001_PGC7KD69MBG400/rtl/include/top_define.v(line number: 273)] Define macro PLT_CPU_GEN_ICELATE 8'h10.
I: Verilog-0008: [C:/CPLD/pango/2_Tieta_Feiteng/Tieta_Feiteng_1001_PGC7KD69MBG400/rtl/include/top_define.v(line number: 274)] Define macro PLT_CPU_GEN_FT2500 8'h05.
I: Verilog-0008: [C:/CPLD/pango/2_Tieta_Feiteng/Tieta_Feiteng_1001_PGC7KD69MBG400/rtl/include/top_define.v(line number: 276)] Define macro PLT_CPU_GEN `PLT_CPU_GEN_FT2500.
I: Verilog-0008: [C:/CPLD/pango/2_Tieta_Feiteng/Tieta_Feiteng_1001_PGC7KD69MBG400/rtl/include/top_define.v(line number: 281)] Define macro INT_MODE_RISING 2'b01.
I: Verilog-0008: [C:/CPLD/pango/2_Tieta_Feiteng/Tieta_Feiteng_1001_PGC7KD69MBG400/rtl/include/top_define.v(line number: 282)] Define macro INT_MODE_FALLING 2'b10.
I: Verilog-0008: [C:/CPLD/pango/2_Tieta_Feiteng/Tieta_Feiteng_1001_PGC7KD69MBG400/rtl/include/top_define.v(line number: 283)] Define macro INT_MODE_BOTH 2'b11.
I: Verilog-0008: [C:/CPLD/pango/2_Tieta_Feiteng/Tieta_Feiteng_1001_PGC7KD69MBG400/rtl/include/top_define.v(line number: 288)] Define macro PN_RS03M2C9S {`ASCII_A, `ASCII_3, `ASCII_F, `ASCII_T}.
I: Verilog-0008: [C:/CPLD/pango/2_Tieta_Feiteng/Tieta_Feiteng_1001_PGC7KD69MBG400/rtl/include/top_define.v(line number: 289)] Define macro PN_RS33M2C9S {`ASCII_A, `ASCII_3, `ASCII_F, `ASCII_Q}.
I: Verilog-0008: [C:/CPLD/pango/2_Tieta_Feiteng/Tieta_Feiteng_1001_PGC7KD69MBG400/rtl/include/top_define.v(line number: 290)] Define macro PN_RS23M2C6S {`ASCII_A, `ASCII_3, `ASCII_F, `ASCII_R}.
I: Verilog-0008: [C:/CPLD/pango/2_Tieta_Feiteng/Tieta_Feiteng_1001_PGC7KD69MBG400/rtl/include/top_define.v(line number: 291)] Define macro PN_RS05M2C9S {`ASCII_A, `ASCII_4, `ASCII_L, `ASCII_M}.
I: Verilog-0008: [C:/CPLD/pango/2_Tieta_Feiteng/Tieta_Feiteng_1001_PGC7KD69MBG400/rtl/include/top_define.v(line number: 292)] Define macro PN_RS35M2C16S {`ASCII_A, `ASCII_5, `ASCII_B, `ASCII_8}.
I: Verilog-0008: [C:/CPLD/pango/2_Tieta_Feiteng/Tieta_Feiteng_1001_PGC7KD69MBG400/rtl/include/top_define.v(line number: 293)] Define macro PN_RS41M2C9S {`ASCII_A, `ASCII_5, `ASCII_K, `ASCII_B}.
I: Verilog-0008: [C:/CPLD/pango/2_Tieta_Feiteng/Tieta_Feiteng_1001_PGC7KD69MBG400/rtl/include/top_define.v(line number: 294)] Define macro PN_RSVD 32'h0000_0000.
I: Verilog-0008: [C:/CPLD/pango/2_Tieta_Feiteng/Tieta_Feiteng_1001_PGC7KD69MBG400/rtl/include/top_define.v(line number: 301)] Define macro BOARD_PN `PN_RS41M2C9S.
I: Verilog-0008: [C:/CPLD/pango/2_Tieta_Feiteng/Tieta_Feiteng_1001_PGC7KD69MBG400/rtl/include/top_define.v(line number: 306)] Define macro ASCII_0 8'h30.
I: Verilog-0008: [C:/CPLD/pango/2_Tieta_Feiteng/Tieta_Feiteng_1001_PGC7KD69MBG400/rtl/include/top_define.v(line number: 307)] Define macro ASCII_1 8'h31.
I: Verilog-0008: [C:/CPLD/pango/2_Tieta_Feiteng/Tieta_Feiteng_1001_PGC7KD69MBG400/rtl/include/top_define.v(line number: 308)] Define macro ASCII_2 8'h32.
I: Verilog-0008: [C:/CPLD/pango/2_Tieta_Feiteng/Tieta_Feiteng_1001_PGC7KD69MBG400/rtl/include/top_define.v(line number: 309)] Define macro ASCII_3 8'h33.
I: Verilog-0008: [C:/CPLD/pango/2_Tieta_Feiteng/Tieta_Feiteng_1001_PGC7KD69MBG400/rtl/include/top_define.v(line number: 310)] Define macro ASCII_4 8'h34.
I: Verilog-0008: [C:/CPLD/pango/2_Tieta_Feiteng/Tieta_Feiteng_1001_PGC7KD69MBG400/rtl/include/top_define.v(line number: 311)] Define macro ASCII_5 8'h35.
I: Verilog-0008: [C:/CPLD/pango/2_Tieta_Feiteng/Tieta_Feiteng_1001_PGC7KD69MBG400/rtl/include/top_define.v(line number: 312)] Define macro ASCII_6 8'h36.
I: Verilog-0008: [C:/CPLD/pango/2_Tieta_Feiteng/Tieta_Feiteng_1001_PGC7KD69MBG400/rtl/include/top_define.v(line number: 313)] Define macro ASCII_7 8'h37.
I: Verilog-0008: [C:/CPLD/pango/2_Tieta_Feiteng/Tieta_Feiteng_1001_PGC7KD69MBG400/rtl/include/top_define.v(line number: 314)] Define macro ASCII_8 8'h38.
I: Verilog-0008: [C:/CPLD/pango/2_Tieta_Feiteng/Tieta_Feiteng_1001_PGC7KD69MBG400/rtl/include/top_define.v(line number: 315)] Define macro ASCII_9 8'h39.
I: Verilog-0008: [C:/CPLD/pango/2_Tieta_Feiteng/Tieta_Feiteng_1001_PGC7KD69MBG400/rtl/include/top_define.v(line number: 316)] Define macro ASCII_A 8'h41.
I: Verilog-0008: [C:/CPLD/pango/2_Tieta_Feiteng/Tieta_Feiteng_1001_PGC7KD69MBG400/rtl/include/top_define.v(line number: 317)] Define macro ASCII_B 8'h42.
I: Verilog-0008: [C:/CPLD/pango/2_Tieta_Feiteng/Tieta_Feiteng_1001_PGC7KD69MBG400/rtl/include/top_define.v(line number: 318)] Define macro ASCII_C 8'h43.
I: Verilog-0008: [C:/CPLD/pango/2_Tieta_Feiteng/Tieta_Feiteng_1001_PGC7KD69MBG400/rtl/include/top_define.v(line number: 319)] Define macro ASCII_D 8'h44.
I: Verilog-0008: [C:/CPLD/pango/2_Tieta_Feiteng/Tieta_Feiteng_1001_PGC7KD69MBG400/rtl/include/top_define.v(line number: 320)] Define macro ASCII_E 8'h45.
I: Verilog-0008: [C:/CPLD/pango/2_Tieta_Feiteng/Tieta_Feiteng_1001_PGC7KD69MBG400/rtl/include/top_define.v(line number: 321)] Define macro ASCII_F 8'h46.
I: Verilog-0008: [C:/CPLD/pango/2_Tieta_Feiteng/Tieta_Feiteng_1001_PGC7KD69MBG400/rtl/include/top_define.v(line number: 322)] Define macro ASCII_G 8'h47.
I: Verilog-0008: [C:/CPLD/pango/2_Tieta_Feiteng/Tieta_Feiteng_1001_PGC7KD69MBG400/rtl/include/top_define.v(line number: 323)] Define macro ASCII_H 8'h48.
I: Verilog-0008: [C:/CPLD/pango/2_Tieta_Feiteng/Tieta_Feiteng_1001_PGC7KD69MBG400/rtl/include/top_define.v(line number: 324)] Define macro ASCII_I 8'h49.
I: Verilog-0008: [C:/CPLD/pango/2_Tieta_Feiteng/Tieta_Feiteng_1001_PGC7KD69MBG400/rtl/include/top_define.v(line number: 325)] Define macro ASCII_J 8'h4A.
I: Verilog-0008: [C:/CPLD/pango/2_Tieta_Feiteng/Tieta_Feiteng_1001_PGC7KD69MBG400/rtl/include/top_define.v(line number: 326)] Define macro ASCII_K 8'h4B.
I: Verilog-0008: [C:/CPLD/pango/2_Tieta_Feiteng/Tieta_Feiteng_1001_PGC7KD69MBG400/rtl/include/top_define.v(line number: 327)] Define macro ASCII_L 8'h4C.
I: Verilog-0008: [C:/CPLD/pango/2_Tieta_Feiteng/Tieta_Feiteng_1001_PGC7KD69MBG400/rtl/include/top_define.v(line number: 328)] Define macro ASCII_M 8'h4D.
I: Verilog-0008: [C:/CPLD/pango/2_Tieta_Feiteng/Tieta_Feiteng_1001_PGC7KD69MBG400/rtl/include/top_define.v(line number: 329)] Define macro ASCII_N 8'h4E.
I: Verilog-0008: [C:/CPLD/pango/2_Tieta_Feiteng/Tieta_Feiteng_1001_PGC7KD69MBG400/rtl/include/top_define.v(line number: 330)] Define macro ASCII_O 8'h4F.
I: Verilog-0008: [C:/CPLD/pango/2_Tieta_Feiteng/Tieta_Feiteng_1001_PGC7KD69MBG400/rtl/include/top_define.v(line number: 331)] Define macro ASCII_P 8'h50.
I: Verilog-0008: [C:/CPLD/pango/2_Tieta_Feiteng/Tieta_Feiteng_1001_PGC7KD69MBG400/rtl/include/top_define.v(line number: 332)] Define macro ASCII_Q 8'h51.
I: Verilog-0008: [C:/CPLD/pango/2_Tieta_Feiteng/Tieta_Feiteng_1001_PGC7KD69MBG400/rtl/include/top_define.v(line number: 333)] Define macro ASCII_R 8'h52.
I: Verilog-0008: [C:/CPLD/pango/2_Tieta_Feiteng/Tieta_Feiteng_1001_PGC7KD69MBG400/rtl/include/top_define.v(line number: 334)] Define macro ASCII_S 8'h53.
I: Verilog-0008: [C:/CPLD/pango/2_Tieta_Feiteng/Tieta_Feiteng_1001_PGC7KD69MBG400/rtl/include/top_define.v(line number: 335)] Define macro ASCII_T 8'h54.
I: Verilog-0008: [C:/CPLD/pango/2_Tieta_Feiteng/Tieta_Feiteng_1001_PGC7KD69MBG400/rtl/include/top_define.v(line number: 336)] Define macro ASCII_U 8'h55.
I: Verilog-0008: [C:/CPLD/pango/2_Tieta_Feiteng/Tieta_Feiteng_1001_PGC7KD69MBG400/rtl/include/top_define.v(line number: 337)] Define macro ASCII_V 8'h56.
I: Verilog-0008: [C:/CPLD/pango/2_Tieta_Feiteng/Tieta_Feiteng_1001_PGC7KD69MBG400/rtl/include/top_define.v(line number: 338)] Define macro ASCII_W 8'h57.
I: Verilog-0008: [C:/CPLD/pango/2_Tieta_Feiteng/Tieta_Feiteng_1001_PGC7KD69MBG400/rtl/include/top_define.v(line number: 339)] Define macro ASCII_X 8'h58.
I: Verilog-0008: [C:/CPLD/pango/2_Tieta_Feiteng/Tieta_Feiteng_1001_PGC7KD69MBG400/rtl/include/top_define.v(line number: 340)] Define macro ASCII_Y 8'h59.
I: Verilog-0008: [C:/CPLD/pango/2_Tieta_Feiteng/Tieta_Feiteng_1001_PGC7KD69MBG400/rtl/include/top_define.v(line number: 341)] Define macro ASCII_Z 8'h5A.
I: Found Verilog include file C:/CPLD/pango/2_Tieta_Feiteng/Tieta_Feiteng_1001_PGC7KD69MBG400/rtl/include/tpm_define.v
I: Verilog-0008: [C:/CPLD/pango/2_Tieta_Feiteng/Tieta_Feiteng_1001_PGC7KD69MBG400/rtl/include/tpm_define.v(line number: 6)] Define macro FSM_SPI_MOSI_BIT0 8'h00.
I: Verilog-0008: [C:/CPLD/pango/2_Tieta_Feiteng/Tieta_Feiteng_1001_PGC7KD69MBG400/rtl/include/tpm_define.v(line number: 7)] Define macro FSM_SPI_MOSI_BIT1 8'h01.
I: Verilog-0008: [C:/CPLD/pango/2_Tieta_Feiteng/Tieta_Feiteng_1001_PGC7KD69MBG400/rtl/include/tpm_define.v(line number: 8)] Define macro FSM_SPI_MOSI_BIT2 8'h02.
I: Verilog-0008: [C:/CPLD/pango/2_Tieta_Feiteng/Tieta_Feiteng_1001_PGC7KD69MBG400/rtl/include/tpm_define.v(line number: 9)] Define macro FSM_SPI_MOSI_BIT3 8'h03.
I: Verilog-0008: [C:/CPLD/pango/2_Tieta_Feiteng/Tieta_Feiteng_1001_PGC7KD69MBG400/rtl/include/tpm_define.v(line number: 10)] Define macro FSM_SPI_MOSI_BIT4 8'h04.
I: Verilog-0008: [C:/CPLD/pango/2_Tieta_Feiteng/Tieta_Feiteng_1001_PGC7KD69MBG400/rtl/include/tpm_define.v(line number: 11)] Define macro FSM_SPI_MOSI_BIT5 8'h05.
I: Verilog-0008: [C:/CPLD/pango/2_Tieta_Feiteng/Tieta_Feiteng_1001_PGC7KD69MBG400/rtl/include/tpm_define.v(line number: 12)] Define macro FSM_SPI_MOSI_BIT6 8'h06.
I: Verilog-0008: [C:/CPLD/pango/2_Tieta_Feiteng/Tieta_Feiteng_1001_PGC7KD69MBG400/rtl/include/tpm_define.v(line number: 13)] Define macro FSM_SPI_MOSI_BIT7 8'h07.
I: Verilog-0008: [C:/CPLD/pango/2_Tieta_Feiteng/Tieta_Feiteng_1001_PGC7KD69MBG400/rtl/include/tpm_define.v(line number: 15)] Define macro FSM_SPI_MISO_BIT0 8'h00.
I: Verilog-0008: [C:/CPLD/pango/2_Tieta_Feiteng/Tieta_Feiteng_1001_PGC7KD69MBG400/rtl/include/tpm_define.v(line number: 16)] Define macro FSM_SPI_MISO_BIT1 8'h01.
I: Verilog-0008: [C:/CPLD/pango/2_Tieta_Feiteng/Tieta_Feiteng_1001_PGC7KD69MBG400/rtl/include/tpm_define.v(line number: 17)] Define macro FSM_SPI_MISO_BIT2 8'h02.
I: Verilog-0008: [C:/CPLD/pango/2_Tieta_Feiteng/Tieta_Feiteng_1001_PGC7KD69MBG400/rtl/include/tpm_define.v(line number: 18)] Define macro FSM_SPI_MISO_BIT3 8'h03.
I: Verilog-0008: [C:/CPLD/pango/2_Tieta_Feiteng/Tieta_Feiteng_1001_PGC7KD69MBG400/rtl/include/tpm_define.v(line number: 19)] Define macro FSM_SPI_MISO_BIT4 8'h04.
I: Verilog-0008: [C:/CPLD/pango/2_Tieta_Feiteng/Tieta_Feiteng_1001_PGC7KD69MBG400/rtl/include/tpm_define.v(line number: 20)] Define macro FSM_SPI_MISO_BIT5 8'h05.
I: Verilog-0008: [C:/CPLD/pango/2_Tieta_Feiteng/Tieta_Feiteng_1001_PGC7KD69MBG400/rtl/include/tpm_define.v(line number: 21)] Define macro FSM_SPI_MISO_BIT6 8'h06.
I: Verilog-0008: [C:/CPLD/pango/2_Tieta_Feiteng/Tieta_Feiteng_1001_PGC7KD69MBG400/rtl/include/tpm_define.v(line number: 22)] Define macro FSM_SPI_MISO_BIT7 8'h07.
I: Verilog-0008: [C:/CPLD/pango/2_Tieta_Feiteng/Tieta_Feiteng_1001_PGC7KD69MBG400/rtl/include/tpm_define.v(line number: 25)] Define macro FSM_SPI_IDLE 8'h00.
I: Verilog-0008: [C:/CPLD/pango/2_Tieta_Feiteng/Tieta_Feiteng_1001_PGC7KD69MBG400/rtl/include/tpm_define.v(line number: 26)] Define macro FSM_SPI 8'h01.
I: Verilog-0008: [C:/CPLD/pango/2_Tieta_Feiteng/Tieta_Feiteng_1001_PGC7KD69MBG400/rtl/include/tpm_define.v(line number: 27)] Define macro FSM_SPI_COMMAND 8'h02.
I: Verilog-0008: [C:/CPLD/pango/2_Tieta_Feiteng/Tieta_Feiteng_1001_PGC7KD69MBG400/rtl/include/tpm_define.v(line number: 28)] Define macro FSM_SPI_ADDRESS2 8'h03.
I: Verilog-0008: [C:/CPLD/pango/2_Tieta_Feiteng/Tieta_Feiteng_1001_PGC7KD69MBG400/rtl/include/tpm_define.v(line number: 29)] Define macro FSM_SPI_ADDRESS1 8'h04.
I: Verilog-0008: [C:/CPLD/pango/2_Tieta_Feiteng/Tieta_Feiteng_1001_PGC7KD69MBG400/rtl/include/tpm_define.v(line number: 30)] Define macro FSM_SPI_ADDRESS0 8'h05.
I: Verilog-0008: [C:/CPLD/pango/2_Tieta_Feiteng/Tieta_Feiteng_1001_PGC7KD69MBG400/rtl/include/tpm_define.v(line number: 31)] Define macro FSM_SPI_WDATA0 8'h06.
I: Verilog-0008: [C:/CPLD/pango/2_Tieta_Feiteng/Tieta_Feiteng_1001_PGC7KD69MBG400/rtl/include/tpm_define.v(line number: 32)] Define macro FSM_SPI_WDATA1 8'h07.
I: Verilog-0008: [C:/CPLD/pango/2_Tieta_Feiteng/Tieta_Feiteng_1001_PGC7KD69MBG400/rtl/include/tpm_define.v(line number: 33)] Define macro FSM_SPI_WDATA2 8'h08.
I: Verilog-0008: [C:/CPLD/pango/2_Tieta_Feiteng/Tieta_Feiteng_1001_PGC7KD69MBG400/rtl/include/tpm_define.v(line number: 34)] Define macro FSM_SPI_WDATA3 8'h09.
I: Verilog-0008: [C:/CPLD/pango/2_Tieta_Feiteng/Tieta_Feiteng_1001_PGC7KD69MBG400/rtl/include/tpm_define.v(line number: 35)] Define macro FSM_SPI_WDATA_DONE 8'h0A.
I: Verilog-0008: [C:/CPLD/pango/2_Tieta_Feiteng/Tieta_Feiteng_1001_PGC7KD69MBG400/rtl/include/tpm_define.v(line number: 36)] Define macro FSM_SPI_WAIT 8'h0B.
I: Verilog-0008: [C:/CPLD/pango/2_Tieta_Feiteng/Tieta_Feiteng_1001_PGC7KD69MBG400/rtl/include/tpm_define.v(line number: 37)] Define macro FSM_SPI_WAIT_RDY 8'h0C.
I: Verilog-0008: [C:/CPLD/pango/2_Tieta_Feiteng/Tieta_Feiteng_1001_PGC7KD69MBG400/rtl/include/tpm_define.v(line number: 38)] Define macro FSM_SPI_WAIT_END 8'h0D.
I: Verilog-0008: [C:/CPLD/pango/2_Tieta_Feiteng/Tieta_Feiteng_1001_PGC7KD69MBG400/rtl/include/tpm_define.v(line number: 39)] Define macro FSM_SPI_WAIT_DONE 8'h0E.
I: Verilog-0008: [C:/CPLD/pango/2_Tieta_Feiteng/Tieta_Feiteng_1001_PGC7KD69MBG400/rtl/include/tpm_define.v(line number: 40)] Define macro FSM_SPI_RDATA0 8'h0F.
I: Verilog-0008: [C:/CPLD/pango/2_Tieta_Feiteng/Tieta_Feiteng_1001_PGC7KD69MBG400/rtl/include/tpm_define.v(line number: 41)] Define macro FSM_SPI_RDATA1 8'h10.
I: Verilog-0008: [C:/CPLD/pango/2_Tieta_Feiteng/Tieta_Feiteng_1001_PGC7KD69MBG400/rtl/include/tpm_define.v(line number: 42)] Define macro FSM_SPI_RDATA2 8'h11.
I: Verilog-0008: [C:/CPLD/pango/2_Tieta_Feiteng/Tieta_Feiteng_1001_PGC7KD69MBG400/rtl/include/tpm_define.v(line number: 43)] Define macro FSM_SPI_RDATA3 8'h12.
I: Verilog-0008: [C:/CPLD/pango/2_Tieta_Feiteng/Tieta_Feiteng_1001_PGC7KD69MBG400/rtl/include/tpm_define.v(line number: 44)] Define macro FSM_SPI_RDATA_DONE 8'h13.
I: Verilog-0008: [C:/CPLD/pango/2_Tieta_Feiteng/Tieta_Feiteng_1001_PGC7KD69MBG400/rtl/include/tpm_define.v(line number: 45)] Define macro FSM_SPI_FAULT 8'h14.
I: Verilog-0008: [C:/CPLD/pango/2_Tieta_Feiteng/Tieta_Feiteng_1001_PGC7KD69MBG400/rtl/include/tpm_define.v(line number: 46)] Define macro FSM_SPI_DONE 8'h15.
I: Verilog-0008: [C:/CPLD/pango/2_Tieta_Feiteng/Tieta_Feiteng_1001_PGC7KD69MBG400/rtl/include/tpm_define.v(line number: 48)] Define macro FSM_BUF_IDLE 8'h00.
I: Verilog-0008: [C:/CPLD/pango/2_Tieta_Feiteng/Tieta_Feiteng_1001_PGC7KD69MBG400/rtl/include/tpm_define.v(line number: 49)] Define macro FSM_BUF_SPI_WDATA_DONE 8'h01.
I: Verilog-0008: [C:/CPLD/pango/2_Tieta_Feiteng/Tieta_Feiteng_1001_PGC7KD69MBG400/rtl/include/tpm_define.v(line number: 50)] Define macro FSM_BUF_SPI_TX_LPC_TX 8'h02.
I: Verilog-0008: [C:/CPLD/pango/2_Tieta_Feiteng/Tieta_Feiteng_1001_PGC7KD69MBG400/rtl/include/tpm_define.v(line number: 51)] Define macro FSM_BUF_LPC_TX_BUFFER 8'h03.
I: Verilog-0008: [C:/CPLD/pango/2_Tieta_Feiteng/Tieta_Feiteng_1001_PGC7KD69MBG400/rtl/include/tpm_define.v(line number: 52)] Define macro FSM_BUF_LPC_TX 8'h04.
I: Verilog-0008: [C:/CPLD/pango/2_Tieta_Feiteng/Tieta_Feiteng_1001_PGC7KD69MBG400/rtl/include/tpm_define.v(line number: 53)] Define macro FSM_BUF_LPC_DONE_TX 8'h05.
I: Verilog-0008: [C:/CPLD/pango/2_Tieta_Feiteng/Tieta_Feiteng_1001_PGC7KD69MBG400/rtl/include/tpm_define.v(line number: 54)] Define macro FSM_BUF_SPI_WAIT 8'h06.
I: Verilog-0008: [C:/CPLD/pango/2_Tieta_Feiteng/Tieta_Feiteng_1001_PGC7KD69MBG400/rtl/include/tpm_define.v(line number: 55)] Define macro FSM_BUF_SPI_RX_LPC_RX 8'h07.
I: Verilog-0008: [C:/CPLD/pango/2_Tieta_Feiteng/Tieta_Feiteng_1001_PGC7KD69MBG400/rtl/include/tpm_define.v(line number: 56)] Define macro FSM_BUF_LPC_RX_BUFFER 8'h08.
I: Verilog-0008: [C:/CPLD/pango/2_Tieta_Feiteng/Tieta_Feiteng_1001_PGC7KD69MBG400/rtl/include/tpm_define.v(line number: 57)] Define macro FSM_BUF_LPC_RX 8'h09.
I: Verilog-0008: [C:/CPLD/pango/2_Tieta_Feiteng/Tieta_Feiteng_1001_PGC7KD69MBG400/rtl/include/tpm_define.v(line number: 58)] Define macro FSM_BUF_LPC_DONE_RX 8'h0A.
I: Verilog-0008: [C:/CPLD/pango/2_Tieta_Feiteng/Tieta_Feiteng_1001_PGC7KD69MBG400/rtl/include/tpm_define.v(line number: 59)] Define macro FSM_BUF_LPC_RX_SPI_RX 8'h0B.
I: Verilog-0008: [C:/CPLD/pango/2_Tieta_Feiteng/Tieta_Feiteng_1001_PGC7KD69MBG400/rtl/include/tpm_define.v(line number: 60)] Define macro FSM_BUF_SPI_RDATA_BUFFER 8'h0C.
I: Verilog-0008: [C:/CPLD/pango/2_Tieta_Feiteng/Tieta_Feiteng_1001_PGC7KD69MBG400/rtl/include/tpm_define.v(line number: 61)] Define macro FSM_BUF_SPI_RDATA0 8'h0D.
I: Verilog-0008: [C:/CPLD/pango/2_Tieta_Feiteng/Tieta_Feiteng_1001_PGC7KD69MBG400/rtl/include/tpm_define.v(line number: 62)] Define macro FSM_BUF_SPI_WAIT_DONE 8'h0E.
I: Verilog-0008: [C:/CPLD/pango/2_Tieta_Feiteng/Tieta_Feiteng_1001_PGC7KD69MBG400/rtl/include/tpm_define.v(line number: 63)] Define macro FSM_BUF_DONE 8'h0F.
I: Verilog-0008: [C:/CPLD/pango/2_Tieta_Feiteng/Tieta_Feiteng_1001_PGC7KD69MBG400/rtl/include/tpm_define.v(line number: 65)] Define macro FSM_LPC_IDLE 8'h00.
I: Verilog-0008: [C:/CPLD/pango/2_Tieta_Feiteng/Tieta_Feiteng_1001_PGC7KD69MBG400/rtl/include/tpm_define.v(line number: 66)] Define macro FSM_LPC 8'h01.
I: Verilog-0008: [C:/CPLD/pango/2_Tieta_Feiteng/Tieta_Feiteng_1001_PGC7KD69MBG400/rtl/include/tpm_define.v(line number: 67)] Define macro FSM_LPC_START0 8'h02.
I: Verilog-0008: [C:/CPLD/pango/2_Tieta_Feiteng/Tieta_Feiteng_1001_PGC7KD69MBG400/rtl/include/tpm_define.v(line number: 68)] Define macro FSM_LPC_START 8'h03.
I: Verilog-0008: [C:/CPLD/pango/2_Tieta_Feiteng/Tieta_Feiteng_1001_PGC7KD69MBG400/rtl/include/tpm_define.v(line number: 69)] Define macro FSM_LPC_CTDIR 8'h04.
I: Verilog-0008: [C:/CPLD/pango/2_Tieta_Feiteng/Tieta_Feiteng_1001_PGC7KD69MBG400/rtl/include/tpm_define.v(line number: 70)] Define macro FSM_LPC_ADDR_3 8'h05.
I: Verilog-0008: [C:/CPLD/pango/2_Tieta_Feiteng/Tieta_Feiteng_1001_PGC7KD69MBG400/rtl/include/tpm_define.v(line number: 71)] Define macro FSM_LPC_ADDR_2 8'h06.
I: Verilog-0008: [C:/CPLD/pango/2_Tieta_Feiteng/Tieta_Feiteng_1001_PGC7KD69MBG400/rtl/include/tpm_define.v(line number: 72)] Define macro FSM_LPC_ADDR_1 8'h07.
I: Verilog-0008: [C:/CPLD/pango/2_Tieta_Feiteng/Tieta_Feiteng_1001_PGC7KD69MBG400/rtl/include/tpm_define.v(line number: 73)] Define macro FSM_LPC_ADDR_0 8'h08.
I: Verilog-0008: [C:/CPLD/pango/2_Tieta_Feiteng/Tieta_Feiteng_1001_PGC7KD69MBG400/rtl/include/tpm_define.v(line number: 74)] Define macro FSM_LPC_WDATA_0 8'h09.
I: Verilog-0008: [C:/CPLD/pango/2_Tieta_Feiteng/Tieta_Feiteng_1001_PGC7KD69MBG400/rtl/include/tpm_define.v(line number: 75)] Define macro FSM_LPC_WDATA_1 8'h0A.
I: Verilog-0008: [C:/CPLD/pango/2_Tieta_Feiteng/Tieta_Feiteng_1001_PGC7KD69MBG400/rtl/include/tpm_define.v(line number: 76)] Define macro FSM_LPC_WTAR_0 8'h0B.
I: Verilog-0008: [C:/CPLD/pango/2_Tieta_Feiteng/Tieta_Feiteng_1001_PGC7KD69MBG400/rtl/include/tpm_define.v(line number: 77)] Define macro FSM_LPC_WTAR_1 8'h0C.
I: Verilog-0008: [C:/CPLD/pango/2_Tieta_Feiteng/Tieta_Feiteng_1001_PGC7KD69MBG400/rtl/include/tpm_define.v(line number: 78)] Define macro FSM_LPC_WSYNC 8'h0D.
I: Verilog-0008: [C:/CPLD/pango/2_Tieta_Feiteng/Tieta_Feiteng_1001_PGC7KD69MBG400/rtl/include/tpm_define.v(line number: 79)] Define macro FSM_LPC_RDATA_0 8'h0E.
I: Verilog-0008: [C:/CPLD/pango/2_Tieta_Feiteng/Tieta_Feiteng_1001_PGC7KD69MBG400/rtl/include/tpm_define.v(line number: 80)] Define macro FSM_LPC_RDATA_1 8'h0F.
I: Verilog-0008: [C:/CPLD/pango/2_Tieta_Feiteng/Tieta_Feiteng_1001_PGC7KD69MBG400/rtl/include/tpm_define.v(line number: 81)] Define macro FSM_LPC_RTAR_0 8'h10.
I: Verilog-0008: [C:/CPLD/pango/2_Tieta_Feiteng/Tieta_Feiteng_1001_PGC7KD69MBG400/rtl/include/tpm_define.v(line number: 82)] Define macro FSM_LPC_RTAR_1 8'h11.
I: Verilog-0008: [C:/CPLD/pango/2_Tieta_Feiteng/Tieta_Feiteng_1001_PGC7KD69MBG400/rtl/include/tpm_define.v(line number: 83)] Define macro FSM_LPC_RSYNC 8'h12.
I: Verilog-0008: [C:/CPLD/pango/2_Tieta_Feiteng/Tieta_Feiteng_1001_PGC7KD69MBG400/rtl/include/tpm_define.v(line number: 84)] Define macro FSM_LPC_TAR2_0 8'h13.
I: Verilog-0008: [C:/CPLD/pango/2_Tieta_Feiteng/Tieta_Feiteng_1001_PGC7KD69MBG400/rtl/include/tpm_define.v(line number: 85)] Define macro FSM_LPC_TAR2_1 8'h14.
I: Verilog-0008: [C:/CPLD/pango/2_Tieta_Feiteng/Tieta_Feiteng_1001_PGC7KD69MBG400/rtl/include/tpm_define.v(line number: 86)] Define macro FSM_LPC_FAULT 8'h15.
I: Verilog-0008: [C:/CPLD/pango/2_Tieta_Feiteng/Tieta_Feiteng_1001_PGC7KD69MBG400/rtl/include/tpm_define.v(line number: 87)] Define macro FSM_LPC_DONE 8'h16.
I: Verilog-0008: [C:/CPLD/pango/2_Tieta_Feiteng/Tieta_Feiteng_1001_PGC7KD69MBG400/rtl/include/tpm_define.v(line number: 164)] Define macro LPC_CYCTYPE_IO 2'b00.
I: Verilog-0008: [C:/CPLD/pango/2_Tieta_Feiteng/Tieta_Feiteng_1001_PGC7KD69MBG400/rtl/include/tpm_define.v(line number: 170)] Define macro LPC_DIRECTION_RD 1'b0.
I: Verilog-0008: [C:/CPLD/pango/2_Tieta_Feiteng/Tieta_Feiteng_1001_PGC7KD69MBG400/rtl/include/tpm_define.v(line number: 171)] Define macro LPC_DIRECTION_WR 1'b1.
I: Verilog-0008: [C:/CPLD/pango/2_Tieta_Feiteng/Tieta_Feiteng_1001_PGC7KD69MBG400/rtl/include/tpm_define.v(line number: 180)] Define macro LPC_SYNC_RDY 4'b0000.
I: Found Verilog include file C:/CPLD/pango/2_Tieta_Feiteng/Tieta_Feiteng_1001_PGC7KD69MBG400/rtl/include/global_constant.v
I: Verilog-0008: [C:/CPLD/pango/2_Tieta_Feiteng/Tieta_Feiteng_1001_PGC7KD69MBG400/rtl/include/global_constant.v(line number: 15)] Define macro GLOBAL_CONSTANT_H.
I: Verilog-0008: [C:/CPLD/pango/2_Tieta_Feiteng/Tieta_Feiteng_1001_PGC7KD69MBG400/rtl/include/global_constant.v(line number: 27)] Define macro CPU_BOARD 4'b0000.
I: Verilog-0008: [C:/CPLD/pango/2_Tieta_Feiteng/Tieta_Feiteng_1001_PGC7KD69MBG400/rtl/include/global_constant.v(line number: 28)] Define macro MB_BOARD 4'b0001.
I: Verilog-0008: [C:/CPLD/pango/2_Tieta_Feiteng/Tieta_Feiteng_1001_PGC7KD69MBG400/rtl/include/global_constant.v(line number: 29)] Define macro UP_PORT_BOARD 4'b0010.
I: Verilog-0008: [C:/CPLD/pango/2_Tieta_Feiteng/Tieta_Feiteng_1001_PGC7KD69MBG400/rtl/include/global_constant.v(line number: 30)] Define macro SW1_BOARD 4'b0011.
I: Verilog-0008: [C:/CPLD/pango/2_Tieta_Feiteng/Tieta_Feiteng_1001_PGC7KD69MBG400/rtl/include/global_constant.v(line number: 31)] Define macro DOWN_PORT_BOARD 4'b0100.
I: Verilog-0008: [C:/CPLD/pango/2_Tieta_Feiteng/Tieta_Feiteng_1001_PGC7KD69MBG400/rtl/include/global_constant.v(line number: 32)] Define macro SW2_BOARD 4'b0101.
I: Verilog-0008: [C:/CPLD/pango/2_Tieta_Feiteng/Tieta_Feiteng_1001_PGC7KD69MBG400/rtl/include/global_constant.v(line number: 33)] Define macro UP_FAN_BOARD 4'b0110.
I: Verilog-0008: [C:/CPLD/pango/2_Tieta_Feiteng/Tieta_Feiteng_1001_PGC7KD69MBG400/rtl/include/global_constant.v(line number: 34)] Define macro DOWN_FAN_BOARD 4'b0111.
I: Verilog-0008: [C:/CPLD/pango/2_Tieta_Feiteng/Tieta_Feiteng_1001_PGC7KD69MBG400/rtl/include/global_constant.v(line number: 35)] Define macro SW3_BOARD 4'b1000.
I: Verilog-0008: [C:/CPLD/pango/2_Tieta_Feiteng/Tieta_Feiteng_1001_PGC7KD69MBG400/rtl/include/global_constant.v(line number: 36)] Define macro NONE 4'b1111.
I: Verilog-0008: [C:/CPLD/pango/2_Tieta_Feiteng/Tieta_Feiteng_1001_PGC7KD69MBG400/rtl/include/global_constant.v(line number: 37)] Define macro MAIN 2'b01.
I: Verilog-0008: [C:/CPLD/pango/2_Tieta_Feiteng/Tieta_Feiteng_1001_PGC7KD69MBG400/rtl/include/global_constant.v(line number: 38)] Define macro BACKUP 2'b10.
I: Verilog-0008: [C:/CPLD/pango/2_Tieta_Feiteng/Tieta_Feiteng_1001_PGC7KD69MBG400/rtl/include/global_constant.v(line number: 43)] Define macro year 8'h26.
I: Verilog-0008: [C:/CPLD/pango/2_Tieta_Feiteng/Tieta_Feiteng_1001_PGC7KD69MBG400/rtl/include/global_constant.v(line number: 44)] Define macro month 8'h03.
I: Verilog-0008: [C:/CPLD/pango/2_Tieta_Feiteng/Tieta_Feiteng_1001_PGC7KD69MBG400/rtl/include/global_constant.v(line number: 45)] Define macro day 8'h09.
I: Verilog-0008: [C:/CPLD/pango/2_Tieta_Feiteng/Tieta_Feiteng_1001_PGC7KD69MBG400/rtl/include/global_constant.v(line number: 46)] Define macro number 8'h00.
I: Verilog-0008: [C:/CPLD/pango/2_Tieta_Feiteng/Tieta_Feiteng_1001_PGC7KD69MBG400/rtl/include/global_constant.v(line number: 48)] Define macro DEBUG_VERSION 4'b0000.
I: Verilog-0008: [C:/CPLD/pango/2_Tieta_Feiteng/Tieta_Feiteng_1001_PGC7KD69MBG400/rtl/include/global_constant.v(line number: 49)] Define macro RELEASE_VERSION 4'b0001.
W: Verilog-2005: [C:/CPLD/pango/2_Tieta_Feiteng/Tieta_Feiteng_1001_PGC7KD69MBG400/rtl/include/global_constant.v(line number: 51)] Last macro OEM_TYPE 4'b0111 is redefined as OEM_TYPE 4'b1000.
I: Verilog-0008: [C:/CPLD/pango/2_Tieta_Feiteng/Tieta_Feiteng_1001_PGC7KD69MBG400/rtl/include/global_constant.v(line number: 53)] Define macro IIC_ADDR_BYTE 1'd0.
I: Verilog-0002: [C:/CPLD/pango/2_Tieta_Feiteng/Tieta_Feiteng_1001_PGC7KD69MBG400/rtl/source/Tieta_Feiteng_1001_top.v(line number: 5)] Analyzing module Tieta_Feiteng_1001_top (library work).
W: Verilog-2057: [C:/CPLD/pango/2_Tieta_Feiteng/Tieta_Feiteng_1001_PGC7KD69MBG400/rtl/source/Tieta_Feiteng_1001_top.v(line number: 1723)] i_PAL_OCP1_FAN_PRSNT_N is declared implicitly.
W: Verilog-2057: [C:/CPLD/pango/2_Tieta_Feiteng/Tieta_Feiteng_1001_PGC7KD69MBG400/rtl/source/Tieta_Feiteng_1001_top.v(line number: 1772)] db_i_pal_ocp1_fan_prsnt_n is declared implicitly.
W: Verilog-2057: [C:/CPLD/pango/2_Tieta_Feiteng/Tieta_Feiteng_1001_PGC7KD69MBG400/rtl/source/Tieta_Feiteng_1001_top.v(line number: 1819)] i_PAL_CPU0_VR_PMALT_UPD is declared implicitly.
W: Verilog-2057: [C:/CPLD/pango/2_Tieta_Feiteng/Tieta_Feiteng_1001_PGC7KD69MBG400/rtl/source/Tieta_Feiteng_1001_top.v(line number: 1820)] i_PAL_CPU1_VR_PMALT_UPD is declared implicitly.
W: Verilog-2057: [C:/CPLD/pango/2_Tieta_Feiteng/Tieta_Feiteng_1001_PGC7KD69MBG400/rtl/source/Tieta_Feiteng_1001_top.v(line number: 1837)] ocp_pvt_act_p0_n is declared implicitly.
W: Verilog-2057: [C:/CPLD/pango/2_Tieta_Feiteng/Tieta_Feiteng_1001_PGC7KD69MBG400/rtl/source/Tieta_Feiteng_1001_top.v(line number: 1838)] ocp_pvt_act_p1_n is declared implicitly.
W: Verilog-2057: [C:/CPLD/pango/2_Tieta_Feiteng/Tieta_Feiteng_1001_PGC7KD69MBG400/rtl/source/Tieta_Feiteng_1001_top.v(line number: 1839)] ocp_pvt_act_p2_n is declared implicitly.
W: Verilog-2057: [C:/CPLD/pango/2_Tieta_Feiteng/Tieta_Feiteng_1001_PGC7KD69MBG400/rtl/source/Tieta_Feiteng_1001_top.v(line number: 1840)] ocp_pvt_act_p3_n is declared implicitly.
W: Verilog-2057: [C:/CPLD/pango/2_Tieta_Feiteng/Tieta_Feiteng_1001_PGC7KD69MBG400/rtl/source/Tieta_Feiteng_1001_top.v(line number: 1841)] ocp_pvt_act_p4_n is declared implicitly.
W: Verilog-2057: [C:/CPLD/pango/2_Tieta_Feiteng/Tieta_Feiteng_1001_PGC7KD69MBG400/rtl/source/Tieta_Feiteng_1001_top.v(line number: 1842)] ocp_pvt_act_p5_n is declared implicitly.
W: Verilog-2057: [C:/CPLD/pango/2_Tieta_Feiteng/Tieta_Feiteng_1001_PGC7KD69MBG400/rtl/source/Tieta_Feiteng_1001_top.v(line number: 1843)] ocp_pvt_act_p6_n is declared implicitly.
W: Verilog-2057: [C:/CPLD/pango/2_Tieta_Feiteng/Tieta_Feiteng_1001_PGC7KD69MBG400/rtl/source/Tieta_Feiteng_1001_top.v(line number: 1844)] ocp_pvt_act_p7_n is declared implicitly.
W: Verilog-2057: [C:/CPLD/pango/2_Tieta_Feiteng/Tieta_Feiteng_1001_PGC7KD69MBG400/rtl/source/Tieta_Feiteng_1001_top.v(line number: 1845)] ocp_pvt_link_spda_p0_n is declared implicitly.
W: Verilog-2057: [C:/CPLD/pango/2_Tieta_Feiteng/Tieta_Feiteng_1001_PGC7KD69MBG400/rtl/source/Tieta_Feiteng_1001_top.v(line number: 1845)] ocp_pvt_link_spdb_p0_n is declared implicitly.
W: Verilog-2057: [C:/CPLD/pango/2_Tieta_Feiteng/Tieta_Feiteng_1001_PGC7KD69MBG400/rtl/source/Tieta_Feiteng_1001_top.v(line number: 1846)] ocp_pvt_link_spda_p1_n is declared implicitly.
W: Verilog-2057: [C:/CPLD/pango/2_Tieta_Feiteng/Tieta_Feiteng_1001_PGC7KD69MBG400/rtl/source/Tieta_Feiteng_1001_top.v(line number: 1846)] ocp_pvt_link_spdb_p1_n is declared implicitly.
W: Verilog-2057: [C:/CPLD/pango/2_Tieta_Feiteng/Tieta_Feiteng_1001_PGC7KD69MBG400/rtl/source/Tieta_Feiteng_1001_top.v(line number: 1847)] ocp_pvt_link_spda_p2_n is declared implicitly.
W: Verilog-2057: [C:/CPLD/pango/2_Tieta_Feiteng/Tieta_Feiteng_1001_PGC7KD69MBG400/rtl/source/Tieta_Feiteng_1001_top.v(line number: 1847)] ocp_pvt_link_spdb_p2_n is declared implicitly.
W: Verilog-2057: [C:/CPLD/pango/2_Tieta_Feiteng/Tieta_Feiteng_1001_PGC7KD69MBG400/rtl/source/Tieta_Feiteng_1001_top.v(line number: 1848)] ocp_pvt_link_spda_p3_n is declared implicitly.
W: Verilog-2057: [C:/CPLD/pango/2_Tieta_Feiteng/Tieta_Feiteng_1001_PGC7KD69MBG400/rtl/source/Tieta_Feiteng_1001_top.v(line number: 1848)] ocp_pvt_link_spdb_p3_n is declared implicitly.
W: Verilog-2057: [C:/CPLD/pango/2_Tieta_Feiteng/Tieta_Feiteng_1001_PGC7KD69MBG400/rtl/source/Tieta_Feiteng_1001_top.v(line number: 1849)] ocp_pvt_link_spda_p4_n is declared implicitly.
W: Verilog-2057: [C:/CPLD/pango/2_Tieta_Feiteng/Tieta_Feiteng_1001_PGC7KD69MBG400/rtl/source/Tieta_Feiteng_1001_top.v(line number: 1849)] ocp_pvt_link_spdb_p4_n is declared implicitly.
W: Verilog-2057: [C:/CPLD/pango/2_Tieta_Feiteng/Tieta_Feiteng_1001_PGC7KD69MBG400/rtl/source/Tieta_Feiteng_1001_top.v(line number: 1850)] ocp_pvt_link_spda_p5_n is declared implicitly.
W: Verilog-2057: [C:/CPLD/pango/2_Tieta_Feiteng/Tieta_Feiteng_1001_PGC7KD69MBG400/rtl/source/Tieta_Feiteng_1001_top.v(line number: 1850)] ocp_pvt_link_spdb_p5_n is declared implicitly.
W: Verilog-2057: [C:/CPLD/pango/2_Tieta_Feiteng/Tieta_Feiteng_1001_PGC7KD69MBG400/rtl/source/Tieta_Feiteng_1001_top.v(line number: 1851)] ocp_pvt_link_spda_p6_n is declared implicitly.
W: Verilog-2057: [C:/CPLD/pango/2_Tieta_Feiteng/Tieta_Feiteng_1001_PGC7KD69MBG400/rtl/source/Tieta_Feiteng_1001_top.v(line number: 1851)] ocp_pvt_link_spdb_p6_n is declared implicitly.
W: Verilog-2057: [C:/CPLD/pango/2_Tieta_Feiteng/Tieta_Feiteng_1001_PGC7KD69MBG400/rtl/source/Tieta_Feiteng_1001_top.v(line number: 1852)] ocp_pvt_link_spda_p7_n is declared implicitly.
W: Verilog-2057: [C:/CPLD/pango/2_Tieta_Feiteng/Tieta_Feiteng_1001_PGC7KD69MBG400/rtl/source/Tieta_Feiteng_1001_top.v(line number: 1852)] ocp_pvt_link_spdb_p7_n is declared implicitly.
W: Verilog-2057: [C:/CPLD/pango/2_Tieta_Feiteng/Tieta_Feiteng_1001_PGC7KD69MBG400/rtl/source/Tieta_Feiteng_1001_top.v(line number: 1853)] ocp2_pvt_act_p0_n is declared implicitly.
W: Verilog-2057: [C:/CPLD/pango/2_Tieta_Feiteng/Tieta_Feiteng_1001_PGC7KD69MBG400/rtl/source/Tieta_Feiteng_1001_top.v(line number: 1854)] ocp2_pvt_act_p1_n is declared implicitly.
W: Verilog-2057: [C:/CPLD/pango/2_Tieta_Feiteng/Tieta_Feiteng_1001_PGC7KD69MBG400/rtl/source/Tieta_Feiteng_1001_top.v(line number: 1855)] ocp2_pvt_act_p2_n is declared implicitly.
W: Verilog-2057: [C:/CPLD/pango/2_Tieta_Feiteng/Tieta_Feiteng_1001_PGC7KD69MBG400/rtl/source/Tieta_Feiteng_1001_top.v(line number: 1856)] ocp2_pvt_act_p3_n is declared implicitly.
W: Verilog-2057: [C:/CPLD/pango/2_Tieta_Feiteng/Tieta_Feiteng_1001_PGC7KD69MBG400/rtl/source/Tieta_Feiteng_1001_top.v(line number: 1857)] ocp2_pvt_act_p4_n is declared implicitly.
W: Verilog-2057: [C:/CPLD/pango/2_Tieta_Feiteng/Tieta_Feiteng_1001_PGC7KD69MBG400/rtl/source/Tieta_Feiteng_1001_top.v(line number: 1858)] ocp2_pvt_act_p5_n is declared implicitly.
W: Verilog-2057: [C:/CPLD/pango/2_Tieta_Feiteng/Tieta_Feiteng_1001_PGC7KD69MBG400/rtl/source/Tieta_Feiteng_1001_top.v(line number: 1859)] ocp2_pvt_act_p6_n is declared implicitly.
W: Verilog-2057: [C:/CPLD/pango/2_Tieta_Feiteng/Tieta_Feiteng_1001_PGC7KD69MBG400/rtl/source/Tieta_Feiteng_1001_top.v(line number: 1860)] ocp2_pvt_act_p7_n is declared implicitly.
W: Verilog-2057: [C:/CPLD/pango/2_Tieta_Feiteng/Tieta_Feiteng_1001_PGC7KD69MBG400/rtl/source/Tieta_Feiteng_1001_top.v(line number: 1861)] ocp2_pvt_link_spda_p0_n is declared implicitly.
W: Verilog-2057: [C:/CPLD/pango/2_Tieta_Feiteng/Tieta_Feiteng_1001_PGC7KD69MBG400/rtl/source/Tieta_Feiteng_1001_top.v(line number: 1861)] ocp2_pvt_link_spdb_p0_n is declared implicitly.
W: Verilog-2057: [C:/CPLD/pango/2_Tieta_Feiteng/Tieta_Feiteng_1001_PGC7KD69MBG400/rtl/source/Tieta_Feiteng_1001_top.v(line number: 1862)] ocp2_pvt_link_spda_p1_n is declared implicitly.
W: Verilog-2057: [C:/CPLD/pango/2_Tieta_Feiteng/Tieta_Feiteng_1001_PGC7KD69MBG400/rtl/source/Tieta_Feiteng_1001_top.v(line number: 1862)] ocp2_pvt_link_spdb_p1_n is declared implicitly.
W: Verilog-2057: [C:/CPLD/pango/2_Tieta_Feiteng/Tieta_Feiteng_1001_PGC7KD69MBG400/rtl/source/Tieta_Feiteng_1001_top.v(line number: 1863)] ocp2_pvt_link_spda_p2_n is declared implicitly.
W: Verilog-2057: [C:/CPLD/pango/2_Tieta_Feiteng/Tieta_Feiteng_1001_PGC7KD69MBG400/rtl/source/Tieta_Feiteng_1001_top.v(line number: 1863)] ocp2_pvt_link_spdb_p2_n is declared implicitly.
W: Verilog-2057: [C:/CPLD/pango/2_Tieta_Feiteng/Tieta_Feiteng_1001_PGC7KD69MBG400/rtl/source/Tieta_Feiteng_1001_top.v(line number: 1864)] ocp2_pvt_link_spda_p3_n is declared implicitly.
W: Verilog-2057: [C:/CPLD/pango/2_Tieta_Feiteng/Tieta_Feiteng_1001_PGC7KD69MBG400/rtl/source/Tieta_Feiteng_1001_top.v(line number: 1864)] ocp2_pvt_link_spdb_p3_n is declared implicitly.
W: Verilog-2057: [C:/CPLD/pango/2_Tieta_Feiteng/Tieta_Feiteng_1001_PGC7KD69MBG400/rtl/source/Tieta_Feiteng_1001_top.v(line number: 1865)] ocp2_pvt_link_spda_p4_n is declared implicitly.
W: Verilog-2057: [C:/CPLD/pango/2_Tieta_Feiteng/Tieta_Feiteng_1001_PGC7KD69MBG400/rtl/source/Tieta_Feiteng_1001_top.v(line number: 1865)] ocp2_pvt_link_spdb_p4_n is declared implicitly.
W: Verilog-2057: [C:/CPLD/pango/2_Tieta_Feiteng/Tieta_Feiteng_1001_PGC7KD69MBG400/rtl/source/Tieta_Feiteng_1001_top.v(line number: 1866)] ocp2_pvt_link_spda_p5_n is declared implicitly.
W: Verilog-2057: [C:/CPLD/pango/2_Tieta_Feiteng/Tieta_Feiteng_1001_PGC7KD69MBG400/rtl/source/Tieta_Feiteng_1001_top.v(line number: 1866)] ocp2_pvt_link_spdb_p5_n is declared implicitly.
W: Verilog-2057: [C:/CPLD/pango/2_Tieta_Feiteng/Tieta_Feiteng_1001_PGC7KD69MBG400/rtl/source/Tieta_Feiteng_1001_top.v(line number: 1867)] ocp2_pvt_link_spda_p6_n is declared implicitly.
W: Verilog-2057: [C:/CPLD/pango/2_Tieta_Feiteng/Tieta_Feiteng_1001_PGC7KD69MBG400/rtl/source/Tieta_Feiteng_1001_top.v(line number: 1867)] ocp2_pvt_link_spdb_p6_n is declared implicitly.
W: Verilog-2057: [C:/CPLD/pango/2_Tieta_Feiteng/Tieta_Feiteng_1001_PGC7KD69MBG400/rtl/source/Tieta_Feiteng_1001_top.v(line number: 1868)] ocp2_pvt_link_spda_p7_n is declared implicitly.
W: Verilog-2057: [C:/CPLD/pango/2_Tieta_Feiteng/Tieta_Feiteng_1001_PGC7KD69MBG400/rtl/source/Tieta_Feiteng_1001_top.v(line number: 1868)] ocp2_pvt_link_spdb_p7_n is declared implicitly.
W: Verilog-2057: [C:/CPLD/pango/2_Tieta_Feiteng/Tieta_Feiteng_1001_PGC7KD69MBG400/rtl/source/Tieta_Feiteng_1001_top.v(line number: 2989)] stby_failure_detected is declared implicitly.
W: Verilog-2057: [C:/CPLD/pango/2_Tieta_Feiteng/Tieta_Feiteng_1001_PGC7KD69MBG400/rtl/source/Tieta_Feiteng_1001_top.v(line number: 2991)] dc_failure_detected is declared implicitly.
W: Verilog-2057: [C:/CPLD/pango/2_Tieta_Feiteng/Tieta_Feiteng_1001_PGC7KD69MBG400/rtl/source/Tieta_Feiteng_1001_top.v(line number: 2993)] rt_failure_detected is declared implicitly.
W: Verilog-2057: [C:/CPLD/pango/2_Tieta_Feiteng/Tieta_Feiteng_1001_PGC7KD69MBG400/rtl/source/Tieta_Feiteng_1001_top.v(line number: 2995)] cpld_latch_sys_off is declared implicitly.
Parsing done.
W: Public-4030: File 'C:/CPLD/pango/2_Tieta_Feiteng/Tieta_Feiteng_1001_PGC7KD69MBG400/rtl/include/pwrseq_define.v' has been added. It is skipped.
I: Verilog-0001: Analyzing file C:/CPLD/pango/2_Tieta_Feiteng/Tieta_Feiteng_1001_PGC7KD69MBG400/rtl/include/pwrseq_define.v.
I: Verilog-0008: [C:/CPLD/pango/2_Tieta_Feiteng/Tieta_Feiteng_1001_PGC7KD69MBG400/rtl/include/pwrseq_define.v(line number: 1)] Define macro SM_RESET_STATE 6'h00.
I: Verilog-0008: [C:/CPLD/pango/2_Tieta_Feiteng/Tieta_Feiteng_1001_PGC7KD69MBG400/rtl/include/pwrseq_define.v(line number: 2)] Define macro SM_DISABLE_S5_DEVICES 6'h01.
I: Verilog-0008: [C:/CPLD/pango/2_Tieta_Feiteng/Tieta_Feiteng_1001_PGC7KD69MBG400/rtl/include/pwrseq_define.v(line number: 4)] Define macro SM_OFF_STANDBY 6'h02.
I: Verilog-0008: [C:/CPLD/pango/2_Tieta_Feiteng/Tieta_Feiteng_1001_PGC7KD69MBG400/rtl/include/pwrseq_define.v(line number: 5)] Define macro SM_ENABLE_S5_DEVICES 6'h03.
I: Verilog-0008: [C:/CPLD/pango/2_Tieta_Feiteng/Tieta_Feiteng_1001_PGC7KD69MBG400/rtl/include/pwrseq_define.v(line number: 6)] Define macro SM_PS_ON 6'h04.
I: Verilog-0008: [C:/CPLD/pango/2_Tieta_Feiteng/Tieta_Feiteng_1001_PGC7KD69MBG400/rtl/include/pwrseq_define.v(line number: 7)] Define macro SM_EN_5V_STBY 6'h05.
I: Verilog-0008: [C:/CPLD/pango/2_Tieta_Feiteng/Tieta_Feiteng_1001_PGC7KD69MBG400/rtl/include/pwrseq_define.v(line number: 8)] Define macro SM_EN_TELEM 6'h06.
I: Verilog-0008: [C:/CPLD/pango/2_Tieta_Feiteng/Tieta_Feiteng_1001_PGC7KD69MBG400/rtl/include/pwrseq_define.v(line number: 9)] Define macro SM_EN_MAIN_EFUSE 6'h07.
I: Verilog-0008: [C:/CPLD/pango/2_Tieta_Feiteng/Tieta_Feiteng_1001_PGC7KD69MBG400/rtl/include/pwrseq_define.v(line number: 10)] Define macro SM_EN_5V 6'h08.
I: Verilog-0008: [C:/CPLD/pango/2_Tieta_Feiteng/Tieta_Feiteng_1001_PGC7KD69MBG400/rtl/include/pwrseq_define.v(line number: 11)] Define macro SM_EN_3V3 6'h09.
I: Verilog-0008: [C:/CPLD/pango/2_Tieta_Feiteng/Tieta_Feiteng_1001_PGC7KD69MBG400/rtl/include/pwrseq_define.v(line number: 12)] Define macro SM_EN_1V1 6'h0A.
I: Verilog-0008: [C:/CPLD/pango/2_Tieta_Feiteng/Tieta_Feiteng_1001_PGC7KD69MBG400/rtl/include/pwrseq_define.v(line number: 14)] Define macro SM_EN_CPU_CORE 6'h0B.
I: Verilog-0008: [C:/CPLD/pango/2_Tieta_Feiteng/Tieta_Feiteng_1001_PGC7KD69MBG400/rtl/include/pwrseq_define.v(line number: 15)] Define macro SM_EN_CPU_P1V8 6'h0C.
I: Verilog-0008: [C:/CPLD/pango/2_Tieta_Feiteng/Tieta_Feiteng_1001_PGC7KD69MBG400/rtl/include/pwrseq_define.v(line number: 16)] Define macro SM_EN_CPU_DDR 6'h0D.
I: Verilog-0008: [C:/CPLD/pango/2_Tieta_Feiteng/Tieta_Feiteng_1001_PGC7KD69MBG400/rtl/include/pwrseq_define.v(line number: 17)] Define macro SM_EN_CPU_VP 6'h0E.
I: Verilog-0008: [C:/CPLD/pango/2_Tieta_Feiteng/Tieta_Feiteng_1001_PGC7KD69MBG400/rtl/include/pwrseq_define.v(line number: 19)] Define macro PEX_RESET 6'h0F.
I: Verilog-0008: [C:/CPLD/pango/2_Tieta_Feiteng/Tieta_Feiteng_1001_PGC7KD69MBG400/rtl/include/pwrseq_define.v(line number: 20)] Define macro SM_CPU_RESET 6'h10.
I: Verilog-0008: [C:/CPLD/pango/2_Tieta_Feiteng/Tieta_Feiteng_1001_PGC7KD69MBG400/rtl/include/pwrseq_define.v(line number: 22)] Define macro SM_WAIT_POWEROK 6'h11.
I: Verilog-0008: [C:/CPLD/pango/2_Tieta_Feiteng/Tieta_Feiteng_1001_PGC7KD69MBG400/rtl/include/pwrseq_define.v(line number: 23)] Define macro SM_STEADY_PWROK 6'h12.
I: Verilog-0008: [C:/CPLD/pango/2_Tieta_Feiteng/Tieta_Feiteng_1001_PGC7KD69MBG400/rtl/include/pwrseq_define.v(line number: 24)] Define macro SM_CRITICAL_FAIL 6'h13.
I: Verilog-0008: [C:/CPLD/pango/2_Tieta_Feiteng/Tieta_Feiteng_1001_PGC7KD69MBG400/rtl/include/pwrseq_define.v(line number: 26)] Define macro SM_DISABLE_CPU_VP 6'h14.
I: Verilog-0008: [C:/CPLD/pango/2_Tieta_Feiteng/Tieta_Feiteng_1001_PGC7KD69MBG400/rtl/include/pwrseq_define.v(line number: 27)] Define macro SM_DISABLE_CPU_DDR 6'h15.
I: Verilog-0008: [C:/CPLD/pango/2_Tieta_Feiteng/Tieta_Feiteng_1001_PGC7KD69MBG400/rtl/include/pwrseq_define.v(line number: 28)] Define macro SM_DISABLE_CPU_P1V8 6'h16.
I: Verilog-0008: [C:/CPLD/pango/2_Tieta_Feiteng/Tieta_Feiteng_1001_PGC7KD69MBG400/rtl/include/pwrseq_define.v(line number: 29)] Define macro SM_DISABLE_CPU_CORE 6'h17.
I: Verilog-0008: [C:/CPLD/pango/2_Tieta_Feiteng/Tieta_Feiteng_1001_PGC7KD69MBG400/rtl/include/pwrseq_define.v(line number: 31)] Define macro SM_DISABLE_1V1 6'h18.
I: Verilog-0008: [C:/CPLD/pango/2_Tieta_Feiteng/Tieta_Feiteng_1001_PGC7KD69MBG400/rtl/include/pwrseq_define.v(line number: 32)] Define macro SM_DISABLE_3V3 6'h19.
I: Verilog-0008: [C:/CPLD/pango/2_Tieta_Feiteng/Tieta_Feiteng_1001_PGC7KD69MBG400/rtl/include/pwrseq_define.v(line number: 33)] Define macro SM_DISABLE_5V 6'h1A.
I: Verilog-0008: [C:/CPLD/pango/2_Tieta_Feiteng/Tieta_Feiteng_1001_PGC7KD69MBG400/rtl/include/pwrseq_define.v(line number: 35)] Define macro SM_DISABLE_MAIN_EFUSE 6'h1B.
I: Verilog-0008: [C:/CPLD/pango/2_Tieta_Feiteng/Tieta_Feiteng_1001_PGC7KD69MBG400/rtl/include/pwrseq_define.v(line number: 36)] Define macro SM_DISABLE_TELEM 6'h1C.
I: Verilog-0008: [C:/CPLD/pango/2_Tieta_Feiteng/Tieta_Feiteng_1001_PGC7KD69MBG400/rtl/include/pwrseq_define.v(line number: 37)] Define macro SM_DISABLE_PS_ON 6'h1D.
I: Verilog-0008: [C:/CPLD/pango/2_Tieta_Feiteng/Tieta_Feiteng_1001_PGC7KD69MBG400/rtl/include/pwrseq_define.v(line number: 39)] Define macro SM_HALT_POWER_CYCLE 6'h1E.
I: Verilog-0008: [C:/CPLD/pango/2_Tieta_Feiteng/Tieta_Feiteng_1001_PGC7KD69MBG400/rtl/include/pwrseq_define.v(line number: 40)] Define macro SM_AUX_FAIL_RECOVERY 6'h1F.
Parsing done.
W: Public-4030: File 'C:/CPLD/pango/2_Tieta_Feiteng/Tieta_Feiteng_1001_PGC7KD69MBG400/rtl/include/tpm_define.v' has been added. It is skipped.
I: Verilog-0001: Analyzing file C:/CPLD/pango/2_Tieta_Feiteng/Tieta_Feiteng_1001_PGC7KD69MBG400/rtl/include/tpm_define.v.
I: Verilog-0008: [C:/CPLD/pango/2_Tieta_Feiteng/Tieta_Feiteng_1001_PGC7KD69MBG400/rtl/include/tpm_define.v(line number: 6)] Define macro FSM_SPI_MOSI_BIT0 8'h00.
I: Verilog-0008: [C:/CPLD/pango/2_Tieta_Feiteng/Tieta_Feiteng_1001_PGC7KD69MBG400/rtl/include/tpm_define.v(line number: 7)] Define macro FSM_SPI_MOSI_BIT1 8'h01.
I: Verilog-0008: [C:/CPLD/pango/2_Tieta_Feiteng/Tieta_Feiteng_1001_PGC7KD69MBG400/rtl/include/tpm_define.v(line number: 8)] Define macro FSM_SPI_MOSI_BIT2 8'h02.
I: Verilog-0008: [C:/CPLD/pango/2_Tieta_Feiteng/Tieta_Feiteng_1001_PGC7KD69MBG400/rtl/include/tpm_define.v(line number: 9)] Define macro FSM_SPI_MOSI_BIT3 8'h03.
I: Verilog-0008: [C:/CPLD/pango/2_Tieta_Feiteng/Tieta_Feiteng_1001_PGC7KD69MBG400/rtl/include/tpm_define.v(line number: 10)] Define macro FSM_SPI_MOSI_BIT4 8'h04.
I: Verilog-0008: [C:/CPLD/pango/2_Tieta_Feiteng/Tieta_Feiteng_1001_PGC7KD69MBG400/rtl/include/tpm_define.v(line number: 11)] Define macro FSM_SPI_MOSI_BIT5 8'h05.
I: Verilog-0008: [C:/CPLD/pango/2_Tieta_Feiteng/Tieta_Feiteng_1001_PGC7KD69MBG400/rtl/include/tpm_define.v(line number: 12)] Define macro FSM_SPI_MOSI_BIT6 8'h06.
I: Verilog-0008: [C:/CPLD/pango/2_Tieta_Feiteng/Tieta_Feiteng_1001_PGC7KD69MBG400/rtl/include/tpm_define.v(line number: 13)] Define macro FSM_SPI_MOSI_BIT7 8'h07.
I: Verilog-0008: [C:/CPLD/pango/2_Tieta_Feiteng/Tieta_Feiteng_1001_PGC7KD69MBG400/rtl/include/tpm_define.v(line number: 15)] Define macro FSM_SPI_MISO_BIT0 8'h00.
I: Verilog-0008: [C:/CPLD/pango/2_Tieta_Feiteng/Tieta_Feiteng_1001_PGC7KD69MBG400/rtl/include/tpm_define.v(line number: 16)] Define macro FSM_SPI_MISO_BIT1 8'h01.
I: Verilog-0008: [C:/CPLD/pango/2_Tieta_Feiteng/Tieta_Feiteng_1001_PGC7KD69MBG400/rtl/include/tpm_define.v(line number: 17)] Define macro FSM_SPI_MISO_BIT2 8'h02.
I: Verilog-0008: [C:/CPLD/pango/2_Tieta_Feiteng/Tieta_Feiteng_1001_PGC7KD69MBG400/rtl/include/tpm_define.v(line number: 18)] Define macro FSM_SPI_MISO_BIT3 8'h03.
I: Verilog-0008: [C:/CPLD/pango/2_Tieta_Feiteng/Tieta_Feiteng_1001_PGC7KD69MBG400/rtl/include/tpm_define.v(line number: 19)] Define macro FSM_SPI_MISO_BIT4 8'h04.
I: Verilog-0008: [C:/CPLD/pango/2_Tieta_Feiteng/Tieta_Feiteng_1001_PGC7KD69MBG400/rtl/include/tpm_define.v(line number: 20)] Define macro FSM_SPI_MISO_BIT5 8'h05.
I: Verilog-0008: [C:/CPLD/pango/2_Tieta_Feiteng/Tieta_Feiteng_1001_PGC7KD69MBG400/rtl/include/tpm_define.v(line number: 21)] Define macro FSM_SPI_MISO_BIT6 8'h06.
I: Verilog-0008: [C:/CPLD/pango/2_Tieta_Feiteng/Tieta_Feiteng_1001_PGC7KD69MBG400/rtl/include/tpm_define.v(line number: 22)] Define macro FSM_SPI_MISO_BIT7 8'h07.
I: Verilog-0008: [C:/CPLD/pango/2_Tieta_Feiteng/Tieta_Feiteng_1001_PGC7KD69MBG400/rtl/include/tpm_define.v(line number: 25)] Define macro FSM_SPI_IDLE 8'h00.
I: Verilog-0008: [C:/CPLD/pango/2_Tieta_Feiteng/Tieta_Feiteng_1001_PGC7KD69MBG400/rtl/include/tpm_define.v(line number: 26)] Define macro FSM_SPI 8'h01.
I: Verilog-0008: [C:/CPLD/pango/2_Tieta_Feiteng/Tieta_Feiteng_1001_PGC7KD69MBG400/rtl/include/tpm_define.v(line number: 27)] Define macro FSM_SPI_COMMAND 8'h02.
I: Verilog-0008: [C:/CPLD/pango/2_Tieta_Feiteng/Tieta_Feiteng_1001_PGC7KD69MBG400/rtl/include/tpm_define.v(line number: 28)] Define macro FSM_SPI_ADDRESS2 8'h03.
I: Verilog-0008: [C:/CPLD/pango/2_Tieta_Feiteng/Tieta_Feiteng_1001_PGC7KD69MBG400/rtl/include/tpm_define.v(line number: 29)] Define macro FSM_SPI_ADDRESS1 8'h04.
I: Verilog-0008: [C:/CPLD/pango/2_Tieta_Feiteng/Tieta_Feiteng_1001_PGC7KD69MBG400/rtl/include/tpm_define.v(line number: 30)] Define macro FSM_SPI_ADDRESS0 8'h05.
I: Verilog-0008: [C:/CPLD/pango/2_Tieta_Feiteng/Tieta_Feiteng_1001_PGC7KD69MBG400/rtl/include/tpm_define.v(line number: 31)] Define macro FSM_SPI_WDATA0 8'h06.
I: Verilog-0008: [C:/CPLD/pango/2_Tieta_Feiteng/Tieta_Feiteng_1001_PGC7KD69MBG400/rtl/include/tpm_define.v(line number: 32)] Define macro FSM_SPI_WDATA1 8'h07.
I: Verilog-0008: [C:/CPLD/pango/2_Tieta_Feiteng/Tieta_Feiteng_1001_PGC7KD69MBG400/rtl/include/tpm_define.v(line number: 33)] Define macro FSM_SPI_WDATA2 8'h08.
I: Verilog-0008: [C:/CPLD/pango/2_Tieta_Feiteng/Tieta_Feiteng_1001_PGC7KD69MBG400/rtl/include/tpm_define.v(line number: 34)] Define macro FSM_SPI_WDATA3 8'h09.
I: Verilog-0008: [C:/CPLD/pango/2_Tieta_Feiteng/Tieta_Feiteng_1001_PGC7KD69MBG400/rtl/include/tpm_define.v(line number: 35)] Define macro FSM_SPI_WDATA_DONE 8'h0A.
I: Verilog-0008: [C:/CPLD/pango/2_Tieta_Feiteng/Tieta_Feiteng_1001_PGC7KD69MBG400/rtl/include/tpm_define.v(line number: 36)] Define macro FSM_SPI_WAIT 8'h0B.
I: Verilog-0008: [C:/CPLD/pango/2_Tieta_Feiteng/Tieta_Feiteng_1001_PGC7KD69MBG400/rtl/include/tpm_define.v(line number: 37)] Define macro FSM_SPI_WAIT_RDY 8'h0C.
I: Verilog-0008: [C:/CPLD/pango/2_Tieta_Feiteng/Tieta_Feiteng_1001_PGC7KD69MBG400/rtl/include/tpm_define.v(line number: 38)] Define macro FSM_SPI_WAIT_END 8'h0D.
I: Verilog-0008: [C:/CPLD/pango/2_Tieta_Feiteng/Tieta_Feiteng_1001_PGC7KD69MBG400/rtl/include/tpm_define.v(line number: 39)] Define macro FSM_SPI_WAIT_DONE 8'h0E.
I: Verilog-0008: [C:/CPLD/pango/2_Tieta_Feiteng/Tieta_Feiteng_1001_PGC7KD69MBG400/rtl/include/tpm_define.v(line number: 40)] Define macro FSM_SPI_RDATA0 8'h0F.
I: Verilog-0008: [C:/CPLD/pango/2_Tieta_Feiteng/Tieta_Feiteng_1001_PGC7KD69MBG400/rtl/include/tpm_define.v(line number: 41)] Define macro FSM_SPI_RDATA1 8'h10.
I: Verilog-0008: [C:/CPLD/pango/2_Tieta_Feiteng/Tieta_Feiteng_1001_PGC7KD69MBG400/rtl/include/tpm_define.v(line number: 42)] Define macro FSM_SPI_RDATA2 8'h11.
I: Verilog-0008: [C:/CPLD/pango/2_Tieta_Feiteng/Tieta_Feiteng_1001_PGC7KD69MBG400/rtl/include/tpm_define.v(line number: 43)] Define macro FSM_SPI_RDATA3 8'h12.
I: Verilog-0008: [C:/CPLD/pango/2_Tieta_Feiteng/Tieta_Feiteng_1001_PGC7KD69MBG400/rtl/include/tpm_define.v(line number: 44)] Define macro FSM_SPI_RDATA_DONE 8'h13.
I: Verilog-0008: [C:/CPLD/pango/2_Tieta_Feiteng/Tieta_Feiteng_1001_PGC7KD69MBG400/rtl/include/tpm_define.v(line number: 45)] Define macro FSM_SPI_FAULT 8'h14.
I: Verilog-0008: [C:/CPLD/pango/2_Tieta_Feiteng/Tieta_Feiteng_1001_PGC7KD69MBG400/rtl/include/tpm_define.v(line number: 46)] Define macro FSM_SPI_DONE 8'h15.
I: Verilog-0008: [C:/CPLD/pango/2_Tieta_Feiteng/Tieta_Feiteng_1001_PGC7KD69MBG400/rtl/include/tpm_define.v(line number: 48)] Define macro FSM_BUF_IDLE 8'h00.
I: Verilog-0008: [C:/CPLD/pango/2_Tieta_Feiteng/Tieta_Feiteng_1001_PGC7KD69MBG400/rtl/include/tpm_define.v(line number: 49)] Define macro FSM_BUF_SPI_WDATA_DONE 8'h01.
I: Verilog-0008: [C:/CPLD/pango/2_Tieta_Feiteng/Tieta_Feiteng_1001_PGC7KD69MBG400/rtl/include/tpm_define.v(line number: 50)] Define macro FSM_BUF_SPI_TX_LPC_TX 8'h02.
I: Verilog-0008: [C:/CPLD/pango/2_Tieta_Feiteng/Tieta_Feiteng_1001_PGC7KD69MBG400/rtl/include/tpm_define.v(line number: 51)] Define macro FSM_BUF_LPC_TX_BUFFER 8'h03.
I: Verilog-0008: [C:/CPLD/pango/2_Tieta_Feiteng/Tieta_Feiteng_1001_PGC7KD69MBG400/rtl/include/tpm_define.v(line number: 52)] Define macro FSM_BUF_LPC_TX 8'h04.
I: Verilog-0008: [C:/CPLD/pango/2_Tieta_Feiteng/Tieta_Feiteng_1001_PGC7KD69MBG400/rtl/include/tpm_define.v(line number: 53)] Define macro FSM_BUF_LPC_DONE_TX 8'h05.
I: Verilog-0008: [C:/CPLD/pango/2_Tieta_Feiteng/Tieta_Feiteng_1001_PGC7KD69MBG400/rtl/include/tpm_define.v(line number: 54)] Define macro FSM_BUF_SPI_WAIT 8'h06.
I: Verilog-0008: [C:/CPLD/pango/2_Tieta_Feiteng/Tieta_Feiteng_1001_PGC7KD69MBG400/rtl/include/tpm_define.v(line number: 55)] Define macro FSM_BUF_SPI_RX_LPC_RX 8'h07.
I: Verilog-0008: [C:/CPLD/pango/2_Tieta_Feiteng/Tieta_Feiteng_1001_PGC7KD69MBG400/rtl/include/tpm_define.v(line number: 56)] Define macro FSM_BUF_LPC_RX_BUFFER 8'h08.
I: Verilog-0008: [C:/CPLD/pango/2_Tieta_Feiteng/Tieta_Feiteng_1001_PGC7KD69MBG400/rtl/include/tpm_define.v(line number: 57)] Define macro FSM_BUF_LPC_RX 8'h09.
I: Verilog-0008: [C:/CPLD/pango/2_Tieta_Feiteng/Tieta_Feiteng_1001_PGC7KD69MBG400/rtl/include/tpm_define.v(line number: 58)] Define macro FSM_BUF_LPC_DONE_RX 8'h0A.
I: Verilog-0008: [C:/CPLD/pango/2_Tieta_Feiteng/Tieta_Feiteng_1001_PGC7KD69MBG400/rtl/include/tpm_define.v(line number: 59)] Define macro FSM_BUF_LPC_RX_SPI_RX 8'h0B.
I: Verilog-0008: [C:/CPLD/pango/2_Tieta_Feiteng/Tieta_Feiteng_1001_PGC7KD69MBG400/rtl/include/tpm_define.v(line number: 60)] Define macro FSM_BUF_SPI_RDATA_BUFFER 8'h0C.
I: Verilog-0008: [C:/CPLD/pango/2_Tieta_Feiteng/Tieta_Feiteng_1001_PGC7KD69MBG400/rtl/include/tpm_define.v(line number: 61)] Define macro FSM_BUF_SPI_RDATA0 8'h0D.
I: Verilog-0008: [C:/CPLD/pango/2_Tieta_Feiteng/Tieta_Feiteng_1001_PGC7KD69MBG400/rtl/include/tpm_define.v(line number: 62)] Define macro FSM_BUF_SPI_WAIT_DONE 8'h0E.
I: Verilog-0008: [C:/CPLD/pango/2_Tieta_Feiteng/Tieta_Feiteng_1001_PGC7KD69MBG400/rtl/include/tpm_define.v(line number: 63)] Define macro FSM_BUF_DONE 8'h0F.
I: Verilog-0008: [C:/CPLD/pango/2_Tieta_Feiteng/Tieta_Feiteng_1001_PGC7KD69MBG400/rtl/include/tpm_define.v(line number: 65)] Define macro FSM_LPC_IDLE 8'h00.
I: Verilog-0008: [C:/CPLD/pango/2_Tieta_Feiteng/Tieta_Feiteng_1001_PGC7KD69MBG400/rtl/include/tpm_define.v(line number: 66)] Define macro FSM_LPC 8'h01.
I: Verilog-0008: [C:/CPLD/pango/2_Tieta_Feiteng/Tieta_Feiteng_1001_PGC7KD69MBG400/rtl/include/tpm_define.v(line number: 67)] Define macro FSM_LPC_START0 8'h02.
I: Verilog-0008: [C:/CPLD/pango/2_Tieta_Feiteng/Tieta_Feiteng_1001_PGC7KD69MBG400/rtl/include/tpm_define.v(line number: 68)] Define macro FSM_LPC_START 8'h03.
I: Verilog-0008: [C:/CPLD/pango/2_Tieta_Feiteng/Tieta_Feiteng_1001_PGC7KD69MBG400/rtl/include/tpm_define.v(line number: 69)] Define macro FSM_LPC_CTDIR 8'h04.
I: Verilog-0008: [C:/CPLD/pango/2_Tieta_Feiteng/Tieta_Feiteng_1001_PGC7KD69MBG400/rtl/include/tpm_define.v(line number: 70)] Define macro FSM_LPC_ADDR_3 8'h05.
I: Verilog-0008: [C:/CPLD/pango/2_Tieta_Feiteng/Tieta_Feiteng_1001_PGC7KD69MBG400/rtl/include/tpm_define.v(line number: 71)] Define macro FSM_LPC_ADDR_2 8'h06.
I: Verilog-0008: [C:/CPLD/pango/2_Tieta_Feiteng/Tieta_Feiteng_1001_PGC7KD69MBG400/rtl/include/tpm_define.v(line number: 72)] Define macro FSM_LPC_ADDR_1 8'h07.
I: Verilog-0008: [C:/CPLD/pango/2_Tieta_Feiteng/Tieta_Feiteng_1001_PGC7KD69MBG400/rtl/include/tpm_define.v(line number: 73)] Define macro FSM_LPC_ADDR_0 8'h08.
I: Verilog-0008: [C:/CPLD/pango/2_Tieta_Feiteng/Tieta_Feiteng_1001_PGC7KD69MBG400/rtl/include/tpm_define.v(line number: 74)] Define macro FSM_LPC_WDATA_0 8'h09.
I: Verilog-0008: [C:/CPLD/pango/2_Tieta_Feiteng/Tieta_Feiteng_1001_PGC7KD69MBG400/rtl/include/tpm_define.v(line number: 75)] Define macro FSM_LPC_WDATA_1 8'h0A.
I: Verilog-0008: [C:/CPLD/pango/2_Tieta_Feiteng/Tieta_Feiteng_1001_PGC7KD69MBG400/rtl/include/tpm_define.v(line number: 76)] Define macro FSM_LPC_WTAR_0 8'h0B.
I: Verilog-0008: [C:/CPLD/pango/2_Tieta_Feiteng/Tieta_Feiteng_1001_PGC7KD69MBG400/rtl/include/tpm_define.v(line number: 77)] Define macro FSM_LPC_WTAR_1 8'h0C.
I: Verilog-0008: [C:/CPLD/pango/2_Tieta_Feiteng/Tieta_Feiteng_1001_PGC7KD69MBG400/rtl/include/tpm_define.v(line number: 78)] Define macro FSM_LPC_WSYNC 8'h0D.
I: Verilog-0008: [C:/CPLD/pango/2_Tieta_Feiteng/Tieta_Feiteng_1001_PGC7KD69MBG400/rtl/include/tpm_define.v(line number: 79)] Define macro FSM_LPC_RDATA_0 8'h0E.
I: Verilog-0008: [C:/CPLD/pango/2_Tieta_Feiteng/Tieta_Feiteng_1001_PGC7KD69MBG400/rtl/include/tpm_define.v(line number: 80)] Define macro FSM_LPC_RDATA_1 8'h0F.
I: Verilog-0008: [C:/CPLD/pango/2_Tieta_Feiteng/Tieta_Feiteng_1001_PGC7KD69MBG400/rtl/include/tpm_define.v(line number: 81)] Define macro FSM_LPC_RTAR_0 8'h10.
I: Verilog-0008: [C:/CPLD/pango/2_Tieta_Feiteng/Tieta_Feiteng_1001_PGC7KD69MBG400/rtl/include/tpm_define.v(line number: 82)] Define macro FSM_LPC_RTAR_1 8'h11.
I: Verilog-0008: [C:/CPLD/pango/2_Tieta_Feiteng/Tieta_Feiteng_1001_PGC7KD69MBG400/rtl/include/tpm_define.v(line number: 83)] Define macro FSM_LPC_RSYNC 8'h12.
I: Verilog-0008: [C:/CPLD/pango/2_Tieta_Feiteng/Tieta_Feiteng_1001_PGC7KD69MBG400/rtl/include/tpm_define.v(line number: 84)] Define macro FSM_LPC_TAR2_0 8'h13.
I: Verilog-0008: [C:/CPLD/pango/2_Tieta_Feiteng/Tieta_Feiteng_1001_PGC7KD69MBG400/rtl/include/tpm_define.v(line number: 85)] Define macro FSM_LPC_TAR2_1 8'h14.
I: Verilog-0008: [C:/CPLD/pango/2_Tieta_Feiteng/Tieta_Feiteng_1001_PGC7KD69MBG400/rtl/include/tpm_define.v(line number: 86)] Define macro FSM_LPC_FAULT 8'h15.
I: Verilog-0008: [C:/CPLD/pango/2_Tieta_Feiteng/Tieta_Feiteng_1001_PGC7KD69MBG400/rtl/include/tpm_define.v(line number: 87)] Define macro FSM_LPC_DONE 8'h16.
I: Verilog-0008: [C:/CPLD/pango/2_Tieta_Feiteng/Tieta_Feiteng_1001_PGC7KD69MBG400/rtl/include/tpm_define.v(line number: 164)] Define macro LPC_CYCTYPE_IO 2'b00.
I: Verilog-0008: [C:/CPLD/pango/2_Tieta_Feiteng/Tieta_Feiteng_1001_PGC7KD69MBG400/rtl/include/tpm_define.v(line number: 170)] Define macro LPC_DIRECTION_RD 1'b0.
I: Verilog-0008: [C:/CPLD/pango/2_Tieta_Feiteng/Tieta_Feiteng_1001_PGC7KD69MBG400/rtl/include/tpm_define.v(line number: 171)] Define macro LPC_DIRECTION_WR 1'b1.
I: Verilog-0008: [C:/CPLD/pango/2_Tieta_Feiteng/Tieta_Feiteng_1001_PGC7KD69MBG400/rtl/include/tpm_define.v(line number: 180)] Define macro LPC_SYNC_RDY 4'b0000.
Parsing done.
I: Verilog-0001: Analyzing file C:/CPLD/pango/2_Tieta_Feiteng/Tieta_Feiteng_1001_PGC7KD69MBG400/rtl/source/button_ctrl/power_button.v.
I: Verilog-0002: [C:/CPLD/pango/2_Tieta_Feiteng/Tieta_Feiteng_1001_PGC7KD69MBG400/rtl/source/button_ctrl/power_button.v(line number: 16)] Analyzing module power_button (library work).
Parsing done.
I: Verilog-0001: Analyzing file C:/CPLD/pango/2_Tieta_Feiteng/Tieta_Feiteng_1001_PGC7KD69MBG400/rtl/source/common/edge_delay.v.
I: Verilog-0002: [C:/CPLD/pango/2_Tieta_Feiteng/Tieta_Feiteng_1001_PGC7KD69MBG400/rtl/source/common/edge_delay.v(line number: 24)] Analyzing module edge_delay (library work).
Parsing done.
I: Verilog-0001: Analyzing file C:/CPLD/pango/2_Tieta_Feiteng/Tieta_Feiteng_1001_PGC7KD69MBG400/rtl/source/common/edge_detect.v.
I: Verilog-0002: [C:/CPLD/pango/2_Tieta_Feiteng/Tieta_Feiteng_1001_PGC7KD69MBG400/rtl/source/common/edge_detect.v(line number: 4)] Analyzing module Edge_Detect (library work).
Parsing done.
I: Verilog-0001: Analyzing file C:/CPLD/pango/2_Tieta_Feiteng/Tieta_Feiteng_1001_PGC7KD69MBG400/rtl/source/common/Edge_Detect1.v.
I: Verilog-0002: [C:/CPLD/pango/2_Tieta_Feiteng/Tieta_Feiteng_1001_PGC7KD69MBG400/rtl/source/common/Edge_Detect1.v(line number: 4)] Analyzing module Edge_Detect1 (library work).
Parsing done.
I: Verilog-0001: Analyzing file C:/CPLD/pango/2_Tieta_Feiteng/Tieta_Feiteng_1001_PGC7KD69MBG400/rtl/source/common/edge_sync.v.
I: Verilog-0002: [C:/CPLD/pango/2_Tieta_Feiteng/Tieta_Feiteng_1001_PGC7KD69MBG400/rtl/source/common/edge_sync.v(line number: 19)] Analyzing module edge_sync (library work).
I: [C:/CPLD/pango/2_Tieta_Feiteng/Tieta_Feiteng_1001_PGC7KD69MBG400/rtl/source/common/edge_sync.v(line number: 21)] Convert attribute name from syn_preserve to PAP_PRESERVE
Parsing done.
I: Verilog-0001: Analyzing file C:/CPLD/pango/2_Tieta_Feiteng/Tieta_Feiteng_1001_PGC7KD69MBG400/rtl/source/common/led_blink_code.v.
I: Verilog-0008: [C:/CPLD/pango/2_Tieta_Feiteng/Tieta_Feiteng_1001_PGC7KD69MBG400/rtl/source/common/led_blink_code.v(line number: 33)] Define macro CLK_CYCLES_OFF 1.
I: Verilog-0002: [C:/CPLD/pango/2_Tieta_Feiteng/Tieta_Feiteng_1001_PGC7KD69MBG400/rtl/source/common/led_blink_code.v(line number: 35)] Analyzing module led_blink_code (library work).
Parsing done.
I: Verilog-0001: Analyzing file C:/CPLD/pango/2_Tieta_Feiteng/Tieta_Feiteng_1001_PGC7KD69MBG400/rtl/source/common/pon_reset.v.
I: Verilog-0002: [C:/CPLD/pango/2_Tieta_Feiteng/Tieta_Feiteng_1001_PGC7KD69MBG400/rtl/source/common/pon_reset.v(line number: 19)] Analyzing module pon_reset (library work).
Parsing done.
I: Verilog-0001: Analyzing file C:/CPLD/pango/2_Tieta_Feiteng/Tieta_Feiteng_1001_PGC7KD69MBG400/rtl/source/common/post_leds.v.
I: Verilog-0002: [C:/CPLD/pango/2_Tieta_Feiteng/Tieta_Feiteng_1001_PGC7KD69MBG400/rtl/source/common/post_leds.v(line number: 21)] Analyzing module post_leds (library work).
I: [C:/CPLD/pango/2_Tieta_Feiteng/Tieta_Feiteng_1001_PGC7KD69MBG400/rtl/source/common/post_leds.v(line number: 42)] Convert attribute name from syn_encoding to PAP_FSM_ENCODING
Parsing done.
I: Verilog-0001: Analyzing file C:/CPLD/pango/2_Tieta_Feiteng/Tieta_Feiteng_1001_PGC7KD69MBG400/rtl/source/common/synclib.v.
I: Verilog-0002: [C:/CPLD/pango/2_Tieta_Feiteng/Tieta_Feiteng_1001_PGC7KD69MBG400/rtl/source/common/synclib.v(line number: 50)] Analyzing module SYNC_RESET_N_AASD (library work).
I: Verilog-0002: [C:/CPLD/pango/2_Tieta_Feiteng/Tieta_Feiteng_1001_PGC7KD69MBG400/rtl/source/common/synclib.v(line number: 70)] Analyzing module SYNC_RESET_AASD (library work).
I: Verilog-0002: [C:/CPLD/pango/2_Tieta_Feiteng/Tieta_Feiteng_1001_PGC7KD69MBG400/rtl/source/common/synclib.v(line number: 90)] Analyzing module SYNC_RESET_SASD (library work).
I: Verilog-0002: [C:/CPLD/pango/2_Tieta_Feiteng/Tieta_Feiteng_1001_PGC7KD69MBG400/rtl/source/common/synclib.v(line number: 106)] Analyzing module SYNC_DATA_N (library work).
I: Verilog-0002: [C:/CPLD/pango/2_Tieta_Feiteng/Tieta_Feiteng_1001_PGC7KD69MBG400/rtl/source/common/synclib.v(line number: 130)] Analyzing module SYNC_DATA (library work).
I: Verilog-0002: [C:/CPLD/pango/2_Tieta_Feiteng/Tieta_Feiteng_1001_PGC7KD69MBG400/rtl/source/common/synclib.v(line number: 155)] Analyzing module STABLE (library work).
I: Verilog-0002: [C:/CPLD/pango/2_Tieta_Feiteng/Tieta_Feiteng_1001_PGC7KD69MBG400/rtl/source/common/synclib.v(line number: 182)] Analyzing module BREAK_COMBI_N (library work).
I: Verilog-0002: [C:/CPLD/pango/2_Tieta_Feiteng/Tieta_Feiteng_1001_PGC7KD69MBG400/rtl/source/common/synclib.v(line number: 198)] Analyzing module BREAK_COMBI (library work).
I: Verilog-0002: [C:/CPLD/pango/2_Tieta_Feiteng/Tieta_Feiteng_1001_PGC7KD69MBG400/rtl/source/common/synclib.v(line number: 217)] Analyzing module ISOLATE_COMBI (library work).
I: Verilog-0002: [C:/CPLD/pango/2_Tieta_Feiteng/Tieta_Feiteng_1001_PGC7KD69MBG400/rtl/source/common/synclib.v(line number: 269)] Analyzing module PGM_DEBOUNCE_N (library work).
I: Verilog-0002: [C:/CPLD/pango/2_Tieta_Feiteng/Tieta_Feiteng_1001_PGC7KD69MBG400/rtl/source/common/synclib.v(line number: 354)] Analyzing module PGM_DEBOUNCE (library work).
I: Verilog-0002: [C:/CPLD/pango/2_Tieta_Feiteng/Tieta_Feiteng_1001_PGC7KD69MBG400/rtl/source/common/synclib.v(line number: 456)] Analyzing module PGM_DEBOUNCE_GPO_N (library work).
Parsing done.
I: Verilog-0001: Analyzing file C:/CPLD/pango/2_Tieta_Feiteng/Tieta_Feiteng_1001_PGC7KD69MBG400/rtl/source/common/system_reset.v.
I: Verilog-0002: [C:/CPLD/pango/2_Tieta_Feiteng/Tieta_Feiteng_1001_PGC7KD69MBG400/rtl/source/common/system_reset.v(line number: 15)] Analyzing module system_reset (library work).
Parsing done.
I: Verilog-0001: Analyzing file C:/CPLD/pango/2_Tieta_Feiteng/Tieta_Feiteng_1001_PGC7KD69MBG400/rtl/source/common/thermal.v.
I: Found Verilog include file C:/CPLD/pango/2_Tieta_Feiteng/Tieta_Feiteng_1001_PGC7KD69MBG400/rtl/include/top_define.v
I: Verilog-0008: [C:/CPLD/pango/2_Tieta_Feiteng/Tieta_Feiteng_1001_PGC7KD69MBG400/rtl/include/top_define.v(line number: 6)] Define macro RS35M2C16S_VA.
I: Verilog-0008: [C:/CPLD/pango/2_Tieta_Feiteng/Tieta_Feiteng_1001_PGC7KD69MBG400/rtl/include/top_define.v(line number: 8)] Define macro RS41M2C9S.
I: Verilog-0008: [C:/CPLD/pango/2_Tieta_Feiteng/Tieta_Feiteng_1001_PGC7KD69MBG400/rtl/include/top_define.v(line number: 14)] Define macro H3C_2014_RS35M2C16S_VA.
I: Verilog-0008: [C:/CPLD/pango/2_Tieta_Feiteng/Tieta_Feiteng_1001_PGC7KD69MBG400/rtl/include/top_define.v(line number: 18)] Define macro SPECIFIC_POWER_P1V8_PCH_STBY.
I: Verilog-0008: [C:/CPLD/pango/2_Tieta_Feiteng/Tieta_Feiteng_1001_PGC7KD69MBG400/rtl/include/top_define.v(line number: 23)] Define macro PCH_MODE_LPC.
I: Verilog-0008: [C:/CPLD/pango/2_Tieta_Feiteng/Tieta_Feiteng_1001_PGC7KD69MBG400/rtl/include/top_define.v(line number: 25)] Define macro PSU_CTRL.
I: Verilog-0008: [C:/CPLD/pango/2_Tieta_Feiteng/Tieta_Feiteng_1001_PGC7KD69MBG400/rtl/include/top_define.v(line number: 30)] Define macro CPLD_DATE_YYYYMMDD 32'h20240608.
I: Verilog-0008: [C:/CPLD/pango/2_Tieta_Feiteng/Tieta_Feiteng_1001_PGC7KD69MBG400/rtl/include/top_define.v(line number: 33)] Define macro CPLD_TIME_HHMMSSXX {24'h151400, `CPLD_TIME_XX}.
I: Verilog-0008: [C:/CPLD/pango/2_Tieta_Feiteng/Tieta_Feiteng_1001_PGC7KD69MBG400/rtl/include/top_define.v(line number: 35)] Define macro CPLD_TIME_XX 8'hZZ.
I: Verilog-0008: [C:/CPLD/pango/2_Tieta_Feiteng/Tieta_Feiteng_1001_PGC7KD69MBG400/rtl/include/top_define.v(line number: 38)] Define macro H3C_2014_RS35M2C16S_VA.
I: Verilog-0008: [C:/CPLD/pango/2_Tieta_Feiteng/Tieta_Feiteng_1001_PGC7KD69MBG400/rtl/include/top_define.v(line number: 51)] Define macro CPLD_VER 16'h01A1.
I: Verilog-0008: [C:/CPLD/pango/2_Tieta_Feiteng/Tieta_Feiteng_1001_PGC7KD69MBG400/rtl/include/top_define.v(line number: 52)] Define macro PFR_CPLD_VER 16'h0500.
I: Verilog-0008: [C:/CPLD/pango/2_Tieta_Feiteng/Tieta_Feiteng_1001_PGC7KD69MBG400/rtl/include/top_define.v(line number: 53)] Define macro DB_CPLD_VER 16'h0500.
I: Verilog-0008: [C:/CPLD/pango/2_Tieta_Feiteng/Tieta_Feiteng_1001_PGC7KD69MBG400/rtl/include/top_define.v(line number: 56)] Define macro GEN_ID_RSVD 4'b0000.
I: Verilog-0008: [C:/CPLD/pango/2_Tieta_Feiteng/Tieta_Feiteng_1001_PGC7KD69MBG400/rtl/include/top_define.v(line number: 57)] Define macro GEN_ID_G2 4'b0010.
I: Verilog-0008: [C:/CPLD/pango/2_Tieta_Feiteng/Tieta_Feiteng_1001_PGC7KD69MBG400/rtl/include/top_define.v(line number: 58)] Define macro GEN_ID_G3 4'b0011.
I: Verilog-0008: [C:/CPLD/pango/2_Tieta_Feiteng/Tieta_Feiteng_1001_PGC7KD69MBG400/rtl/include/top_define.v(line number: 59)] Define macro GEN_ID_G5 4'b0101.
I: Verilog-0008: [C:/CPLD/pango/2_Tieta_Feiteng/Tieta_Feiteng_1001_PGC7KD69MBG400/rtl/include/top_define.v(line number: 63)] Define macro GEN_ID `GEN_ID_RSVD.
I: Verilog-0008: [C:/CPLD/pango/2_Tieta_Feiteng/Tieta_Feiteng_1001_PGC7KD69MBG400/rtl/include/top_define.v(line number: 67)] Define macro BOARD_ID_RSVD 4'b0000.
I: Verilog-0008: [C:/CPLD/pango/2_Tieta_Feiteng/Tieta_Feiteng_1001_PGC7KD69MBG400/rtl/include/top_define.v(line number: 68)] Define macro BOARD_ID_RS03M2C9S 4'b0100.
I: Verilog-0008: [C:/CPLD/pango/2_Tieta_Feiteng/Tieta_Feiteng_1001_PGC7KD69MBG400/rtl/include/top_define.v(line number: 69)] Define macro BOARD_ID_RS23M2C6S 4'b0011.
I: Verilog-0008: [C:/CPLD/pango/2_Tieta_Feiteng/Tieta_Feiteng_1001_PGC7KD69MBG400/rtl/include/top_define.v(line number: 70)] Define macro BOARD_ID_RS33M2C9S 4'b0100.
I: Verilog-0008: [C:/CPLD/pango/2_Tieta_Feiteng/Tieta_Feiteng_1001_PGC7KD69MBG400/rtl/include/top_define.v(line number: 71)] Define macro BOARD_ID_RS05M2C9S 4'b0101.
I: Verilog-0008: [C:/CPLD/pango/2_Tieta_Feiteng/Tieta_Feiteng_1001_PGC7KD69MBG400/rtl/include/top_define.v(line number: 72)] Define macro BOARD_ID_RS35M2C5S 4'b0011.
I: Verilog-0008: [C:/CPLD/pango/2_Tieta_Feiteng/Tieta_Feiteng_1001_PGC7KD69MBG400/rtl/include/top_define.v(line number: 73)] Define macro BOARD_ID_RS35M2C16S 4'b0100.
I: Verilog-0008: [C:/CPLD/pango/2_Tieta_Feiteng/Tieta_Feiteng_1001_PGC7KD69MBG400/rtl/include/top_define.v(line number: 75)] Define macro BOARD_ID_RS41M2C9S 4'b0001.
I: Verilog-0008: [C:/CPLD/pango/2_Tieta_Feiteng/Tieta_Feiteng_1001_PGC7KD69MBG400/rtl/include/top_define.v(line number: 83)] Define macro CHASSIS_ID_1U 3'b001.
I: Verilog-0008: [C:/CPLD/pango/2_Tieta_Feiteng/Tieta_Feiteng_1001_PGC7KD69MBG400/rtl/include/top_define.v(line number: 84)] Define macro CHASSIS_ID_2U 3'b010.
I: Verilog-0008: [C:/CPLD/pango/2_Tieta_Feiteng/Tieta_Feiteng_1001_PGC7KD69MBG400/rtl/include/top_define.v(line number: 85)] Define macro CHASSIS_ID_4U 3'b000.
I: Verilog-0008: [C:/CPLD/pango/2_Tieta_Feiteng/Tieta_Feiteng_1001_PGC7KD69MBG400/rtl/include/top_define.v(line number: 86)] Define macro CHASSIS_ID_8U 3'b011.
I: Verilog-0008: [C:/CPLD/pango/2_Tieta_Feiteng/Tieta_Feiteng_1001_PGC7KD69MBG400/rtl/include/top_define.v(line number: 90)] Define macro SERVER_ID_RSVD 16'h0000.
I: Verilog-0008: [C:/CPLD/pango/2_Tieta_Feiteng/Tieta_Feiteng_1001_PGC7KD69MBG400/rtl/include/top_define.v(line number: 91)] Define macro SERVER_ID_R4900 16'h4900.
I: Verilog-0008: [C:/CPLD/pango/2_Tieta_Feiteng/Tieta_Feiteng_1001_PGC7KD69MBG400/rtl/include/top_define.v(line number: 92)] Define macro SERVER_ID_R4700 16'h4700.
I: Verilog-0008: [C:/CPLD/pango/2_Tieta_Feiteng/Tieta_Feiteng_1001_PGC7KD69MBG400/rtl/include/top_define.v(line number: 93)] Define macro SERVER_ID_R2900 16'h2900.
I: Verilog-0008: [C:/CPLD/pango/2_Tieta_Feiteng/Tieta_Feiteng_1001_PGC7KD69MBG400/rtl/include/top_define.v(line number: 94)] Define macro SERVER_ID_R2700 16'h2700.
I: Verilog-0008: [C:/CPLD/pango/2_Tieta_Feiteng/Tieta_Feiteng_1001_PGC7KD69MBG400/rtl/include/top_define.v(line number: 96)] Define macro SERVER_ID_R6900 16'h6900.
I: Verilog-0008: [C:/CPLD/pango/2_Tieta_Feiteng/Tieta_Feiteng_1001_PGC7KD69MBG400/rtl/include/top_define.v(line number: 100)] Define macro CPU_PKG_ID_NOMCP 3'b000.
I: Verilog-0008: [C:/CPLD/pango/2_Tieta_Feiteng/Tieta_Feiteng_1001_PGC7KD69MBG400/rtl/include/top_define.v(line number: 101)] Define macro CPU_PKG_ID_FABRIC 3'b001.
I: Verilog-0008: [C:/CPLD/pango/2_Tieta_Feiteng/Tieta_Feiteng_1001_PGC7KD69MBG400/rtl/include/top_define.v(line number: 102)] Define macro CPU_PKG_ID_FPGA 3'b010.
I: Verilog-0008: [C:/CPLD/pango/2_Tieta_Feiteng/Tieta_Feiteng_1001_PGC7KD69MBG400/rtl/include/top_define.v(line number: 103)] Define macro CPU_PKG_ID_RSVD011 3'b011.
I: Verilog-0008: [C:/CPLD/pango/2_Tieta_Feiteng/Tieta_Feiteng_1001_PGC7KD69MBG400/rtl/include/top_define.v(line number: 104)] Define macro CPU_PKG_ID_RSVD100 3'b100.
I: Verilog-0008: [C:/CPLD/pango/2_Tieta_Feiteng/Tieta_Feiteng_1001_PGC7KD69MBG400/rtl/include/top_define.v(line number: 105)] Define macro CPU_PKG_ID_RSVD101 3'b101.
I: Verilog-0008: [C:/CPLD/pango/2_Tieta_Feiteng/Tieta_Feiteng_1001_PGC7KD69MBG400/rtl/include/top_define.v(line number: 106)] Define macro CPU_PKG_ID_RSVD110 3'b110.
I: Verilog-0008: [C:/CPLD/pango/2_Tieta_Feiteng/Tieta_Feiteng_1001_PGC7KD69MBG400/rtl/include/top_define.v(line number: 107)] Define macro CPU_PKG_ID_RSVD111 3'b111.
I: Verilog-0008: [C:/CPLD/pango/2_Tieta_Feiteng/Tieta_Feiteng_1001_PGC7KD69MBG400/rtl/include/top_define.v(line number: 116)] Define macro AROC_TYPE_HBA 2'b00.
I: Verilog-0008: [C:/CPLD/pango/2_Tieta_Feiteng/Tieta_Feiteng_1001_PGC7KD69MBG400/rtl/include/top_define.v(line number: 117)] Define macro AROC_TYPE_RAID 2'b01.
I: Verilog-0008: [C:/CPLD/pango/2_Tieta_Feiteng/Tieta_Feiteng_1001_PGC7KD69MBG400/rtl/include/top_define.v(line number: 118)] Define macro AROC_TYPE_MEZZ 2'b10.
I: Verilog-0008: [C:/CPLD/pango/2_Tieta_Feiteng/Tieta_Feiteng_1001_PGC7KD69MBG400/rtl/include/top_define.v(line number: 119)] Define macro AROC_TYPE_RSVD 2'b11.
I: Verilog-0008: [C:/CPLD/pango/2_Tieta_Feiteng/Tieta_Feiteng_1001_PGC7KD69MBG400/rtl/include/top_define.v(line number: 126)] Define macro RISER_ID_RS35R3X16 5'b00001.
I: Verilog-0008: [C:/CPLD/pango/2_Tieta_Feiteng/Tieta_Feiteng_1001_PGC7KD69MBG400/rtl/include/top_define.v(line number: 127)] Define macro RISER_ID_RS35RX16X8X8 5'b00010.
I: Verilog-0008: [C:/CPLD/pango/2_Tieta_Feiteng/Tieta_Feiteng_1001_PGC7KD69MBG400/rtl/include/top_define.v(line number: 128)] Define macro RISER_ID_RS35R2X8 5'b00011.
I: Verilog-0008: [C:/CPLD/pango/2_Tieta_Feiteng/Tieta_Feiteng_1001_PGC7KD69MBG400/rtl/include/top_define.v(line number: 129)] Define macro RISER_ID_RS35R2X16 5'b00100.
I: Verilog-0008: [C:/CPLD/pango/2_Tieta_Feiteng/Tieta_Feiteng_1001_PGC7KD69MBG400/rtl/include/top_define.v(line number: 130)] Define macro RISER_ID_RS35RX16 5'b00101.
I: Verilog-0008: [C:/CPLD/pango/2_Tieta_Feiteng/Tieta_Feiteng_1001_PGC7KD69MBG400/rtl/include/top_define.v(line number: 131)] Define macro RISER_ID_RS33RLPX8 5'b00111.
I: Verilog-0008: [C:/CPLD/pango/2_Tieta_Feiteng/Tieta_Feiteng_1001_PGC7KD69MBG400/rtl/include/top_define.v(line number: 132)] Define macro RISER_ID_RS35R5X8 5'b01000.
I: Verilog-0008: [C:/CPLD/pango/2_Tieta_Feiteng/Tieta_Feiteng_1001_PGC7KD69MBG400/rtl/include/top_define.v(line number: 133)] Define macro RISER_ID_RS35R1X16 5'b01010.
I: Verilog-0008: [C:/CPLD/pango/2_Tieta_Feiteng/Tieta_Feiteng_1001_PGC7KD69MBG400/rtl/include/top_define.v(line number: 134)] Define macro RISER_ID_RS35R2X8A 5'b01011.
I: Verilog-0008: [C:/CPLD/pango/2_Tieta_Feiteng/Tieta_Feiteng_1001_PGC7KD69MBG400/rtl/include/top_define.v(line number: 135)] Define macro RISER_ID_RS35ROCP 5'b01100.
I: Verilog-0008: [C:/CPLD/pango/2_Tieta_Feiteng/Tieta_Feiteng_1001_PGC7KD69MBG400/rtl/include/top_define.v(line number: 136)] Define macro RISER_ID_RS35R1X16C 5'b01101.
I: Verilog-0008: [C:/CPLD/pango/2_Tieta_Feiteng/Tieta_Feiteng_1001_PGC7KD69MBG400/rtl/include/top_define.v(line number: 139)] Define macro GPU_CABLE_ID_RSVD 2'b11.
I: Verilog-0008: [C:/CPLD/pango/2_Tieta_Feiteng/Tieta_Feiteng_1001_PGC7KD69MBG400/rtl/include/top_define.v(line number: 142)] Define macro BMC_MEM_SIZE_1G 2'b00.
I: Verilog-0008: [C:/CPLD/pango/2_Tieta_Feiteng/Tieta_Feiteng_1001_PGC7KD69MBG400/rtl/include/top_define.v(line number: 143)] Define macro BMC_MEM_SIZE_2G 2'b01.
I: Verilog-0008: [C:/CPLD/pango/2_Tieta_Feiteng/Tieta_Feiteng_1001_PGC7KD69MBG400/rtl/include/top_define.v(line number: 144)] Define macro BMC_MEM_SIZE_4G 2'b10.
I: Verilog-0008: [C:/CPLD/pango/2_Tieta_Feiteng/Tieta_Feiteng_1001_PGC7KD69MBG400/rtl/include/top_define.v(line number: 145)] Define macro BMC_MEM_SIZE_8G 2'b11.
I: Verilog-0008: [C:/CPLD/pango/2_Tieta_Feiteng/Tieta_Feiteng_1001_PGC7KD69MBG400/rtl/include/top_define.v(line number: 147)] Define macro BMC_MEM_SIZE `BMC_MEM_SIZE_2G.
I: Verilog-0008: [C:/CPLD/pango/2_Tieta_Feiteng/Tieta_Feiteng_1001_PGC7KD69MBG400/rtl/include/top_define.v(line number: 150)] Define macro PCB_VA 2'b00.
I: Verilog-0008: [C:/CPLD/pango/2_Tieta_Feiteng/Tieta_Feiteng_1001_PGC7KD69MBG400/rtl/include/top_define.v(line number: 156)] Define macro NUM_CPU 2.
I: Verilog-0008: [C:/CPLD/pango/2_Tieta_Feiteng/Tieta_Feiteng_1001_PGC7KD69MBG400/rtl/include/top_define.v(line number: 157)] Define macro NUM_CPUVR 2.
I: Verilog-0008: [C:/CPLD/pango/2_Tieta_Feiteng/Tieta_Feiteng_1001_PGC7KD69MBG400/rtl/include/top_define.v(line number: 158)] Define macro NUM_MEMVR 4.
I: Verilog-0008: [C:/CPLD/pango/2_Tieta_Feiteng/Tieta_Feiteng_1001_PGC7KD69MBG400/rtl/include/top_define.v(line number: 159)] Define macro NUM_CHN 4.
I: Verilog-0008: [C:/CPLD/pango/2_Tieta_Feiteng/Tieta_Feiteng_1001_PGC7KD69MBG400/rtl/include/top_define.v(line number: 160)] Define macro NUM_FAN 8.
I: Verilog-0008: [C:/CPLD/pango/2_Tieta_Feiteng/Tieta_Feiteng_1001_PGC7KD69MBG400/rtl/include/top_define.v(line number: 161)] Define macro NUM_NIC 4.
I: Verilog-0008: [C:/CPLD/pango/2_Tieta_Feiteng/Tieta_Feiteng_1001_PGC7KD69MBG400/rtl/include/top_define.v(line number: 162)] Define macro NUM_PSU 2.
I: Verilog-0008: [C:/CPLD/pango/2_Tieta_Feiteng/Tieta_Feiteng_1001_PGC7KD69MBG400/rtl/include/top_define.v(line number: 164)] Define macro NUM_IO 1.
I: Verilog-0008: [C:/CPLD/pango/2_Tieta_Feiteng/Tieta_Feiteng_1001_PGC7KD69MBG400/rtl/include/top_define.v(line number: 165)] Define macro NUM_RISER 6.
I: Verilog-0008: [C:/CPLD/pango/2_Tieta_Feiteng/Tieta_Feiteng_1001_PGC7KD69MBG400/rtl/include/top_define.v(line number: 166)] Define macro port_num 3.
I: Verilog-0008: [C:/CPLD/pango/2_Tieta_Feiteng/Tieta_Feiteng_1001_PGC7KD69MBG400/rtl/include/top_define.v(line number: 169)] Define macro SYS_HAS_UID_BTN.
I: Verilog-0008: [C:/CPLD/pango/2_Tieta_Feiteng/Tieta_Feiteng_1001_PGC7KD69MBG400/rtl/include/top_define.v(line number: 171)] Define macro NUM_BP 8      /********G5 2P**********/.
I: Verilog-0008: [C:/CPLD/pango/2_Tieta_Feiteng/Tieta_Feiteng_1001_PGC7KD69MBG400/rtl/include/top_define.v(line number: 173)] Define macro NUM_S5DEV 2      /********G5 2P**********/.
I: Verilog-0008: [C:/CPLD/pango/2_Tieta_Feiteng/Tieta_Feiteng_1001_PGC7KD69MBG400/rtl/include/top_define.v(line number: 187)] Define macro BOARD_TYPE 4'b0000.
W: Verilog-2005: [C:/CPLD/pango/2_Tieta_Feiteng/Tieta_Feiteng_1001_PGC7KD69MBG400/rtl/include/top_define.v(line number: 188)] Last macro OEM_TYPE 4'b1000 is redefined as OEM_TYPE 4'b0111.
I: Verilog-0008: [C:/CPLD/pango/2_Tieta_Feiteng/Tieta_Feiteng_1001_PGC7KD69MBG400/rtl/include/top_define.v(line number: 191)] Define macro MFR_ID_RSVD 8'h00.
I: Verilog-0008: [C:/CPLD/pango/2_Tieta_Feiteng/Tieta_Feiteng_1001_PGC7KD69MBG400/rtl/include/top_define.v(line number: 192)] Define macro MFR_ID_H3C 8'h03.
I: Verilog-0008: [C:/CPLD/pango/2_Tieta_Feiteng/Tieta_Feiteng_1001_PGC7KD69MBG400/rtl/include/top_define.v(line number: 194)] Define macro MFR_ID `MFR_ID_H3C.
I: Verilog-0008: [C:/CPLD/pango/2_Tieta_Feiteng/Tieta_Feiteng_1001_PGC7KD69MBG400/rtl/include/top_define.v(line number: 197)] Define macro ODM_ID_RSVD 8'h00.
I: Verilog-0008: [C:/CPLD/pango/2_Tieta_Feiteng/Tieta_Feiteng_1001_PGC7KD69MBG400/rtl/include/top_define.v(line number: 198)] Define macro ODM_ID_H3C 8'h03.
I: Verilog-0008: [C:/CPLD/pango/2_Tieta_Feiteng/Tieta_Feiteng_1001_PGC7KD69MBG400/rtl/include/top_define.v(line number: 200)] Define macro ODM_ID `ODM_ID_H3C.
I: Verilog-0008: [C:/CPLD/pango/2_Tieta_Feiteng/Tieta_Feiteng_1001_PGC7KD69MBG400/rtl/include/top_define.v(line number: 203)] Define macro PDT_LINE_RSVD 8'h00.
I: Verilog-0008: [C:/CPLD/pango/2_Tieta_Feiteng/Tieta_Feiteng_1001_PGC7KD69MBG400/rtl/include/top_define.v(line number: 204)] Define macro PDT_LINE_H3C_2014_LLS 8'h01.
I: Verilog-0008: [C:/CPLD/pango/2_Tieta_Feiteng/Tieta_Feiteng_1001_PGC7KD69MBG400/rtl/include/top_define.v(line number: 206)] Define macro PDT_LINE_H3C_OEM_IN 8'h63.
I: Verilog-0008: [C:/CPLD/pango/2_Tieta_Feiteng/Tieta_Feiteng_1001_PGC7KD69MBG400/rtl/include/top_define.v(line number: 208)] Define macro PDT_LINE `PDT_LINE_H3C_OEM_IN.
I: Verilog-0008: [C:/CPLD/pango/2_Tieta_Feiteng/Tieta_Feiteng_1001_PGC7KD69MBG400/rtl/include/top_define.v(line number: 211)] Define macro PDT_GEN_RSVD 8'h00.
I: Verilog-0008: [C:/CPLD/pango/2_Tieta_Feiteng/Tieta_Feiteng_1001_PGC7KD69MBG400/rtl/include/top_define.v(line number: 212)] Define macro PDT_GEN_H3C_2014_G2 8'h02.
I: Verilog-0008: [C:/CPLD/pango/2_Tieta_Feiteng/Tieta_Feiteng_1001_PGC7KD69MBG400/rtl/include/top_define.v(line number: 213)] Define macro PDT_GEN_H3C_2014_G3 8'h03.
I: Verilog-0008: [C:/CPLD/pango/2_Tieta_Feiteng/Tieta_Feiteng_1001_PGC7KD69MBG400/rtl/include/top_define.v(line number: 215)] Define macro PDT_GEN_H3C_S5000C 8'h07.
I: Verilog-0008: [C:/CPLD/pango/2_Tieta_Feiteng/Tieta_Feiteng_1001_PGC7KD69MBG400/rtl/include/top_define.v(line number: 218)] Define macro PDT_GEN `PDT_GEN_H3C_S5000C.
I: Verilog-0008: [C:/CPLD/pango/2_Tieta_Feiteng/Tieta_Feiteng_1001_PGC7KD69MBG400/rtl/include/top_define.v(line number: 221)] Define macro PDT_REV_RSVD 8'h00.
I: Verilog-0008: [C:/CPLD/pango/2_Tieta_Feiteng/Tieta_Feiteng_1001_PGC7KD69MBG400/rtl/include/top_define.v(line number: 222)] Define macro PDT_REV_H3C_2014_V100R001 8'h11.
I: Verilog-0008: [C:/CPLD/pango/2_Tieta_Feiteng/Tieta_Feiteng_1001_PGC7KD69MBG400/rtl/include/top_define.v(line number: 223)] Define macro PDT_REV_H3C_2014_V200R002 8'h22.
I: Verilog-0008: [C:/CPLD/pango/2_Tieta_Feiteng/Tieta_Feiteng_1001_PGC7KD69MBG400/rtl/include/top_define.v(line number: 224)] Define macro PDT_REV_H3C_2014_V500R002 8'h52.
I: Verilog-0008: [C:/CPLD/pango/2_Tieta_Feiteng/Tieta_Feiteng_1001_PGC7KD69MBG400/rtl/include/top_define.v(line number: 225)] Define macro PDT_REV_H3C_2014_V800R001 8'h81.
I: Verilog-0008: [C:/CPLD/pango/2_Tieta_Feiteng/Tieta_Feiteng_1001_PGC7KD69MBG400/rtl/include/top_define.v(line number: 226)] Define macro PDT_REV_H3C_2014_V200R005 8'h25.
I: Verilog-0008: [C:/CPLD/pango/2_Tieta_Feiteng/Tieta_Feiteng_1001_PGC7KD69MBG400/rtl/include/top_define.v(line number: 228)] Define macro PDT_REV_H3C_2014_V500R003 8'h53.
I: Verilog-0008: [C:/CPLD/pango/2_Tieta_Feiteng/Tieta_Feiteng_1001_PGC7KD69MBG400/rtl/include/top_define.v(line number: 229)] Define macro PDT_REV_H3C_2014_V500R005 8'h55.
I: Verilog-0008: [C:/CPLD/pango/2_Tieta_Feiteng/Tieta_Feiteng_1001_PGC7KD69MBG400/rtl/include/top_define.v(line number: 230)] Define macro PDT_REV_H3C_IT_C_RACK_V700R001 8'h71.
I: Verilog-0008: [C:/CPLD/pango/2_Tieta_Feiteng/Tieta_Feiteng_1001_PGC7KD69MBG400/rtl/include/top_define.v(line number: 234)] Define macro PDT_REV `PDT_REV_H3C_IT_C_RACK_V700R001.
I: Verilog-0008: [C:/CPLD/pango/2_Tieta_Feiteng/Tieta_Feiteng_1001_PGC7KD69MBG400/rtl/include/top_define.v(line number: 237)] Define macro SERVER_ID_H3C_2014_RSVD 8'h00.
I: Verilog-0008: [C:/CPLD/pango/2_Tieta_Feiteng/Tieta_Feiteng_1001_PGC7KD69MBG400/rtl/include/top_define.v(line number: 238)] Define macro SERVER_ID_H3C_2014_R2700 8'h01.
I: Verilog-0008: [C:/CPLD/pango/2_Tieta_Feiteng/Tieta_Feiteng_1001_PGC7KD69MBG400/rtl/include/top_define.v(line number: 239)] Define macro SERVER_ID_H3C_2014_R2900 8'h03.
I: Verilog-0008: [C:/CPLD/pango/2_Tieta_Feiteng/Tieta_Feiteng_1001_PGC7KD69MBG400/rtl/include/top_define.v(line number: 240)] Define macro SERVER_ID_H3C_2014_R4700 8'h11.
I: Verilog-0008: [C:/CPLD/pango/2_Tieta_Feiteng/Tieta_Feiteng_1001_PGC7KD69MBG400/rtl/include/top_define.v(line number: 241)] Define macro SERVER_ID_H3C_2014_R4900 8'h13.
I: Verilog-0008: [C:/CPLD/pango/2_Tieta_Feiteng/Tieta_Feiteng_1001_PGC7KD69MBG400/rtl/include/top_define.v(line number: 242)] Define macro SERVER_ID_H3C_2014_R6900 8'h23.
I: Verilog-0008: [C:/CPLD/pango/2_Tieta_Feiteng/Tieta_Feiteng_1001_PGC7KD69MBG400/rtl/include/top_define.v(line number: 243)] Define macro SERVER_ID_H3C_2014_R8900 8'h33.
I: Verilog-0008: [C:/CPLD/pango/2_Tieta_Feiteng/Tieta_Feiteng_1001_PGC7KD69MBG400/rtl/include/top_define.v(line number: 246)] Define macro BOARD_ID_H3C_2014_RSVD 8'h00.
I: Verilog-0008: [C:/CPLD/pango/2_Tieta_Feiteng/Tieta_Feiteng_1001_PGC7KD69MBG400/rtl/include/top_define.v(line number: 247)] Define macro BOARD_ID_H3C_2014_RS03M2C9S 8'h04.
I: Verilog-0008: [C:/CPLD/pango/2_Tieta_Feiteng/Tieta_Feiteng_1001_PGC7KD69MBG400/rtl/include/top_define.v(line number: 248)] Define macro BOARD_ID_H3C_2014_RS23M2C6S 8'h03.
I: Verilog-0008: [C:/CPLD/pango/2_Tieta_Feiteng/Tieta_Feiteng_1001_PGC7KD69MBG400/rtl/include/top_define.v(line number: 249)] Define macro BOARD_ID_H3C_2014_RS33M2C9S 8'h04.
I: Verilog-0008: [C:/CPLD/pango/2_Tieta_Feiteng/Tieta_Feiteng_1001_PGC7KD69MBG400/rtl/include/top_define.v(line number: 250)] Define macro BOARD_ID_H3C_2014_RS35M2C5S 8'h03.
I: Verilog-0008: [C:/CPLD/pango/2_Tieta_Feiteng/Tieta_Feiteng_1001_PGC7KD69MBG400/rtl/include/top_define.v(line number: 251)] Define macro BOARD_ID_H3C_2014_RS35M2C16S 8'h04.
I: Verilog-0008: [C:/CPLD/pango/2_Tieta_Feiteng/Tieta_Feiteng_1001_PGC7KD69MBG400/rtl/include/top_define.v(line number: 253)] Define macro BOARD_ID_H3C_2014_RS41M2C9S 8'h11.
I: Verilog-0008: [C:/CPLD/pango/2_Tieta_Feiteng/Tieta_Feiteng_1001_PGC7KD69MBG400/rtl/include/top_define.v(line number: 256)] Define macro CHASSIS_ID_H3C_2014_RSVD 8'h00.
I: Verilog-0008: [C:/CPLD/pango/2_Tieta_Feiteng/Tieta_Feiteng_1001_PGC7KD69MBG400/rtl/include/top_define.v(line number: 257)] Define macro CHASSIS_ID_H3C_2014_1U 8'h01.
I: Verilog-0008: [C:/CPLD/pango/2_Tieta_Feiteng/Tieta_Feiteng_1001_PGC7KD69MBG400/rtl/include/top_define.v(line number: 258)] Define macro CHASSIS_ID_H3C_2014_2U 8'h02.
I: Verilog-0008: [C:/CPLD/pango/2_Tieta_Feiteng/Tieta_Feiteng_1001_PGC7KD69MBG400/rtl/include/top_define.v(line number: 259)] Define macro CHASSIS_ID_H3C_2014_NONE 8'h03.
I: Verilog-0008: [C:/CPLD/pango/2_Tieta_Feiteng/Tieta_Feiteng_1001_PGC7KD69MBG400/rtl/include/top_define.v(line number: 262)] Define macro PLT_CPU_MFR_RSVD 8'h00.
I: Verilog-0008: [C:/CPLD/pango/2_Tieta_Feiteng/Tieta_Feiteng_1001_PGC7KD69MBG400/rtl/include/top_define.v(line number: 263)] Define macro PLT_CPU_MFR_INTEL 8'h01.
I: Verilog-0008: [C:/CPLD/pango/2_Tieta_Feiteng/Tieta_Feiteng_1001_PGC7KD69MBG400/rtl/include/top_define.v(line number: 264)] Define macro PLT_CPU_MFR_AMD 8'h02.
I: Verilog-0008: [C:/CPLD/pango/2_Tieta_Feiteng/Tieta_Feiteng_1001_PGC7KD69MBG400/rtl/include/top_define.v(line number: 265)] Define macro PLT_CPU_MFR_FT 8'h03.
I: Verilog-0008: [C:/CPLD/pango/2_Tieta_Feiteng/Tieta_Feiteng_1001_PGC7KD69MBG400/rtl/include/top_define.v(line number: 267)] Define macro PLT_CPU_MFR `PLT_CPU_MFR_FT.
I: Verilog-0008: [C:/CPLD/pango/2_Tieta_Feiteng/Tieta_Feiteng_1001_PGC7KD69MBG400/rtl/include/top_define.v(line number: 270)] Define macro PLT_CPU_GEN_RSVD 8'h00.
I: Verilog-0008: [C:/CPLD/pango/2_Tieta_Feiteng/Tieta_Feiteng_1001_PGC7KD69MBG400/rtl/include/top_define.v(line number: 271)] Define macro PLT_CPU_GEN_BROADWELL 8'h00.
I: Verilog-0008: [C:/CPLD/pango/2_Tieta_Feiteng/Tieta_Feiteng_1001_PGC7KD69MBG400/rtl/include/top_define.v(line number: 272)] Define macro PLT_CPU_GEN_SKYLATE 8'h01.
I: Verilog-0008: [C:/CPLD/pango/2_Tieta_Feiteng/Tieta_Feiteng_1001_PGC7KD69MBG400/rtl/include/top_define.v(line number: 273)] Define macro PLT_CPU_GEN_ICELATE 8'h10.
I: Verilog-0008: [C:/CPLD/pango/2_Tieta_Feiteng/Tieta_Feiteng_1001_PGC7KD69MBG400/rtl/include/top_define.v(line number: 274)] Define macro PLT_CPU_GEN_FT2500 8'h05.
I: Verilog-0008: [C:/CPLD/pango/2_Tieta_Feiteng/Tieta_Feiteng_1001_PGC7KD69MBG400/rtl/include/top_define.v(line number: 276)] Define macro PLT_CPU_GEN `PLT_CPU_GEN_FT2500.
I: Verilog-0008: [C:/CPLD/pango/2_Tieta_Feiteng/Tieta_Feiteng_1001_PGC7KD69MBG400/rtl/include/top_define.v(line number: 281)] Define macro INT_MODE_RISING 2'b01.
I: Verilog-0008: [C:/CPLD/pango/2_Tieta_Feiteng/Tieta_Feiteng_1001_PGC7KD69MBG400/rtl/include/top_define.v(line number: 282)] Define macro INT_MODE_FALLING 2'b10.
I: Verilog-0008: [C:/CPLD/pango/2_Tieta_Feiteng/Tieta_Feiteng_1001_PGC7KD69MBG400/rtl/include/top_define.v(line number: 283)] Define macro INT_MODE_BOTH 2'b11.
I: Verilog-0008: [C:/CPLD/pango/2_Tieta_Feiteng/Tieta_Feiteng_1001_PGC7KD69MBG400/rtl/include/top_define.v(line number: 288)] Define macro PN_RS03M2C9S {`ASCII_A, `ASCII_3, `ASCII_F, `ASCII_T}.
I: Verilog-0008: [C:/CPLD/pango/2_Tieta_Feiteng/Tieta_Feiteng_1001_PGC7KD69MBG400/rtl/include/top_define.v(line number: 289)] Define macro PN_RS33M2C9S {`ASCII_A, `ASCII_3, `ASCII_F, `ASCII_Q}.
I: Verilog-0008: [C:/CPLD/pango/2_Tieta_Feiteng/Tieta_Feiteng_1001_PGC7KD69MBG400/rtl/include/top_define.v(line number: 290)] Define macro PN_RS23M2C6S {`ASCII_A, `ASCII_3, `ASCII_F, `ASCII_R}.
I: Verilog-0008: [C:/CPLD/pango/2_Tieta_Feiteng/Tieta_Feiteng_1001_PGC7KD69MBG400/rtl/include/top_define.v(line number: 291)] Define macro PN_RS05M2C9S {`ASCII_A, `ASCII_4, `ASCII_L, `ASCII_M}.
I: Verilog-0008: [C:/CPLD/pango/2_Tieta_Feiteng/Tieta_Feiteng_1001_PGC7KD69MBG400/rtl/include/top_define.v(line number: 292)] Define macro PN_RS35M2C16S {`ASCII_A, `ASCII_5, `ASCII_B, `ASCII_8}.
I: Verilog-0008: [C:/CPLD/pango/2_Tieta_Feiteng/Tieta_Feiteng_1001_PGC7KD69MBG400/rtl/include/top_define.v(line number: 293)] Define macro PN_RS41M2C9S {`ASCII_A, `ASCII_5, `ASCII_K, `ASCII_B}.
I: Verilog-0008: [C:/CPLD/pango/2_Tieta_Feiteng/Tieta_Feiteng_1001_PGC7KD69MBG400/rtl/include/top_define.v(line number: 294)] Define macro PN_RSVD 32'h0000_0000.
I: Verilog-0008: [C:/CPLD/pango/2_Tieta_Feiteng/Tieta_Feiteng_1001_PGC7KD69MBG400/rtl/include/top_define.v(line number: 301)] Define macro BOARD_PN `PN_RS41M2C9S.
I: Verilog-0008: [C:/CPLD/pango/2_Tieta_Feiteng/Tieta_Feiteng_1001_PGC7KD69MBG400/rtl/include/top_define.v(line number: 306)] Define macro ASCII_0 8'h30.
I: Verilog-0008: [C:/CPLD/pango/2_Tieta_Feiteng/Tieta_Feiteng_1001_PGC7KD69MBG400/rtl/include/top_define.v(line number: 307)] Define macro ASCII_1 8'h31.
I: Verilog-0008: [C:/CPLD/pango/2_Tieta_Feiteng/Tieta_Feiteng_1001_PGC7KD69MBG400/rtl/include/top_define.v(line number: 308)] Define macro ASCII_2 8'h32.
I: Verilog-0008: [C:/CPLD/pango/2_Tieta_Feiteng/Tieta_Feiteng_1001_PGC7KD69MBG400/rtl/include/top_define.v(line number: 309)] Define macro ASCII_3 8'h33.
I: Verilog-0008: [C:/CPLD/pango/2_Tieta_Feiteng/Tieta_Feiteng_1001_PGC7KD69MBG400/rtl/include/top_define.v(line number: 310)] Define macro ASCII_4 8'h34.
I: Verilog-0008: [C:/CPLD/pango/2_Tieta_Feiteng/Tieta_Feiteng_1001_PGC7KD69MBG400/rtl/include/top_define.v(line number: 311)] Define macro ASCII_5 8'h35.
I: Verilog-0008: [C:/CPLD/pango/2_Tieta_Feiteng/Tieta_Feiteng_1001_PGC7KD69MBG400/rtl/include/top_define.v(line number: 312)] Define macro ASCII_6 8'h36.
I: Verilog-0008: [C:/CPLD/pango/2_Tieta_Feiteng/Tieta_Feiteng_1001_PGC7KD69MBG400/rtl/include/top_define.v(line number: 313)] Define macro ASCII_7 8'h37.
I: Verilog-0008: [C:/CPLD/pango/2_Tieta_Feiteng/Tieta_Feiteng_1001_PGC7KD69MBG400/rtl/include/top_define.v(line number: 314)] Define macro ASCII_8 8'h38.
I: Verilog-0008: [C:/CPLD/pango/2_Tieta_Feiteng/Tieta_Feiteng_1001_PGC7KD69MBG400/rtl/include/top_define.v(line number: 315)] Define macro ASCII_9 8'h39.
I: Verilog-0008: [C:/CPLD/pango/2_Tieta_Feiteng/Tieta_Feiteng_1001_PGC7KD69MBG400/rtl/include/top_define.v(line number: 316)] Define macro ASCII_A 8'h41.
I: Verilog-0008: [C:/CPLD/pango/2_Tieta_Feiteng/Tieta_Feiteng_1001_PGC7KD69MBG400/rtl/include/top_define.v(line number: 317)] Define macro ASCII_B 8'h42.
I: Verilog-0008: [C:/CPLD/pango/2_Tieta_Feiteng/Tieta_Feiteng_1001_PGC7KD69MBG400/rtl/include/top_define.v(line number: 318)] Define macro ASCII_C 8'h43.
I: Verilog-0008: [C:/CPLD/pango/2_Tieta_Feiteng/Tieta_Feiteng_1001_PGC7KD69MBG400/rtl/include/top_define.v(line number: 319)] Define macro ASCII_D 8'h44.
I: Verilog-0008: [C:/CPLD/pango/2_Tieta_Feiteng/Tieta_Feiteng_1001_PGC7KD69MBG400/rtl/include/top_define.v(line number: 320)] Define macro ASCII_E 8'h45.
I: Verilog-0008: [C:/CPLD/pango/2_Tieta_Feiteng/Tieta_Feiteng_1001_PGC7KD69MBG400/rtl/include/top_define.v(line number: 321)] Define macro ASCII_F 8'h46.
I: Verilog-0008: [C:/CPLD/pango/2_Tieta_Feiteng/Tieta_Feiteng_1001_PGC7KD69MBG400/rtl/include/top_define.v(line number: 322)] Define macro ASCII_G 8'h47.
I: Verilog-0008: [C:/CPLD/pango/2_Tieta_Feiteng/Tieta_Feiteng_1001_PGC7KD69MBG400/rtl/include/top_define.v(line number: 323)] Define macro ASCII_H 8'h48.
I: Verilog-0008: [C:/CPLD/pango/2_Tieta_Feiteng/Tieta_Feiteng_1001_PGC7KD69MBG400/rtl/include/top_define.v(line number: 324)] Define macro ASCII_I 8'h49.
I: Verilog-0008: [C:/CPLD/pango/2_Tieta_Feiteng/Tieta_Feiteng_1001_PGC7KD69MBG400/rtl/include/top_define.v(line number: 325)] Define macro ASCII_J 8'h4A.
I: Verilog-0008: [C:/CPLD/pango/2_Tieta_Feiteng/Tieta_Feiteng_1001_PGC7KD69MBG400/rtl/include/top_define.v(line number: 326)] Define macro ASCII_K 8'h4B.
I: Verilog-0008: [C:/CPLD/pango/2_Tieta_Feiteng/Tieta_Feiteng_1001_PGC7KD69MBG400/rtl/include/top_define.v(line number: 327)] Define macro ASCII_L 8'h4C.
I: Verilog-0008: [C:/CPLD/pango/2_Tieta_Feiteng/Tieta_Feiteng_1001_PGC7KD69MBG400/rtl/include/top_define.v(line number: 328)] Define macro ASCII_M 8'h4D.
I: Verilog-0008: [C:/CPLD/pango/2_Tieta_Feiteng/Tieta_Feiteng_1001_PGC7KD69MBG400/rtl/include/top_define.v(line number: 329)] Define macro ASCII_N 8'h4E.
I: Verilog-0008: [C:/CPLD/pango/2_Tieta_Feiteng/Tieta_Feiteng_1001_PGC7KD69MBG400/rtl/include/top_define.v(line number: 330)] Define macro ASCII_O 8'h4F.
I: Verilog-0008: [C:/CPLD/pango/2_Tieta_Feiteng/Tieta_Feiteng_1001_PGC7KD69MBG400/rtl/include/top_define.v(line number: 331)] Define macro ASCII_P 8'h50.
I: Verilog-0008: [C:/CPLD/pango/2_Tieta_Feiteng/Tieta_Feiteng_1001_PGC7KD69MBG400/rtl/include/top_define.v(line number: 332)] Define macro ASCII_Q 8'h51.
I: Verilog-0008: [C:/CPLD/pango/2_Tieta_Feiteng/Tieta_Feiteng_1001_PGC7KD69MBG400/rtl/include/top_define.v(line number: 333)] Define macro ASCII_R 8'h52.
I: Verilog-0008: [C:/CPLD/pango/2_Tieta_Feiteng/Tieta_Feiteng_1001_PGC7KD69MBG400/rtl/include/top_define.v(line number: 334)] Define macro ASCII_S 8'h53.
I: Verilog-0008: [C:/CPLD/pango/2_Tieta_Feiteng/Tieta_Feiteng_1001_PGC7KD69MBG400/rtl/include/top_define.v(line number: 335)] Define macro ASCII_T 8'h54.
I: Verilog-0008: [C:/CPLD/pango/2_Tieta_Feiteng/Tieta_Feiteng_1001_PGC7KD69MBG400/rtl/include/top_define.v(line number: 336)] Define macro ASCII_U 8'h55.
I: Verilog-0008: [C:/CPLD/pango/2_Tieta_Feiteng/Tieta_Feiteng_1001_PGC7KD69MBG400/rtl/include/top_define.v(line number: 337)] Define macro ASCII_V 8'h56.
I: Verilog-0008: [C:/CPLD/pango/2_Tieta_Feiteng/Tieta_Feiteng_1001_PGC7KD69MBG400/rtl/include/top_define.v(line number: 338)] Define macro ASCII_W 8'h57.
I: Verilog-0008: [C:/CPLD/pango/2_Tieta_Feiteng/Tieta_Feiteng_1001_PGC7KD69MBG400/rtl/include/top_define.v(line number: 339)] Define macro ASCII_X 8'h58.
I: Verilog-0008: [C:/CPLD/pango/2_Tieta_Feiteng/Tieta_Feiteng_1001_PGC7KD69MBG400/rtl/include/top_define.v(line number: 340)] Define macro ASCII_Y 8'h59.
I: Verilog-0008: [C:/CPLD/pango/2_Tieta_Feiteng/Tieta_Feiteng_1001_PGC7KD69MBG400/rtl/include/top_define.v(line number: 341)] Define macro ASCII_Z 8'h5A.
I: Verilog-0002: [C:/CPLD/pango/2_Tieta_Feiteng/Tieta_Feiteng_1001_PGC7KD69MBG400/rtl/source/common/thermal.v(line number: 18)] Analyzing module thermal (library work).
Parsing done.
I: Verilog-0001: Analyzing file C:/CPLD/pango/2_Tieta_Feiteng/Tieta_Feiteng_1001_PGC7KD69MBG400/rtl/source/common/UID_Function.v.
I: Verilog-0002: [C:/CPLD/pango/2_Tieta_Feiteng/Tieta_Feiteng_1001_PGC7KD69MBG400/rtl/source/common/UID_Function.v(line number: 27)] Analyzing module UID_Function (library work).
Parsing done.
I: Verilog-0001: Analyzing file C:/CPLD/pango/2_Tieta_Feiteng/Tieta_Feiteng_1001_PGC7KD69MBG400/rtl/source/communication/p2s_master.v.
I: Verilog-0002: [C:/CPLD/pango/2_Tieta_Feiteng/Tieta_Feiteng_1001_PGC7KD69MBG400/rtl/source/communication/p2s_master.v(line number: 27)] Analyzing module p2s_master (library work).
I: [C:/CPLD/pango/2_Tieta_Feiteng/Tieta_Feiteng_1001_PGC7KD69MBG400/rtl/source/communication/p2s_master.v(line number: 27)] Convert attribute name from syn_preserve to PAP_PRESERVE
Parsing done.
I: Verilog-0001: Analyzing file C:/CPLD/pango/2_Tieta_Feiteng/Tieta_Feiteng_1001_PGC7KD69MBG400/rtl/source/communication/p2s_slave.v.
I: Verilog-0002: [C:/CPLD/pango/2_Tieta_Feiteng/Tieta_Feiteng_1001_PGC7KD69MBG400/rtl/source/communication/p2s_slave.v(line number: 28)] Analyzing module p2s_slave (library work).
I: [C:/CPLD/pango/2_Tieta_Feiteng/Tieta_Feiteng_1001_PGC7KD69MBG400/rtl/source/communication/p2s_slave.v(line number: 28)] Convert attribute name from syn_preserve to PAP_PRESERVE
Parsing done.
I: Verilog-0001: Analyzing file C:/CPLD/pango/2_Tieta_Feiteng/Tieta_Feiteng_1001_PGC7KD69MBG400/rtl/source/communication/s2p_master.v.
I: Verilog-0002: [C:/CPLD/pango/2_Tieta_Feiteng/Tieta_Feiteng_1001_PGC7KD69MBG400/rtl/source/communication/s2p_master.v(line number: 27)] Analyzing module s2p_master (library work).
I: [C:/CPLD/pango/2_Tieta_Feiteng/Tieta_Feiteng_1001_PGC7KD69MBG400/rtl/source/communication/s2p_master.v(line number: 27)] Convert attribute name from syn_preserve to PAP_PRESERVE
Parsing done.
I: Verilog-0001: Analyzing file C:/CPLD/pango/2_Tieta_Feiteng/Tieta_Feiteng_1001_PGC7KD69MBG400/rtl/source/communication/s2p_slave.v.
I: Verilog-0002: [C:/CPLD/pango/2_Tieta_Feiteng/Tieta_Feiteng_1001_PGC7KD69MBG400/rtl/source/communication/s2p_slave.v(line number: 27)] Analyzing module s2p_slave (library work).
I: [C:/CPLD/pango/2_Tieta_Feiteng/Tieta_Feiteng_1001_PGC7KD69MBG400/rtl/source/communication/s2p_slave.v(line number: 28)] Convert attribute name from syn_preserve to PAP_PRESERVE
Parsing done.
I: Verilog-0001: Analyzing file C:/CPLD/pango/2_Tieta_Feiteng/Tieta_Feiteng_1001_PGC7KD69MBG400/rtl/source/communication/uart_master.v.
I: Verilog-0002: [C:/CPLD/pango/2_Tieta_Feiteng/Tieta_Feiteng_1001_PGC7KD69MBG400/rtl/source/communication/uart_master.v(line number: 25)] Analyzing module UART_MASTER (library work).
Parsing done.
I: Verilog-0001: Analyzing file C:/CPLD/pango/2_Tieta_Feiteng/Tieta_Feiteng_1001_PGC7KD69MBG400/rtl/source/fan_ctrl/fan_counter.v.
I: Verilog-0002: [C:/CPLD/pango/2_Tieta_Feiteng/Tieta_Feiteng_1001_PGC7KD69MBG400/rtl/source/fan_ctrl/fan_counter.v(line number: 24)] Analyzing module fan_counter (library work).
Parsing done.
I: Verilog-0001: Analyzing file C:/CPLD/pango/2_Tieta_Feiteng/Tieta_Feiteng_1001_PGC7KD69MBG400/rtl/source/fan_ctrl/fan_pwm_tach.v.
I: Verilog-0002: [C:/CPLD/pango/2_Tieta_Feiteng/Tieta_Feiteng_1001_PGC7KD69MBG400/rtl/source/fan_ctrl/fan_pwm_tach.v(line number: 11)] Analyzing module fan_pwm_tach (library work).
Parsing done.
I: Verilog-0001: Analyzing file C:/CPLD/pango/2_Tieta_Feiteng/Tieta_Feiteng_1001_PGC7KD69MBG400/rtl/source/i2c/bmc_cpld_i2c_ram.v.
I: Verilog-0002: [C:/CPLD/pango/2_Tieta_Feiteng/Tieta_Feiteng_1001_PGC7KD69MBG400/rtl/source/i2c/bmc_cpld_i2c_ram.v(line number: 3)] Analyzing module bmc_cpld_i2c_ram (library work).
Parsing done.
I: Verilog-0001: Analyzing file C:/CPLD/pango/2_Tieta_Feiteng/Tieta_Feiteng_1001_PGC7KD69MBG400/rtl/source/pwrseq/psu.v.
I: Found Verilog include file C:/CPLD/pango/2_Tieta_Feiteng/Tieta_Feiteng_1001_PGC7KD69MBG400/rtl/include/pwrseq_define.v
I: Verilog-0008: [C:/CPLD/pango/2_Tieta_Feiteng/Tieta_Feiteng_1001_PGC7KD69MBG400/rtl/include/pwrseq_define.v(line number: 1)] Define macro SM_RESET_STATE 6'h00.
I: Verilog-0008: [C:/CPLD/pango/2_Tieta_Feiteng/Tieta_Feiteng_1001_PGC7KD69MBG400/rtl/include/pwrseq_define.v(line number: 2)] Define macro SM_DISABLE_S5_DEVICES 6'h01.
I: Verilog-0008: [C:/CPLD/pango/2_Tieta_Feiteng/Tieta_Feiteng_1001_PGC7KD69MBG400/rtl/include/pwrseq_define.v(line number: 4)] Define macro SM_OFF_STANDBY 6'h02.
I: Verilog-0008: [C:/CPLD/pango/2_Tieta_Feiteng/Tieta_Feiteng_1001_PGC7KD69MBG400/rtl/include/pwrseq_define.v(line number: 5)] Define macro SM_ENABLE_S5_DEVICES 6'h03.
I: Verilog-0008: [C:/CPLD/pango/2_Tieta_Feiteng/Tieta_Feiteng_1001_PGC7KD69MBG400/rtl/include/pwrseq_define.v(line number: 6)] Define macro SM_PS_ON 6'h04.
I: Verilog-0008: [C:/CPLD/pango/2_Tieta_Feiteng/Tieta_Feiteng_1001_PGC7KD69MBG400/rtl/include/pwrseq_define.v(line number: 7)] Define macro SM_EN_5V_STBY 6'h05.
I: Verilog-0008: [C:/CPLD/pango/2_Tieta_Feiteng/Tieta_Feiteng_1001_PGC7KD69MBG400/rtl/include/pwrseq_define.v(line number: 8)] Define macro SM_EN_TELEM 6'h06.
I: Verilog-0008: [C:/CPLD/pango/2_Tieta_Feiteng/Tieta_Feiteng_1001_PGC7KD69MBG400/rtl/include/pwrseq_define.v(line number: 9)] Define macro SM_EN_MAIN_EFUSE 6'h07.
I: Verilog-0008: [C:/CPLD/pango/2_Tieta_Feiteng/Tieta_Feiteng_1001_PGC7KD69MBG400/rtl/include/pwrseq_define.v(line number: 10)] Define macro SM_EN_5V 6'h08.
I: Verilog-0008: [C:/CPLD/pango/2_Tieta_Feiteng/Tieta_Feiteng_1001_PGC7KD69MBG400/rtl/include/pwrseq_define.v(line number: 11)] Define macro SM_EN_3V3 6'h09.
I: Verilog-0008: [C:/CPLD/pango/2_Tieta_Feiteng/Tieta_Feiteng_1001_PGC7KD69MBG400/rtl/include/pwrseq_define.v(line number: 12)] Define macro SM_EN_1V1 6'h0A.
I: Verilog-0008: [C:/CPLD/pango/2_Tieta_Feiteng/Tieta_Feiteng_1001_PGC7KD69MBG400/rtl/include/pwrseq_define.v(line number: 14)] Define macro SM_EN_CPU_CORE 6'h0B.
I: Verilog-0008: [C:/CPLD/pango/2_Tieta_Feiteng/Tieta_Feiteng_1001_PGC7KD69MBG400/rtl/include/pwrseq_define.v(line number: 15)] Define macro SM_EN_CPU_P1V8 6'h0C.
I: Verilog-0008: [C:/CPLD/pango/2_Tieta_Feiteng/Tieta_Feiteng_1001_PGC7KD69MBG400/rtl/include/pwrseq_define.v(line number: 16)] Define macro SM_EN_CPU_DDR 6'h0D.
I: Verilog-0008: [C:/CPLD/pango/2_Tieta_Feiteng/Tieta_Feiteng_1001_PGC7KD69MBG400/rtl/include/pwrseq_define.v(line number: 17)] Define macro SM_EN_CPU_VP 6'h0E.
I: Verilog-0008: [C:/CPLD/pango/2_Tieta_Feiteng/Tieta_Feiteng_1001_PGC7KD69MBG400/rtl/include/pwrseq_define.v(line number: 19)] Define macro PEX_RESET 6'h0F.
I: Verilog-0008: [C:/CPLD/pango/2_Tieta_Feiteng/Tieta_Feiteng_1001_PGC7KD69MBG400/rtl/include/pwrseq_define.v(line number: 20)] Define macro SM_CPU_RESET 6'h10.
I: Verilog-0008: [C:/CPLD/pango/2_Tieta_Feiteng/Tieta_Feiteng_1001_PGC7KD69MBG400/rtl/include/pwrseq_define.v(line number: 22)] Define macro SM_WAIT_POWEROK 6'h11.
I: Verilog-0008: [C:/CPLD/pango/2_Tieta_Feiteng/Tieta_Feiteng_1001_PGC7KD69MBG400/rtl/include/pwrseq_define.v(line number: 23)] Define macro SM_STEADY_PWROK 6'h12.
I: Verilog-0008: [C:/CPLD/pango/2_Tieta_Feiteng/Tieta_Feiteng_1001_PGC7KD69MBG400/rtl/include/pwrseq_define.v(line number: 24)] Define macro SM_CRITICAL_FAIL 6'h13.
I: Verilog-0008: [C:/CPLD/pango/2_Tieta_Feiteng/Tieta_Feiteng_1001_PGC7KD69MBG400/rtl/include/pwrseq_define.v(line number: 26)] Define macro SM_DISABLE_CPU_VP 6'h14.
I: Verilog-0008: [C:/CPLD/pango/2_Tieta_Feiteng/Tieta_Feiteng_1001_PGC7KD69MBG400/rtl/include/pwrseq_define.v(line number: 27)] Define macro SM_DISABLE_CPU_DDR 6'h15.
I: Verilog-0008: [C:/CPLD/pango/2_Tieta_Feiteng/Tieta_Feiteng_1001_PGC7KD69MBG400/rtl/include/pwrseq_define.v(line number: 28)] Define macro SM_DISABLE_CPU_P1V8 6'h16.
I: Verilog-0008: [C:/CPLD/pango/2_Tieta_Feiteng/Tieta_Feiteng_1001_PGC7KD69MBG400/rtl/include/pwrseq_define.v(line number: 29)] Define macro SM_DISABLE_CPU_CORE 6'h17.
I: Verilog-0008: [C:/CPLD/pango/2_Tieta_Feiteng/Tieta_Feiteng_1001_PGC7KD69MBG400/rtl/include/pwrseq_define.v(line number: 31)] Define macro SM_DISABLE_1V1 6'h18.
I: Verilog-0008: [C:/CPLD/pango/2_Tieta_Feiteng/Tieta_Feiteng_1001_PGC7KD69MBG400/rtl/include/pwrseq_define.v(line number: 32)] Define macro SM_DISABLE_3V3 6'h19.
I: Verilog-0008: [C:/CPLD/pango/2_Tieta_Feiteng/Tieta_Feiteng_1001_PGC7KD69MBG400/rtl/include/pwrseq_define.v(line number: 33)] Define macro SM_DISABLE_5V 6'h1A.
I: Verilog-0008: [C:/CPLD/pango/2_Tieta_Feiteng/Tieta_Feiteng_1001_PGC7KD69MBG400/rtl/include/pwrseq_define.v(line number: 35)] Define macro SM_DISABLE_MAIN_EFUSE 6'h1B.
I: Verilog-0008: [C:/CPLD/pango/2_Tieta_Feiteng/Tieta_Feiteng_1001_PGC7KD69MBG400/rtl/include/pwrseq_define.v(line number: 36)] Define macro SM_DISABLE_TELEM 6'h1C.
I: Verilog-0008: [C:/CPLD/pango/2_Tieta_Feiteng/Tieta_Feiteng_1001_PGC7KD69MBG400/rtl/include/pwrseq_define.v(line number: 37)] Define macro SM_DISABLE_PS_ON 6'h1D.
I: Verilog-0008: [C:/CPLD/pango/2_Tieta_Feiteng/Tieta_Feiteng_1001_PGC7KD69MBG400/rtl/include/pwrseq_define.v(line number: 39)] Define macro SM_HALT_POWER_CYCLE 6'h1E.
I: Verilog-0008: [C:/CPLD/pango/2_Tieta_Feiteng/Tieta_Feiteng_1001_PGC7KD69MBG400/rtl/include/pwrseq_define.v(line number: 40)] Define macro SM_AUX_FAIL_RECOVERY 6'h1F.
I: Verilog-0002: [C:/CPLD/pango/2_Tieta_Feiteng/Tieta_Feiteng_1001_PGC7KD69MBG400/rtl/source/pwrseq/psu.v(line number: 16)] Analyzing module psu (library work).
Parsing done.
I: Verilog-0001: Analyzing file C:/CPLD/pango/2_Tieta_Feiteng/Tieta_Feiteng_1001_PGC7KD69MBG400/rtl/source/pwrseq/pwrcap.v.
I: Found Verilog include file C:/CPLD/pango/2_Tieta_Feiteng/Tieta_Feiteng_1001_PGC7KD69MBG400/rtl/include/top_define.v
I: Verilog-0008: [C:/CPLD/pango/2_Tieta_Feiteng/Tieta_Feiteng_1001_PGC7KD69MBG400/rtl/include/top_define.v(line number: 6)] Define macro RS35M2C16S_VA.
I: Verilog-0008: [C:/CPLD/pango/2_Tieta_Feiteng/Tieta_Feiteng_1001_PGC7KD69MBG400/rtl/include/top_define.v(line number: 8)] Define macro RS41M2C9S.
I: Verilog-0008: [C:/CPLD/pango/2_Tieta_Feiteng/Tieta_Feiteng_1001_PGC7KD69MBG400/rtl/include/top_define.v(line number: 14)] Define macro H3C_2014_RS35M2C16S_VA.
I: Verilog-0008: [C:/CPLD/pango/2_Tieta_Feiteng/Tieta_Feiteng_1001_PGC7KD69MBG400/rtl/include/top_define.v(line number: 18)] Define macro SPECIFIC_POWER_P1V8_PCH_STBY.
I: Verilog-0008: [C:/CPLD/pango/2_Tieta_Feiteng/Tieta_Feiteng_1001_PGC7KD69MBG400/rtl/include/top_define.v(line number: 23)] Define macro PCH_MODE_LPC.
I: Verilog-0008: [C:/CPLD/pango/2_Tieta_Feiteng/Tieta_Feiteng_1001_PGC7KD69MBG400/rtl/include/top_define.v(line number: 25)] Define macro PSU_CTRL.
I: Verilog-0008: [C:/CPLD/pango/2_Tieta_Feiteng/Tieta_Feiteng_1001_PGC7KD69MBG400/rtl/include/top_define.v(line number: 30)] Define macro CPLD_DATE_YYYYMMDD 32'h20240608.
I: Verilog-0008: [C:/CPLD/pango/2_Tieta_Feiteng/Tieta_Feiteng_1001_PGC7KD69MBG400/rtl/include/top_define.v(line number: 33)] Define macro CPLD_TIME_HHMMSSXX {24'h151400, `CPLD_TIME_XX}.
I: Verilog-0008: [C:/CPLD/pango/2_Tieta_Feiteng/Tieta_Feiteng_1001_PGC7KD69MBG400/rtl/include/top_define.v(line number: 35)] Define macro CPLD_TIME_XX 8'hZZ.
I: Verilog-0008: [C:/CPLD/pango/2_Tieta_Feiteng/Tieta_Feiteng_1001_PGC7KD69MBG400/rtl/include/top_define.v(line number: 38)] Define macro H3C_2014_RS35M2C16S_VA.
I: Verilog-0008: [C:/CPLD/pango/2_Tieta_Feiteng/Tieta_Feiteng_1001_PGC7KD69MBG400/rtl/include/top_define.v(line number: 51)] Define macro CPLD_VER 16'h01A1.
I: Verilog-0008: [C:/CPLD/pango/2_Tieta_Feiteng/Tieta_Feiteng_1001_PGC7KD69MBG400/rtl/include/top_define.v(line number: 52)] Define macro PFR_CPLD_VER 16'h0500.
I: Verilog-0008: [C:/CPLD/pango/2_Tieta_Feiteng/Tieta_Feiteng_1001_PGC7KD69MBG400/rtl/include/top_define.v(line number: 53)] Define macro DB_CPLD_VER 16'h0500.
I: Verilog-0008: [C:/CPLD/pango/2_Tieta_Feiteng/Tieta_Feiteng_1001_PGC7KD69MBG400/rtl/include/top_define.v(line number: 56)] Define macro GEN_ID_RSVD 4'b0000.
I: Verilog-0008: [C:/CPLD/pango/2_Tieta_Feiteng/Tieta_Feiteng_1001_PGC7KD69MBG400/rtl/include/top_define.v(line number: 57)] Define macro GEN_ID_G2 4'b0010.
I: Verilog-0008: [C:/CPLD/pango/2_Tieta_Feiteng/Tieta_Feiteng_1001_PGC7KD69MBG400/rtl/include/top_define.v(line number: 58)] Define macro GEN_ID_G3 4'b0011.
I: Verilog-0008: [C:/CPLD/pango/2_Tieta_Feiteng/Tieta_Feiteng_1001_PGC7KD69MBG400/rtl/include/top_define.v(line number: 59)] Define macro GEN_ID_G5 4'b0101.
I: Verilog-0008: [C:/CPLD/pango/2_Tieta_Feiteng/Tieta_Feiteng_1001_PGC7KD69MBG400/rtl/include/top_define.v(line number: 63)] Define macro GEN_ID `GEN_ID_RSVD.
I: Verilog-0008: [C:/CPLD/pango/2_Tieta_Feiteng/Tieta_Feiteng_1001_PGC7KD69MBG400/rtl/include/top_define.v(line number: 67)] Define macro BOARD_ID_RSVD 4'b0000.
I: Verilog-0008: [C:/CPLD/pango/2_Tieta_Feiteng/Tieta_Feiteng_1001_PGC7KD69MBG400/rtl/include/top_define.v(line number: 68)] Define macro BOARD_ID_RS03M2C9S 4'b0100.
I: Verilog-0008: [C:/CPLD/pango/2_Tieta_Feiteng/Tieta_Feiteng_1001_PGC7KD69MBG400/rtl/include/top_define.v(line number: 69)] Define macro BOARD_ID_RS23M2C6S 4'b0011.
I: Verilog-0008: [C:/CPLD/pango/2_Tieta_Feiteng/Tieta_Feiteng_1001_PGC7KD69MBG400/rtl/include/top_define.v(line number: 70)] Define macro BOARD_ID_RS33M2C9S 4'b0100.
I: Verilog-0008: [C:/CPLD/pango/2_Tieta_Feiteng/Tieta_Feiteng_1001_PGC7KD69MBG400/rtl/include/top_define.v(line number: 71)] Define macro BOARD_ID_RS05M2C9S 4'b0101.
I: Verilog-0008: [C:/CPLD/pango/2_Tieta_Feiteng/Tieta_Feiteng_1001_PGC7KD69MBG400/rtl/include/top_define.v(line number: 72)] Define macro BOARD_ID_RS35M2C5S 4'b0011.
I: Verilog-0008: [C:/CPLD/pango/2_Tieta_Feiteng/Tieta_Feiteng_1001_PGC7KD69MBG400/rtl/include/top_define.v(line number: 73)] Define macro BOARD_ID_RS35M2C16S 4'b0100.
I: Verilog-0008: [C:/CPLD/pango/2_Tieta_Feiteng/Tieta_Feiteng_1001_PGC7KD69MBG400/rtl/include/top_define.v(line number: 75)] Define macro BOARD_ID_RS41M2C9S 4'b0001.
I: Verilog-0008: [C:/CPLD/pango/2_Tieta_Feiteng/Tieta_Feiteng_1001_PGC7KD69MBG400/rtl/include/top_define.v(line number: 83)] Define macro CHASSIS_ID_1U 3'b001.
I: Verilog-0008: [C:/CPLD/pango/2_Tieta_Feiteng/Tieta_Feiteng_1001_PGC7KD69MBG400/rtl/include/top_define.v(line number: 84)] Define macro CHASSIS_ID_2U 3'b010.
I: Verilog-0008: [C:/CPLD/pango/2_Tieta_Feiteng/Tieta_Feiteng_1001_PGC7KD69MBG400/rtl/include/top_define.v(line number: 85)] Define macro CHASSIS_ID_4U 3'b000.
I: Verilog-0008: [C:/CPLD/pango/2_Tieta_Feiteng/Tieta_Feiteng_1001_PGC7KD69MBG400/rtl/include/top_define.v(line number: 86)] Define macro CHASSIS_ID_8U 3'b011.
I: Verilog-0008: [C:/CPLD/pango/2_Tieta_Feiteng/Tieta_Feiteng_1001_PGC7KD69MBG400/rtl/include/top_define.v(line number: 90)] Define macro SERVER_ID_RSVD 16'h0000.
I: Verilog-0008: [C:/CPLD/pango/2_Tieta_Feiteng/Tieta_Feiteng_1001_PGC7KD69MBG400/rtl/include/top_define.v(line number: 91)] Define macro SERVER_ID_R4900 16'h4900.
I: Verilog-0008: [C:/CPLD/pango/2_Tieta_Feiteng/Tieta_Feiteng_1001_PGC7KD69MBG400/rtl/include/top_define.v(line number: 92)] Define macro SERVER_ID_R4700 16'h4700.
I: Verilog-0008: [C:/CPLD/pango/2_Tieta_Feiteng/Tieta_Feiteng_1001_PGC7KD69MBG400/rtl/include/top_define.v(line number: 93)] Define macro SERVER_ID_R2900 16'h2900.
I: Verilog-0008: [C:/CPLD/pango/2_Tieta_Feiteng/Tieta_Feiteng_1001_PGC7KD69MBG400/rtl/include/top_define.v(line number: 94)] Define macro SERVER_ID_R2700 16'h2700.
I: Verilog-0008: [C:/CPLD/pango/2_Tieta_Feiteng/Tieta_Feiteng_1001_PGC7KD69MBG400/rtl/include/top_define.v(line number: 96)] Define macro SERVER_ID_R6900 16'h6900.
I: Verilog-0008: [C:/CPLD/pango/2_Tieta_Feiteng/Tieta_Feiteng_1001_PGC7KD69MBG400/rtl/include/top_define.v(line number: 100)] Define macro CPU_PKG_ID_NOMCP 3'b000.
I: Verilog-0008: [C:/CPLD/pango/2_Tieta_Feiteng/Tieta_Feiteng_1001_PGC7KD69MBG400/rtl/include/top_define.v(line number: 101)] Define macro CPU_PKG_ID_FABRIC 3'b001.
I: Verilog-0008: [C:/CPLD/pango/2_Tieta_Feiteng/Tieta_Feiteng_1001_PGC7KD69MBG400/rtl/include/top_define.v(line number: 102)] Define macro CPU_PKG_ID_FPGA 3'b010.
I: Verilog-0008: [C:/CPLD/pango/2_Tieta_Feiteng/Tieta_Feiteng_1001_PGC7KD69MBG400/rtl/include/top_define.v(line number: 103)] Define macro CPU_PKG_ID_RSVD011 3'b011.
I: Verilog-0008: [C:/CPLD/pango/2_Tieta_Feiteng/Tieta_Feiteng_1001_PGC7KD69MBG400/rtl/include/top_define.v(line number: 104)] Define macro CPU_PKG_ID_RSVD100 3'b100.
I: Verilog-0008: [C:/CPLD/pango/2_Tieta_Feiteng/Tieta_Feiteng_1001_PGC7KD69MBG400/rtl/include/top_define.v(line number: 105)] Define macro CPU_PKG_ID_RSVD101 3'b101.
I: Verilog-0008: [C:/CPLD/pango/2_Tieta_Feiteng/Tieta_Feiteng_1001_PGC7KD69MBG400/rtl/include/top_define.v(line number: 106)] Define macro CPU_PKG_ID_RSVD110 3'b110.
I: Verilog-0008: [C:/CPLD/pango/2_Tieta_Feiteng/Tieta_Feiteng_1001_PGC7KD69MBG400/rtl/include/top_define.v(line number: 107)] Define macro CPU_PKG_ID_RSVD111 3'b111.
I: Verilog-0008: [C:/CPLD/pango/2_Tieta_Feiteng/Tieta_Feiteng_1001_PGC7KD69MBG400/rtl/include/top_define.v(line number: 116)] Define macro AROC_TYPE_HBA 2'b00.
I: Verilog-0008: [C:/CPLD/pango/2_Tieta_Feiteng/Tieta_Feiteng_1001_PGC7KD69MBG400/rtl/include/top_define.v(line number: 117)] Define macro AROC_TYPE_RAID 2'b01.
I: Verilog-0008: [C:/CPLD/pango/2_Tieta_Feiteng/Tieta_Feiteng_1001_PGC7KD69MBG400/rtl/include/top_define.v(line number: 118)] Define macro AROC_TYPE_MEZZ 2'b10.
I: Verilog-0008: [C:/CPLD/pango/2_Tieta_Feiteng/Tieta_Feiteng_1001_PGC7KD69MBG400/rtl/include/top_define.v(line number: 119)] Define macro AROC_TYPE_RSVD 2'b11.
I: Verilog-0008: [C:/CPLD/pango/2_Tieta_Feiteng/Tieta_Feiteng_1001_PGC7KD69MBG400/rtl/include/top_define.v(line number: 126)] Define macro RISER_ID_RS35R3X16 5'b00001.
I: Verilog-0008: [C:/CPLD/pango/2_Tieta_Feiteng/Tieta_Feiteng_1001_PGC7KD69MBG400/rtl/include/top_define.v(line number: 127)] Define macro RISER_ID_RS35RX16X8X8 5'b00010.
I: Verilog-0008: [C:/CPLD/pango/2_Tieta_Feiteng/Tieta_Feiteng_1001_PGC7KD69MBG400/rtl/include/top_define.v(line number: 128)] Define macro RISER_ID_RS35R2X8 5'b00011.
I: Verilog-0008: [C:/CPLD/pango/2_Tieta_Feiteng/Tieta_Feiteng_1001_PGC7KD69MBG400/rtl/include/top_define.v(line number: 129)] Define macro RISER_ID_RS35R2X16 5'b00100.
I: Verilog-0008: [C:/CPLD/pango/2_Tieta_Feiteng/Tieta_Feiteng_1001_PGC7KD69MBG400/rtl/include/top_define.v(line number: 130)] Define macro RISER_ID_RS35RX16 5'b00101.
I: Verilog-0008: [C:/CPLD/pango/2_Tieta_Feiteng/Tieta_Feiteng_1001_PGC7KD69MBG400/rtl/include/top_define.v(line number: 131)] Define macro RISER_ID_RS33RLPX8 5'b00111.
I: Verilog-0008: [C:/CPLD/pango/2_Tieta_Feiteng/Tieta_Feiteng_1001_PGC7KD69MBG400/rtl/include/top_define.v(line number: 132)] Define macro RISER_ID_RS35R5X8 5'b01000.
I: Verilog-0008: [C:/CPLD/pango/2_Tieta_Feiteng/Tieta_Feiteng_1001_PGC7KD69MBG400/rtl/include/top_define.v(line number: 133)] Define macro RISER_ID_RS35R1X16 5'b01010.
I: Verilog-0008: [C:/CPLD/pango/2_Tieta_Feiteng/Tieta_Feiteng_1001_PGC7KD69MBG400/rtl/include/top_define.v(line number: 134)] Define macro RISER_ID_RS35R2X8A 5'b01011.
I: Verilog-0008: [C:/CPLD/pango/2_Tieta_Feiteng/Tieta_Feiteng_1001_PGC7KD69MBG400/rtl/include/top_define.v(line number: 135)] Define macro RISER_ID_RS35ROCP 5'b01100.
I: Verilog-0008: [C:/CPLD/pango/2_Tieta_Feiteng/Tieta_Feiteng_1001_PGC7KD69MBG400/rtl/include/top_define.v(line number: 136)] Define macro RISER_ID_RS35R1X16C 5'b01101.
I: Verilog-0008: [C:/CPLD/pango/2_Tieta_Feiteng/Tieta_Feiteng_1001_PGC7KD69MBG400/rtl/include/top_define.v(line number: 139)] Define macro GPU_CABLE_ID_RSVD 2'b11.
I: Verilog-0008: [C:/CPLD/pango/2_Tieta_Feiteng/Tieta_Feiteng_1001_PGC7KD69MBG400/rtl/include/top_define.v(line number: 142)] Define macro BMC_MEM_SIZE_1G 2'b00.
I: Verilog-0008: [C:/CPLD/pango/2_Tieta_Feiteng/Tieta_Feiteng_1001_PGC7KD69MBG400/rtl/include/top_define.v(line number: 143)] Define macro BMC_MEM_SIZE_2G 2'b01.
I: Verilog-0008: [C:/CPLD/pango/2_Tieta_Feiteng/Tieta_Feiteng_1001_PGC7KD69MBG400/rtl/include/top_define.v(line number: 144)] Define macro BMC_MEM_SIZE_4G 2'b10.
I: Verilog-0008: [C:/CPLD/pango/2_Tieta_Feiteng/Tieta_Feiteng_1001_PGC7KD69MBG400/rtl/include/top_define.v(line number: 145)] Define macro BMC_MEM_SIZE_8G 2'b11.
I: Verilog-0008: [C:/CPLD/pango/2_Tieta_Feiteng/Tieta_Feiteng_1001_PGC7KD69MBG400/rtl/include/top_define.v(line number: 147)] Define macro BMC_MEM_SIZE `BMC_MEM_SIZE_2G.
I: Verilog-0008: [C:/CPLD/pango/2_Tieta_Feiteng/Tieta_Feiteng_1001_PGC7KD69MBG400/rtl/include/top_define.v(line number: 150)] Define macro PCB_VA 2'b00.
I: Verilog-0008: [C:/CPLD/pango/2_Tieta_Feiteng/Tieta_Feiteng_1001_PGC7KD69MBG400/rtl/include/top_define.v(line number: 156)] Define macro NUM_CPU 2.
I: Verilog-0008: [C:/CPLD/pango/2_Tieta_Feiteng/Tieta_Feiteng_1001_PGC7KD69MBG400/rtl/include/top_define.v(line number: 157)] Define macro NUM_CPUVR 2.
I: Verilog-0008: [C:/CPLD/pango/2_Tieta_Feiteng/Tieta_Feiteng_1001_PGC7KD69MBG400/rtl/include/top_define.v(line number: 158)] Define macro NUM_MEMVR 4.
I: Verilog-0008: [C:/CPLD/pango/2_Tieta_Feiteng/Tieta_Feiteng_1001_PGC7KD69MBG400/rtl/include/top_define.v(line number: 159)] Define macro NUM_CHN 4.
I: Verilog-0008: [C:/CPLD/pango/2_Tieta_Feiteng/Tieta_Feiteng_1001_PGC7KD69MBG400/rtl/include/top_define.v(line number: 160)] Define macro NUM_FAN 8.
I: Verilog-0008: [C:/CPLD/pango/2_Tieta_Feiteng/Tieta_Feiteng_1001_PGC7KD69MBG400/rtl/include/top_define.v(line number: 161)] Define macro NUM_NIC 4.
I: Verilog-0008: [C:/CPLD/pango/2_Tieta_Feiteng/Tieta_Feiteng_1001_PGC7KD69MBG400/rtl/include/top_define.v(line number: 162)] Define macro NUM_PSU 2.
I: Verilog-0008: [C:/CPLD/pango/2_Tieta_Feiteng/Tieta_Feiteng_1001_PGC7KD69MBG400/rtl/include/top_define.v(line number: 164)] Define macro NUM_IO 1.
I: Verilog-0008: [C:/CPLD/pango/2_Tieta_Feiteng/Tieta_Feiteng_1001_PGC7KD69MBG400/rtl/include/top_define.v(line number: 165)] Define macro NUM_RISER 6.
I: Verilog-0008: [C:/CPLD/pango/2_Tieta_Feiteng/Tieta_Feiteng_1001_PGC7KD69MBG400/rtl/include/top_define.v(line number: 166)] Define macro port_num 3.
I: Verilog-0008: [C:/CPLD/pango/2_Tieta_Feiteng/Tieta_Feiteng_1001_PGC7KD69MBG400/rtl/include/top_define.v(line number: 169)] Define macro SYS_HAS_UID_BTN.
I: Verilog-0008: [C:/CPLD/pango/2_Tieta_Feiteng/Tieta_Feiteng_1001_PGC7KD69MBG400/rtl/include/top_define.v(line number: 171)] Define macro NUM_BP 8      /********G5 2P**********/.
I: Verilog-0008: [C:/CPLD/pango/2_Tieta_Feiteng/Tieta_Feiteng_1001_PGC7KD69MBG400/rtl/include/top_define.v(line number: 173)] Define macro NUM_S5DEV 2      /********G5 2P**********/.
I: Verilog-0008: [C:/CPLD/pango/2_Tieta_Feiteng/Tieta_Feiteng_1001_PGC7KD69MBG400/rtl/include/top_define.v(line number: 187)] Define macro BOARD_TYPE 4'b0000.
I: Verilog-0008: [C:/CPLD/pango/2_Tieta_Feiteng/Tieta_Feiteng_1001_PGC7KD69MBG400/rtl/include/top_define.v(line number: 188)] Define macro OEM_TYPE 4'b0111.
I: Verilog-0008: [C:/CPLD/pango/2_Tieta_Feiteng/Tieta_Feiteng_1001_PGC7KD69MBG400/rtl/include/top_define.v(line number: 191)] Define macro MFR_ID_RSVD 8'h00.
I: Verilog-0008: [C:/CPLD/pango/2_Tieta_Feiteng/Tieta_Feiteng_1001_PGC7KD69MBG400/rtl/include/top_define.v(line number: 192)] Define macro MFR_ID_H3C 8'h03.
I: Verilog-0008: [C:/CPLD/pango/2_Tieta_Feiteng/Tieta_Feiteng_1001_PGC7KD69MBG400/rtl/include/top_define.v(line number: 194)] Define macro MFR_ID `MFR_ID_H3C.
I: Verilog-0008: [C:/CPLD/pango/2_Tieta_Feiteng/Tieta_Feiteng_1001_PGC7KD69MBG400/rtl/include/top_define.v(line number: 197)] Define macro ODM_ID_RSVD 8'h00.
I: Verilog-0008: [C:/CPLD/pango/2_Tieta_Feiteng/Tieta_Feiteng_1001_PGC7KD69MBG400/rtl/include/top_define.v(line number: 198)] Define macro ODM_ID_H3C 8'h03.
I: Verilog-0008: [C:/CPLD/pango/2_Tieta_Feiteng/Tieta_Feiteng_1001_PGC7KD69MBG400/rtl/include/top_define.v(line number: 200)] Define macro ODM_ID `ODM_ID_H3C.
I: Verilog-0008: [C:/CPLD/pango/2_Tieta_Feiteng/Tieta_Feiteng_1001_PGC7KD69MBG400/rtl/include/top_define.v(line number: 203)] Define macro PDT_LINE_RSVD 8'h00.
I: Verilog-0008: [C:/CPLD/pango/2_Tieta_Feiteng/Tieta_Feiteng_1001_PGC7KD69MBG400/rtl/include/top_define.v(line number: 204)] Define macro PDT_LINE_H3C_2014_LLS 8'h01.
I: Verilog-0008: [C:/CPLD/pango/2_Tieta_Feiteng/Tieta_Feiteng_1001_PGC7KD69MBG400/rtl/include/top_define.v(line number: 206)] Define macro PDT_LINE_H3C_OEM_IN 8'h63.
I: Verilog-0008: [C:/CPLD/pango/2_Tieta_Feiteng/Tieta_Feiteng_1001_PGC7KD69MBG400/rtl/include/top_define.v(line number: 208)] Define macro PDT_LINE `PDT_LINE_H3C_OEM_IN.
I: Verilog-0008: [C:/CPLD/pango/2_Tieta_Feiteng/Tieta_Feiteng_1001_PGC7KD69MBG400/rtl/include/top_define.v(line number: 211)] Define macro PDT_GEN_RSVD 8'h00.
I: Verilog-0008: [C:/CPLD/pango/2_Tieta_Feiteng/Tieta_Feiteng_1001_PGC7KD69MBG400/rtl/include/top_define.v(line number: 212)] Define macro PDT_GEN_H3C_2014_G2 8'h02.
I: Verilog-0008: [C:/CPLD/pango/2_Tieta_Feiteng/Tieta_Feiteng_1001_PGC7KD69MBG400/rtl/include/top_define.v(line number: 213)] Define macro PDT_GEN_H3C_2014_G3 8'h03.
I: Verilog-0008: [C:/CPLD/pango/2_Tieta_Feiteng/Tieta_Feiteng_1001_PGC7KD69MBG400/rtl/include/top_define.v(line number: 215)] Define macro PDT_GEN_H3C_S5000C 8'h07.
I: Verilog-0008: [C:/CPLD/pango/2_Tieta_Feiteng/Tieta_Feiteng_1001_PGC7KD69MBG400/rtl/include/top_define.v(line number: 218)] Define macro PDT_GEN `PDT_GEN_H3C_S5000C.
I: Verilog-0008: [C:/CPLD/pango/2_Tieta_Feiteng/Tieta_Feiteng_1001_PGC7KD69MBG400/rtl/include/top_define.v(line number: 221)] Define macro PDT_REV_RSVD 8'h00.
I: Verilog-0008: [C:/CPLD/pango/2_Tieta_Feiteng/Tieta_Feiteng_1001_PGC7KD69MBG400/rtl/include/top_define.v(line number: 222)] Define macro PDT_REV_H3C_2014_V100R001 8'h11.
I: Verilog-0008: [C:/CPLD/pango/2_Tieta_Feiteng/Tieta_Feiteng_1001_PGC7KD69MBG400/rtl/include/top_define.v(line number: 223)] Define macro PDT_REV_H3C_2014_V200R002 8'h22.
I: Verilog-0008: [C:/CPLD/pango/2_Tieta_Feiteng/Tieta_Feiteng_1001_PGC7KD69MBG400/rtl/include/top_define.v(line number: 224)] Define macro PDT_REV_H3C_2014_V500R002 8'h52.
I: Verilog-0008: [C:/CPLD/pango/2_Tieta_Feiteng/Tieta_Feiteng_1001_PGC7KD69MBG400/rtl/include/top_define.v(line number: 225)] Define macro PDT_REV_H3C_2014_V800R001 8'h81.
I: Verilog-0008: [C:/CPLD/pango/2_Tieta_Feiteng/Tieta_Feiteng_1001_PGC7KD69MBG400/rtl/include/top_define.v(line number: 226)] Define macro PDT_REV_H3C_2014_V200R005 8'h25.
I: Verilog-0008: [C:/CPLD/pango/2_Tieta_Feiteng/Tieta_Feiteng_1001_PGC7KD69MBG400/rtl/include/top_define.v(line number: 228)] Define macro PDT_REV_H3C_2014_V500R003 8'h53.
I: Verilog-0008: [C:/CPLD/pango/2_Tieta_Feiteng/Tieta_Feiteng_1001_PGC7KD69MBG400/rtl/include/top_define.v(line number: 229)] Define macro PDT_REV_H3C_2014_V500R005 8'h55.
I: Verilog-0008: [C:/CPLD/pango/2_Tieta_Feiteng/Tieta_Feiteng_1001_PGC7KD69MBG400/rtl/include/top_define.v(line number: 230)] Define macro PDT_REV_H3C_IT_C_RACK_V700R001 8'h71.
I: Verilog-0008: [C:/CPLD/pango/2_Tieta_Feiteng/Tieta_Feiteng_1001_PGC7KD69MBG400/rtl/include/top_define.v(line number: 234)] Define macro PDT_REV `PDT_REV_H3C_IT_C_RACK_V700R001.
I: Verilog-0008: [C:/CPLD/pango/2_Tieta_Feiteng/Tieta_Feiteng_1001_PGC7KD69MBG400/rtl/include/top_define.v(line number: 237)] Define macro SERVER_ID_H3C_2014_RSVD 8'h00.
I: Verilog-0008: [C:/CPLD/pango/2_Tieta_Feiteng/Tieta_Feiteng_1001_PGC7KD69MBG400/rtl/include/top_define.v(line number: 238)] Define macro SERVER_ID_H3C_2014_R2700 8'h01.
I: Verilog-0008: [C:/CPLD/pango/2_Tieta_Feiteng/Tieta_Feiteng_1001_PGC7KD69MBG400/rtl/include/top_define.v(line number: 239)] Define macro SERVER_ID_H3C_2014_R2900 8'h03.
I: Verilog-0008: [C:/CPLD/pango/2_Tieta_Feiteng/Tieta_Feiteng_1001_PGC7KD69MBG400/rtl/include/top_define.v(line number: 240)] Define macro SERVER_ID_H3C_2014_R4700 8'h11.
I: Verilog-0008: [C:/CPLD/pango/2_Tieta_Feiteng/Tieta_Feiteng_1001_PGC7KD69MBG400/rtl/include/top_define.v(line number: 241)] Define macro SERVER_ID_H3C_2014_R4900 8'h13.
I: Verilog-0008: [C:/CPLD/pango/2_Tieta_Feiteng/Tieta_Feiteng_1001_PGC7KD69MBG400/rtl/include/top_define.v(line number: 242)] Define macro SERVER_ID_H3C_2014_R6900 8'h23.
I: Verilog-0008: [C:/CPLD/pango/2_Tieta_Feiteng/Tieta_Feiteng_1001_PGC7KD69MBG400/rtl/include/top_define.v(line number: 243)] Define macro SERVER_ID_H3C_2014_R8900 8'h33.
I: Verilog-0008: [C:/CPLD/pango/2_Tieta_Feiteng/Tieta_Feiteng_1001_PGC7KD69MBG400/rtl/include/top_define.v(line number: 246)] Define macro BOARD_ID_H3C_2014_RSVD 8'h00.
I: Verilog-0008: [C:/CPLD/pango/2_Tieta_Feiteng/Tieta_Feiteng_1001_PGC7KD69MBG400/rtl/include/top_define.v(line number: 247)] Define macro BOARD_ID_H3C_2014_RS03M2C9S 8'h04.
I: Verilog-0008: [C:/CPLD/pango/2_Tieta_Feiteng/Tieta_Feiteng_1001_PGC7KD69MBG400/rtl/include/top_define.v(line number: 248)] Define macro BOARD_ID_H3C_2014_RS23M2C6S 8'h03.
I: Verilog-0008: [C:/CPLD/pango/2_Tieta_Feiteng/Tieta_Feiteng_1001_PGC7KD69MBG400/rtl/include/top_define.v(line number: 249)] Define macro BOARD_ID_H3C_2014_RS33M2C9S 8'h04.
I: Verilog-0008: [C:/CPLD/pango/2_Tieta_Feiteng/Tieta_Feiteng_1001_PGC7KD69MBG400/rtl/include/top_define.v(line number: 250)] Define macro BOARD_ID_H3C_2014_RS35M2C5S 8'h03.
I: Verilog-0008: [C:/CPLD/pango/2_Tieta_Feiteng/Tieta_Feiteng_1001_PGC7KD69MBG400/rtl/include/top_define.v(line number: 251)] Define macro BOARD_ID_H3C_2014_RS35M2C16S 8'h04.
I: Verilog-0008: [C:/CPLD/pango/2_Tieta_Feiteng/Tieta_Feiteng_1001_PGC7KD69MBG400/rtl/include/top_define.v(line number: 253)] Define macro BOARD_ID_H3C_2014_RS41M2C9S 8'h11.
I: Verilog-0008: [C:/CPLD/pango/2_Tieta_Feiteng/Tieta_Feiteng_1001_PGC7KD69MBG400/rtl/include/top_define.v(line number: 256)] Define macro CHASSIS_ID_H3C_2014_RSVD 8'h00.
I: Verilog-0008: [C:/CPLD/pango/2_Tieta_Feiteng/Tieta_Feiteng_1001_PGC7KD69MBG400/rtl/include/top_define.v(line number: 257)] Define macro CHASSIS_ID_H3C_2014_1U 8'h01.
I: Verilog-0008: [C:/CPLD/pango/2_Tieta_Feiteng/Tieta_Feiteng_1001_PGC7KD69MBG400/rtl/include/top_define.v(line number: 258)] Define macro CHASSIS_ID_H3C_2014_2U 8'h02.
I: Verilog-0008: [C:/CPLD/pango/2_Tieta_Feiteng/Tieta_Feiteng_1001_PGC7KD69MBG400/rtl/include/top_define.v(line number: 259)] Define macro CHASSIS_ID_H3C_2014_NONE 8'h03.
I: Verilog-0008: [C:/CPLD/pango/2_Tieta_Feiteng/Tieta_Feiteng_1001_PGC7KD69MBG400/rtl/include/top_define.v(line number: 262)] Define macro PLT_CPU_MFR_RSVD 8'h00.
I: Verilog-0008: [C:/CPLD/pango/2_Tieta_Feiteng/Tieta_Feiteng_1001_PGC7KD69MBG400/rtl/include/top_define.v(line number: 263)] Define macro PLT_CPU_MFR_INTEL 8'h01.
I: Verilog-0008: [C:/CPLD/pango/2_Tieta_Feiteng/Tieta_Feiteng_1001_PGC7KD69MBG400/rtl/include/top_define.v(line number: 264)] Define macro PLT_CPU_MFR_AMD 8'h02.
I: Verilog-0008: [C:/CPLD/pango/2_Tieta_Feiteng/Tieta_Feiteng_1001_PGC7KD69MBG400/rtl/include/top_define.v(line number: 265)] Define macro PLT_CPU_MFR_FT 8'h03.
I: Verilog-0008: [C:/CPLD/pango/2_Tieta_Feiteng/Tieta_Feiteng_1001_PGC7KD69MBG400/rtl/include/top_define.v(line number: 267)] Define macro PLT_CPU_MFR `PLT_CPU_MFR_FT.
I: Verilog-0008: [C:/CPLD/pango/2_Tieta_Feiteng/Tieta_Feiteng_1001_PGC7KD69MBG400/rtl/include/top_define.v(line number: 270)] Define macro PLT_CPU_GEN_RSVD 8'h00.
I: Verilog-0008: [C:/CPLD/pango/2_Tieta_Feiteng/Tieta_Feiteng_1001_PGC7KD69MBG400/rtl/include/top_define.v(line number: 271)] Define macro PLT_CPU_GEN_BROADWELL 8'h00.
I: Verilog-0008: [C:/CPLD/pango/2_Tieta_Feiteng/Tieta_Feiteng_1001_PGC7KD69MBG400/rtl/include/top_define.v(line number: 272)] Define macro PLT_CPU_GEN_SKYLATE 8'h01.
I: Verilog-0008: [C:/CPLD/pango/2_Tieta_Feiteng/Tieta_Feiteng_1001_PGC7KD69MBG400/rtl/include/top_define.v(line number: 273)] Define macro PLT_CPU_GEN_ICELATE 8'h10.
I: Verilog-0008: [C:/CPLD/pango/2_Tieta_Feiteng/Tieta_Feiteng_1001_PGC7KD69MBG400/rtl/include/top_define.v(line number: 274)] Define macro PLT_CPU_GEN_FT2500 8'h05.
I: Verilog-0008: [C:/CPLD/pango/2_Tieta_Feiteng/Tieta_Feiteng_1001_PGC7KD69MBG400/rtl/include/top_define.v(line number: 276)] Define macro PLT_CPU_GEN `PLT_CPU_GEN_FT2500.
I: Verilog-0008: [C:/CPLD/pango/2_Tieta_Feiteng/Tieta_Feiteng_1001_PGC7KD69MBG400/rtl/include/top_define.v(line number: 281)] Define macro INT_MODE_RISING 2'b01.
I: Verilog-0008: [C:/CPLD/pango/2_Tieta_Feiteng/Tieta_Feiteng_1001_PGC7KD69MBG400/rtl/include/top_define.v(line number: 282)] Define macro INT_MODE_FALLING 2'b10.
I: Verilog-0008: [C:/CPLD/pango/2_Tieta_Feiteng/Tieta_Feiteng_1001_PGC7KD69MBG400/rtl/include/top_define.v(line number: 283)] Define macro INT_MODE_BOTH 2'b11.
I: Verilog-0008: [C:/CPLD/pango/2_Tieta_Feiteng/Tieta_Feiteng_1001_PGC7KD69MBG400/rtl/include/top_define.v(line number: 288)] Define macro PN_RS03M2C9S {`ASCII_A, `ASCII_3, `ASCII_F, `ASCII_T}.
I: Verilog-0008: [C:/CPLD/pango/2_Tieta_Feiteng/Tieta_Feiteng_1001_PGC7KD69MBG400/rtl/include/top_define.v(line number: 289)] Define macro PN_RS33M2C9S {`ASCII_A, `ASCII_3, `ASCII_F, `ASCII_Q}.
I: Verilog-0008: [C:/CPLD/pango/2_Tieta_Feiteng/Tieta_Feiteng_1001_PGC7KD69MBG400/rtl/include/top_define.v(line number: 290)] Define macro PN_RS23M2C6S {`ASCII_A, `ASCII_3, `ASCII_F, `ASCII_R}.
I: Verilog-0008: [C:/CPLD/pango/2_Tieta_Feiteng/Tieta_Feiteng_1001_PGC7KD69MBG400/rtl/include/top_define.v(line number: 291)] Define macro PN_RS05M2C9S {`ASCII_A, `ASCII_4, `ASCII_L, `ASCII_M}.
I: Verilog-0008: [C:/CPLD/pango/2_Tieta_Feiteng/Tieta_Feiteng_1001_PGC7KD69MBG400/rtl/include/top_define.v(line number: 292)] Define macro PN_RS35M2C16S {`ASCII_A, `ASCII_5, `ASCII_B, `ASCII_8}.
I: Verilog-0008: [C:/CPLD/pango/2_Tieta_Feiteng/Tieta_Feiteng_1001_PGC7KD69MBG400/rtl/include/top_define.v(line number: 293)] Define macro PN_RS41M2C9S {`ASCII_A, `ASCII_5, `ASCII_K, `ASCII_B}.
I: Verilog-0008: [C:/CPLD/pango/2_Tieta_Feiteng/Tieta_Feiteng_1001_PGC7KD69MBG400/rtl/include/top_define.v(line number: 294)] Define macro PN_RSVD 32'h0000_0000.
I: Verilog-0008: [C:/CPLD/pango/2_Tieta_Feiteng/Tieta_Feiteng_1001_PGC7KD69MBG400/rtl/include/top_define.v(line number: 301)] Define macro BOARD_PN `PN_RS41M2C9S.
I: Verilog-0008: [C:/CPLD/pango/2_Tieta_Feiteng/Tieta_Feiteng_1001_PGC7KD69MBG400/rtl/include/top_define.v(line number: 306)] Define macro ASCII_0 8'h30.
I: Verilog-0008: [C:/CPLD/pango/2_Tieta_Feiteng/Tieta_Feiteng_1001_PGC7KD69MBG400/rtl/include/top_define.v(line number: 307)] Define macro ASCII_1 8'h31.
I: Verilog-0008: [C:/CPLD/pango/2_Tieta_Feiteng/Tieta_Feiteng_1001_PGC7KD69MBG400/rtl/include/top_define.v(line number: 308)] Define macro ASCII_2 8'h32.
I: Verilog-0008: [C:/CPLD/pango/2_Tieta_Feiteng/Tieta_Feiteng_1001_PGC7KD69MBG400/rtl/include/top_define.v(line number: 309)] Define macro ASCII_3 8'h33.
I: Verilog-0008: [C:/CPLD/pango/2_Tieta_Feiteng/Tieta_Feiteng_1001_PGC7KD69MBG400/rtl/include/top_define.v(line number: 310)] Define macro ASCII_4 8'h34.
I: Verilog-0008: [C:/CPLD/pango/2_Tieta_Feiteng/Tieta_Feiteng_1001_PGC7KD69MBG400/rtl/include/top_define.v(line number: 311)] Define macro ASCII_5 8'h35.
I: Verilog-0008: [C:/CPLD/pango/2_Tieta_Feiteng/Tieta_Feiteng_1001_PGC7KD69MBG400/rtl/include/top_define.v(line number: 312)] Define macro ASCII_6 8'h36.
I: Verilog-0008: [C:/CPLD/pango/2_Tieta_Feiteng/Tieta_Feiteng_1001_PGC7KD69MBG400/rtl/include/top_define.v(line number: 313)] Define macro ASCII_7 8'h37.
I: Verilog-0008: [C:/CPLD/pango/2_Tieta_Feiteng/Tieta_Feiteng_1001_PGC7KD69MBG400/rtl/include/top_define.v(line number: 314)] Define macro ASCII_8 8'h38.
I: Verilog-0008: [C:/CPLD/pango/2_Tieta_Feiteng/Tieta_Feiteng_1001_PGC7KD69MBG400/rtl/include/top_define.v(line number: 315)] Define macro ASCII_9 8'h39.
I: Verilog-0008: [C:/CPLD/pango/2_Tieta_Feiteng/Tieta_Feiteng_1001_PGC7KD69MBG400/rtl/include/top_define.v(line number: 316)] Define macro ASCII_A 8'h41.
I: Verilog-0008: [C:/CPLD/pango/2_Tieta_Feiteng/Tieta_Feiteng_1001_PGC7KD69MBG400/rtl/include/top_define.v(line number: 317)] Define macro ASCII_B 8'h42.
I: Verilog-0008: [C:/CPLD/pango/2_Tieta_Feiteng/Tieta_Feiteng_1001_PGC7KD69MBG400/rtl/include/top_define.v(line number: 318)] Define macro ASCII_C 8'h43.
I: Verilog-0008: [C:/CPLD/pango/2_Tieta_Feiteng/Tieta_Feiteng_1001_PGC7KD69MBG400/rtl/include/top_define.v(line number: 319)] Define macro ASCII_D 8'h44.
I: Verilog-0008: [C:/CPLD/pango/2_Tieta_Feiteng/Tieta_Feiteng_1001_PGC7KD69MBG400/rtl/include/top_define.v(line number: 320)] Define macro ASCII_E 8'h45.
I: Verilog-0008: [C:/CPLD/pango/2_Tieta_Feiteng/Tieta_Feiteng_1001_PGC7KD69MBG400/rtl/include/top_define.v(line number: 321)] Define macro ASCII_F 8'h46.
I: Verilog-0008: [C:/CPLD/pango/2_Tieta_Feiteng/Tieta_Feiteng_1001_PGC7KD69MBG400/rtl/include/top_define.v(line number: 322)] Define macro ASCII_G 8'h47.
I: Verilog-0008: [C:/CPLD/pango/2_Tieta_Feiteng/Tieta_Feiteng_1001_PGC7KD69MBG400/rtl/include/top_define.v(line number: 323)] Define macro ASCII_H 8'h48.
I: Verilog-0008: [C:/CPLD/pango/2_Tieta_Feiteng/Tieta_Feiteng_1001_PGC7KD69MBG400/rtl/include/top_define.v(line number: 324)] Define macro ASCII_I 8'h49.
I: Verilog-0008: [C:/CPLD/pango/2_Tieta_Feiteng/Tieta_Feiteng_1001_PGC7KD69MBG400/rtl/include/top_define.v(line number: 325)] Define macro ASCII_J 8'h4A.
I: Verilog-0008: [C:/CPLD/pango/2_Tieta_Feiteng/Tieta_Feiteng_1001_PGC7KD69MBG400/rtl/include/top_define.v(line number: 326)] Define macro ASCII_K 8'h4B.
I: Verilog-0008: [C:/CPLD/pango/2_Tieta_Feiteng/Tieta_Feiteng_1001_PGC7KD69MBG400/rtl/include/top_define.v(line number: 327)] Define macro ASCII_L 8'h4C.
I: Verilog-0008: [C:/CPLD/pango/2_Tieta_Feiteng/Tieta_Feiteng_1001_PGC7KD69MBG400/rtl/include/top_define.v(line number: 328)] Define macro ASCII_M 8'h4D.
I: Verilog-0008: [C:/CPLD/pango/2_Tieta_Feiteng/Tieta_Feiteng_1001_PGC7KD69MBG400/rtl/include/top_define.v(line number: 329)] Define macro ASCII_N 8'h4E.
I: Verilog-0008: [C:/CPLD/pango/2_Tieta_Feiteng/Tieta_Feiteng_1001_PGC7KD69MBG400/rtl/include/top_define.v(line number: 330)] Define macro ASCII_O 8'h4F.
I: Verilog-0008: [C:/CPLD/pango/2_Tieta_Feiteng/Tieta_Feiteng_1001_PGC7KD69MBG400/rtl/include/top_define.v(line number: 331)] Define macro ASCII_P 8'h50.
I: Verilog-0008: [C:/CPLD/pango/2_Tieta_Feiteng/Tieta_Feiteng_1001_PGC7KD69MBG400/rtl/include/top_define.v(line number: 332)] Define macro ASCII_Q 8'h51.
I: Verilog-0008: [C:/CPLD/pango/2_Tieta_Feiteng/Tieta_Feiteng_1001_PGC7KD69MBG400/rtl/include/top_define.v(line number: 333)] Define macro ASCII_R 8'h52.
I: Verilog-0008: [C:/CPLD/pango/2_Tieta_Feiteng/Tieta_Feiteng_1001_PGC7KD69MBG400/rtl/include/top_define.v(line number: 334)] Define macro ASCII_S 8'h53.
I: Verilog-0008: [C:/CPLD/pango/2_Tieta_Feiteng/Tieta_Feiteng_1001_PGC7KD69MBG400/rtl/include/top_define.v(line number: 335)] Define macro ASCII_T 8'h54.
I: Verilog-0008: [C:/CPLD/pango/2_Tieta_Feiteng/Tieta_Feiteng_1001_PGC7KD69MBG400/rtl/include/top_define.v(line number: 336)] Define macro ASCII_U 8'h55.
I: Verilog-0008: [C:/CPLD/pango/2_Tieta_Feiteng/Tieta_Feiteng_1001_PGC7KD69MBG400/rtl/include/top_define.v(line number: 337)] Define macro ASCII_V 8'h56.
I: Verilog-0008: [C:/CPLD/pango/2_Tieta_Feiteng/Tieta_Feiteng_1001_PGC7KD69MBG400/rtl/include/top_define.v(line number: 338)] Define macro ASCII_W 8'h57.
I: Verilog-0008: [C:/CPLD/pango/2_Tieta_Feiteng/Tieta_Feiteng_1001_PGC7KD69MBG400/rtl/include/top_define.v(line number: 339)] Define macro ASCII_X 8'h58.
I: Verilog-0008: [C:/CPLD/pango/2_Tieta_Feiteng/Tieta_Feiteng_1001_PGC7KD69MBG400/rtl/include/top_define.v(line number: 340)] Define macro ASCII_Y 8'h59.
I: Verilog-0008: [C:/CPLD/pango/2_Tieta_Feiteng/Tieta_Feiteng_1001_PGC7KD69MBG400/rtl/include/top_define.v(line number: 341)] Define macro ASCII_Z 8'h5A.
I: Verilog-0002: [C:/CPLD/pango/2_Tieta_Feiteng/Tieta_Feiteng_1001_PGC7KD69MBG400/rtl/source/pwrseq/pwrcap.v(line number: 25)] Analyzing module pwrcap (library work).
Parsing done.
I: Verilog-0001: Analyzing file C:/CPLD/pango/2_Tieta_Feiteng/Tieta_Feiteng_1001_PGC7KD69MBG400/rtl/source/pwrseq/pwrseq_master.v.
I: Found Verilog include file C:/CPLD/pango/2_Tieta_Feiteng/Tieta_Feiteng_1001_PGC7KD69MBG400/rtl/include/pwrseq_define.v
I: Verilog-0008: [C:/CPLD/pango/2_Tieta_Feiteng/Tieta_Feiteng_1001_PGC7KD69MBG400/rtl/include/pwrseq_define.v(line number: 1)] Define macro SM_RESET_STATE 6'h00.
I: Verilog-0008: [C:/CPLD/pango/2_Tieta_Feiteng/Tieta_Feiteng_1001_PGC7KD69MBG400/rtl/include/pwrseq_define.v(line number: 2)] Define macro SM_DISABLE_S5_DEVICES 6'h01.
I: Verilog-0008: [C:/CPLD/pango/2_Tieta_Feiteng/Tieta_Feiteng_1001_PGC7KD69MBG400/rtl/include/pwrseq_define.v(line number: 4)] Define macro SM_OFF_STANDBY 6'h02.
I: Verilog-0008: [C:/CPLD/pango/2_Tieta_Feiteng/Tieta_Feiteng_1001_PGC7KD69MBG400/rtl/include/pwrseq_define.v(line number: 5)] Define macro SM_ENABLE_S5_DEVICES 6'h03.
I: Verilog-0008: [C:/CPLD/pango/2_Tieta_Feiteng/Tieta_Feiteng_1001_PGC7KD69MBG400/rtl/include/pwrseq_define.v(line number: 6)] Define macro SM_PS_ON 6'h04.
I: Verilog-0008: [C:/CPLD/pango/2_Tieta_Feiteng/Tieta_Feiteng_1001_PGC7KD69MBG400/rtl/include/pwrseq_define.v(line number: 7)] Define macro SM_EN_5V_STBY 6'h05.
I: Verilog-0008: [C:/CPLD/pango/2_Tieta_Feiteng/Tieta_Feiteng_1001_PGC7KD69MBG400/rtl/include/pwrseq_define.v(line number: 8)] Define macro SM_EN_TELEM 6'h06.
I: Verilog-0008: [C:/CPLD/pango/2_Tieta_Feiteng/Tieta_Feiteng_1001_PGC7KD69MBG400/rtl/include/pwrseq_define.v(line number: 9)] Define macro SM_EN_MAIN_EFUSE 6'h07.
I: Verilog-0008: [C:/CPLD/pango/2_Tieta_Feiteng/Tieta_Feiteng_1001_PGC7KD69MBG400/rtl/include/pwrseq_define.v(line number: 10)] Define macro SM_EN_5V 6'h08.
I: Verilog-0008: [C:/CPLD/pango/2_Tieta_Feiteng/Tieta_Feiteng_1001_PGC7KD69MBG400/rtl/include/pwrseq_define.v(line number: 11)] Define macro SM_EN_3V3 6'h09.
I: Verilog-0008: [C:/CPLD/pango/2_Tieta_Feiteng/Tieta_Feiteng_1001_PGC7KD69MBG400/rtl/include/pwrseq_define.v(line number: 12)] Define macro SM_EN_1V1 6'h0A.
I: Verilog-0008: [C:/CPLD/pango/2_Tieta_Feiteng/Tieta_Feiteng_1001_PGC7KD69MBG400/rtl/include/pwrseq_define.v(line number: 14)] Define macro SM_EN_CPU_CORE 6'h0B.
I: Verilog-0008: [C:/CPLD/pango/2_Tieta_Feiteng/Tieta_Feiteng_1001_PGC7KD69MBG400/rtl/include/pwrseq_define.v(line number: 15)] Define macro SM_EN_CPU_P1V8 6'h0C.
I: Verilog-0008: [C:/CPLD/pango/2_Tieta_Feiteng/Tieta_Feiteng_1001_PGC7KD69MBG400/rtl/include/pwrseq_define.v(line number: 16)] Define macro SM_EN_CPU_DDR 6'h0D.
I: Verilog-0008: [C:/CPLD/pango/2_Tieta_Feiteng/Tieta_Feiteng_1001_PGC7KD69MBG400/rtl/include/pwrseq_define.v(line number: 17)] Define macro SM_EN_CPU_VP 6'h0E.
I: Verilog-0008: [C:/CPLD/pango/2_Tieta_Feiteng/Tieta_Feiteng_1001_PGC7KD69MBG400/rtl/include/pwrseq_define.v(line number: 19)] Define macro PEX_RESET 6'h0F.
I: Verilog-0008: [C:/CPLD/pango/2_Tieta_Feiteng/Tieta_Feiteng_1001_PGC7KD69MBG400/rtl/include/pwrseq_define.v(line number: 20)] Define macro SM_CPU_RESET 6'h10.
I: Verilog-0008: [C:/CPLD/pango/2_Tieta_Feiteng/Tieta_Feiteng_1001_PGC7KD69MBG400/rtl/include/pwrseq_define.v(line number: 22)] Define macro SM_WAIT_POWEROK 6'h11.
I: Verilog-0008: [C:/CPLD/pango/2_Tieta_Feiteng/Tieta_Feiteng_1001_PGC7KD69MBG400/rtl/include/pwrseq_define.v(line number: 23)] Define macro SM_STEADY_PWROK 6'h12.
I: Verilog-0008: [C:/CPLD/pango/2_Tieta_Feiteng/Tieta_Feiteng_1001_PGC7KD69MBG400/rtl/include/pwrseq_define.v(line number: 24)] Define macro SM_CRITICAL_FAIL 6'h13.
I: Verilog-0008: [C:/CPLD/pango/2_Tieta_Feiteng/Tieta_Feiteng_1001_PGC7KD69MBG400/rtl/include/pwrseq_define.v(line number: 26)] Define macro SM_DISABLE_CPU_VP 6'h14.
I: Verilog-0008: [C:/CPLD/pango/2_Tieta_Feiteng/Tieta_Feiteng_1001_PGC7KD69MBG400/rtl/include/pwrseq_define.v(line number: 27)] Define macro SM_DISABLE_CPU_DDR 6'h15.
I: Verilog-0008: [C:/CPLD/pango/2_Tieta_Feiteng/Tieta_Feiteng_1001_PGC7KD69MBG400/rtl/include/pwrseq_define.v(line number: 28)] Define macro SM_DISABLE_CPU_P1V8 6'h16.
I: Verilog-0008: [C:/CPLD/pango/2_Tieta_Feiteng/Tieta_Feiteng_1001_PGC7KD69MBG400/rtl/include/pwrseq_define.v(line number: 29)] Define macro SM_DISABLE_CPU_CORE 6'h17.
I: Verilog-0008: [C:/CPLD/pango/2_Tieta_Feiteng/Tieta_Feiteng_1001_PGC7KD69MBG400/rtl/include/pwrseq_define.v(line number: 31)] Define macro SM_DISABLE_1V1 6'h18.
I: Verilog-0008: [C:/CPLD/pango/2_Tieta_Feiteng/Tieta_Feiteng_1001_PGC7KD69MBG400/rtl/include/pwrseq_define.v(line number: 32)] Define macro SM_DISABLE_3V3 6'h19.
I: Verilog-0008: [C:/CPLD/pango/2_Tieta_Feiteng/Tieta_Feiteng_1001_PGC7KD69MBG400/rtl/include/pwrseq_define.v(line number: 33)] Define macro SM_DISABLE_5V 6'h1A.
I: Verilog-0008: [C:/CPLD/pango/2_Tieta_Feiteng/Tieta_Feiteng_1001_PGC7KD69MBG400/rtl/include/pwrseq_define.v(line number: 35)] Define macro SM_DISABLE_MAIN_EFUSE 6'h1B.
I: Verilog-0008: [C:/CPLD/pango/2_Tieta_Feiteng/Tieta_Feiteng_1001_PGC7KD69MBG400/rtl/include/pwrseq_define.v(line number: 36)] Define macro SM_DISABLE_TELEM 6'h1C.
I: Verilog-0008: [C:/CPLD/pango/2_Tieta_Feiteng/Tieta_Feiteng_1001_PGC7KD69MBG400/rtl/include/pwrseq_define.v(line number: 37)] Define macro SM_DISABLE_PS_ON 6'h1D.
I: Verilog-0008: [C:/CPLD/pango/2_Tieta_Feiteng/Tieta_Feiteng_1001_PGC7KD69MBG400/rtl/include/pwrseq_define.v(line number: 39)] Define macro SM_HALT_POWER_CYCLE 6'h1E.
I: Verilog-0008: [C:/CPLD/pango/2_Tieta_Feiteng/Tieta_Feiteng_1001_PGC7KD69MBG400/rtl/include/pwrseq_define.v(line number: 40)] Define macro SM_AUX_FAIL_RECOVERY 6'h1F.
I: Verilog-0002: [C:/CPLD/pango/2_Tieta_Feiteng/Tieta_Feiteng_1001_PGC7KD69MBG400/rtl/source/pwrseq/pwrseq_master.v(line number: 13)] Analyzing module pwrseq_master (library work).
Parsing done.
I: Verilog-0001: Analyzing file C:/CPLD/pango/2_Tieta_Feiteng/Tieta_Feiteng_1001_PGC7KD69MBG400/rtl/source/pwrseq/pwrseq_slave.v.
I: Found Verilog include file C:/CPLD/pango/2_Tieta_Feiteng/Tieta_Feiteng_1001_PGC7KD69MBG400/rtl/include/pwrseq_define.v
I: Verilog-0008: [C:/CPLD/pango/2_Tieta_Feiteng/Tieta_Feiteng_1001_PGC7KD69MBG400/rtl/include/pwrseq_define.v(line number: 1)] Define macro SM_RESET_STATE 6'h00.
I: Verilog-0008: [C:/CPLD/pango/2_Tieta_Feiteng/Tieta_Feiteng_1001_PGC7KD69MBG400/rtl/include/pwrseq_define.v(line number: 2)] Define macro SM_DISABLE_S5_DEVICES 6'h01.
I: Verilog-0008: [C:/CPLD/pango/2_Tieta_Feiteng/Tieta_Feiteng_1001_PGC7KD69MBG400/rtl/include/pwrseq_define.v(line number: 4)] Define macro SM_OFF_STANDBY 6'h02.
I: Verilog-0008: [C:/CPLD/pango/2_Tieta_Feiteng/Tieta_Feiteng_1001_PGC7KD69MBG400/rtl/include/pwrseq_define.v(line number: 5)] Define macro SM_ENABLE_S5_DEVICES 6'h03.
I: Verilog-0008: [C:/CPLD/pango/2_Tieta_Feiteng/Tieta_Feiteng_1001_PGC7KD69MBG400/rtl/include/pwrseq_define.v(line number: 6)] Define macro SM_PS_ON 6'h04.
I: Verilog-0008: [C:/CPLD/pango/2_Tieta_Feiteng/Tieta_Feiteng_1001_PGC7KD69MBG400/rtl/include/pwrseq_define.v(line number: 7)] Define macro SM_EN_5V_STBY 6'h05.
I: Verilog-0008: [C:/CPLD/pango/2_Tieta_Feiteng/Tieta_Feiteng_1001_PGC7KD69MBG400/rtl/include/pwrseq_define.v(line number: 8)] Define macro SM_EN_TELEM 6'h06.
I: Verilog-0008: [C:/CPLD/pango/2_Tieta_Feiteng/Tieta_Feiteng_1001_PGC7KD69MBG400/rtl/include/pwrseq_define.v(line number: 9)] Define macro SM_EN_MAIN_EFUSE 6'h07.
I: Verilog-0008: [C:/CPLD/pango/2_Tieta_Feiteng/Tieta_Feiteng_1001_PGC7KD69MBG400/rtl/include/pwrseq_define.v(line number: 10)] Define macro SM_EN_5V 6'h08.
I: Verilog-0008: [C:/CPLD/pango/2_Tieta_Feiteng/Tieta_Feiteng_1001_PGC7KD69MBG400/rtl/include/pwrseq_define.v(line number: 11)] Define macro SM_EN_3V3 6'h09.
I: Verilog-0008: [C:/CPLD/pango/2_Tieta_Feiteng/Tieta_Feiteng_1001_PGC7KD69MBG400/rtl/include/pwrseq_define.v(line number: 12)] Define macro SM_EN_1V1 6'h0A.
I: Verilog-0008: [C:/CPLD/pango/2_Tieta_Feiteng/Tieta_Feiteng_1001_PGC7KD69MBG400/rtl/include/pwrseq_define.v(line number: 14)] Define macro SM_EN_CPU_CORE 6'h0B.
I: Verilog-0008: [C:/CPLD/pango/2_Tieta_Feiteng/Tieta_Feiteng_1001_PGC7KD69MBG400/rtl/include/pwrseq_define.v(line number: 15)] Define macro SM_EN_CPU_P1V8 6'h0C.
I: Verilog-0008: [C:/CPLD/pango/2_Tieta_Feiteng/Tieta_Feiteng_1001_PGC7KD69MBG400/rtl/include/pwrseq_define.v(line number: 16)] Define macro SM_EN_CPU_DDR 6'h0D.
I: Verilog-0008: [C:/CPLD/pango/2_Tieta_Feiteng/Tieta_Feiteng_1001_PGC7KD69MBG400/rtl/include/pwrseq_define.v(line number: 17)] Define macro SM_EN_CPU_VP 6'h0E.
I: Verilog-0008: [C:/CPLD/pango/2_Tieta_Feiteng/Tieta_Feiteng_1001_PGC7KD69MBG400/rtl/include/pwrseq_define.v(line number: 19)] Define macro PEX_RESET 6'h0F.
I: Verilog-0008: [C:/CPLD/pango/2_Tieta_Feiteng/Tieta_Feiteng_1001_PGC7KD69MBG400/rtl/include/pwrseq_define.v(line number: 20)] Define macro SM_CPU_RESET 6'h10.
I: Verilog-0008: [C:/CPLD/pango/2_Tieta_Feiteng/Tieta_Feiteng_1001_PGC7KD69MBG400/rtl/include/pwrseq_define.v(line number: 22)] Define macro SM_WAIT_POWEROK 6'h11.
I: Verilog-0008: [C:/CPLD/pango/2_Tieta_Feiteng/Tieta_Feiteng_1001_PGC7KD69MBG400/rtl/include/pwrseq_define.v(line number: 23)] Define macro SM_STEADY_PWROK 6'h12.
I: Verilog-0008: [C:/CPLD/pango/2_Tieta_Feiteng/Tieta_Feiteng_1001_PGC7KD69MBG400/rtl/include/pwrseq_define.v(line number: 24)] Define macro SM_CRITICAL_FAIL 6'h13.
I: Verilog-0008: [C:/CPLD/pango/2_Tieta_Feiteng/Tieta_Feiteng_1001_PGC7KD69MBG400/rtl/include/pwrseq_define.v(line number: 26)] Define macro SM_DISABLE_CPU_VP 6'h14.
I: Verilog-0008: [C:/CPLD/pango/2_Tieta_Feiteng/Tieta_Feiteng_1001_PGC7KD69MBG400/rtl/include/pwrseq_define.v(line number: 27)] Define macro SM_DISABLE_CPU_DDR 6'h15.
I: Verilog-0008: [C:/CPLD/pango/2_Tieta_Feiteng/Tieta_Feiteng_1001_PGC7KD69MBG400/rtl/include/pwrseq_define.v(line number: 28)] Define macro SM_DISABLE_CPU_P1V8 6'h16.
I: Verilog-0008: [C:/CPLD/pango/2_Tieta_Feiteng/Tieta_Feiteng_1001_PGC7KD69MBG400/rtl/include/pwrseq_define.v(line number: 29)] Define macro SM_DISABLE_CPU_CORE 6'h17.
I: Verilog-0008: [C:/CPLD/pango/2_Tieta_Feiteng/Tieta_Feiteng_1001_PGC7KD69MBG400/rtl/include/pwrseq_define.v(line number: 31)] Define macro SM_DISABLE_1V1 6'h18.
I: Verilog-0008: [C:/CPLD/pango/2_Tieta_Feiteng/Tieta_Feiteng_1001_PGC7KD69MBG400/rtl/include/pwrseq_define.v(line number: 32)] Define macro SM_DISABLE_3V3 6'h19.
I: Verilog-0008: [C:/CPLD/pango/2_Tieta_Feiteng/Tieta_Feiteng_1001_PGC7KD69MBG400/rtl/include/pwrseq_define.v(line number: 33)] Define macro SM_DISABLE_5V 6'h1A.
I: Verilog-0008: [C:/CPLD/pango/2_Tieta_Feiteng/Tieta_Feiteng_1001_PGC7KD69MBG400/rtl/include/pwrseq_define.v(line number: 35)] Define macro SM_DISABLE_MAIN_EFUSE 6'h1B.
I: Verilog-0008: [C:/CPLD/pango/2_Tieta_Feiteng/Tieta_Feiteng_1001_PGC7KD69MBG400/rtl/include/pwrseq_define.v(line number: 36)] Define macro SM_DISABLE_TELEM 6'h1C.
I: Verilog-0008: [C:/CPLD/pango/2_Tieta_Feiteng/Tieta_Feiteng_1001_PGC7KD69MBG400/rtl/include/pwrseq_define.v(line number: 37)] Define macro SM_DISABLE_PS_ON 6'h1D.
I: Verilog-0008: [C:/CPLD/pango/2_Tieta_Feiteng/Tieta_Feiteng_1001_PGC7KD69MBG400/rtl/include/pwrseq_define.v(line number: 39)] Define macro SM_HALT_POWER_CYCLE 6'h1E.
I: Verilog-0008: [C:/CPLD/pango/2_Tieta_Feiteng/Tieta_Feiteng_1001_PGC7KD69MBG400/rtl/include/pwrseq_define.v(line number: 40)] Define macro SM_AUX_FAIL_RECOVERY 6'h1F.
I: Verilog-0002: [C:/CPLD/pango/2_Tieta_Feiteng/Tieta_Feiteng_1001_PGC7KD69MBG400/rtl/source/pwrseq/pwrseq_slave.v(line number: 12)] Analyzing module pwrseq_slave (library work).
E: Verilog-4005: [C:/CPLD/pango/2_Tieta_Feiteng/Tieta_Feiteng_1001_PGC7KD69MBG400/rtl/source/pwrseq/pwrseq_slave.v(line number: 1610)] Syntax error near assign.
E: Parsing ERROR.
I: Verilog-0001: Analyzing file C:/CPLD/pango/2_Tieta_Feiteng/Tieta_Feiteng_1001_PGC7KD69MBG400/rtl/source/common/timer_gen_50mhz.v.
I: Verilog-0002: [C:/CPLD/pango/2_Tieta_Feiteng/Tieta_Feiteng_1001_PGC7KD69MBG400/rtl/source/common/timer_gen_50mhz.v(line number: 15)] Analyzing module timer_gen (library work).
Parsing done.
I: Verilog-0001: Analyzing file C:/CPLD/pango/2_Tieta_Feiteng/Tieta_Feiteng_1001_PGC7KD69MBG400/rtl/source/common/pme_filter.v.
I: Verilog-0002: [C:/CPLD/pango/2_Tieta_Feiteng/Tieta_Feiteng_1001_PGC7KD69MBG400/rtl/source/common/pme_filter.v(line number: 16)] Analyzing module pme_filter (library work).
Parsing done.
I: Verilog-0001: Analyzing file C:/CPLD/pango/2_Tieta_Feiteng/Tieta_Feiteng_1001_PGC7KD69MBG400/rtl/source/pwrseq/fault_detectB_chklive.v.
I: Verilog-0002: [C:/CPLD/pango/2_Tieta_Feiteng/Tieta_Feiteng_1001_PGC7KD69MBG400/rtl/source/pwrseq/fault_detectB_chklive.v(line number: 20)] Analyzing module fault_detectB_chklive (library work).
Parsing done.
I: Verilog-0001: Analyzing file C:/CPLD/pango/2_Tieta_Feiteng/Tieta_Feiteng_1001_PGC7KD69MBG400/rtl/source/pwrseq/pwrseq_slave_dev.v.
I: Verilog-0002: [C:/CPLD/pango/2_Tieta_Feiteng/Tieta_Feiteng_1001_PGC7KD69MBG400/rtl/source/pwrseq/pwrseq_slave_dev.v(line number: 19)] Analyzing module pwrseq_slave_dev (library work).
Parsing done.
I: Verilog-0001: Analyzing file C:/CPLD/pango/2_Tieta_Feiteng/Tieta_Feiteng_1001_PGC7KD69MBG400/rtl/source/common/lowpass_filter.v.
I: Verilog-0002: [C:/CPLD/pango/2_Tieta_Feiteng/Tieta_Feiteng_1001_PGC7KD69MBG400/rtl/source/common/lowpass_filter.v(line number: 23)] Analyzing module lowpass_filter (library work).
Parsing done.
I: Verilog-0001: Analyzing file C:/CPLD/pango/2_Tieta_Feiteng/Tieta_Feiteng_1001_PGC7KD69MBG400/rtl/source/pwrseq/edge_detect.v.
I: Verilog-0002: [C:/CPLD/pango/2_Tieta_Feiteng/Tieta_Feiteng_1001_PGC7KD69MBG400/rtl/source/pwrseq/edge_detect.v(line number: 28)] Analyzing module edge_detect (library work).
Parsing done.
I: Verilog-0001: Analyzing file C:/CPLD/pango/2_Tieta_Feiteng/Tieta_Feiteng_1001_PGC7KD69MBG400/rtl/source/common/pwrcap_pwrbtn_led.v.
I: Found Verilog include file C:/CPLD/pango/2_Tieta_Feiteng/Tieta_Feiteng_1001_PGC7KD69MBG400/rtl/include/top_define.v
I: Verilog-0008: [C:/CPLD/pango/2_Tieta_Feiteng/Tieta_Feiteng_1001_PGC7KD69MBG400/rtl/include/top_define.v(line number: 6)] Define macro RS35M2C16S_VA.
I: Verilog-0008: [C:/CPLD/pango/2_Tieta_Feiteng/Tieta_Feiteng_1001_PGC7KD69MBG400/rtl/include/top_define.v(line number: 8)] Define macro RS41M2C9S.
I: Verilog-0008: [C:/CPLD/pango/2_Tieta_Feiteng/Tieta_Feiteng_1001_PGC7KD69MBG400/rtl/include/top_define.v(line number: 14)] Define macro H3C_2014_RS35M2C16S_VA.
I: Verilog-0008: [C:/CPLD/pango/2_Tieta_Feiteng/Tieta_Feiteng_1001_PGC7KD69MBG400/rtl/include/top_define.v(line number: 18)] Define macro SPECIFIC_POWER_P1V8_PCH_STBY.
I: Verilog-0008: [C:/CPLD/pango/2_Tieta_Feiteng/Tieta_Feiteng_1001_PGC7KD69MBG400/rtl/include/top_define.v(line number: 23)] Define macro PCH_MODE_LPC.
I: Verilog-0008: [C:/CPLD/pango/2_Tieta_Feiteng/Tieta_Feiteng_1001_PGC7KD69MBG400/rtl/include/top_define.v(line number: 25)] Define macro PSU_CTRL.
I: Verilog-0008: [C:/CPLD/pango/2_Tieta_Feiteng/Tieta_Feiteng_1001_PGC7KD69MBG400/rtl/include/top_define.v(line number: 30)] Define macro CPLD_DATE_YYYYMMDD 32'h20240608.
I: Verilog-0008: [C:/CPLD/pango/2_Tieta_Feiteng/Tieta_Feiteng_1001_PGC7KD69MBG400/rtl/include/top_define.v(line number: 33)] Define macro CPLD_TIME_HHMMSSXX {24'h151400, `CPLD_TIME_XX}.
I: Verilog-0008: [C:/CPLD/pango/2_Tieta_Feiteng/Tieta_Feiteng_1001_PGC7KD69MBG400/rtl/include/top_define.v(line number: 35)] Define macro CPLD_TIME_XX 8'hZZ.
I: Verilog-0008: [C:/CPLD/pango/2_Tieta_Feiteng/Tieta_Feiteng_1001_PGC7KD69MBG400/rtl/include/top_define.v(line number: 38)] Define macro H3C_2014_RS35M2C16S_VA.
I: Verilog-0008: [C:/CPLD/pango/2_Tieta_Feiteng/Tieta_Feiteng_1001_PGC7KD69MBG400/rtl/include/top_define.v(line number: 51)] Define macro CPLD_VER 16'h01A1.
I: Verilog-0008: [C:/CPLD/pango/2_Tieta_Feiteng/Tieta_Feiteng_1001_PGC7KD69MBG400/rtl/include/top_define.v(line number: 52)] Define macro PFR_CPLD_VER 16'h0500.
I: Verilog-0008: [C:/CPLD/pango/2_Tieta_Feiteng/Tieta_Feiteng_1001_PGC7KD69MBG400/rtl/include/top_define.v(line number: 53)] Define macro DB_CPLD_VER 16'h0500.
I: Verilog-0008: [C:/CPLD/pango/2_Tieta_Feiteng/Tieta_Feiteng_1001_PGC7KD69MBG400/rtl/include/top_define.v(line number: 56)] Define macro GEN_ID_RSVD 4'b0000.
I: Verilog-0008: [C:/CPLD/pango/2_Tieta_Feiteng/Tieta_Feiteng_1001_PGC7KD69MBG400/rtl/include/top_define.v(line number: 57)] Define macro GEN_ID_G2 4'b0010.
I: Verilog-0008: [C:/CPLD/pango/2_Tieta_Feiteng/Tieta_Feiteng_1001_PGC7KD69MBG400/rtl/include/top_define.v(line number: 58)] Define macro GEN_ID_G3 4'b0011.
I: Verilog-0008: [C:/CPLD/pango/2_Tieta_Feiteng/Tieta_Feiteng_1001_PGC7KD69MBG400/rtl/include/top_define.v(line number: 59)] Define macro GEN_ID_G5 4'b0101.
I: Verilog-0008: [C:/CPLD/pango/2_Tieta_Feiteng/Tieta_Feiteng_1001_PGC7KD69MBG400/rtl/include/top_define.v(line number: 63)] Define macro GEN_ID `GEN_ID_RSVD.
I: Verilog-0008: [C:/CPLD/pango/2_Tieta_Feiteng/Tieta_Feiteng_1001_PGC7KD69MBG400/rtl/include/top_define.v(line number: 67)] Define macro BOARD_ID_RSVD 4'b0000.
I: Verilog-0008: [C:/CPLD/pango/2_Tieta_Feiteng/Tieta_Feiteng_1001_PGC7KD69MBG400/rtl/include/top_define.v(line number: 68)] Define macro BOARD_ID_RS03M2C9S 4'b0100.
I: Verilog-0008: [C:/CPLD/pango/2_Tieta_Feiteng/Tieta_Feiteng_1001_PGC7KD69MBG400/rtl/include/top_define.v(line number: 69)] Define macro BOARD_ID_RS23M2C6S 4'b0011.
I: Verilog-0008: [C:/CPLD/pango/2_Tieta_Feiteng/Tieta_Feiteng_1001_PGC7KD69MBG400/rtl/include/top_define.v(line number: 70)] Define macro BOARD_ID_RS33M2C9S 4'b0100.
I: Verilog-0008: [C:/CPLD/pango/2_Tieta_Feiteng/Tieta_Feiteng_1001_PGC7KD69MBG400/rtl/include/top_define.v(line number: 71)] Define macro BOARD_ID_RS05M2C9S 4'b0101.
I: Verilog-0008: [C:/CPLD/pango/2_Tieta_Feiteng/Tieta_Feiteng_1001_PGC7KD69MBG400/rtl/include/top_define.v(line number: 72)] Define macro BOARD_ID_RS35M2C5S 4'b0011.
I: Verilog-0008: [C:/CPLD/pango/2_Tieta_Feiteng/Tieta_Feiteng_1001_PGC7KD69MBG400/rtl/include/top_define.v(line number: 73)] Define macro BOARD_ID_RS35M2C16S 4'b0100.
I: Verilog-0008: [C:/CPLD/pango/2_Tieta_Feiteng/Tieta_Feiteng_1001_PGC7KD69MBG400/rtl/include/top_define.v(line number: 75)] Define macro BOARD_ID_RS41M2C9S 4'b0001.
I: Verilog-0008: [C:/CPLD/pango/2_Tieta_Feiteng/Tieta_Feiteng_1001_PGC7KD69MBG400/rtl/include/top_define.v(line number: 83)] Define macro CHASSIS_ID_1U 3'b001.
I: Verilog-0008: [C:/CPLD/pango/2_Tieta_Feiteng/Tieta_Feiteng_1001_PGC7KD69MBG400/rtl/include/top_define.v(line number: 84)] Define macro CHASSIS_ID_2U 3'b010.
I: Verilog-0008: [C:/CPLD/pango/2_Tieta_Feiteng/Tieta_Feiteng_1001_PGC7KD69MBG400/rtl/include/top_define.v(line number: 85)] Define macro CHASSIS_ID_4U 3'b000.
I: Verilog-0008: [C:/CPLD/pango/2_Tieta_Feiteng/Tieta_Feiteng_1001_PGC7KD69MBG400/rtl/include/top_define.v(line number: 86)] Define macro CHASSIS_ID_8U 3'b011.
I: Verilog-0008: [C:/CPLD/pango/2_Tieta_Feiteng/Tieta_Feiteng_1001_PGC7KD69MBG400/rtl/include/top_define.v(line number: 90)] Define macro SERVER_ID_RSVD 16'h0000.
I: Verilog-0008: [C:/CPLD/pango/2_Tieta_Feiteng/Tieta_Feiteng_1001_PGC7KD69MBG400/rtl/include/top_define.v(line number: 91)] Define macro SERVER_ID_R4900 16'h4900.
I: Verilog-0008: [C:/CPLD/pango/2_Tieta_Feiteng/Tieta_Feiteng_1001_PGC7KD69MBG400/rtl/include/top_define.v(line number: 92)] Define macro SERVER_ID_R4700 16'h4700.
I: Verilog-0008: [C:/CPLD/pango/2_Tieta_Feiteng/Tieta_Feiteng_1001_PGC7KD69MBG400/rtl/include/top_define.v(line number: 93)] Define macro SERVER_ID_R2900 16'h2900.
I: Verilog-0008: [C:/CPLD/pango/2_Tieta_Feiteng/Tieta_Feiteng_1001_PGC7KD69MBG400/rtl/include/top_define.v(line number: 94)] Define macro SERVER_ID_R2700 16'h2700.
I: Verilog-0008: [C:/CPLD/pango/2_Tieta_Feiteng/Tieta_Feiteng_1001_PGC7KD69MBG400/rtl/include/top_define.v(line number: 96)] Define macro SERVER_ID_R6900 16'h6900.
I: Verilog-0008: [C:/CPLD/pango/2_Tieta_Feiteng/Tieta_Feiteng_1001_PGC7KD69MBG400/rtl/include/top_define.v(line number: 100)] Define macro CPU_PKG_ID_NOMCP 3'b000.
I: Verilog-0008: [C:/CPLD/pango/2_Tieta_Feiteng/Tieta_Feiteng_1001_PGC7KD69MBG400/rtl/include/top_define.v(line number: 101)] Define macro CPU_PKG_ID_FABRIC 3'b001.
I: Verilog-0008: [C:/CPLD/pango/2_Tieta_Feiteng/Tieta_Feiteng_1001_PGC7KD69MBG400/rtl/include/top_define.v(line number: 102)] Define macro CPU_PKG_ID_FPGA 3'b010.
I: Verilog-0008: [C:/CPLD/pango/2_Tieta_Feiteng/Tieta_Feiteng_1001_PGC7KD69MBG400/rtl/include/top_define.v(line number: 103)] Define macro CPU_PKG_ID_RSVD011 3'b011.
I: Verilog-0008: [C:/CPLD/pango/2_Tieta_Feiteng/Tieta_Feiteng_1001_PGC7KD69MBG400/rtl/include/top_define.v(line number: 104)] Define macro CPU_PKG_ID_RSVD100 3'b100.
I: Verilog-0008: [C:/CPLD/pango/2_Tieta_Feiteng/Tieta_Feiteng_1001_PGC7KD69MBG400/rtl/include/top_define.v(line number: 105)] Define macro CPU_PKG_ID_RSVD101 3'b101.
I: Verilog-0008: [C:/CPLD/pango/2_Tieta_Feiteng/Tieta_Feiteng_1001_PGC7KD69MBG400/rtl/include/top_define.v(line number: 106)] Define macro CPU_PKG_ID_RSVD110 3'b110.
I: Verilog-0008: [C:/CPLD/pango/2_Tieta_Feiteng/Tieta_Feiteng_1001_PGC7KD69MBG400/rtl/include/top_define.v(line number: 107)] Define macro CPU_PKG_ID_RSVD111 3'b111.
I: Verilog-0008: [C:/CPLD/pango/2_Tieta_Feiteng/Tieta_Feiteng_1001_PGC7KD69MBG400/rtl/include/top_define.v(line number: 116)] Define macro AROC_TYPE_HBA 2'b00.
I: Verilog-0008: [C:/CPLD/pango/2_Tieta_Feiteng/Tieta_Feiteng_1001_PGC7KD69MBG400/rtl/include/top_define.v(line number: 117)] Define macro AROC_TYPE_RAID 2'b01.
I: Verilog-0008: [C:/CPLD/pango/2_Tieta_Feiteng/Tieta_Feiteng_1001_PGC7KD69MBG400/rtl/include/top_define.v(line number: 118)] Define macro AROC_TYPE_MEZZ 2'b10.
I: Verilog-0008: [C:/CPLD/pango/2_Tieta_Feiteng/Tieta_Feiteng_1001_PGC7KD69MBG400/rtl/include/top_define.v(line number: 119)] Define macro AROC_TYPE_RSVD 2'b11.
I: Verilog-0008: [C:/CPLD/pango/2_Tieta_Feiteng/Tieta_Feiteng_1001_PGC7KD69MBG400/rtl/include/top_define.v(line number: 126)] Define macro RISER_ID_RS35R3X16 5'b00001.
I: Verilog-0008: [C:/CPLD/pango/2_Tieta_Feiteng/Tieta_Feiteng_1001_PGC7KD69MBG400/rtl/include/top_define.v(line number: 127)] Define macro RISER_ID_RS35RX16X8X8 5'b00010.
I: Verilog-0008: [C:/CPLD/pango/2_Tieta_Feiteng/Tieta_Feiteng_1001_PGC7KD69MBG400/rtl/include/top_define.v(line number: 128)] Define macro RISER_ID_RS35R2X8 5'b00011.
I: Verilog-0008: [C:/CPLD/pango/2_Tieta_Feiteng/Tieta_Feiteng_1001_PGC7KD69MBG400/rtl/include/top_define.v(line number: 129)] Define macro RISER_ID_RS35R2X16 5'b00100.
I: Verilog-0008: [C:/CPLD/pango/2_Tieta_Feiteng/Tieta_Feiteng_1001_PGC7KD69MBG400/rtl/include/top_define.v(line number: 130)] Define macro RISER_ID_RS35RX16 5'b00101.
I: Verilog-0008: [C:/CPLD/pango/2_Tieta_Feiteng/Tieta_Feiteng_1001_PGC7KD69MBG400/rtl/include/top_define.v(line number: 131)] Define macro RISER_ID_RS33RLPX8 5'b00111.
I: Verilog-0008: [C:/CPLD/pango/2_Tieta_Feiteng/Tieta_Feiteng_1001_PGC7KD69MBG400/rtl/include/top_define.v(line number: 132)] Define macro RISER_ID_RS35R5X8 5'b01000.
I: Verilog-0008: [C:/CPLD/pango/2_Tieta_Feiteng/Tieta_Feiteng_1001_PGC7KD69MBG400/rtl/include/top_define.v(line number: 133)] Define macro RISER_ID_RS35R1X16 5'b01010.
I: Verilog-0008: [C:/CPLD/pango/2_Tieta_Feiteng/Tieta_Feiteng_1001_PGC7KD69MBG400/rtl/include/top_define.v(line number: 134)] Define macro RISER_ID_RS35R2X8A 5'b01011.
I: Verilog-0008: [C:/CPLD/pango/2_Tieta_Feiteng/Tieta_Feiteng_1001_PGC7KD69MBG400/rtl/include/top_define.v(line number: 135)] Define macro RISER_ID_RS35ROCP 5'b01100.
I: Verilog-0008: [C:/CPLD/pango/2_Tieta_Feiteng/Tieta_Feiteng_1001_PGC7KD69MBG400/rtl/include/top_define.v(line number: 136)] Define macro RISER_ID_RS35R1X16C 5'b01101.
I: Verilog-0008: [C:/CPLD/pango/2_Tieta_Feiteng/Tieta_Feiteng_1001_PGC7KD69MBG400/rtl/include/top_define.v(line number: 139)] Define macro GPU_CABLE_ID_RSVD 2'b11.
I: Verilog-0008: [C:/CPLD/pango/2_Tieta_Feiteng/Tieta_Feiteng_1001_PGC7KD69MBG400/rtl/include/top_define.v(line number: 142)] Define macro BMC_MEM_SIZE_1G 2'b00.
I: Verilog-0008: [C:/CPLD/pango/2_Tieta_Feiteng/Tieta_Feiteng_1001_PGC7KD69MBG400/rtl/include/top_define.v(line number: 143)] Define macro BMC_MEM_SIZE_2G 2'b01.
I: Verilog-0008: [C:/CPLD/pango/2_Tieta_Feiteng/Tieta_Feiteng_1001_PGC7KD69MBG400/rtl/include/top_define.v(line number: 144)] Define macro BMC_MEM_SIZE_4G 2'b10.
I: Verilog-0008: [C:/CPLD/pango/2_Tieta_Feiteng/Tieta_Feiteng_1001_PGC7KD69MBG400/rtl/include/top_define.v(line number: 145)] Define macro BMC_MEM_SIZE_8G 2'b11.
I: Verilog-0008: [C:/CPLD/pango/2_Tieta_Feiteng/Tieta_Feiteng_1001_PGC7KD69MBG400/rtl/include/top_define.v(line number: 147)] Define macro BMC_MEM_SIZE `BMC_MEM_SIZE_2G.
I: Verilog-0008: [C:/CPLD/pango/2_Tieta_Feiteng/Tieta_Feiteng_1001_PGC7KD69MBG400/rtl/include/top_define.v(line number: 150)] Define macro PCB_VA 2'b00.
I: Verilog-0008: [C:/CPLD/pango/2_Tieta_Feiteng/Tieta_Feiteng_1001_PGC7KD69MBG400/rtl/include/top_define.v(line number: 156)] Define macro NUM_CPU 2.
I: Verilog-0008: [C:/CPLD/pango/2_Tieta_Feiteng/Tieta_Feiteng_1001_PGC7KD69MBG400/rtl/include/top_define.v(line number: 157)] Define macro NUM_CPUVR 2.
I: Verilog-0008: [C:/CPLD/pango/2_Tieta_Feiteng/Tieta_Feiteng_1001_PGC7KD69MBG400/rtl/include/top_define.v(line number: 158)] Define macro NUM_MEMVR 4.
I: Verilog-0008: [C:/CPLD/pango/2_Tieta_Feiteng/Tieta_Feiteng_1001_PGC7KD69MBG400/rtl/include/top_define.v(line number: 159)] Define macro NUM_CHN 4.
I: Verilog-0008: [C:/CPLD/pango/2_Tieta_Feiteng/Tieta_Feiteng_1001_PGC7KD69MBG400/rtl/include/top_define.v(line number: 160)] Define macro NUM_FAN 8.
I: Verilog-0008: [C:/CPLD/pango/2_Tieta_Feiteng/Tieta_Feiteng_1001_PGC7KD69MBG400/rtl/include/top_define.v(line number: 161)] Define macro NUM_NIC 4.
I: Verilog-0008: [C:/CPLD/pango/2_Tieta_Feiteng/Tieta_Feiteng_1001_PGC7KD69MBG400/rtl/include/top_define.v(line number: 162)] Define macro NUM_PSU 2.
I: Verilog-0008: [C:/CPLD/pango/2_Tieta_Feiteng/Tieta_Feiteng_1001_PGC7KD69MBG400/rtl/include/top_define.v(line number: 164)] Define macro NUM_IO 1.
I: Verilog-0008: [C:/CPLD/pango/2_Tieta_Feiteng/Tieta_Feiteng_1001_PGC7KD69MBG400/rtl/include/top_define.v(line number: 165)] Define macro NUM_RISER 6.
I: Verilog-0008: [C:/CPLD/pango/2_Tieta_Feiteng/Tieta_Feiteng_1001_PGC7KD69MBG400/rtl/include/top_define.v(line number: 166)] Define macro port_num 3.
I: Verilog-0008: [C:/CPLD/pango/2_Tieta_Feiteng/Tieta_Feiteng_1001_PGC7KD69MBG400/rtl/include/top_define.v(line number: 169)] Define macro SYS_HAS_UID_BTN.
I: Verilog-0008: [C:/CPLD/pango/2_Tieta_Feiteng/Tieta_Feiteng_1001_PGC7KD69MBG400/rtl/include/top_define.v(line number: 171)] Define macro NUM_BP 8      /********G5 2P**********/.
I: Verilog-0008: [C:/CPLD/pango/2_Tieta_Feiteng/Tieta_Feiteng_1001_PGC7KD69MBG400/rtl/include/top_define.v(line number: 173)] Define macro NUM_S5DEV 2      /********G5 2P**********/.
I: Verilog-0008: [C:/CPLD/pango/2_Tieta_Feiteng/Tieta_Feiteng_1001_PGC7KD69MBG400/rtl/include/top_define.v(line number: 187)] Define macro BOARD_TYPE 4'b0000.
I: Verilog-0008: [C:/CPLD/pango/2_Tieta_Feiteng/Tieta_Feiteng_1001_PGC7KD69MBG400/rtl/include/top_define.v(line number: 188)] Define macro OEM_TYPE 4'b0111.
I: Verilog-0008: [C:/CPLD/pango/2_Tieta_Feiteng/Tieta_Feiteng_1001_PGC7KD69MBG400/rtl/include/top_define.v(line number: 191)] Define macro MFR_ID_RSVD 8'h00.
I: Verilog-0008: [C:/CPLD/pango/2_Tieta_Feiteng/Tieta_Feiteng_1001_PGC7KD69MBG400/rtl/include/top_define.v(line number: 192)] Define macro MFR_ID_H3C 8'h03.
I: Verilog-0008: [C:/CPLD/pango/2_Tieta_Feiteng/Tieta_Feiteng_1001_PGC7KD69MBG400/rtl/include/top_define.v(line number: 194)] Define macro MFR_ID `MFR_ID_H3C.
I: Verilog-0008: [C:/CPLD/pango/2_Tieta_Feiteng/Tieta_Feiteng_1001_PGC7KD69MBG400/rtl/include/top_define.v(line number: 197)] Define macro ODM_ID_RSVD 8'h00.
I: Verilog-0008: [C:/CPLD/pango/2_Tieta_Feiteng/Tieta_Feiteng_1001_PGC7KD69MBG400/rtl/include/top_define.v(line number: 198)] Define macro ODM_ID_H3C 8'h03.
I: Verilog-0008: [C:/CPLD/pango/2_Tieta_Feiteng/Tieta_Feiteng_1001_PGC7KD69MBG400/rtl/include/top_define.v(line number: 200)] Define macro ODM_ID `ODM_ID_H3C.
I: Verilog-0008: [C:/CPLD/pango/2_Tieta_Feiteng/Tieta_Feiteng_1001_PGC7KD69MBG400/rtl/include/top_define.v(line number: 203)] Define macro PDT_LINE_RSVD 8'h00.
I: Verilog-0008: [C:/CPLD/pango/2_Tieta_Feiteng/Tieta_Feiteng_1001_PGC7KD69MBG400/rtl/include/top_define.v(line number: 204)] Define macro PDT_LINE_H3C_2014_LLS 8'h01.
I: Verilog-0008: [C:/CPLD/pango/2_Tieta_Feiteng/Tieta_Feiteng_1001_PGC7KD69MBG400/rtl/include/top_define.v(line number: 206)] Define macro PDT_LINE_H3C_OEM_IN 8'h63.
I: Verilog-0008: [C:/CPLD/pango/2_Tieta_Feiteng/Tieta_Feiteng_1001_PGC7KD69MBG400/rtl/include/top_define.v(line number: 208)] Define macro PDT_LINE `PDT_LINE_H3C_OEM_IN.
I: Verilog-0008: [C:/CPLD/pango/2_Tieta_Feiteng/Tieta_Feiteng_1001_PGC7KD69MBG400/rtl/include/top_define.v(line number: 211)] Define macro PDT_GEN_RSVD 8'h00.
I: Verilog-0008: [C:/CPLD/pango/2_Tieta_Feiteng/Tieta_Feiteng_1001_PGC7KD69MBG400/rtl/include/top_define.v(line number: 212)] Define macro PDT_GEN_H3C_2014_G2 8'h02.
I: Verilog-0008: [C:/CPLD/pango/2_Tieta_Feiteng/Tieta_Feiteng_1001_PGC7KD69MBG400/rtl/include/top_define.v(line number: 213)] Define macro PDT_GEN_H3C_2014_G3 8'h03.
I: Verilog-0008: [C:/CPLD/pango/2_Tieta_Feiteng/Tieta_Feiteng_1001_PGC7KD69MBG400/rtl/include/top_define.v(line number: 215)] Define macro PDT_GEN_H3C_S5000C 8'h07.
I: Verilog-0008: [C:/CPLD/pango/2_Tieta_Feiteng/Tieta_Feiteng_1001_PGC7KD69MBG400/rtl/include/top_define.v(line number: 218)] Define macro PDT_GEN `PDT_GEN_H3C_S5000C.
I: Verilog-0008: [C:/CPLD/pango/2_Tieta_Feiteng/Tieta_Feiteng_1001_PGC7KD69MBG400/rtl/include/top_define.v(line number: 221)] Define macro PDT_REV_RSVD 8'h00.
I: Verilog-0008: [C:/CPLD/pango/2_Tieta_Feiteng/Tieta_Feiteng_1001_PGC7KD69MBG400/rtl/include/top_define.v(line number: 222)] Define macro PDT_REV_H3C_2014_V100R001 8'h11.
I: Verilog-0008: [C:/CPLD/pango/2_Tieta_Feiteng/Tieta_Feiteng_1001_PGC7KD69MBG400/rtl/include/top_define.v(line number: 223)] Define macro PDT_REV_H3C_2014_V200R002 8'h22.
I: Verilog-0008: [C:/CPLD/pango/2_Tieta_Feiteng/Tieta_Feiteng_1001_PGC7KD69MBG400/rtl/include/top_define.v(line number: 224)] Define macro PDT_REV_H3C_2014_V500R002 8'h52.
I: Verilog-0008: [C:/CPLD/pango/2_Tieta_Feiteng/Tieta_Feiteng_1001_PGC7KD69MBG400/rtl/include/top_define.v(line number: 225)] Define macro PDT_REV_H3C_2014_V800R001 8'h81.
I: Verilog-0008: [C:/CPLD/pango/2_Tieta_Feiteng/Tieta_Feiteng_1001_PGC7KD69MBG400/rtl/include/top_define.v(line number: 226)] Define macro PDT_REV_H3C_2014_V200R005 8'h25.
I: Verilog-0008: [C:/CPLD/pango/2_Tieta_Feiteng/Tieta_Feiteng_1001_PGC7KD69MBG400/rtl/include/top_define.v(line number: 228)] Define macro PDT_REV_H3C_2014_V500R003 8'h53.
I: Verilog-0008: [C:/CPLD/pango/2_Tieta_Feiteng/Tieta_Feiteng_1001_PGC7KD69MBG400/rtl/include/top_define.v(line number: 229)] Define macro PDT_REV_H3C_2014_V500R005 8'h55.
I: Verilog-0008: [C:/CPLD/pango/2_Tieta_Feiteng/Tieta_Feiteng_1001_PGC7KD69MBG400/rtl/include/top_define.v(line number: 230)] Define macro PDT_REV_H3C_IT_C_RACK_V700R001 8'h71.
I: Verilog-0008: [C:/CPLD/pango/2_Tieta_Feiteng/Tieta_Feiteng_1001_PGC7KD69MBG400/rtl/include/top_define.v(line number: 234)] Define macro PDT_REV `PDT_REV_H3C_IT_C_RACK_V700R001.
I: Verilog-0008: [C:/CPLD/pango/2_Tieta_Feiteng/Tieta_Feiteng_1001_PGC7KD69MBG400/rtl/include/top_define.v(line number: 237)] Define macro SERVER_ID_H3C_2014_RSVD 8'h00.
I: Verilog-0008: [C:/CPLD/pango/2_Tieta_Feiteng/Tieta_Feiteng_1001_PGC7KD69MBG400/rtl/include/top_define.v(line number: 238)] Define macro SERVER_ID_H3C_2014_R2700 8'h01.
I: Verilog-0008: [C:/CPLD/pango/2_Tieta_Feiteng/Tieta_Feiteng_1001_PGC7KD69MBG400/rtl/include/top_define.v(line number: 239)] Define macro SERVER_ID_H3C_2014_R2900 8'h03.
I: Verilog-0008: [C:/CPLD/pango/2_Tieta_Feiteng/Tieta_Feiteng_1001_PGC7KD69MBG400/rtl/include/top_define.v(line number: 240)] Define macro SERVER_ID_H3C_2014_R4700 8'h11.
I: Verilog-0008: [C:/CPLD/pango/2_Tieta_Feiteng/Tieta_Feiteng_1001_PGC7KD69MBG400/rtl/include/top_define.v(line number: 241)] Define macro SERVER_ID_H3C_2014_R4900 8'h13.
I: Verilog-0008: [C:/CPLD/pango/2_Tieta_Feiteng/Tieta_Feiteng_1001_PGC7KD69MBG400/rtl/include/top_define.v(line number: 242)] Define macro SERVER_ID_H3C_2014_R6900 8'h23.
I: Verilog-0008: [C:/CPLD/pango/2_Tieta_Feiteng/Tieta_Feiteng_1001_PGC7KD69MBG400/rtl/include/top_define.v(line number: 243)] Define macro SERVER_ID_H3C_2014_R8900 8'h33.
I: Verilog-0008: [C:/CPLD/pango/2_Tieta_Feiteng/Tieta_Feiteng_1001_PGC7KD69MBG400/rtl/include/top_define.v(line number: 246)] Define macro BOARD_ID_H3C_2014_RSVD 8'h00.
I: Verilog-0008: [C:/CPLD/pango/2_Tieta_Feiteng/Tieta_Feiteng_1001_PGC7KD69MBG400/rtl/include/top_define.v(line number: 247)] Define macro BOARD_ID_H3C_2014_RS03M2C9S 8'h04.
I: Verilog-0008: [C:/CPLD/pango/2_Tieta_Feiteng/Tieta_Feiteng_1001_PGC7KD69MBG400/rtl/include/top_define.v(line number: 248)] Define macro BOARD_ID_H3C_2014_RS23M2C6S 8'h03.
I: Verilog-0008: [C:/CPLD/pango/2_Tieta_Feiteng/Tieta_Feiteng_1001_PGC7KD69MBG400/rtl/include/top_define.v(line number: 249)] Define macro BOARD_ID_H3C_2014_RS33M2C9S 8'h04.
I: Verilog-0008: [C:/CPLD/pango/2_Tieta_Feiteng/Tieta_Feiteng_1001_PGC7KD69MBG400/rtl/include/top_define.v(line number: 250)] Define macro BOARD_ID_H3C_2014_RS35M2C5S 8'h03.
I: Verilog-0008: [C:/CPLD/pango/2_Tieta_Feiteng/Tieta_Feiteng_1001_PGC7KD69MBG400/rtl/include/top_define.v(line number: 251)] Define macro BOARD_ID_H3C_2014_RS35M2C16S 8'h04.
I: Verilog-0008: [C:/CPLD/pango/2_Tieta_Feiteng/Tieta_Feiteng_1001_PGC7KD69MBG400/rtl/include/top_define.v(line number: 253)] Define macro BOARD_ID_H3C_2014_RS41M2C9S 8'h11.
I: Verilog-0008: [C:/CPLD/pango/2_Tieta_Feiteng/Tieta_Feiteng_1001_PGC7KD69MBG400/rtl/include/top_define.v(line number: 256)] Define macro CHASSIS_ID_H3C_2014_RSVD 8'h00.
I: Verilog-0008: [C:/CPLD/pango/2_Tieta_Feiteng/Tieta_Feiteng_1001_PGC7KD69MBG400/rtl/include/top_define.v(line number: 257)] Define macro CHASSIS_ID_H3C_2014_1U 8'h01.
I: Verilog-0008: [C:/CPLD/pango/2_Tieta_Feiteng/Tieta_Feiteng_1001_PGC7KD69MBG400/rtl/include/top_define.v(line number: 258)] Define macro CHASSIS_ID_H3C_2014_2U 8'h02.
I: Verilog-0008: [C:/CPLD/pango/2_Tieta_Feiteng/Tieta_Feiteng_1001_PGC7KD69MBG400/rtl/include/top_define.v(line number: 259)] Define macro CHASSIS_ID_H3C_2014_NONE 8'h03.
I: Verilog-0008: [C:/CPLD/pango/2_Tieta_Feiteng/Tieta_Feiteng_1001_PGC7KD69MBG400/rtl/include/top_define.v(line number: 262)] Define macro PLT_CPU_MFR_RSVD 8'h00.
I: Verilog-0008: [C:/CPLD/pango/2_Tieta_Feiteng/Tieta_Feiteng_1001_PGC7KD69MBG400/rtl/include/top_define.v(line number: 263)] Define macro PLT_CPU_MFR_INTEL 8'h01.
I: Verilog-0008: [C:/CPLD/pango/2_Tieta_Feiteng/Tieta_Feiteng_1001_PGC7KD69MBG400/rtl/include/top_define.v(line number: 264)] Define macro PLT_CPU_MFR_AMD 8'h02.
I: Verilog-0008: [C:/CPLD/pango/2_Tieta_Feiteng/Tieta_Feiteng_1001_PGC7KD69MBG400/rtl/include/top_define.v(line number: 265)] Define macro PLT_CPU_MFR_FT 8'h03.
I: Verilog-0008: [C:/CPLD/pango/2_Tieta_Feiteng/Tieta_Feiteng_1001_PGC7KD69MBG400/rtl/include/top_define.v(line number: 267)] Define macro PLT_CPU_MFR `PLT_CPU_MFR_FT.
I: Verilog-0008: [C:/CPLD/pango/2_Tieta_Feiteng/Tieta_Feiteng_1001_PGC7KD69MBG400/rtl/include/top_define.v(line number: 270)] Define macro PLT_CPU_GEN_RSVD 8'h00.
I: Verilog-0008: [C:/CPLD/pango/2_Tieta_Feiteng/Tieta_Feiteng_1001_PGC7KD69MBG400/rtl/include/top_define.v(line number: 271)] Define macro PLT_CPU_GEN_BROADWELL 8'h00.
I: Verilog-0008: [C:/CPLD/pango/2_Tieta_Feiteng/Tieta_Feiteng_1001_PGC7KD69MBG400/rtl/include/top_define.v(line number: 272)] Define macro PLT_CPU_GEN_SKYLATE 8'h01.
I: Verilog-0008: [C:/CPLD/pango/2_Tieta_Feiteng/Tieta_Feiteng_1001_PGC7KD69MBG400/rtl/include/top_define.v(line number: 273)] Define macro PLT_CPU_GEN_ICELATE 8'h10.
I: Verilog-0008: [C:/CPLD/pango/2_Tieta_Feiteng/Tieta_Feiteng_1001_PGC7KD69MBG400/rtl/include/top_define.v(line number: 274)] Define macro PLT_CPU_GEN_FT2500 8'h05.
I: Verilog-0008: [C:/CPLD/pango/2_Tieta_Feiteng/Tieta_Feiteng_1001_PGC7KD69MBG400/rtl/include/top_define.v(line number: 276)] Define macro PLT_CPU_GEN `PLT_CPU_GEN_FT2500.
I: Verilog-0008: [C:/CPLD/pango/2_Tieta_Feiteng/Tieta_Feiteng_1001_PGC7KD69MBG400/rtl/include/top_define.v(line number: 281)] Define macro INT_MODE_RISING 2'b01.
I: Verilog-0008: [C:/CPLD/pango/2_Tieta_Feiteng/Tieta_Feiteng_1001_PGC7KD69MBG400/rtl/include/top_define.v(line number: 282)] Define macro INT_MODE_FALLING 2'b10.
I: Verilog-0008: [C:/CPLD/pango/2_Tieta_Feiteng/Tieta_Feiteng_1001_PGC7KD69MBG400/rtl/include/top_define.v(line number: 283)] Define macro INT_MODE_BOTH 2'b11.
I: Verilog-0008: [C:/CPLD/pango/2_Tieta_Feiteng/Tieta_Feiteng_1001_PGC7KD69MBG400/rtl/include/top_define.v(line number: 288)] Define macro PN_RS03M2C9S {`ASCII_A, `ASCII_3, `ASCII_F, `ASCII_T}.
I: Verilog-0008: [C:/CPLD/pango/2_Tieta_Feiteng/Tieta_Feiteng_1001_PGC7KD69MBG400/rtl/include/top_define.v(line number: 289)] Define macro PN_RS33M2C9S {`ASCII_A, `ASCII_3, `ASCII_F, `ASCII_Q}.
I: Verilog-0008: [C:/CPLD/pango/2_Tieta_Feiteng/Tieta_Feiteng_1001_PGC7KD69MBG400/rtl/include/top_define.v(line number: 290)] Define macro PN_RS23M2C6S {`ASCII_A, `ASCII_3, `ASCII_F, `ASCII_R}.
I: Verilog-0008: [C:/CPLD/pango/2_Tieta_Feiteng/Tieta_Feiteng_1001_PGC7KD69MBG400/rtl/include/top_define.v(line number: 291)] Define macro PN_RS05M2C9S {`ASCII_A, `ASCII_4, `ASCII_L, `ASCII_M}.
I: Verilog-0008: [C:/CPLD/pango/2_Tieta_Feiteng/Tieta_Feiteng_1001_PGC7KD69MBG400/rtl/include/top_define.v(line number: 292)] Define macro PN_RS35M2C16S {`ASCII_A, `ASCII_5, `ASCII_B, `ASCII_8}.
I: Verilog-0008: [C:/CPLD/pango/2_Tieta_Feiteng/Tieta_Feiteng_1001_PGC7KD69MBG400/rtl/include/top_define.v(line number: 293)] Define macro PN_RS41M2C9S {`ASCII_A, `ASCII_5, `ASCII_K, `ASCII_B}.
I: Verilog-0008: [C:/CPLD/pango/2_Tieta_Feiteng/Tieta_Feiteng_1001_PGC7KD69MBG400/rtl/include/top_define.v(line number: 294)] Define macro PN_RSVD 32'h0000_0000.
I: Verilog-0008: [C:/CPLD/pango/2_Tieta_Feiteng/Tieta_Feiteng_1001_PGC7KD69MBG400/rtl/include/top_define.v(line number: 301)] Define macro BOARD_PN `PN_RS41M2C9S.
I: Verilog-0008: [C:/CPLD/pango/2_Tieta_Feiteng/Tieta_Feiteng_1001_PGC7KD69MBG400/rtl/include/top_define.v(line number: 306)] Define macro ASCII_0 8'h30.
I: Verilog-0008: [C:/CPLD/pango/2_Tieta_Feiteng/Tieta_Feiteng_1001_PGC7KD69MBG400/rtl/include/top_define.v(line number: 307)] Define macro ASCII_1 8'h31.
I: Verilog-0008: [C:/CPLD/pango/2_Tieta_Feiteng/Tieta_Feiteng_1001_PGC7KD69MBG400/rtl/include/top_define.v(line number: 308)] Define macro ASCII_2 8'h32.
I: Verilog-0008: [C:/CPLD/pango/2_Tieta_Feiteng/Tieta_Feiteng_1001_PGC7KD69MBG400/rtl/include/top_define.v(line number: 309)] Define macro ASCII_3 8'h33.
I: Verilog-0008: [C:/CPLD/pango/2_Tieta_Feiteng/Tieta_Feiteng_1001_PGC7KD69MBG400/rtl/include/top_define.v(line number: 310)] Define macro ASCII_4 8'h34.
I: Verilog-0008: [C:/CPLD/pango/2_Tieta_Feiteng/Tieta_Feiteng_1001_PGC7KD69MBG400/rtl/include/top_define.v(line number: 311)] Define macro ASCII_5 8'h35.
I: Verilog-0008: [C:/CPLD/pango/2_Tieta_Feiteng/Tieta_Feiteng_1001_PGC7KD69MBG400/rtl/include/top_define.v(line number: 312)] Define macro ASCII_6 8'h36.
I: Verilog-0008: [C:/CPLD/pango/2_Tieta_Feiteng/Tieta_Feiteng_1001_PGC7KD69MBG400/rtl/include/top_define.v(line number: 313)] Define macro ASCII_7 8'h37.
I: Verilog-0008: [C:/CPLD/pango/2_Tieta_Feiteng/Tieta_Feiteng_1001_PGC7KD69MBG400/rtl/include/top_define.v(line number: 314)] Define macro ASCII_8 8'h38.
I: Verilog-0008: [C:/CPLD/pango/2_Tieta_Feiteng/Tieta_Feiteng_1001_PGC7KD69MBG400/rtl/include/top_define.v(line number: 315)] Define macro ASCII_9 8'h39.
I: Verilog-0008: [C:/CPLD/pango/2_Tieta_Feiteng/Tieta_Feiteng_1001_PGC7KD69MBG400/rtl/include/top_define.v(line number: 316)] Define macro ASCII_A 8'h41.
I: Verilog-0008: [C:/CPLD/pango/2_Tieta_Feiteng/Tieta_Feiteng_1001_PGC7KD69MBG400/rtl/include/top_define.v(line number: 317)] Define macro ASCII_B 8'h42.
I: Verilog-0008: [C:/CPLD/pango/2_Tieta_Feiteng/Tieta_Feiteng_1001_PGC7KD69MBG400/rtl/include/top_define.v(line number: 318)] Define macro ASCII_C 8'h43.
I: Verilog-0008: [C:/CPLD/pango/2_Tieta_Feiteng/Tieta_Feiteng_1001_PGC7KD69MBG400/rtl/include/top_define.v(line number: 319)] Define macro ASCII_D 8'h44.
I: Verilog-0008: [C:/CPLD/pango/2_Tieta_Feiteng/Tieta_Feiteng_1001_PGC7KD69MBG400/rtl/include/top_define.v(line number: 320)] Define macro ASCII_E 8'h45.
I: Verilog-0008: [C:/CPLD/pango/2_Tieta_Feiteng/Tieta_Feiteng_1001_PGC7KD69MBG400/rtl/include/top_define.v(line number: 321)] Define macro ASCII_F 8'h46.
I: Verilog-0008: [C:/CPLD/pango/2_Tieta_Feiteng/Tieta_Feiteng_1001_PGC7KD69MBG400/rtl/include/top_define.v(line number: 322)] Define macro ASCII_G 8'h47.
I: Verilog-0008: [C:/CPLD/pango/2_Tieta_Feiteng/Tieta_Feiteng_1001_PGC7KD69MBG400/rtl/include/top_define.v(line number: 323)] Define macro ASCII_H 8'h48.
I: Verilog-0008: [C:/CPLD/pango/2_Tieta_Feiteng/Tieta_Feiteng_1001_PGC7KD69MBG400/rtl/include/top_define.v(line number: 324)] Define macro ASCII_I 8'h49.
I: Verilog-0008: [C:/CPLD/pango/2_Tieta_Feiteng/Tieta_Feiteng_1001_PGC7KD69MBG400/rtl/include/top_define.v(line number: 325)] Define macro ASCII_J 8'h4A.
I: Verilog-0008: [C:/CPLD/pango/2_Tieta_Feiteng/Tieta_Feiteng_1001_PGC7KD69MBG400/rtl/include/top_define.v(line number: 326)] Define macro ASCII_K 8'h4B.
I: Verilog-0008: [C:/CPLD/pango/2_Tieta_Feiteng/Tieta_Feiteng_1001_PGC7KD69MBG400/rtl/include/top_define.v(line number: 327)] Define macro ASCII_L 8'h4C.
I: Verilog-0008: [C:/CPLD/pango/2_Tieta_Feiteng/Tieta_Feiteng_1001_PGC7KD69MBG400/rtl/include/top_define.v(line number: 328)] Define macro ASCII_M 8'h4D.
I: Verilog-0008: [C:/CPLD/pango/2_Tieta_Feiteng/Tieta_Feiteng_1001_PGC7KD69MBG400/rtl/include/top_define.v(line number: 329)] Define macro ASCII_N 8'h4E.
I: Verilog-0008: [C:/CPLD/pango/2_Tieta_Feiteng/Tieta_Feiteng_1001_PGC7KD69MBG400/rtl/include/top_define.v(line number: 330)] Define macro ASCII_O 8'h4F.
I: Verilog-0008: [C:/CPLD/pango/2_Tieta_Feiteng/Tieta_Feiteng_1001_PGC7KD69MBG400/rtl/include/top_define.v(line number: 331)] Define macro ASCII_P 8'h50.
I: Verilog-0008: [C:/CPLD/pango/2_Tieta_Feiteng/Tieta_Feiteng_1001_PGC7KD69MBG400/rtl/include/top_define.v(line number: 332)] Define macro ASCII_Q 8'h51.
I: Verilog-0008: [C:/CPLD/pango/2_Tieta_Feiteng/Tieta_Feiteng_1001_PGC7KD69MBG400/rtl/include/top_define.v(line number: 333)] Define macro ASCII_R 8'h52.
I: Verilog-0008: [C:/CPLD/pango/2_Tieta_Feiteng/Tieta_Feiteng_1001_PGC7KD69MBG400/rtl/include/top_define.v(line number: 334)] Define macro ASCII_S 8'h53.
I: Verilog-0008: [C:/CPLD/pango/2_Tieta_Feiteng/Tieta_Feiteng_1001_PGC7KD69MBG400/rtl/include/top_define.v(line number: 335)] Define macro ASCII_T 8'h54.
I: Verilog-0008: [C:/CPLD/pango/2_Tieta_Feiteng/Tieta_Feiteng_1001_PGC7KD69MBG400/rtl/include/top_define.v(line number: 336)] Define macro ASCII_U 8'h55.
I: Verilog-0008: [C:/CPLD/pango/2_Tieta_Feiteng/Tieta_Feiteng_1001_PGC7KD69MBG400/rtl/include/top_define.v(line number: 337)] Define macro ASCII_V 8'h56.
I: Verilog-0008: [C:/CPLD/pango/2_Tieta_Feiteng/Tieta_Feiteng_1001_PGC7KD69MBG400/rtl/include/top_define.v(line number: 338)] Define macro ASCII_W 8'h57.
I: Verilog-0008: [C:/CPLD/pango/2_Tieta_Feiteng/Tieta_Feiteng_1001_PGC7KD69MBG400/rtl/include/top_define.v(line number: 339)] Define macro ASCII_X 8'h58.
I: Verilog-0008: [C:/CPLD/pango/2_Tieta_Feiteng/Tieta_Feiteng_1001_PGC7KD69MBG400/rtl/include/top_define.v(line number: 340)] Define macro ASCII_Y 8'h59.
I: Verilog-0008: [C:/CPLD/pango/2_Tieta_Feiteng/Tieta_Feiteng_1001_PGC7KD69MBG400/rtl/include/top_define.v(line number: 341)] Define macro ASCII_Z 8'h5A.
I: Verilog-0002: [C:/CPLD/pango/2_Tieta_Feiteng/Tieta_Feiteng_1001_PGC7KD69MBG400/rtl/source/common/pwrcap_pwrbtn_led.v(line number: 23)] Analyzing module pwrcap_pwrbtn_led (library work).
Parsing done.
I: Verilog-0001: Analyzing file C:/CPLD/pango/2_Tieta_Feiteng/Tieta_Feiteng_1001_PGC7KD69MBG400/rtl/source/common/delay_timer.v.
I: Verilog-0002: [C:/CPLD/pango/2_Tieta_Feiteng/Tieta_Feiteng_1001_PGC7KD69MBG400/rtl/source/common/delay_timer.v(line number: 26)] Analyzing module delay_timer (library work).
I: Verilog-0008: [C:/CPLD/pango/2_Tieta_Feiteng/Tieta_Feiteng_1001_PGC7KD69MBG400/rtl/source/common/delay_timer.v(line number: 35)] Define macro ZERO_COUNT {CNT_SIZE{1'b0}}.
Parsing done.
I: Verilog-0001: Analyzing file C:/CPLD/pango/2_Tieta_Feiteng/Tieta_Feiteng_1001_PGC7KD69MBG400/rtl/source/i2c/i2c_slave_bmc.v.
I: Verilog-0002: [C:/CPLD/pango/2_Tieta_Feiteng/Tieta_Feiteng_1001_PGC7KD69MBG400/rtl/source/i2c/i2c_slave_bmc.v(line number: 9)] Analyzing module i2c_slave_bmc (library work).
Parsing done.
I: Verilog-0001: Analyzing file C:/CPLD/pango/2_Tieta_Feiteng/Tieta_Feiteng_1001_PGC7KD69MBG400/rtl/source/i2c/i2c_slave_basic0.v.
I: Verilog-0002: [C:/CPLD/pango/2_Tieta_Feiteng/Tieta_Feiteng_1001_PGC7KD69MBG400/rtl/source/i2c/i2c_slave_basic0.v(line number: 8)] Analyzing module i2c_slave_basic0 (library work).
Parsing done.
I: Verilog-0001: Analyzing file C:/CPLD/pango/2_Tieta_Feiteng/Tieta_Feiteng_1001_PGC7KD69MBG400/rtl/source/i2c_updata/apb_mux.v.
I: Verilog-0002: [C:/CPLD/pango/2_Tieta_Feiteng/Tieta_Feiteng_1001_PGC7KD69MBG400/rtl/source/i2c_updata/apb_mux.v(line number: 15)] Analyzing module apb_mux (library work).
Parsing done.
I: Verilog-0001: Analyzing file C:/CPLD/pango/2_Tieta_Feiteng/Tieta_Feiteng_1001_PGC7KD69MBG400/rtl/source/i2c_updata/apb_top.v.
I: Verilog-0002: [C:/CPLD/pango/2_Tieta_Feiteng/Tieta_Feiteng_1001_PGC7KD69MBG400/rtl/source/i2c_updata/apb_top.v(line number: 15)] Analyzing module apb_top (library work).
Parsing done.
I: Verilog-0001: Analyzing file C:/CPLD/pango/2_Tieta_Feiteng/Tieta_Feiteng_1001_PGC7KD69MBG400/rtl/source/i2c_updata/bar_top.v.
I: Verilog-0002: [C:/CPLD/pango/2_Tieta_Feiteng/Tieta_Feiteng_1001_PGC7KD69MBG400/rtl/source/i2c_updata/bar_top.v(line number: 16)] Analyzing module bar_top (library work).
Parsing done.
I: Verilog-0001: Analyzing file C:/CPLD/pango/2_Tieta_Feiteng/Tieta_Feiteng_1001_PGC7KD69MBG400/rtl/source/i2c_updata/iic_slave_CPU.v.
I: Verilog-0002: [C:/CPLD/pango/2_Tieta_Feiteng/Tieta_Feiteng_1001_PGC7KD69MBG400/rtl/source/i2c_updata/iic_slave_CPU.v(line number: 5)] Analyzing module iic_slave_CPU (library work).
Parsing done.
I: Verilog-0001: Analyzing file C:/CPLD/pango/2_Tieta_Feiteng/Tieta_Feiteng_1001_PGC7KD69MBG400/rtl/source/i2c_updata/iic2apb_ctrl.v.
I: Verilog-0002: [C:/CPLD/pango/2_Tieta_Feiteng/Tieta_Feiteng_1001_PGC7KD69MBG400/rtl/source/i2c_updata/iic2apb_ctrl.v(line number: 14)] Analyzing module iic2apb_ctrl (library work).
Parsing done.
I: Verilog-0001: Analyzing file C:/CPLD/pango/2_Tieta_Feiteng/Tieta_Feiteng_1001_PGC7KD69MBG400/prj/Tieta_M/ipcore/pll_i25M_o50M_o25M/pll_i25M_o50M_o25M.v.
I: Verilog-0002: [C:/CPLD/pango/2_Tieta_Feiteng/Tieta_Feiteng_1001_PGC7KD69MBG400/prj/Tieta_M/ipcore/pll_i25M_o50M_o25M/pll_i25M_o50M_o25M.v(line number: 17)] Analyzing module pll_i25M_o50M_o25M (library pll_i25M_o50M_o25M).
Parsing done.
W: Verilog-2084: [C:/CPLD/pango/2_Tieta_Feiteng/Tieta_Feiteng_1001_PGC7KD69MBG400/rtl/source/Tieta_Feiteng_1001_top.v(line number: 2566)] Identifier 'led_pwrbtn_gr_r' is used before its declaration.
W: Verilog-2084: [C:/CPLD/pango/2_Tieta_Feiteng/Tieta_Feiteng_1001_PGC7KD69MBG400/rtl/source/Tieta_Feiteng_1001_top.v(line number: 2567)] Identifier 'led_pwrbtn_amb_r' is used before its declaration.
I: Module "Tieta_Feiteng_1001_top" is set as top module
Program Error Out.
Action compile: Real time elapsed is 0h:0m:7s
Action compile: CPU time elapsed is 0h:0m:2s
Action compile: Process CPU time elapsed is 0h:0m:2s
Action compile: Peak memory pool usage is 141 MB

Current time: Sat Mar 14 16:13:33 2026
