#Build: Fabric Compiler 2024.2-SP1.2, Build 187561, May 22 18:16 2025
#Install: C:\studyware\pango\PDS_2024.2-SP1.2-ads\bin
#Application name: pds_shell.exe
#OS: Windows 10 10.0.18363
#Hostname: z02665mj
Generated by Fabric Compiler (version 2024.2-SP1.2 build 187561) at Fri Mar  6 14:40:36 2026
Parameters for debugging are loaded as follows:
License checkout: fabric_ads from C:/studyware/pango/PDS_2024.2-SP1.2-ads/license/new_pds_6805cabd4893.lic
Compiling verification operator library.
Compiling common defs.
Loading technology operator library.
Compiling technology operator library.
Compiling technology operator (valence) library.
Reading design from compile DB
Reading design from compile DB successfully.
Elaborate the liberty model.
I: Multithreading enabled for Timing using a maximum of 4 processes.
Constraint check start.
Compiling prim grid devices.
Compiling place grid timing.
Building architecture model.
Loading device packaging model.
Building architecture floorplan logic view.
W: ConstraintEditor-4026: [C:/CPLD/pango/2_Tieta_Feiteng/Tieta_Feiteng_1001_PGC7KD69MBG400/prj/Tieta_M/Tieta_M.fdc(line number: 623)] Parse file warning: PAP_IO_STANDARD is already defined in p:o_CPU0_D1_SE_RECOVERY_R, new value LVCMOS33 will overwrite the current value.
W: ConstraintEditor-4042: Port 'p:io_BMC_I2C9_PAL_M_SDA1_R' lacks attribute 'PAP_IO_DRIVE', it's better to set the attribute for port.
W: ConstraintEditor-4042: Port 'p:io_BMC_I2C9_PAL_M_SDA1_R' lacks attribute 'PAP_IO_SLEW', it's better to set the attribute for port.
W: ConstraintEditor-4042: Port 'p:io_BMC_I2C9_PAL_M_SDA1_R' lacks attribute 'BUS_KEEPER', it's better to set the attribute for port.
W: ConstraintEditor-4042: Port 'p:io_PAL_BP1_PWR_ON_R' lacks attribute 'PAP_IO_DRIVE', it's better to set the attribute for port.
W: ConstraintEditor-4042: Port 'p:io_PAL_BP1_PWR_ON_R' lacks attribute 'PAP_IO_SLEW', it's better to set the attribute for port.
W: ConstraintEditor-4042: Port 'p:io_PAL_BP1_PWR_ON_R' lacks attribute 'BUS_KEEPER', it's better to set the attribute for port.
W: ConstraintEditor-4042: Port 'p:io_PAL_BP2_PWR_ON_R' lacks attribute 'PAP_IO_DRIVE', it's better to set the attribute for port.
W: ConstraintEditor-4042: Port 'p:io_PAL_BP2_PWR_ON_R' lacks attribute 'PAP_IO_SLEW', it's better to set the attribute for port.
W: ConstraintEditor-4042: Port 'p:io_PAL_BP2_PWR_ON_R' lacks attribute 'BUS_KEEPER', it's better to set the attribute for port.
W: ConstraintEditor-4042: Port 'p:o_BIOS0_RST_N_R' lacks attribute 'PAP_IO_DRIVE', it's better to set the attribute for port.
W: ConstraintEditor-4042: Port 'p:o_BIOS0_RST_N_R' lacks attribute 'PAP_IO_SLEW', it's better to set the attribute for port.
W: ConstraintEditor-4042: Port 'p:o_BIOS0_RST_N_R' lacks attribute 'BUS_KEEPER', it's better to set the attribute for port.
W: ConstraintEditor-4042: Port 'p:o_BIOS1_RST_N_R' lacks attribute 'PAP_IO_DRIVE', it's better to set the attribute for port.
W: ConstraintEditor-4042: Port 'p:o_BIOS1_RST_N_R' lacks attribute 'PAP_IO_SLEW', it's better to set the attribute for port.
W: ConstraintEditor-4042: Port 'p:o_BIOS1_RST_N_R' lacks attribute 'BUS_KEEPER', it's better to set the attribute for port.
W: ConstraintEditor-4042: Port 'p:o_CK440_SS_EN_R' lacks attribute 'PAP_IO_DRIVE', it's better to set the attribute for port.
W: ConstraintEditor-4042: Port 'p:o_CK440_SS_EN_R' lacks attribute 'PAP_IO_SLEW', it's better to set the attribute for port.
W: ConstraintEditor-4042: Port 'p:o_CK440_SS_EN_R' lacks attribute 'BUS_KEEPER', it's better to set the attribute for port.
W: ConstraintEditor-4042: Port 'p:o_CPLD_M_S_EXCHANGE_S1_R' lacks attribute 'PAP_IO_DRIVE', it's better to set the attribute for port.
W: ConstraintEditor-4042: Port 'p:o_CPLD_M_S_EXCHANGE_S1_R' lacks attribute 'PAP_IO_SLEW', it's better to set the attribute for port.
W: ConstraintEditor-4042: Port 'p:o_CPLD_M_S_EXCHANGE_S1_R' lacks attribute 'BUS_KEEPER', it's better to set the attribute for port.
W: ConstraintEditor-4042: Port 'p:o_CPLD_M_S_EXCHANGE_S3_R' lacks attribute 'PAP_IO_DRIVE', it's better to set the attribute for port.
W: ConstraintEditor-4042: Port 'p:o_CPLD_M_S_EXCHANGE_S3_R' lacks attribute 'PAP_IO_SLEW', it's better to set the attribute for port.
W: ConstraintEditor-4042: Port 'p:o_CPLD_M_S_EXCHANGE_S3_R' lacks attribute 'BUS_KEEPER', it's better to set the attribute for port.
W: ConstraintEditor-4042: Port 'p:o_CPLD_M_S_EXCHANGE_S4_R' lacks attribute 'PAP_IO_DRIVE', it's better to set the attribute for port.
W: ConstraintEditor-4042: Port 'p:o_CPLD_M_S_EXCHANGE_S4_R' lacks attribute 'PAP_IO_SLEW', it's better to set the attribute for port.
W: ConstraintEditor-4042: Port 'p:o_CPLD_M_S_EXCHANGE_S4_R' lacks attribute 'BUS_KEEPER', it's better to set the attribute for port.
W: ConstraintEditor-4042: Port 'p:o_CPLD_M_S_EXCHANGE_S5_R' lacks attribute 'PAP_IO_DRIVE', it's better to set the attribute for port.
W: ConstraintEditor-4042: Port 'p:o_CPLD_M_S_EXCHANGE_S5_R' lacks attribute 'PAP_IO_SLEW', it's better to set the attribute for port.
W: ConstraintEditor-4042: Port 'p:o_CPLD_M_S_EXCHANGE_S5_R' lacks attribute 'BUS_KEEPER', it's better to set the attribute for port.
W: ConstraintEditor-4042: Port 'p:o_CPLD_M_S_SGPIO1_CLK_R' lacks attribute 'PAP_IO_DRIVE', it's better to set the attribute for port.
W: ConstraintEditor-4042: Port 'p:o_CPLD_M_S_SGPIO1_CLK_R' lacks attribute 'PAP_IO_SLEW', it's better to set the attribute for port.
W: ConstraintEditor-4042: Port 'p:o_CPLD_M_S_SGPIO1_CLK_R' lacks attribute 'BUS_KEEPER', it's better to set the attribute for port.
W: ConstraintEditor-4042: Port 'p:o_CPLD_M_S_SGPIO1_LD_N_R' lacks attribute 'PAP_IO_DRIVE', it's better to set the attribute for port.
W: ConstraintEditor-4042: Port 'p:o_CPLD_M_S_SGPIO1_LD_N_R' lacks attribute 'PAP_IO_SLEW', it's better to set the attribute for port.
W: ConstraintEditor-4042: Port 'p:o_CPLD_M_S_SGPIO1_LD_N_R' lacks attribute 'BUS_KEEPER', it's better to set the attribute for port.
W: ConstraintEditor-4042: Port 'p:o_CPLD_M_S_SGPIO1_MOSI_R' lacks attribute 'PAP_IO_DRIVE', it's better to set the attribute for port.
W: ConstraintEditor-4042: Port 'p:o_CPLD_M_S_SGPIO1_MOSI_R' lacks attribute 'PAP_IO_SLEW', it's better to set the attribute for port.
W: ConstraintEditor-4042: Port 'p:o_CPLD_M_S_SGPIO1_MOSI_R' lacks attribute 'BUS_KEEPER', it's better to set the attribute for port.
W: ConstraintEditor-4042: Port 'p:o_CPLD_M_S_SGPIO_CLK_R' lacks attribute 'PAP_IO_DRIVE', it's better to set the attribute for port.
W: ConstraintEditor-4042: Port 'p:o_CPLD_M_S_SGPIO_CLK_R' lacks attribute 'PAP_IO_SLEW', it's better to set the attribute for port.
W: ConstraintEditor-4042: Port 'p:o_CPLD_M_S_SGPIO_CLK_R' lacks attribute 'BUS_KEEPER', it's better to set the attribute for port.
W: ConstraintEditor-4042: Port 'p:o_CPLD_M_S_SGPIO_LD_N_R' lacks attribute 'PAP_IO_DRIVE', it's better to set the attribute for port.
W: ConstraintEditor-4042: Port 'p:o_CPLD_M_S_SGPIO_LD_N_R' lacks attribute 'PAP_IO_SLEW', it's better to set the attribute for port.
W: ConstraintEditor-4042: Port 'p:o_CPLD_M_S_SGPIO_LD_N_R' lacks attribute 'BUS_KEEPER', it's better to set the attribute for port.
W: ConstraintEditor-4042: Port 'p:o_CPLD_M_S_SGPIO_MOSI_R' lacks attribute 'PAP_IO_DRIVE', it's better to set the attribute for port.
W: ConstraintEditor-4042: Port 'p:o_CPLD_M_S_SGPIO_MOSI_R' lacks attribute 'PAP_IO_SLEW', it's better to set the attribute for port.
W: ConstraintEditor-4042: Port 'p:o_CPLD_M_S_SGPIO_MOSI_R' lacks attribute 'BUS_KEEPER', it's better to set the attribute for port.
W: ConstraintEditor-4042: Port 'p:o_CPU0_D0_SE_RECOVERY_R' lacks attribute 'PAP_IO_DRIVE', it's better to set the attribute for port.
W: ConstraintEditor-4042: Port 'p:o_CPU0_D0_SE_RECOVERY_R' lacks attribute 'PAP_IO_SLEW', it's better to set the attribute for port.
W: ConstraintEditor-4042: Port 'p:o_CPU0_D0_SE_RECOVERY_R' lacks attribute 'BUS_KEEPER', it's better to set the attribute for port.
W: ConstraintEditor-4042: Port 'p:o_CPU0_D0_SOFT_SHUTDOWN_INT_N' lacks attribute 'PAP_IO_DRIVE', it's better to set the attribute for port.
W: ConstraintEditor-4042: Port 'p:o_CPU0_D0_SOFT_SHUTDOWN_INT_N' lacks attribute 'PAP_IO_SLEW', it's better to set the attribute for port.
W: ConstraintEditor-4042: Port 'p:o_CPU0_D0_SOFT_SHUTDOWN_INT_N' lacks attribute 'BUS_KEEPER', it's better to set the attribute for port.
W: ConstraintEditor-4042: Port 'p:o_CPU0_D1_SE_RECOVERY_R' lacks attribute 'PAP_IO_DRIVE', it's better to set the attribute for port.
W: ConstraintEditor-4042: Port 'p:o_CPU0_D1_SE_RECOVERY_R' lacks attribute 'PAP_IO_SLEW', it's better to set the attribute for port.
W: ConstraintEditor-4042: Port 'p:o_CPU0_D1_SE_RECOVERY_R' lacks attribute 'BUS_KEEPER', it's better to set the attribute for port.
W: ConstraintEditor-4042: Port 'p:o_CPU0_D0123_SOCKET_ID_R' lacks attribute 'PAP_IO_DRIVE', it's better to set the attribute for port.
W: ConstraintEditor-4042: Port 'p:o_CPU0_D0123_SOCKET_ID_R' lacks attribute 'PAP_IO_SLEW', it's better to set the attribute for port.
W: ConstraintEditor-4042: Port 'p:o_CPU0_D0123_SOCKET_ID_R' lacks attribute 'BUS_KEEPER', it's better to set the attribute for port.
W: ConstraintEditor-4042: Port 'p:o_CPU0_I2C_TRAN_EN_R' lacks attribute 'PAP_IO_DRIVE', it's better to set the attribute for port.
W: ConstraintEditor-4042: Port 'p:o_CPU0_I2C_TRAN_EN_R' lacks attribute 'PAP_IO_SLEW', it's better to set the attribute for port.
W: ConstraintEditor-4042: Port 'p:o_CPU0_I2C_TRAN_EN_R' lacks attribute 'BUS_KEEPER', it's better to set the attribute for port.
W: ConstraintEditor-4042: Port 'p:o_CPU0_PE2_RST_N_R' lacks attribute 'PAP_IO_DRIVE', it's better to set the attribute for port.
W: ConstraintEditor-4042: Port 'p:o_CPU0_PE2_RST_N_R' lacks attribute 'PAP_IO_SLEW', it's better to set the attribute for port.
W: ConstraintEditor-4042: Port 'p:o_CPU0_PE2_RST_N_R' lacks attribute 'BUS_KEEPER', it's better to set the attribute for port.
W: ConstraintEditor-4042: Port 'p:o_CPU0_PE3_RST_N_R' lacks attribute 'PAP_IO_DRIVE', it's better to set the attribute for port.
W: ConstraintEditor-4042: Port 'p:o_CPU0_PE3_RST_N_R' lacks attribute 'PAP_IO_SLEW', it's better to set the attribute for port.
W: ConstraintEditor-4042: Port 'p:o_CPU0_PE3_RST_N_R' lacks attribute 'BUS_KEEPER', it's better to set the attribute for port.
W: ConstraintEditor-4042: Port 'p:o_CPU0_POR_N_R' lacks attribute 'PAP_IO_DRIVE', it's better to set the attribute for port.
W: ConstraintEditor-4042: Port 'p:o_CPU0_POR_N_R' lacks attribute 'PAP_IO_SLEW', it's better to set the attribute for port.
W: ConstraintEditor-4042: Port 'p:o_CPU0_POR_N_R' lacks attribute 'BUS_KEEPER', it's better to set the attribute for port.
W: ConstraintEditor-4042: Port 'p:o_CPU1_D0_SE_RECOVERY_R' lacks attribute 'PAP_IO_DRIVE', it's better to set the attribute for port.
W: ConstraintEditor-4042: Port 'p:o_CPU1_D0_SE_RECOVERY_R' lacks attribute 'PAP_IO_SLEW', it's better to set the attribute for port.
W: ConstraintEditor-4042: Port 'p:o_CPU1_D0_SE_RECOVERY_R' lacks attribute 'BUS_KEEPER', it's better to set the attribute for port.
W: ConstraintEditor-4042: Port 'p:o_CPU1_D0_SOFT_SHUTDOWN_INT_N' lacks attribute 'PAP_IO_DRIVE', it's better to set the attribute for port.
W: ConstraintEditor-4042: Port 'p:o_CPU1_D0_SOFT_SHUTDOWN_INT_N' lacks attribute 'PAP_IO_SLEW', it's better to set the attribute for port.
W: ConstraintEditor-4042: Port 'p:o_CPU1_D0_SOFT_SHUTDOWN_INT_N' lacks attribute 'BUS_KEEPER', it's better to set the attribute for port.
W: ConstraintEditor-4042: Port 'p:o_CPU1_D1_SE_RECOVERY_R' lacks attribute 'PAP_IO_DRIVE', it's better to set the attribute for port.
W: ConstraintEditor-4042: Port 'p:o_CPU1_D1_SE_RECOVERY_R' lacks attribute 'PAP_IO_SLEW', it's better to set the attribute for port.
W: ConstraintEditor-4042: Port 'p:o_CPU1_D1_SE_RECOVERY_R' lacks attribute 'BUS_KEEPER', it's better to set the attribute for port.
W: ConstraintEditor-4042: Port 'p:o_CPU1_D0123_SOCKET_ID_R' lacks attribute 'PAP_IO_DRIVE', it's better to set the attribute for port.
W: ConstraintEditor-4042: Port 'p:o_CPU1_D0123_SOCKET_ID_R' lacks attribute 'PAP_IO_SLEW', it's better to set the attribute for port.
W: ConstraintEditor-4042: Port 'p:o_CPU1_D0123_SOCKET_ID_R' lacks attribute 'BUS_KEEPER', it's better to set the attribute for port.
W: ConstraintEditor-4042: Port 'p:o_CPU1_I2C_TRAN_EN_R' lacks attribute 'PAP_IO_DRIVE', it's better to set the attribute for port.
W: ConstraintEditor-4042: Port 'p:o_CPU1_I2C_TRAN_EN_R' lacks attribute 'PAP_IO_SLEW', it's better to set the attribute for port.
W: ConstraintEditor-4042: Port 'p:o_CPU1_I2C_TRAN_EN_R' lacks attribute 'BUS_KEEPER', it's better to set the attribute for port.
W: ConstraintEditor-4042: Port 'p:o_CPU1_PE1_RST_N_R' lacks attribute 'PAP_IO_DRIVE', it's better to set the attribute for port.
W: ConstraintEditor-4042: Port 'p:o_CPU1_PE1_RST_N_R' lacks attribute 'PAP_IO_SLEW', it's better to set the attribute for port.
W: ConstraintEditor-4042: Port 'p:o_CPU1_PE1_RST_N_R' lacks attribute 'BUS_KEEPER', it's better to set the attribute for port.
W: ConstraintEditor-4042: Port 'p:o_CPU1_PE2_RST_N_R' lacks attribute 'PAP_IO_DRIVE', it's better to set the attribute for port.
W: ConstraintEditor-4042: Port 'p:o_CPU1_PE2_RST_N_R' lacks attribute 'PAP_IO_SLEW', it's better to set the attribute for port.
W: ConstraintEditor-4042: Port 'p:o_CPU1_PE2_RST_N_R' lacks attribute 'BUS_KEEPER', it's better to set the attribute for port.
W: ConstraintEditor-4042: Port 'p:o_CPU1_POR_N_R' lacks attribute 'PAP_IO_DRIVE', it's better to set the attribute for port.
W: ConstraintEditor-4042: Port 'p:o_CPU1_POR_N_R' lacks attribute 'PAP_IO_SLEW', it's better to set the attribute for port.
W: ConstraintEditor-4042: Port 'p:o_CPU1_POR_N_R' lacks attribute 'BUS_KEEPER', it's better to set the attribute for port.
W: ConstraintEditor-4042: Port 'p:o_P1V8_STBY_CPLD_EN_R' lacks attribute 'PAP_IO_DRIVE', it's better to set the attribute for port.
W: ConstraintEditor-4042: Port 'p:o_P1V8_STBY_CPLD_EN_R' lacks attribute 'PAP_IO_SLEW', it's better to set the attribute for port.
W: ConstraintEditor-4042: Port 'p:o_P1V8_STBY_CPLD_EN_R' lacks attribute 'BUS_KEEPER', it's better to set the attribute for port.
W: ConstraintEditor-4042: Port 'p:o_P5V_USB_MB_DOWN_EN_R' lacks attribute 'PAP_IO_DRIVE', it's better to set the attribute for port.
W: ConstraintEditor-4042: Port 'p:o_P5V_USB_MB_DOWN_EN_R' lacks attribute 'PAP_IO_SLEW', it's better to set the attribute for port.
W: ConstraintEditor-4042: Port 'p:o_P5V_USB_MB_DOWN_EN_R' lacks attribute 'BUS_KEEPER', it's better to set the attribute for port.
W: ConstraintEditor-4042: Port 'p:o_P5V_USB_MB_UP_EN_R' lacks attribute 'PAP_IO_DRIVE', it's better to set the attribute for port.
W: ConstraintEditor-4042: Port 'p:o_P5V_USB_MB_UP_EN_R' lacks attribute 'PAP_IO_SLEW', it's better to set the attribute for port.
W: ConstraintEditor-4042: Port 'p:o_P5V_USB_MB_UP_EN_R' lacks attribute 'BUS_KEEPER', it's better to set the attribute for port.
W: ConstraintEditor-4042: Port 'p:o_PAL_88SE9230_RST_N_R' lacks attribute 'PAP_IO_DRIVE', it's better to set the attribute for port.
W: ConstraintEditor-4042: Port 'p:o_PAL_88SE9230_RST_N_R' lacks attribute 'PAP_IO_SLEW', it's better to set the attribute for port.
W: ConstraintEditor-4042: Port 'p:o_PAL_88SE9230_RST_N_R' lacks attribute 'BUS_KEEPER', it's better to set the attribute for port.
W: ConstraintEditor-4042: Port 'p:o_PAL_BMC_PERST_N_R' lacks attribute 'PAP_IO_DRIVE', it's better to set the attribute for port.
W: ConstraintEditor-4042: Port 'p:o_PAL_BMC_PERST_N_R' lacks attribute 'PAP_IO_SLEW', it's better to set the attribute for port.
W: ConstraintEditor-4042: Port 'p:o_PAL_BMC_PERST_N_R' lacks attribute 'BUS_KEEPER', it's better to set the attribute for port.
W: ConstraintEditor-4042: Port 'p:o_PAL_BMC_SRST_R' lacks attribute 'PAP_IO_DRIVE', it's better to set the attribute for port.
W: ConstraintEditor-4042: Port 'p:o_PAL_BMC_SRST_R' lacks attribute 'PAP_IO_SLEW', it's better to set the attribute for port.
W: ConstraintEditor-4042: Port 'p:o_PAL_BMC_SRST_R' lacks attribute 'BUS_KEEPER', it's better to set the attribute for port.
W: ConstraintEditor-4042: Port 'p:o_PAL_CK440_PWRDN_N_R' lacks attribute 'PAP_IO_DRIVE', it's better to set the attribute for port.
W: ConstraintEditor-4042: Port 'p:o_PAL_CK440_PWRDN_N_R' lacks attribute 'PAP_IO_SLEW', it's better to set the attribute for port.
W: ConstraintEditor-4042: Port 'p:o_PAL_CK440_PWRDN_N_R' lacks attribute 'BUS_KEEPER', it's better to set the attribute for port.
W: ConstraintEditor-4042: Port 'p:o_PAL_CPU0_D0_VPH_1V8_EN' lacks attribute 'PAP_IO_DRIVE', it's better to set the attribute for port.
W: ConstraintEditor-4042: Port 'p:o_PAL_CPU0_D0_VPH_1V8_EN' lacks attribute 'PAP_IO_SLEW', it's better to set the attribute for port.
W: ConstraintEditor-4042: Port 'p:o_PAL_CPU0_D0_VPH_1V8_EN' lacks attribute 'BUS_KEEPER', it's better to set the attribute for port.
W: ConstraintEditor-4042: Port 'p:o_PAL_CPU0_D0_VP_0V9_EN' lacks attribute 'PAP_IO_DRIVE', it's better to set the attribute for port.
W: ConstraintEditor-4042: Port 'p:o_PAL_CPU0_D0_VP_0V9_EN' lacks attribute 'PAP_IO_SLEW', it's better to set the attribute for port.
W: ConstraintEditor-4042: Port 'p:o_PAL_CPU0_D0_VP_0V9_EN' lacks attribute 'BUS_KEEPER', it's better to set the attribute for port.
W: ConstraintEditor-4042: Port 'p:o_PAL_CPU0_D1_VPH_1V8_EN' lacks attribute 'PAP_IO_DRIVE', it's better to set the attribute for port.
W: ConstraintEditor-4042: Port 'p:o_PAL_CPU0_D1_VPH_1V8_EN' lacks attribute 'PAP_IO_SLEW', it's better to set the attribute for port.
W: ConstraintEditor-4042: Port 'p:o_PAL_CPU0_D1_VPH_1V8_EN' lacks attribute 'BUS_KEEPER', it's better to set the attribute for port.
W: ConstraintEditor-4042: Port 'p:o_PAL_CPU0_D1_VP_0V9_EN' lacks attribute 'PAP_IO_DRIVE', it's better to set the attribute for port.
W: ConstraintEditor-4042: Port 'p:o_PAL_CPU0_D1_VP_0V9_EN' lacks attribute 'PAP_IO_SLEW', it's better to set the attribute for port.
W: ConstraintEditor-4042: Port 'p:o_PAL_CPU0_D1_VP_0V9_EN' lacks attribute 'BUS_KEEPER', it's better to set the attribute for port.
W: ConstraintEditor-4042: Port 'p:o_PAL_CPU0_DDR_VDD_EN_R' lacks attribute 'PAP_IO_DRIVE', it's better to set the attribute for port.
W: ConstraintEditor-4042: Port 'p:o_PAL_CPU0_DDR_VDD_EN_R' lacks attribute 'PAP_IO_SLEW', it's better to set the attribute for port.
W: ConstraintEditor-4042: Port 'p:o_PAL_CPU0_DDR_VDD_EN_R' lacks attribute 'BUS_KEEPER', it's better to set the attribute for port.
W: ConstraintEditor-4042: Port 'p:o_PAL_CPU0_NVME_ALERT_N_R' lacks attribute 'PAP_IO_DRIVE', it's better to set the attribute for port.
W: ConstraintEditor-4042: Port 'p:o_PAL_CPU0_NVME_ALERT_N_R' lacks attribute 'PAP_IO_SLEW', it's better to set the attribute for port.
W: ConstraintEditor-4042: Port 'p:o_PAL_CPU0_NVME_ALERT_N_R' lacks attribute 'BUS_KEEPER', it's better to set the attribute for port.
W: ConstraintEditor-4042: Port 'p:o_PAL_CPU0_P1V8_EN_R' lacks attribute 'PAP_IO_DRIVE', it's better to set the attribute for port.
W: ConstraintEditor-4042: Port 'p:o_PAL_CPU0_P1V8_EN_R' lacks attribute 'PAP_IO_SLEW', it's better to set the attribute for port.
W: ConstraintEditor-4042: Port 'p:o_PAL_CPU0_P1V8_EN_R' lacks attribute 'BUS_KEEPER', it's better to set the attribute for port.
W: ConstraintEditor-4042: Port 'p:o_PAL_CPU0_PLL_P1V8_EN_R' lacks attribute 'PAP_IO_DRIVE', it's better to set the attribute for port.
W: ConstraintEditor-4042: Port 'p:o_PAL_CPU0_PLL_P1V8_EN_R' lacks attribute 'PAP_IO_SLEW', it's better to set the attribute for port.
W: ConstraintEditor-4042: Port 'p:o_PAL_CPU0_PLL_P1V8_EN_R' lacks attribute 'BUS_KEEPER', it's better to set the attribute for port.
W: ConstraintEditor-4042: Port 'p:o_PAL_CPU0_VDDQ_EN_R' lacks attribute 'PAP_IO_DRIVE', it's better to set the attribute for port.
W: ConstraintEditor-4042: Port 'p:o_PAL_CPU0_VDDQ_EN_R' lacks attribute 'PAP_IO_SLEW', it's better to set the attribute for port.
W: ConstraintEditor-4042: Port 'p:o_PAL_CPU0_VDDQ_EN_R' lacks attribute 'BUS_KEEPER', it's better to set the attribute for port.
W: ConstraintEditor-4042: Port 'p:o_PAL_CPU0_VDD_CORE_EN_R' lacks attribute 'PAP_IO_DRIVE', it's better to set the attribute for port.
W: ConstraintEditor-4042: Port 'p:o_PAL_CPU0_VDD_CORE_EN_R' lacks attribute 'PAP_IO_SLEW', it's better to set the attribute for port.
W: ConstraintEditor-4042: Port 'p:o_PAL_CPU0_VDD_CORE_EN_R' lacks attribute 'BUS_KEEPER', it's better to set the attribute for port.
W: ConstraintEditor-4042: Port 'p:o_PAL_CPU0_VR8_RESET_R' lacks attribute 'PAP_IO_DRIVE', it's better to set the attribute for port.
W: ConstraintEditor-4042: Port 'p:o_PAL_CPU0_VR8_RESET_R' lacks attribute 'PAP_IO_SLEW', it's better to set the attribute for port.
W: ConstraintEditor-4042: Port 'p:o_PAL_CPU0_VR8_RESET_R' lacks attribute 'BUS_KEEPER', it's better to set the attribute for port.
W: ConstraintEditor-4042: Port 'p:o_PAL_CPU0_VR_SELECT_N_R' lacks attribute 'PAP_IO_DRIVE', it's better to set the attribute for port.
W: ConstraintEditor-4042: Port 'p:o_PAL_CPU0_VR_SELECT_N_R' lacks attribute 'PAP_IO_SLEW', it's better to set the attribute for port.
W: ConstraintEditor-4042: Port 'p:o_PAL_CPU0_VR_SELECT_N_R' lacks attribute 'BUS_KEEPER', it's better to set the attribute for port.
W: ConstraintEditor-4042: Port 'p:o_PAL_CPU1_D0_VPH_1V8_EN' lacks attribute 'PAP_IO_DRIVE', it's better to set the attribute for port.
W: ConstraintEditor-4042: Port 'p:o_PAL_CPU1_D0_VPH_1V8_EN' lacks attribute 'PAP_IO_SLEW', it's better to set the attribute for port.
W: ConstraintEditor-4042: Port 'p:o_PAL_CPU1_D0_VPH_1V8_EN' lacks attribute 'BUS_KEEPER', it's better to set the attribute for port.
W: ConstraintEditor-4042: Port 'p:o_PAL_CPU1_D0_VP_0V9_EN' lacks attribute 'PAP_IO_DRIVE', it's better to set the attribute for port.
W: ConstraintEditor-4042: Port 'p:o_PAL_CPU1_D0_VP_0V9_EN' lacks attribute 'PAP_IO_SLEW', it's better to set the attribute for port.
W: ConstraintEditor-4042: Port 'p:o_PAL_CPU1_D0_VP_0V9_EN' lacks attribute 'BUS_KEEPER', it's better to set the attribute for port.
W: ConstraintEditor-4042: Port 'p:o_PAL_CPU1_D1_VPH_1V8_EN' lacks attribute 'PAP_IO_DRIVE', it's better to set the attribute for port.
W: ConstraintEditor-4042: Port 'p:o_PAL_CPU1_D1_VPH_1V8_EN' lacks attribute 'PAP_IO_SLEW', it's better to set the attribute for port.
W: ConstraintEditor-4042: Port 'p:o_PAL_CPU1_D1_VPH_1V8_EN' lacks attribute 'BUS_KEEPER', it's better to set the attribute for port.
W: ConstraintEditor-4042: Port 'p:o_PAL_CPU1_D1_VP_0V9_EN' lacks attribute 'PAP_IO_DRIVE', it's better to set the attribute for port.
W: ConstraintEditor-4042: Port 'p:o_PAL_CPU1_D1_VP_0V9_EN' lacks attribute 'PAP_IO_SLEW', it's better to set the attribute for port.
W: ConstraintEditor-4042: Port 'p:o_PAL_CPU1_D1_VP_0V9_EN' lacks attribute 'BUS_KEEPER', it's better to set the attribute for port.
W: ConstraintEditor-4042: Port 'p:o_PAL_CPU1_DDR_VDD_EN_R' lacks attribute 'PAP_IO_DRIVE', it's better to set the attribute for port.
W: ConstraintEditor-4042: Port 'p:o_PAL_CPU1_DDR_VDD_EN_R' lacks attribute 'PAP_IO_SLEW', it's better to set the attribute for port.
W: ConstraintEditor-4042: Port 'p:o_PAL_CPU1_DDR_VDD_EN_R' lacks attribute 'BUS_KEEPER', it's better to set the attribute for port.
W: ConstraintEditor-4042: Port 'p:o_PAL_CPU1_NVME_ALERT_N_R' lacks attribute 'PAP_IO_DRIVE', it's better to set the attribute for port.
W: ConstraintEditor-4042: Port 'p:o_PAL_CPU1_NVME_ALERT_N_R' lacks attribute 'PAP_IO_SLEW', it's better to set the attribute for port.
W: ConstraintEditor-4042: Port 'p:o_PAL_CPU1_NVME_ALERT_N_R' lacks attribute 'BUS_KEEPER', it's better to set the attribute for port.
W: ConstraintEditor-4042: Port 'p:o_PAL_CPU1_P1V8_EN_R' lacks attribute 'PAP_IO_DRIVE', it's better to set the attribute for port.
W: ConstraintEditor-4042: Port 'p:o_PAL_CPU1_P1V8_EN_R' lacks attribute 'PAP_IO_SLEW', it's better to set the attribute for port.
W: ConstraintEditor-4042: Port 'p:o_PAL_CPU1_P1V8_EN_R' lacks attribute 'BUS_KEEPER', it's better to set the attribute for port.
W: ConstraintEditor-4042: Port 'p:o_PAL_CPU1_PLL_P1V8_EN_R' lacks attribute 'PAP_IO_DRIVE', it's better to set the attribute for port.
W: ConstraintEditor-4042: Port 'p:o_PAL_CPU1_PLL_P1V8_EN_R' lacks attribute 'PAP_IO_SLEW', it's better to set the attribute for port.
W: ConstraintEditor-4042: Port 'p:o_PAL_CPU1_PLL_P1V8_EN_R' lacks attribute 'BUS_KEEPER', it's better to set the attribute for port.
W: ConstraintEditor-4042: Port 'p:o_PAL_CPU1_VDDQ_EN_R' lacks attribute 'PAP_IO_DRIVE', it's better to set the attribute for port.
W: ConstraintEditor-4042: Port 'p:o_PAL_CPU1_VDDQ_EN_R' lacks attribute 'PAP_IO_SLEW', it's better to set the attribute for port.
W: ConstraintEditor-4042: Port 'p:o_PAL_CPU1_VDDQ_EN_R' lacks attribute 'BUS_KEEPER', it's better to set the attribute for port.
W: ConstraintEditor-4042: Port 'p:o_PAL_CPU1_VDD_CORE_EN_R' lacks attribute 'PAP_IO_DRIVE', it's better to set the attribute for port.
W: ConstraintEditor-4042: Port 'p:o_PAL_CPU1_VDD_CORE_EN_R' lacks attribute 'PAP_IO_SLEW', it's better to set the attribute for port.
W: ConstraintEditor-4042: Port 'p:o_PAL_CPU1_VDD_CORE_EN_R' lacks attribute 'BUS_KEEPER', it's better to set the attribute for port.
W: ConstraintEditor-4042: Port 'p:o_PAL_CPU1_VR8_RESET_R' lacks attribute 'PAP_IO_DRIVE', it's better to set the attribute for port.
W: ConstraintEditor-4042: Port 'p:o_PAL_CPU1_VR8_RESET_R' lacks attribute 'PAP_IO_SLEW', it's better to set the attribute for port.
W: ConstraintEditor-4042: Port 'p:o_PAL_CPU1_VR8_RESET_R' lacks attribute 'BUS_KEEPER', it's better to set the attribute for port.
W: ConstraintEditor-4042: Port 'p:o_PAL_CPU1_VR_SELECT_N_R' lacks attribute 'PAP_IO_DRIVE', it's better to set the attribute for port.
W: ConstraintEditor-4042: Port 'p:o_PAL_CPU1_VR_SELECT_N_R' lacks attribute 'PAP_IO_SLEW', it's better to set the attribute for port.
W: ConstraintEditor-4042: Port 'p:o_PAL_CPU1_VR_SELECT_N_R' lacks attribute 'BUS_KEEPER', it's better to set the attribute for port.
W: ConstraintEditor-4042: Port 'p:o_PAL_DPLL_GPIO0_R' lacks attribute 'PAP_IO_DRIVE', it's better to set the attribute for port.
W: ConstraintEditor-4042: Port 'p:o_PAL_DPLL_GPIO0_R' lacks attribute 'PAP_IO_SLEW', it's better to set the attribute for port.
W: ConstraintEditor-4042: Port 'p:o_PAL_DPLL_GPIO0_R' lacks attribute 'BUS_KEEPER', it's better to set the attribute for port.
W: ConstraintEditor-4042: Port 'p:o_PAL_DPLL_GPIO1_R' lacks attribute 'PAP_IO_DRIVE', it's better to set the attribute for port.
W: ConstraintEditor-4042: Port 'p:o_PAL_DPLL_GPIO1_R' lacks attribute 'PAP_IO_SLEW', it's better to set the attribute for port.
W: ConstraintEditor-4042: Port 'p:o_PAL_DPLL_GPIO1_R' lacks attribute 'BUS_KEEPER', it's better to set the attribute for port.
W: ConstraintEditor-4042: Port 'p:o_PAL_DPLL_INIT_R' lacks attribute 'PAP_IO_DRIVE', it's better to set the attribute for port.
W: ConstraintEditor-4042: Port 'p:o_PAL_DPLL_INIT_R' lacks attribute 'PAP_IO_SLEW', it's better to set the attribute for port.
W: ConstraintEditor-4042: Port 'p:o_PAL_DPLL_INIT_R' lacks attribute 'BUS_KEEPER', it's better to set the attribute for port.
W: ConstraintEditor-4042: Port 'p:o_PAL_DPLL_RESET_R' lacks attribute 'PAP_IO_DRIVE', it's better to set the attribute for port.
W: ConstraintEditor-4042: Port 'p:o_PAL_DPLL_RESET_R' lacks attribute 'PAP_IO_SLEW', it's better to set the attribute for port.
W: ConstraintEditor-4042: Port 'p:o_PAL_DPLL_RESET_R' lacks attribute 'BUS_KEEPER', it's better to set the attribute for port.
W: ConstraintEditor-4042: Port 'p:o_PAL_FAN0_PWM_R' lacks attribute 'PAP_IO_DRIVE', it's better to set the attribute for port.
W: ConstraintEditor-4042: Port 'p:o_PAL_FAN0_PWM_R' lacks attribute 'PAP_IO_SLEW', it's better to set the attribute for port.
W: ConstraintEditor-4042: Port 'p:o_PAL_FAN0_PWM_R' lacks attribute 'BUS_KEEPER', it's better to set the attribute for port.
W: ConstraintEditor-4042: Port 'p:o_PAL_FAN1_PWM_R' lacks attribute 'PAP_IO_DRIVE', it's better to set the attribute for port.
W: ConstraintEditor-4042: Port 'p:o_PAL_FAN1_PWM_R' lacks attribute 'PAP_IO_SLEW', it's better to set the attribute for port.
W: ConstraintEditor-4042: Port 'p:o_PAL_FAN1_PWM_R' lacks attribute 'BUS_KEEPER', it's better to set the attribute for port.
W: ConstraintEditor-4042: Port 'p:o_PAL_FAN2_PWM_R' lacks attribute 'PAP_IO_DRIVE', it's better to set the attribute for port.
W: ConstraintEditor-4042: Port 'p:o_PAL_FAN2_PWM_R' lacks attribute 'PAP_IO_SLEW', it's better to set the attribute for port.
W: ConstraintEditor-4042: Port 'p:o_PAL_FAN2_PWM_R' lacks attribute 'BUS_KEEPER', it's better to set the attribute for port.
W: ConstraintEditor-4042: Port 'p:o_PAL_FAN3_PWM_R' lacks attribute 'PAP_IO_DRIVE', it's better to set the attribute for port.
W: ConstraintEditor-4042: Port 'p:o_PAL_FAN3_PWM_R' lacks attribute 'PAP_IO_SLEW', it's better to set the attribute for port.
W: ConstraintEditor-4042: Port 'p:o_PAL_FAN3_PWM_R' lacks attribute 'BUS_KEEPER', it's better to set the attribute for port.
W: ConstraintEditor-4042: Port 'p:o_PAL_FAN_FAIL_LED0_R' lacks attribute 'PAP_IO_DRIVE', it's better to set the attribute for port.
W: ConstraintEditor-4042: Port 'p:o_PAL_FAN_FAIL_LED0_R' lacks attribute 'PAP_IO_SLEW', it's better to set the attribute for port.
W: ConstraintEditor-4042: Port 'p:o_PAL_FAN_FAIL_LED0_R' lacks attribute 'BUS_KEEPER', it's better to set the attribute for port.
W: ConstraintEditor-4042: Port 'p:o_PAL_FAN_FAIL_LED1_R' lacks attribute 'PAP_IO_DRIVE', it's better to set the attribute for port.
W: ConstraintEditor-4042: Port 'p:o_PAL_FAN_FAIL_LED1_R' lacks attribute 'PAP_IO_SLEW', it's better to set the attribute for port.
W: ConstraintEditor-4042: Port 'p:o_PAL_FAN_FAIL_LED1_R' lacks attribute 'BUS_KEEPER', it's better to set the attribute for port.
W: ConstraintEditor-4042: Port 'p:o_PAL_FAN_FAIL_LED2_R' lacks attribute 'PAP_IO_DRIVE', it's better to set the attribute for port.
W: ConstraintEditor-4042: Port 'p:o_PAL_FAN_FAIL_LED2_R' lacks attribute 'PAP_IO_SLEW', it's better to set the attribute for port.
W: ConstraintEditor-4042: Port 'p:o_PAL_FAN_FAIL_LED2_R' lacks attribute 'BUS_KEEPER', it's better to set the attribute for port.
W: ConstraintEditor-4042: Port 'p:o_PAL_FAN_FAIL_LED3_R' lacks attribute 'PAP_IO_DRIVE', it's better to set the attribute for port.
W: ConstraintEditor-4042: Port 'p:o_PAL_FAN_FAIL_LED3_R' lacks attribute 'PAP_IO_SLEW', it's better to set the attribute for port.
W: ConstraintEditor-4042: Port 'p:o_PAL_FAN_FAIL_LED3_R' lacks attribute 'BUS_KEEPER', it's better to set the attribute for port.
W: ConstraintEditor-4042: Port 'p:o_PAL_FAN_NRML_LED0_R' lacks attribute 'PAP_IO_DRIVE', it's better to set the attribute for port.
W: ConstraintEditor-4042: Port 'p:o_PAL_FAN_NRML_LED0_R' lacks attribute 'PAP_IO_SLEW', it's better to set the attribute for port.
W: ConstraintEditor-4042: Port 'p:o_PAL_FAN_NRML_LED0_R' lacks attribute 'BUS_KEEPER', it's better to set the attribute for port.
W: ConstraintEditor-4042: Port 'p:o_PAL_FAN_NRML_LED1_R' lacks attribute 'PAP_IO_DRIVE', it's better to set the attribute for port.
W: ConstraintEditor-4042: Port 'p:o_PAL_FAN_NRML_LED1_R' lacks attribute 'PAP_IO_SLEW', it's better to set the attribute for port.
W: ConstraintEditor-4042: Port 'p:o_PAL_FAN_NRML_LED1_R' lacks attribute 'BUS_KEEPER', it's better to set the attribute for port.
W: ConstraintEditor-4042: Port 'p:o_PAL_FAN_NRML_LED2_R' lacks attribute 'PAP_IO_DRIVE', it's better to set the attribute for port.
W: ConstraintEditor-4042: Port 'p:o_PAL_FAN_NRML_LED2_R' lacks attribute 'PAP_IO_SLEW', it's better to set the attribute for port.
W: ConstraintEditor-4042: Port 'p:o_PAL_FAN_NRML_LED2_R' lacks attribute 'BUS_KEEPER', it's better to set the attribute for port.
W: ConstraintEditor-4042: Port 'p:o_PAL_FAN_NRML_LED3_R' lacks attribute 'PAP_IO_DRIVE', it's better to set the attribute for port.
W: ConstraintEditor-4042: Port 'p:o_PAL_FAN_NRML_LED3_R' lacks attribute 'PAP_IO_SLEW', it's better to set the attribute for port.
W: ConstraintEditor-4042: Port 'p:o_PAL_FAN_NRML_LED3_R' lacks attribute 'BUS_KEEPER', it's better to set the attribute for port.
W: ConstraintEditor-4042: Port 'p:o_PAL_P3V3_STBY_RST_R' lacks attribute 'PAP_IO_DRIVE', it's better to set the attribute for port.
W: ConstraintEditor-4042: Port 'p:o_PAL_P3V3_STBY_RST_R' lacks attribute 'PAP_IO_SLEW', it's better to set the attribute for port.
W: ConstraintEditor-4042: Port 'p:o_PAL_P3V3_STBY_RST_R' lacks attribute 'BUS_KEEPER', it's better to set the attribute for port.
W: ConstraintEditor-4042: Port 'p:o_PAL_P5V_STBY_EN_R' lacks attribute 'PAP_IO_DRIVE', it's better to set the attribute for port.
W: ConstraintEditor-4042: Port 'p:o_PAL_P5V_STBY_EN_R' lacks attribute 'PAP_IO_SLEW', it's better to set the attribute for port.
W: ConstraintEditor-4042: Port 'p:o_PAL_P5V_STBY_EN_R' lacks attribute 'BUS_KEEPER', it's better to set the attribute for port.
W: ConstraintEditor-4042: Port 'p:o_PAL_P12V_CPU0_VIN_EN_R' lacks attribute 'PAP_IO_DRIVE', it's better to set the attribute for port.
W: ConstraintEditor-4042: Port 'p:o_PAL_P12V_CPU0_VIN_EN_R' lacks attribute 'PAP_IO_SLEW', it's better to set the attribute for port.
W: ConstraintEditor-4042: Port 'p:o_PAL_P12V_CPU0_VIN_EN_R' lacks attribute 'BUS_KEEPER', it's better to set the attribute for port.
W: ConstraintEditor-4042: Port 'p:o_PAL_P12V_CPU1_VIN_EN_R' lacks attribute 'PAP_IO_DRIVE', it's better to set the attribute for port.
W: ConstraintEditor-4042: Port 'p:o_PAL_P12V_CPU1_VIN_EN_R' lacks attribute 'PAP_IO_SLEW', it's better to set the attribute for port.
W: ConstraintEditor-4042: Port 'p:o_PAL_P12V_CPU1_VIN_EN_R' lacks attribute 'BUS_KEEPER', it's better to set the attribute for port.
W: ConstraintEditor-4042: Port 'p:o_PAL_P12V_DISCHARGE_R' lacks attribute 'PAP_IO_DRIVE', it's better to set the attribute for port.
W: ConstraintEditor-4042: Port 'p:o_PAL_P12V_DISCHARGE_R' lacks attribute 'PAP_IO_SLEW', it's better to set the attribute for port.
W: ConstraintEditor-4042: Port 'p:o_PAL_P12V_DISCHARGE_R' lacks attribute 'BUS_KEEPER', it's better to set the attribute for port.
W: ConstraintEditor-4042: Port 'p:o_PAL_P12V_FAN0_EN_R' lacks attribute 'PAP_IO_DRIVE', it's better to set the attribute for port.
W: ConstraintEditor-4042: Port 'p:o_PAL_P12V_FAN0_EN_R' lacks attribute 'PAP_IO_SLEW', it's better to set the attribute for port.
W: ConstraintEditor-4042: Port 'p:o_PAL_P12V_FAN0_EN_R' lacks attribute 'BUS_KEEPER', it's better to set the attribute for port.
W: ConstraintEditor-4042: Port 'p:o_PAL_P12V_FAN1_EN_R' lacks attribute 'PAP_IO_DRIVE', it's better to set the attribute for port.
W: ConstraintEditor-4042: Port 'p:o_PAL_P12V_FAN1_EN_R' lacks attribute 'PAP_IO_SLEW', it's better to set the attribute for port.
W: ConstraintEditor-4042: Port 'p:o_PAL_P12V_FAN1_EN_R' lacks attribute 'BUS_KEEPER', it's better to set the attribute for port.
W: ConstraintEditor-4042: Port 'p:o_PAL_P12V_FAN2_EN_R' lacks attribute 'PAP_IO_DRIVE', it's better to set the attribute for port.
W: ConstraintEditor-4042: Port 'p:o_PAL_P12V_FAN2_EN_R' lacks attribute 'PAP_IO_SLEW', it's better to set the attribute for port.
W: ConstraintEditor-4042: Port 'p:o_PAL_P12V_FAN2_EN_R' lacks attribute 'BUS_KEEPER', it's better to set the attribute for port.
W: ConstraintEditor-4042: Port 'p:o_PAL_P12V_FAN3_EN_R' lacks attribute 'PAP_IO_DRIVE', it's better to set the attribute for port.
W: ConstraintEditor-4042: Port 'p:o_PAL_P12V_FAN3_EN_R' lacks attribute 'PAP_IO_SLEW', it's better to set the attribute for port.
W: ConstraintEditor-4042: Port 'p:o_PAL_P12V_FAN3_EN_R' lacks attribute 'BUS_KEEPER', it's better to set the attribute for port.
W: ConstraintEditor-4042: Port 'p:o_PAL_P12V_RISER1_VIN_EN_R' lacks attribute 'PAP_IO_DRIVE', it's better to set the attribute for port.
W: ConstraintEditor-4042: Port 'p:o_PAL_P12V_RISER1_VIN_EN_R' lacks attribute 'PAP_IO_SLEW', it's better to set the attribute for port.
W: ConstraintEditor-4042: Port 'p:o_PAL_P12V_RISER1_VIN_EN_R' lacks attribute 'BUS_KEEPER', it's better to set the attribute for port.
W: ConstraintEditor-4042: Port 'p:o_PAL_P12V_RISER2_VIN_EN_R' lacks attribute 'PAP_IO_DRIVE', it's better to set the attribute for port.
W: ConstraintEditor-4042: Port 'p:o_PAL_P12V_RISER2_VIN_EN_R' lacks attribute 'PAP_IO_SLEW', it's better to set the attribute for port.
W: ConstraintEditor-4042: Port 'p:o_PAL_P12V_RISER2_VIN_EN_R' lacks attribute 'BUS_KEEPER', it's better to set the attribute for port.
W: ConstraintEditor-4042: Port 'p:o_PAL_PS1_P12V_ON_R' lacks attribute 'PAP_IO_DRIVE', it's better to set the attribute for port.
W: ConstraintEditor-4042: Port 'p:o_PAL_PS1_P12V_ON_R' lacks attribute 'PAP_IO_SLEW', it's better to set the attribute for port.
W: ConstraintEditor-4042: Port 'p:o_PAL_PS1_P12V_ON_R' lacks attribute 'BUS_KEEPER', it's better to set the attribute for port.
W: ConstraintEditor-4042: Port 'p:o_PAL_PS2_P12V_ON_R' lacks attribute 'PAP_IO_DRIVE', it's better to set the attribute for port.
W: ConstraintEditor-4042: Port 'p:o_PAL_PS2_P12V_ON_R' lacks attribute 'PAP_IO_SLEW', it's better to set the attribute for port.
W: ConstraintEditor-4042: Port 'p:o_PAL_PS2_P12V_ON_R' lacks attribute 'BUS_KEEPER', it's better to set the attribute for port.
W: ConstraintEditor-4042: Port 'p:o_PAL_PVCC_HPMOS_CPU_EN_R' lacks attribute 'PAP_IO_DRIVE', it's better to set the attribute for port.
W: ConstraintEditor-4042: Port 'p:o_PAL_PVCC_HPMOS_CPU_EN_R' lacks attribute 'PAP_IO_SLEW', it's better to set the attribute for port.
W: ConstraintEditor-4042: Port 'p:o_PAL_PVCC_HPMOS_CPU_EN_R' lacks attribute 'BUS_KEEPER', it's better to set the attribute for port.
W: ConstraintEditor-4042: Port 'p:o_PAL_PWR_LOM_EN_R' lacks attribute 'PAP_IO_DRIVE', it's better to set the attribute for port.
W: ConstraintEditor-4042: Port 'p:o_PAL_PWR_LOM_EN_R' lacks attribute 'PAP_IO_SLEW', it's better to set the attribute for port.
W: ConstraintEditor-4042: Port 'p:o_PAL_PWR_LOM_EN_R' lacks attribute 'BUS_KEEPER', it's better to set the attribute for port.
W: ConstraintEditor-4042: Port 'p:o_PAL_REAT_BP_EFUSE_EN_R' lacks attribute 'PAP_IO_DRIVE', it's better to set the attribute for port.
W: ConstraintEditor-4042: Port 'p:o_PAL_REAT_BP_EFUSE_EN_R' lacks attribute 'PAP_IO_SLEW', it's better to set the attribute for port.
W: ConstraintEditor-4042: Port 'p:o_PAL_REAT_BP_EFUSE_EN_R' lacks attribute 'BUS_KEEPER', it's better to set the attribute for port.
W: ConstraintEditor-4042: Port 'p:o_PAL_RISER1_PWR_EN_R' lacks attribute 'PAP_IO_DRIVE', it's better to set the attribute for port.
W: ConstraintEditor-4042: Port 'p:o_PAL_RISER1_PWR_EN_R' lacks attribute 'PAP_IO_SLEW', it's better to set the attribute for port.
W: ConstraintEditor-4042: Port 'p:o_PAL_RISER1_PWR_EN_R' lacks attribute 'BUS_KEEPER', it's better to set the attribute for port.
W: ConstraintEditor-4042: Port 'p:o_PAL_RISER2_PWR_EN_R' lacks attribute 'PAP_IO_DRIVE', it's better to set the attribute for port.
W: ConstraintEditor-4042: Port 'p:o_PAL_RISER2_PWR_EN_R' lacks attribute 'PAP_IO_SLEW', it's better to set the attribute for port.
W: ConstraintEditor-4042: Port 'p:o_PAL_RISER2_PWR_EN_R' lacks attribute 'BUS_KEEPER', it's better to set the attribute for port.
W: ConstraintEditor-4042: Port 'p:o_PAL_RISER2_SWITCH_EN' lacks attribute 'PAP_IO_DRIVE', it's better to set the attribute for port.
W: ConstraintEditor-4042: Port 'p:o_PAL_RISER2_SWITCH_EN' lacks attribute 'PAP_IO_SLEW', it's better to set the attribute for port.
W: ConstraintEditor-4042: Port 'p:o_PAL_RISER2_SWITCH_EN' lacks attribute 'BUS_KEEPER', it's better to set the attribute for port.
W: ConstraintEditor-4042: Port 'p:o_PAL_RST_CPU0_VPP_N_R' lacks attribute 'PAP_IO_DRIVE', it's better to set the attribute for port.
W: ConstraintEditor-4042: Port 'p:o_PAL_RST_CPU0_VPP_N_R' lacks attribute 'PAP_IO_SLEW', it's better to set the attribute for port.
W: ConstraintEditor-4042: Port 'p:o_PAL_RST_CPU0_VPP_N_R' lacks attribute 'BUS_KEEPER', it's better to set the attribute for port.
W: ConstraintEditor-4042: Port 'p:o_PAL_RST_CPU1_VPP_N_R' lacks attribute 'PAP_IO_DRIVE', it's better to set the attribute for port.
W: ConstraintEditor-4042: Port 'p:o_PAL_RST_CPU1_VPP_N_R' lacks attribute 'PAP_IO_SLEW', it's better to set the attribute for port.
W: ConstraintEditor-4042: Port 'p:o_PAL_RST_CPU1_VPP_N_R' lacks attribute 'BUS_KEEPER', it's better to set the attribute for port.
W: ConstraintEditor-4042: Port 'p:o_PAL_RTC_SELECT_N' lacks attribute 'PAP_IO_DRIVE', it's better to set the attribute for port.
W: ConstraintEditor-4042: Port 'p:o_PAL_RTC_SELECT_N' lacks attribute 'PAP_IO_SLEW', it's better to set the attribute for port.
W: ConstraintEditor-4042: Port 'p:o_PAL_RTC_SELECT_N' lacks attribute 'BUS_KEEPER', it's better to set the attribute for port.
W: ConstraintEditor-4042: Port 'p:o_PAL_SYS_EEPROM_BYPASS_N_R' lacks attribute 'PAP_IO_DRIVE', it's better to set the attribute for port.
W: ConstraintEditor-4042: Port 'p:o_PAL_SYS_EEPROM_BYPASS_N_R' lacks attribute 'PAP_IO_SLEW', it's better to set the attribute for port.
W: ConstraintEditor-4042: Port 'p:o_PAL_SYS_EEPROM_BYPASS_N_R' lacks attribute 'BUS_KEEPER', it's better to set the attribute for port.
W: ConstraintEditor-4042: Port 'p:o_PAL_UPD_VCC_3V3_EN_R' lacks attribute 'PAP_IO_DRIVE', it's better to set the attribute for port.
W: ConstraintEditor-4042: Port 'p:o_PAL_UPD_VCC_3V3_EN_R' lacks attribute 'PAP_IO_SLEW', it's better to set the attribute for port.
W: ConstraintEditor-4042: Port 'p:o_PAL_UPD_VCC_3V3_EN_R' lacks attribute 'BUS_KEEPER', it's better to set the attribute for port.
W: ConstraintEditor-4042: Port 'p:o_PAL_VCC_1V1_EN_R' lacks attribute 'PAP_IO_DRIVE', it's better to set the attribute for port.
W: ConstraintEditor-4042: Port 'p:o_PAL_VCC_1V1_EN_R' lacks attribute 'PAP_IO_SLEW', it's better to set the attribute for port.
W: ConstraintEditor-4042: Port 'p:o_PAL_VCC_1V1_EN_R' lacks attribute 'BUS_KEEPER', it's better to set the attribute for port.
W: ConstraintEditor-4042: Port 'p:o_PAL_WX1860_NRST_R' lacks attribute 'PAP_IO_DRIVE', it's better to set the attribute for port.
W: ConstraintEditor-4042: Port 'p:o_PAL_WX1860_NRST_R' lacks attribute 'PAP_IO_SLEW', it's better to set the attribute for port.
W: ConstraintEditor-4042: Port 'p:o_PAL_WX1860_NRST_R' lacks attribute 'BUS_KEEPER', it's better to set the attribute for port.
W: ConstraintEditor-4042: Port 'p:o_PAL_WX1860_PERST_R' lacks attribute 'PAP_IO_DRIVE', it's better to set the attribute for port.
W: ConstraintEditor-4042: Port 'p:o_PAL_WX1860_PERST_R' lacks attribute 'PAP_IO_SLEW', it's better to set the attribute for port.
W: ConstraintEditor-4042: Port 'p:o_PAL_WX1860_PERST_R' lacks attribute 'BUS_KEEPER', it's better to set the attribute for port.
W: ConstraintEditor-4042: Port 'p:o_PWR_88SE9230_P1V0_EN_R' lacks attribute 'PAP_IO_DRIVE', it's better to set the attribute for port.
W: ConstraintEditor-4042: Port 'p:o_PWR_88SE9230_P1V0_EN_R' lacks attribute 'PAP_IO_SLEW', it's better to set the attribute for port.
W: ConstraintEditor-4042: Port 'p:o_PWR_88SE9230_P1V0_EN_R' lacks attribute 'BUS_KEEPER', it's better to set the attribute for port.
W: ConstraintEditor-4042: Port 'p:o_PWR_88SE9230_P1V8_EN_R' lacks attribute 'PAP_IO_DRIVE', it's better to set the attribute for port.
W: ConstraintEditor-4042: Port 'p:o_PWR_88SE9230_P1V8_EN_R' lacks attribute 'PAP_IO_SLEW', it's better to set the attribute for port.
W: ConstraintEditor-4042: Port 'p:o_PWR_88SE9230_P1V8_EN_R' lacks attribute 'BUS_KEEPER', it's better to set the attribute for port.
W: ConstraintEditor-4042: Port 'p:o_CPU0_D1_SPI0_CS' lacks attribute 'PAP_IO_DRIVE', it's better to set the attribute for port.
W: ConstraintEditor-4042: Port 'p:o_CPU0_D1_SPI0_CS' lacks attribute 'PAP_IO_SLEW', it's better to set the attribute for port.
W: ConstraintEditor-4042: Port 'p:o_CPU0_D1_SPI0_CS' lacks attribute 'BUS_KEEPER', it's better to set the attribute for port.
W: ConstraintEditor-4042: Port 'p:o_CPU0_D1_SPI0_MOSI' lacks attribute 'PAP_IO_DRIVE', it's better to set the attribute for port.
W: ConstraintEditor-4042: Port 'p:o_CPU0_D1_SPI0_MOSI' lacks attribute 'PAP_IO_SLEW', it's better to set the attribute for port.
W: ConstraintEditor-4042: Port 'p:o_CPU0_D1_SPI0_MOSI' lacks attribute 'BUS_KEEPER', it's better to set the attribute for port.
W: ConstraintEditor-4042: Port 'p:o_CPU0_D1_SPI0_SCK' lacks attribute 'PAP_IO_DRIVE', it's better to set the attribute for port.
W: ConstraintEditor-4042: Port 'p:o_CPU0_D1_SPI0_SCK' lacks attribute 'PAP_IO_SLEW', it's better to set the attribute for port.
W: ConstraintEditor-4042: Port 'p:o_CPU0_D1_SPI0_SCK' lacks attribute 'BUS_KEEPER', it's better to set the attribute for port.
W: ConstraintEditor-4042: Port 'p:o_CPU0_SB_EN_R' lacks attribute 'PAP_IO_DRIVE', it's better to set the attribute for port.
W: ConstraintEditor-4042: Port 'p:o_CPU0_SB_EN_R' lacks attribute 'PAP_IO_SLEW', it's better to set the attribute for port.
W: ConstraintEditor-4042: Port 'p:o_CPU0_SB_EN_R' lacks attribute 'BUS_KEEPER', it's better to set the attribute for port.
W: ConstraintEditor-4042: Port 'p:o_CPU1_SB_EN_R' lacks attribute 'PAP_IO_DRIVE', it's better to set the attribute for port.
W: ConstraintEditor-4042: Port 'p:o_CPU1_SB_EN_R' lacks attribute 'PAP_IO_SLEW', it's better to set the attribute for port.
W: ConstraintEditor-4042: Port 'p:o_CPU1_SB_EN_R' lacks attribute 'BUS_KEEPER', it's better to set the attribute for port.
W: ConstraintEditor-4042: Port 'p:o_FT_CPU0_SCP_BOOT_FROM_FLASH_R' lacks attribute 'PAP_IO_DRIVE', it's better to set the attribute for port.
W: ConstraintEditor-4042: Port 'p:o_FT_CPU0_SCP_BOOT_FROM_FLASH_R' lacks attribute 'PAP_IO_SLEW', it's better to set the attribute for port.
W: ConstraintEditor-4042: Port 'p:o_FT_CPU0_SCP_BOOT_FROM_FLASH_R' lacks attribute 'BUS_KEEPER', it's better to set the attribute for port.
W: ConstraintEditor-4042: Port 'p:o_FT_CPU1_SCP_BOOT_FROM_FLASH_R' lacks attribute 'PAP_IO_DRIVE', it's better to set the attribute for port.
W: ConstraintEditor-4042: Port 'p:o_FT_CPU1_SCP_BOOT_FROM_FLASH_R' lacks attribute 'PAP_IO_SLEW', it's better to set the attribute for port.
W: ConstraintEditor-4042: Port 'p:o_FT_CPU1_SCP_BOOT_FROM_FLASH_R' lacks attribute 'BUS_KEEPER', it's better to set the attribute for port.
W: ConstraintEditor-4042: Port 'p:o_PAL_RISER2_SELECT' lacks attribute 'PAP_IO_DRIVE', it's better to set the attribute for port.
W: ConstraintEditor-4042: Port 'p:o_PAL_RISER2_SELECT' lacks attribute 'PAP_IO_SLEW', it's better to set the attribute for port.
W: ConstraintEditor-4042: Port 'p:o_PAL_RISER2_SELECT' lacks attribute 'BUS_KEEPER', it's better to set the attribute for port.
Found 0 error(s), 0 critical warning(s), 349 warning(s), out of 1428 constraint(s), you can contact with C:/CPLD/pango/2_Tieta_Feiteng/Tieta_Feiteng_1001_PGC7KD69MBG400/prj/Tieta_M/synthesize/constraint_check.ccr for more detail information.
Constraint check end.
Total time(hh:mm:ss) of constraint check : 00:00:00
C: SDC-2025: Clock source 'n:timer_gen_inst/clk_2p5hz' need a clock constraint, please use 'create_clock' or 'create_generate_clock' to generate.
C: SDC-2025: Clock source 'n:genblk1[3].fan_pwm_tach_m/Edge_Detect_u1/r_signal_a' need a clock constraint, please use 'create_clock' or 'create_generate_clock' to generate.
C: SDC-2025: Clock source 'n:genblk1[3].fan_pwm_tach_m/Edge_Detect_u1/r_signal_b' need a clock constraint, please use 'create_clock' or 'create_generate_clock' to generate.
C: SDC-2025: Clock source 'n:genblk1[2].fan_pwm_tach_m/Edge_Detect_u1/r_signal_a' need a clock constraint, please use 'create_clock' or 'create_generate_clock' to generate.
C: SDC-2025: Clock source 'n:genblk1[2].fan_pwm_tach_m/Edge_Detect_u1/r_signal_b' need a clock constraint, please use 'create_clock' or 'create_generate_clock' to generate.
C: SDC-2025: Clock source 'n:genblk1[1].fan_pwm_tach_m/Edge_Detect_u1/r_signal_a' need a clock constraint, please use 'create_clock' or 'create_generate_clock' to generate.
C: SDC-2025: Clock source 'n:genblk1[1].fan_pwm_tach_m/Edge_Detect_u1/r_signal_b' need a clock constraint, please use 'create_clock' or 'create_generate_clock' to generate.
C: SDC-2025: Clock source 'n:genblk1[0].fan_pwm_tach_m/Edge_Detect_u1/r_signal_a' need a clock constraint, please use 'create_clock' or 'create_generate_clock' to generate.
C: SDC-2025: Clock source 'n:genblk1[0].fan_pwm_tach_m/Edge_Detect_u1/r_signal_b' need a clock constraint, please use 'create_clock' or 'create_generate_clock' to generate.
Start pre-mapping.
I: Removed edge_delay_1 hier-inst power_supply_on_check_inst that is redundant to p12v_stby_en_check_inst
I: Removed edge_delay_1 hier-inst p3v3_stby_bp_en_check_inst that is redundant to cpupwrok_en_check_inst
I: Removed edge_delay_1 hier-inst p3v3_stby_en_check_inst that is redundant to cpupwrok_en_check_inst
I: Constant propagation done on uart_master_u2/N97 (bmsREDAND).
I: Constant propagation done on UID_Function_u0/N21 (bmsREDAND).
I: Constant propagation done on UID_Function_u0/N84 (bmsREDAND).
I: Constant propagation done on UID_Function_u0/N120 (bmsREDAND).
I: Constant propagation done on UID_Function_u0/N258 (bmsREDAND).
I: Constant propagation done on UID_Function_u0/N261 (bmsREDAND).
I: Constant propagation done on UID_Function_u0/N263 (bmsREDAND).
W: Adm-4083: [C:/CPLD/pango/2_Tieta_Feiteng/Tieta_Feiteng_1001_PGC7KD69MBG400/rtl/source/common/UID_Function.v(line number: 146)] Removed bmsWIDEDFFPATCE inst r_cnt_pulse_set[9:0] at 5 that is stuck at constant 0.
W: Adm-4083: [C:/CPLD/pango/2_Tieta_Feiteng/Tieta_Feiteng_1001_PGC7KD69MBG400/rtl/source/common/UID_Function.v(line number: 146)] Removed bmsWIDEDFFPATCE inst r_cnt_pulse_set[9:0] at 6 that is stuck at constant 0.
I: Constant propagation done on UID_Function_u0/r_cnt_pulse_set[9:0] (bmsWIDEDFFPATCE).
I: Constant propagation done on UID_Function_u0/i_uid_status[0]_inv (bmsINV).
I: Constant propagation done on UID_Function_u0/i_uid_status[1]_inv (bmsINV).
W: Adm-4083: [C:/CPLD/pango/2_Tieta_Feiteng/Tieta_Feiteng_1001_PGC7KD69MBG400/rtl/source/common/UID_Function.v(line number: 114)] Removed bmsWIDEDFFPATCE inst r_uid_status[7:0] at 0 that is stuck at constant 0.
W: Adm-4083: [C:/CPLD/pango/2_Tieta_Feiteng/Tieta_Feiteng_1001_PGC7KD69MBG400/rtl/source/common/UID_Function.v(line number: 114)] Removed bmsWIDEDFFPATCE inst r_uid_status[7:0] at 1 that is stuck at constant 0.
W: Adm-4083: [C:/CPLD/pango/2_Tieta_Feiteng/Tieta_Feiteng_1001_PGC7KD69MBG400/rtl/source/common/UID_Function.v(line number: 114)] Removed bmsWIDEDFFPATCE inst r_uid_status[7:0] at 2 that is stuck at constant 0.
W: Adm-4083: [C:/CPLD/pango/2_Tieta_Feiteng/Tieta_Feiteng_1001_PGC7KD69MBG400/rtl/source/common/UID_Function.v(line number: 114)] Removed bmsWIDEDFFPATCE inst r_uid_status[7:0] at 3 that is stuck at constant 0.
W: Adm-4083: [C:/CPLD/pango/2_Tieta_Feiteng/Tieta_Feiteng_1001_PGC7KD69MBG400/rtl/source/common/UID_Function.v(line number: 114)] Removed bmsWIDEDFFPATCE inst r_uid_status[7:0] at 4 that is stuck at constant 0.
W: Adm-4083: [C:/CPLD/pango/2_Tieta_Feiteng/Tieta_Feiteng_1001_PGC7KD69MBG400/rtl/source/common/UID_Function.v(line number: 114)] Removed bmsWIDEDFFPATCE inst r_uid_status[7:0] at 5 that is stuck at constant 0.
W: Adm-4083: [C:/CPLD/pango/2_Tieta_Feiteng/Tieta_Feiteng_1001_PGC7KD69MBG400/rtl/source/common/UID_Function.v(line number: 114)] Removed bmsWIDEDFFPATCE inst r_uid_status[7:0] at 6 that is stuck at constant 0.
W: Adm-4083: [C:/CPLD/pango/2_Tieta_Feiteng/Tieta_Feiteng_1001_PGC7KD69MBG400/rtl/source/common/UID_Function.v(line number: 114)] Removed bmsWIDEDFFPATCE inst r_uid_status[7:0] at 7 that is stuck at constant 0.
W: Adm-4083: [C:/CPLD/pango/2_Tieta_Feiteng/Tieta_Feiteng_1001_PGC7KD69MBG400/rtl/source/common/UID_Function.v(line number: 146)] Removed bmsWIDEDFFPATCE inst r_cnt_pulse_set[9:0] at 0 that is stuck at constant 0.
W: Adm-4083: [C:/CPLD/pango/2_Tieta_Feiteng/Tieta_Feiteng_1001_PGC7KD69MBG400/rtl/source/common/UID_Function.v(line number: 146)] Removed bmsWIDEDFFPATCE inst r_cnt_pulse_set[9:0] at 1 that is stuck at constant 0.
W: Adm-4083: [C:/CPLD/pango/2_Tieta_Feiteng/Tieta_Feiteng_1001_PGC7KD69MBG400/rtl/source/common/UID_Function.v(line number: 146)] Removed bmsWIDEDFFPATCE inst r_cnt_pulse_set[9:0] at 7 that is stuck at constant 0.
W: Adm-4083: [C:/CPLD/pango/2_Tieta_Feiteng/Tieta_Feiteng_1001_PGC7KD69MBG400/rtl/source/common/UID_Function.v(line number: 146)] Removed bmsWIDEDFFPATCE inst r_cnt_pulse_set[9:0] at 8 that is stuck at constant 0.
W: Adm-4082: [C:/CPLD/pango/2_Tieta_Feiteng/Tieta_Feiteng_1001_PGC7KD69MBG400/rtl/source/common/edge_detect.v(line number: 40)] Removed bmsWIDEDFFCPE inst r_signal_a that is stuck at constant 1.
W: Adm-4082: [C:/CPLD/pango/2_Tieta_Feiteng/Tieta_Feiteng_1001_PGC7KD69MBG400/rtl/source/common/edge_detect.v(line number: 40)] Removed bmsWIDEDFFCPE inst r_signal_b that is stuck at constant 1.
W: Adm-4083: [C:/CPLD/pango/2_Tieta_Feiteng/Tieta_Feiteng_1001_PGC7KD69MBG400/rtl/source/common/lowpass_filter.v(line number: 57)] Removed bmsWIDEDFFCPE inst r_data[3:0] at 0 that is stuck at constant 0.
W: Adm-4083: [C:/CPLD/pango/2_Tieta_Feiteng/Tieta_Feiteng_1001_PGC7KD69MBG400/rtl/source/common/lowpass_filter.v(line number: 57)] Removed bmsWIDEDFFCPE inst r_data[3:0] at 1 that is stuck at constant 0.
W: Adm-4083: [C:/CPLD/pango/2_Tieta_Feiteng/Tieta_Feiteng_1001_PGC7KD69MBG400/rtl/source/common/lowpass_filter.v(line number: 57)] Removed bmsWIDEDFFCPE inst r_data[3:0] at 2 that is stuck at constant 0.
W: Adm-4083: [C:/CPLD/pango/2_Tieta_Feiteng/Tieta_Feiteng_1001_PGC7KD69MBG400/rtl/source/common/lowpass_filter.v(line number: 57)] Removed bmsWIDEDFFCPE inst r_data[3:0] at 3 that is stuck at constant 0.
W: Adm-4082: [C:/CPLD/pango/2_Tieta_Feiteng/Tieta_Feiteng_1001_PGC7KD69MBG400/rtl/source/common/lowpass_filter.v(line number: 67)] Removed bmsWIDEDFFCPE inst r_data_out that is stuck at constant 1.
W: Adm-4082: [C:/CPLD/pango/2_Tieta_Feiteng/Tieta_Feiteng_1001_PGC7KD69MBG400/rtl/source/common/synclib.v(line number: 285)] Removed bmsWIDEDFFCPE inst mInst[4].nxt_s1[4] that is stuck at constant 0.
W: Adm-4082: [C:/CPLD/pango/2_Tieta_Feiteng/Tieta_Feiteng_1001_PGC7KD69MBG400/rtl/source/common/synclib.v(line number: 285)] Removed bmsWIDEDFFCPE inst mInst[5].nxt_s1[5] that is stuck at constant 0.
W: Adm-4082: [C:/CPLD/pango/2_Tieta_Feiteng/Tieta_Feiteng_1001_PGC7KD69MBG400/rtl/source/common/synclib.v(line number: 285)] Removed bmsWIDEDFFCPE inst mInst[6].nxt_s1[6] that is stuck at constant 0.
W: Adm-4082: [C:/CPLD/pango/2_Tieta_Feiteng/Tieta_Feiteng_1001_PGC7KD69MBG400/rtl/source/common/synclib.v(line number: 285)] Removed bmsWIDEDFFCPE inst mInst[7].nxt_s1[7] that is stuck at constant 0.
W: Adm-4082: [C:/CPLD/pango/2_Tieta_Feiteng/Tieta_Feiteng_1001_PGC7KD69MBG400/rtl/source/common/synclib.v(line number: 285)] Removed bmsWIDEDFFCPE inst mInst[8].nxt_s1[8] that is stuck at constant 0.
W: Adm-4082: [C:/CPLD/pango/2_Tieta_Feiteng/Tieta_Feiteng_1001_PGC7KD69MBG400/rtl/source/common/synclib.v(line number: 285)] Removed bmsWIDEDFFCPE inst mInst[9].nxt_s1[9] that is stuck at constant 0.
W: Adm-4082: [C:/CPLD/pango/2_Tieta_Feiteng/Tieta_Feiteng_1001_PGC7KD69MBG400/rtl/source/common/synclib.v(line number: 285)] Removed bmsWIDEDFFCPE inst mInst[10].nxt_s1[10] that is stuck at constant 0.
W: Adm-4082: [C:/CPLD/pango/2_Tieta_Feiteng/Tieta_Feiteng_1001_PGC7KD69MBG400/rtl/source/common/synclib.v(line number: 285)] Removed bmsWIDEDFFCPE inst mInst[11].nxt_s1[11] that is stuck at constant 0.
W: Adm-4082: [C:/CPLD/pango/2_Tieta_Feiteng/Tieta_Feiteng_1001_PGC7KD69MBG400/rtl/source/common/synclib.v(line number: 285)] Removed bmsWIDEDFFCPE inst mInst[4].nxt[4] that is stuck at constant 0.
W: Adm-4082: [C:/CPLD/pango/2_Tieta_Feiteng/Tieta_Feiteng_1001_PGC7KD69MBG400/rtl/source/common/synclib.v(line number: 285)] Removed bmsWIDEDFFCPE inst mInst[5].nxt[5] that is stuck at constant 0.
W: Adm-4082: [C:/CPLD/pango/2_Tieta_Feiteng/Tieta_Feiteng_1001_PGC7KD69MBG400/rtl/source/common/synclib.v(line number: 285)] Removed bmsWIDEDFFCPE inst mInst[6].nxt[6] that is stuck at constant 0.
W: Adm-4082: [C:/CPLD/pango/2_Tieta_Feiteng/Tieta_Feiteng_1001_PGC7KD69MBG400/rtl/source/common/synclib.v(line number: 285)] Removed bmsWIDEDFFCPE inst mInst[7].nxt[7] that is stuck at constant 0.
W: Adm-4082: [C:/CPLD/pango/2_Tieta_Feiteng/Tieta_Feiteng_1001_PGC7KD69MBG400/rtl/source/common/synclib.v(line number: 285)] Removed bmsWIDEDFFCPE inst mInst[8].nxt[8] that is stuck at constant 0.
W: Adm-4082: [C:/CPLD/pango/2_Tieta_Feiteng/Tieta_Feiteng_1001_PGC7KD69MBG400/rtl/source/common/synclib.v(line number: 285)] Removed bmsWIDEDFFCPE inst mInst[9].nxt[9] that is stuck at constant 0.
W: Adm-4082: [C:/CPLD/pango/2_Tieta_Feiteng/Tieta_Feiteng_1001_PGC7KD69MBG400/rtl/source/common/synclib.v(line number: 285)] Removed bmsWIDEDFFCPE inst mInst[10].nxt[10] that is stuck at constant 0.
W: Adm-4082: [C:/CPLD/pango/2_Tieta_Feiteng/Tieta_Feiteng_1001_PGC7KD69MBG400/rtl/source/common/synclib.v(line number: 285)] Removed bmsWIDEDFFCPE inst mInst[11].nxt[11] that is stuck at constant 0.
W: Adm-4082: [C:/CPLD/pango/2_Tieta_Feiteng/Tieta_Feiteng_1001_PGC7KD69MBG400/rtl/source/common/synclib.v(line number: 285)] Removed bmsWIDEDFFCPE inst mInst[4].out_i[4] that is stuck at constant 0.
W: Adm-4082: [C:/CPLD/pango/2_Tieta_Feiteng/Tieta_Feiteng_1001_PGC7KD69MBG400/rtl/source/common/synclib.v(line number: 285)] Removed bmsWIDEDFFCPE inst mInst[5].out_i[5] that is stuck at constant 0.
W: Adm-4082: [C:/CPLD/pango/2_Tieta_Feiteng/Tieta_Feiteng_1001_PGC7KD69MBG400/rtl/source/common/synclib.v(line number: 285)] Removed bmsWIDEDFFCPE inst mInst[6].out_i[6] that is stuck at constant 0.
W: Adm-4082: [C:/CPLD/pango/2_Tieta_Feiteng/Tieta_Feiteng_1001_PGC7KD69MBG400/rtl/source/common/synclib.v(line number: 285)] Removed bmsWIDEDFFCPE inst mInst[7].out_i[7] that is stuck at constant 0.
W: Adm-4082: [C:/CPLD/pango/2_Tieta_Feiteng/Tieta_Feiteng_1001_PGC7KD69MBG400/rtl/source/common/synclib.v(line number: 285)] Removed bmsWIDEDFFCPE inst mInst[8].out_i[8] that is stuck at constant 0.
W: Adm-4082: [C:/CPLD/pango/2_Tieta_Feiteng/Tieta_Feiteng_1001_PGC7KD69MBG400/rtl/source/common/synclib.v(line number: 285)] Removed bmsWIDEDFFCPE inst mInst[9].out_i[9] that is stuck at constant 0.
W: Adm-4082: [C:/CPLD/pango/2_Tieta_Feiteng/Tieta_Feiteng_1001_PGC7KD69MBG400/rtl/source/common/synclib.v(line number: 285)] Removed bmsWIDEDFFCPE inst mInst[10].out_i[10] that is stuck at constant 0.
W: Adm-4082: [C:/CPLD/pango/2_Tieta_Feiteng/Tieta_Feiteng_1001_PGC7KD69MBG400/rtl/source/common/synclib.v(line number: 285)] Removed bmsWIDEDFFCPE inst mInst[11].out_i[11] that is stuck at constant 0.
W: Adm-4082: [C:/CPLD/pango/2_Tieta_Feiteng/Tieta_Feiteng_1001_PGC7KD69MBG400/rtl/source/common/synclib.v(line number: 370)] Removed bmsWIDEDFFCPE inst mInst[13].nxt_s1[13] that is stuck at constant 1.
W: Adm-4082: [C:/CPLD/pango/2_Tieta_Feiteng/Tieta_Feiteng_1001_PGC7KD69MBG400/rtl/source/common/synclib.v(line number: 370)] Removed bmsWIDEDFFCPE inst mInst[13].nxt[13] that is stuck at constant 1.
W: Adm-4082: [C:/CPLD/pango/2_Tieta_Feiteng/Tieta_Feiteng_1001_PGC7KD69MBG400/rtl/source/common/synclib.v(line number: 370)] Removed bmsWIDEDFFCPE inst mInst[13].out_i[13] that is stuck at constant 1.
I: Removed bmsWIDEDFFCPE inst mInst[5].nxt_s1[5] that is redundant to mInst[0].nxt_s1[0]
I: Removed bmsWIDEDFFCPE inst mInst[5].nxt[5] that is redundant to mInst[0].nxt[0]
I: Removed bmsWIDEDFFCPE inst mInst[21].nxt_s1[21] that is redundant to mInst[2].nxt_s1[2]
I: Removed bmsWIDEDFFCPE inst mInst[22].nxt_s1[22] that is redundant to mInst[2].nxt_s1[2]
I: Removed bmsWIDEDFFCPE inst mInst[23].nxt_s1[23] that is redundant to mInst[2].nxt_s1[2]
I: Removed bmsWIDEDFFCPE inst mInst[24].nxt_s1[24] that is redundant to mInst[2].nxt_s1[2]
I: Removed bmsWIDEDFFCPE inst mInst[25].nxt_s1[25] that is redundant to mInst[2].nxt_s1[2]
I: Removed bmsWIDEDFFCPE inst mInst[26].nxt_s1[26] that is redundant to mInst[2].nxt_s1[2]
I: Removed bmsWIDEDFFCPE inst mInst[27].nxt_s1[27] that is redundant to mInst[2].nxt_s1[2]
I: Removed bmsWIDEDFFCPE inst mInst[28].nxt_s1[28] that is redundant to mInst[2].nxt_s1[2]
I: Removed bmsWIDEDFFCPE inst mInst[29].nxt_s1[29] that is redundant to mInst[2].nxt_s1[2]
I: Removed bmsWIDEDFFCPE inst mInst[30].nxt_s1[30] that is redundant to mInst[2].nxt_s1[2]
I: Removed bmsWIDEDFFCPE inst mInst[31].nxt_s1[31] that is redundant to mInst[2].nxt_s1[2]
I: Removed bmsWIDEDFFCPE inst mInst[32].nxt_s1[32] that is redundant to mInst[2].nxt_s1[2]
I: Removed bmsWIDEDFFCPE inst mInst[21].nxt[21] that is redundant to mInst[2].nxt[2]
I: Removed bmsWIDEDFFCPE inst mInst[22].nxt[22] that is redundant to mInst[2].nxt[2]
I: Removed bmsWIDEDFFCPE inst mInst[23].nxt[23] that is redundant to mInst[2].nxt[2]
I: Removed bmsWIDEDFFCPE inst mInst[24].nxt[24] that is redundant to mInst[2].nxt[2]
I: Removed bmsWIDEDFFCPE inst mInst[25].nxt[25] that is redundant to mInst[2].nxt[2]
I: Removed bmsWIDEDFFCPE inst mInst[26].nxt[26] that is redundant to mInst[2].nxt[2]
I: Removed bmsWIDEDFFCPE inst mInst[27].nxt[27] that is redundant to mInst[2].nxt[2]
I: Removed bmsWIDEDFFCPE inst mInst[28].nxt[28] that is redundant to mInst[2].nxt[2]
I: Removed bmsWIDEDFFCPE inst mInst[29].nxt[29] that is redundant to mInst[2].nxt[2]
I: Removed bmsWIDEDFFCPE inst mInst[30].nxt[30] that is redundant to mInst[2].nxt[2]
I: Removed bmsWIDEDFFCPE inst mInst[31].nxt[31] that is redundant to mInst[2].nxt[2]
I: Removed bmsWIDEDFFCPE inst mInst[32].nxt[32] that is redundant to mInst[2].nxt[2]
W: Adm-4082: [C:/CPLD/pango/2_Tieta_Feiteng/Tieta_Feiteng_1001_PGC7KD69MBG400/rtl/source/common/edge_detect.v(line number: 54)] Removed bmsWIDEDFFCPE inst r_signal_c that is stuck at constant 0.
W: Adm-4082: [C:/CPLD/pango/2_Tieta_Feiteng/Tieta_Feiteng_1001_PGC7KD69MBG400/rtl/source/common/edge_detect.v(line number: 54)] Removed bmsWIDEDFFCPE inst r_signal_d that is stuck at constant 0.
W: Adm-4082: [C:/CPLD/pango/2_Tieta_Feiteng/Tieta_Feiteng_1001_PGC7KD69MBG400/rtl/source/common/edge_detect.v(line number: 54)] Removed bmsWIDEDFFCPE inst r_signal_c that is stuck at constant 0.
W: Adm-4082: [C:/CPLD/pango/2_Tieta_Feiteng/Tieta_Feiteng_1001_PGC7KD69MBG400/rtl/source/common/edge_detect.v(line number: 54)] Removed bmsWIDEDFFCPE inst r_signal_d that is stuck at constant 0.
W: Adm-4082: [C:/CPLD/pango/2_Tieta_Feiteng/Tieta_Feiteng_1001_PGC7KD69MBG400/rtl/source/common/edge_detect.v(line number: 54)] Removed bmsWIDEDFFCPE inst r_signal_c that is stuck at constant 0.
W: Adm-4082: [C:/CPLD/pango/2_Tieta_Feiteng/Tieta_Feiteng_1001_PGC7KD69MBG400/rtl/source/common/edge_detect.v(line number: 54)] Removed bmsWIDEDFFCPE inst r_signal_d that is stuck at constant 0.
W: Adm-4082: [C:/CPLD/pango/2_Tieta_Feiteng/Tieta_Feiteng_1001_PGC7KD69MBG400/rtl/source/common/edge_detect.v(line number: 54)] Removed bmsWIDEDFFCPE inst r_signal_c that is stuck at constant 0.
W: Adm-4082: [C:/CPLD/pango/2_Tieta_Feiteng/Tieta_Feiteng_1001_PGC7KD69MBG400/rtl/source/common/edge_detect.v(line number: 54)] Removed bmsWIDEDFFCPE inst r_signal_d that is stuck at constant 0.
W: Adm-4083: [C:/CPLD/pango/2_Tieta_Feiteng/Tieta_Feiteng_1001_PGC7KD69MBG400/rtl/source/common/led_blink_code.v(line number: 181)] Removed bmsWIDEDFFCPE inst events[10:0] at 1 that is stuck at constant 0.
W: Adm-4083: [C:/CPLD/pango/2_Tieta_Feiteng/Tieta_Feiteng_1001_PGC7KD69MBG400/rtl/source/common/led_blink_code.v(line number: 181)] Removed bmsWIDEDFFCPE inst events[10:0] at 2 that is stuck at constant 0.
W: Adm-4083: [C:/CPLD/pango/2_Tieta_Feiteng/Tieta_Feiteng_1001_PGC7KD69MBG400/rtl/source/common/led_blink_code.v(line number: 181)] Removed bmsWIDEDFFCPE inst events[10:0] at 3 that is stuck at constant 0.
W: Adm-4083: [C:/CPLD/pango/2_Tieta_Feiteng/Tieta_Feiteng_1001_PGC7KD69MBG400/rtl/source/common/led_blink_code.v(line number: 181)] Removed bmsWIDEDFFCPE inst events[10:0] at 4 that is stuck at constant 0.
W: Adm-4083: [C:/CPLD/pango/2_Tieta_Feiteng/Tieta_Feiteng_1001_PGC7KD69MBG400/rtl/source/common/led_blink_code.v(line number: 181)] Removed bmsWIDEDFFCPE inst events[10:0] at 5 that is stuck at constant 0.
W: Adm-4083: [C:/CPLD/pango/2_Tieta_Feiteng/Tieta_Feiteng_1001_PGC7KD69MBG400/rtl/source/common/led_blink_code.v(line number: 181)] Removed bmsWIDEDFFCPE inst events[10:0] at 6 that is stuck at constant 0.
W: Adm-4083: [C:/CPLD/pango/2_Tieta_Feiteng/Tieta_Feiteng_1001_PGC7KD69MBG400/rtl/source/common/led_blink_code.v(line number: 181)] Removed bmsWIDEDFFCPE inst events[10:0] at 7 that is stuck at constant 0.
W: Adm-4083: [C:/CPLD/pango/2_Tieta_Feiteng/Tieta_Feiteng_1001_PGC7KD69MBG400/rtl/source/common/led_blink_code.v(line number: 181)] Removed bmsWIDEDFFCPE inst events[10:0] at 8 that is stuck at constant 0.
W: Adm-4083: [C:/CPLD/pango/2_Tieta_Feiteng/Tieta_Feiteng_1001_PGC7KD69MBG400/rtl/source/common/led_blink_code.v(line number: 192)] Removed bmsWIDEDFFCPE inst threshold[3:0] at 2 that is stuck at constant 0.
W: Adm-4083: [C:/CPLD/pango/2_Tieta_Feiteng/Tieta_Feiteng_1001_PGC7KD69MBG400/rtl/source/pwrseq/psu.v(line number: 99)] Removed bmsWIDEDFFCPE inst cur_ps_enable[1:0] at 0 that is stuck at constant 0.
W: Adm-4083: [C:/CPLD/pango/2_Tieta_Feiteng/Tieta_Feiteng_1001_PGC7KD69MBG400/rtl/source/pwrseq/psu.v(line number: 99)] Removed bmsWIDEDFFCPE inst cur_ps_enable[1:0] at 1 that is stuck at constant 0.
W: Adm-4083: [C:/CPLD/pango/2_Tieta_Feiteng/Tieta_Feiteng_1001_PGC7KD69MBG400/rtl/source/pwrseq/psu.v(line number: 136)] Removed bmsWIDEDFFCPE inst in_service[1:0] at 0 that is stuck at constant 0.
W: Adm-4083: [C:/CPLD/pango/2_Tieta_Feiteng/Tieta_Feiteng_1001_PGC7KD69MBG400/rtl/source/pwrseq/psu.v(line number: 136)] Removed bmsWIDEDFFCPE inst in_service[1:0] at 1 that is stuck at constant 0.
W: Adm-4083: [C:/CPLD/pango/2_Tieta_Feiteng/Tieta_Feiteng_1001_PGC7KD69MBG400/rtl/source/pwrseq/psu.v(line number: 111)] Removed bmsWIDEDFFCPE inst ps_on_n[1:0] at 0 that is stuck at constant 0.
W: Adm-4083: [C:/CPLD/pango/2_Tieta_Feiteng/Tieta_Feiteng_1001_PGC7KD69MBG400/rtl/source/pwrseq/psu.v(line number: 111)] Removed bmsWIDEDFFCPE inst ps_on_n[1:0] at 1 that is stuck at constant 0.
W: Adm-4082: [C:/CPLD/pango/2_Tieta_Feiteng/Tieta_Feiteng_1001_PGC7KD69MBG400/rtl/source/common/pwrcap_pwrbtn_led.v(line number: 90)] Removed bmsWIDEDFFCPE inst pwrcap_grn that is stuck at constant 0.
W: Adm-4082: [C:/CPLD/pango/2_Tieta_Feiteng/Tieta_Feiteng_1001_PGC7KD69MBG400/rtl/source/common/pwrcap_pwrbtn_led.v(line number: 102)] Removed bmsWIDEDFFCPE inst pwrcap_amb that is stuck at constant 0.
I: Removed bmsWIDEDFFCPE inst pchdsw2_state_trans_en that is redundant to pchdsw1_state_trans_en
I: Removed bmsWIDEDFFCPE inst pchdsw_state_trans_en that is redundant to pchdsw1_state_trans_en
I: Removed bmsWIDEDFFCPE inst pchdsw2_critical_fail_en that is redundant to pchdsw1_critical_fail_en
I: Removed bmsWIDEDFFCPE inst pchdsw_critical_fail_en that is redundant to pchdsw1_critical_fail_en
W: Adm-4083: [C:/CPLD/pango/2_Tieta_Feiteng/Tieta_Feiteng_1001_PGC7KD69MBG400/rtl/source/pwrseq/edge_detect.v(line number: 42)] Removed bmsWIDEDFFCPE inst signal_in_reg[1:0] at 0 that is stuck at constant 0.
W: Adm-4083: [C:/CPLD/pango/2_Tieta_Feiteng/Tieta_Feiteng_1001_PGC7KD69MBG400/rtl/source/pwrseq/edge_detect.v(line number: 42)] Removed bmsWIDEDFFCPE inst signal_in_reg[1:0] at 1 that is stuck at constant 0.
W: Adm-4082: [C:/CPLD/pango/2_Tieta_Feiteng/Tieta_Feiteng_1001_PGC7KD69MBG400/rtl/source/pwrseq/pwrseq_slave.v(line number: 1515)] Removed bmsWIDEDFFCPE inst any_lim_recov_fault that is stuck at constant 0.
W: Adm-4082: [C:/CPLD/pango/2_Tieta_Feiteng/Tieta_Feiteng_1001_PGC7KD69MBG400/rtl/source/pwrseq/pwrseq_slave.v(line number: 1515)] Removed bmsWIDEDFFCPE inst any_non_recov_fault that is stuck at constant 0.
W: Adm-4082: [C:/CPLD/pango/2_Tieta_Feiteng/Tieta_Feiteng_1001_PGC7KD69MBG400/rtl/source/pwrseq/pwrseq_slave.v(line number: 1515)] Removed bmsWIDEDFFCPE inst any_pwr_fault_det that is stuck at constant 0.
W: Adm-4082: [C:/CPLD/pango/2_Tieta_Feiteng/Tieta_Feiteng_1001_PGC7KD69MBG400/rtl/source/pwrseq/pwrseq_slave.v(line number: 1515)] Removed bmsWIDEDFFCPE inst any_recov_fault that is stuck at constant 0.
W: Adm-4083: [C:/CPLD/pango/2_Tieta_Feiteng/Tieta_Feiteng_1001_PGC7KD69MBG400/rtl/source/common/synclib.v(line number: 138)] Removed bmsWIDEDFFCPE inst ff_s1[4:0] at 2 that is stuck at constant 0.
W: Adm-4083: [C:/CPLD/pango/2_Tieta_Feiteng/Tieta_Feiteng_1001_PGC7KD69MBG400/rtl/source/common/synclib.v(line number: 138)] Removed bmsWIDEDFFCPE inst dout[4:0] at 2 that is stuck at constant 0.
W: Adm-4083: [C:/CPLD/pango/2_Tieta_Feiteng/Tieta_Feiteng_1001_PGC7KD69MBG400/rtl/source/common/system_reset.v(line number: 158)] Removed bmsWIDEDFFCPE inst hsb_rst_count[1:0] at 0 that is stuck at constant 0.
W: Adm-4083: [C:/CPLD/pango/2_Tieta_Feiteng/Tieta_Feiteng_1001_PGC7KD69MBG400/rtl/source/common/system_reset.v(line number: 158)] Removed bmsWIDEDFFCPE inst hsb_rst_count[1:0] at 1 that is stuck at constant 0.
W: Adm-4082: [C:/CPLD/pango/2_Tieta_Feiteng/Tieta_Feiteng_1001_PGC7KD69MBG400/rtl/source/common/system_reset.v(line number: 158)] Removed bmsWIDEDFFCPE inst hsb_fail_n that is stuck at constant 1.
W: Adm-4083: [C:/CPLD/pango/2_Tieta_Feiteng/Tieta_Feiteng_1001_PGC7KD69MBG400/rtl/source/common/system_reset.v(line number: 123)] Removed bmsWIDEDFFCPE inst bootnext_count[4:0] at 0 that is stuck at constant 0.
W: Adm-4083: [C:/CPLD/pango/2_Tieta_Feiteng/Tieta_Feiteng_1001_PGC7KD69MBG400/rtl/source/common/system_reset.v(line number: 123)] Removed bmsWIDEDFFCPE inst bootnext_count[4:0] at 1 that is stuck at constant 0.
W: Adm-4083: [C:/CPLD/pango/2_Tieta_Feiteng/Tieta_Feiteng_1001_PGC7KD69MBG400/rtl/source/common/system_reset.v(line number: 123)] Removed bmsWIDEDFFCPE inst bootnext_count[4:0] at 2 that is stuck at constant 0.
W: Adm-4083: [C:/CPLD/pango/2_Tieta_Feiteng/Tieta_Feiteng_1001_PGC7KD69MBG400/rtl/source/common/system_reset.v(line number: 123)] Removed bmsWIDEDFFCPE inst bootnext_count[4:0] at 3 that is stuck at constant 0.
W: Adm-4083: [C:/CPLD/pango/2_Tieta_Feiteng/Tieta_Feiteng_1001_PGC7KD69MBG400/rtl/source/common/system_reset.v(line number: 123)] Removed bmsWIDEDFFCPE inst bootnext_count[4:0] at 4 that is stuck at constant 0.
W: Adm-4082: [C:/CPLD/pango/2_Tieta_Feiteng/Tieta_Feiteng_1001_PGC7KD69MBG400/rtl/source/common/system_reset.v(line number: 123)] Removed bmsWIDEDFFCPE inst hsb_reset that is stuck at constant 0.
W: Adm-4083: [C:/CPLD/pango/2_Tieta_Feiteng/Tieta_Feiteng_1001_PGC7KD69MBG400/rtl/source/common/thermal.v(line number: 61)] Removed bmsWIDEDFFCPE inst qual_cpu_vr_hot_n[1:0] at 0 that is stuck at constant 0.
W: Adm-4083: [C:/CPLD/pango/2_Tieta_Feiteng/Tieta_Feiteng_1001_PGC7KD69MBG400/rtl/source/common/thermal.v(line number: 61)] Removed bmsWIDEDFFCPE inst qual_cpu_vr_hot_n[1:0] at 1 that is stuck at constant 0.
W: Adm-4083: [C:/CPLD/pango/2_Tieta_Feiteng/Tieta_Feiteng_1001_PGC7KD69MBG400/rtl/source/common/thermal.v(line number: 61)] Removed bmsWIDEDFFCPE inst qual_mem_vr_hot_n[3:0] at 0 that is stuck at constant 0.
W: Adm-4083: [C:/CPLD/pango/2_Tieta_Feiteng/Tieta_Feiteng_1001_PGC7KD69MBG400/rtl/source/common/thermal.v(line number: 61)] Removed bmsWIDEDFFCPE inst qual_mem_vr_hot_n[3:0] at 1 that is stuck at constant 0.
W: Adm-4083: [C:/CPLD/pango/2_Tieta_Feiteng/Tieta_Feiteng_1001_PGC7KD69MBG400/rtl/source/common/thermal.v(line number: 61)] Removed bmsWIDEDFFCPE inst qual_mem_vr_hot_n[3:0] at 2 that is stuck at constant 0.
W: Adm-4083: [C:/CPLD/pango/2_Tieta_Feiteng/Tieta_Feiteng_1001_PGC7KD69MBG400/rtl/source/common/thermal.v(line number: 61)] Removed bmsWIDEDFFCPE inst qual_mem_vr_hot_n[3:0] at 3 that is stuck at constant 0.
W: Adm-4083: [C:/CPLD/pango/2_Tieta_Feiteng/Tieta_Feiteng_1001_PGC7KD69MBG400/rtl/source/common/thermal.v(line number: 61)] Removed bmsWIDEDFFCPE inst qual_cpu_ab_alert[1:0] at 0 that is stuck at constant 0.
W: Adm-4083: [C:/CPLD/pango/2_Tieta_Feiteng/Tieta_Feiteng_1001_PGC7KD69MBG400/rtl/source/common/thermal.v(line number: 61)] Removed bmsWIDEDFFCPE inst qual_cpu_ab_alert[1:0] at 1 that is stuck at constant 0.
W: Adm-4083: [C:/CPLD/pango/2_Tieta_Feiteng/Tieta_Feiteng_1001_PGC7KD69MBG400/rtl/source/common/thermal.v(line number: 61)] Removed bmsWIDEDFFCPE inst qual_cpu_cd_alert[1:0] at 0 that is stuck at constant 0.
W: Adm-4083: [C:/CPLD/pango/2_Tieta_Feiteng/Tieta_Feiteng_1001_PGC7KD69MBG400/rtl/source/common/thermal.v(line number: 61)] Removed bmsWIDEDFFCPE inst qual_cpu_cd_alert[1:0] at 1 that is stuck at constant 0.
W: Adm-4082: [C:/CPLD/pango/2_Tieta_Feiteng/Tieta_Feiteng_1001_PGC7KD69MBG400/rtl/source/common/thermal.v(line number: 92)] Removed bmsWIDEDFFCPE inst sensor_thermtrip that is stuck at constant 0.
I: Encoding type of FSM 'curr_state_fsm[2:0]' is: onehot.
I: Encoding table of FSM 'curr_state_fsm[2:0]':
I: from  uart_master_u2/curr_state[2] uart_master_u2/curr_state[1] uart_master_u2/curr_state[0]
I: to  uart_master_u2/curr_state_reg[7] uart_master_u2/curr_state_reg[6] uart_master_u2/curr_state_reg[5] uart_master_u2/curr_state_reg[4] uart_master_u2/curr_state_reg[3] uart_master_u2/curr_state_reg[2] uart_master_u2/curr_state_reg[1] uart_master_u2/curr_state_reg[0]
I: 000 => 00000001
I: 001 => 00000010
I: 010 => 00000100
I: 011 => 00001000
I: 100 => 00010000
I: 101 => 00100000
I: 110 => 01000000
I: 111 => 10000000
I: Encoding type of FSM 'r_flag_uid_fsm[7:0]' is: original.
I: Encoding table of FSM 'r_flag_uid_fsm[7:0]':
I: from  UID_Function_u0/r_flag_uid[7] UID_Function_u0/r_flag_uid[6] UID_Function_u0/r_flag_uid[5] UID_Function_u0/r_flag_uid[4] UID_Function_u0/r_flag_uid[3] UID_Function_u0/r_flag_uid[2] UID_Function_u0/r_flag_uid[1] UID_Function_u0/r_flag_uid[0]
I: to  UID_Function_u0/r_flag_uid_reg[7] UID_Function_u0/r_flag_uid_reg[6] UID_Function_u0/r_flag_uid_reg[5] UID_Function_u0/r_flag_uid_reg[4] UID_Function_u0/r_flag_uid_reg[3] UID_Function_u0/r_flag_uid_reg[2] UID_Function_u0/r_flag_uid_reg[1] UID_Function_u0/r_flag_uid_reg[0]
I: 00000000 => 00000000
I: 00000001 => 00000001
I: 11111111 => 11111111
I: Encoding type of FSM 'r_I2C_state_fsm[4:0]' is: onehot.
I: Encoding table of FSM 'r_I2C_state_fsm[4:0]':
I: from  bmc_cpld_i2c_ram_u0/i2c_slave_bmc_u0/i2c_slave_basic0_u0/r_I2C_state[4] bmc_cpld_i2c_ram_u0/i2c_slave_bmc_u0/i2c_slave_basic0_u0/r_I2C_state[3] bmc_cpld_i2c_ram_u0/i2c_slave_bmc_u0/i2c_slave_basic0_u0/r_I2C_state[2] bmc_cpld_i2c_ram_u0/i2c_slave_bmc_u0/i2c_slave_basic0_u0/r_I2C_state[1] bmc_cpld_i2c_ram_u0/i2c_slave_bmc_u0/i2c_slave_basic0_u0/r_I2C_state[0]
I: to  bmc_cpld_i2c_ram_u0/i2c_slave_bmc_u0/i2c_slave_basic0_u0/r_I2C_state_reg[19] bmc_cpld_i2c_ram_u0/i2c_slave_bmc_u0/i2c_slave_basic0_u0/r_I2C_state_reg[18] bmc_cpld_i2c_ram_u0/i2c_slave_bmc_u0/i2c_slave_basic0_u0/r_I2C_state_reg[17] bmc_cpld_i2c_ram_u0/i2c_slave_bmc_u0/i2c_slave_basic0_u0/r_I2C_state_reg[16] bmc_cpld_i2c_ram_u0/i2c_slave_bmc_u0/i2c_slave_basic0_u0/r_I2C_state_reg[15] bmc_cpld_i2c_ram_u0/i2c_slave_bmc_u0/i2c_slave_basic0_u0/r_I2C_state_reg[14] bmc_cpld_i2c_ram_u0/i2c_slave_bmc_u0/i2c_slave_basic0_u0/r_I2C_state_reg[13] bmc_cpld_i2c_ram_u0/i2c_slave_bmc_u0/i2c_slave_basic0_u0/r_I2C_state_reg[12] bmc_cpld_i2c_ram_u0/i2c_slave_bmc_u0/i2c_slave_basic0_u0/r_I2C_state_reg[11] bmc_cpld_i2c_ram_u0/i2c_slave_bmc_u0/i2c_slave_basic0_u0/r_I2C_state_reg[10] bmc_cpld_i2c_ram_u0/i2c_slave_bmc_u0/i2c_slave_basic0_u0/r_I2C_state_reg[9] bmc_cpld_i2c_ram_u0/i2c_slave_bmc_u0/i2c_slave_basic0_u0/r_I2C_state_reg[8] bmc_cpld_i2c_ram_u0/i2c_slave_bmc_u0/i2c_slave_basic0_u0/r_I2C_state_reg[7] bmc_cpld_i2c_ram_u0/i2c_slave_bmc_u0/i2c_slave_basic0_u0/r_I2C_state_reg[6] bmc_cpld_i2c_ram_u0/i2c_slave_bmc_u0/i2c_slave_basic0_u0/r_I2C_state_reg[5] bmc_cpld_i2c_ram_u0/i2c_slave_bmc_u0/i2c_slave_basic0_u0/r_I2C_state_reg[4] bmc_cpld_i2c_ram_u0/i2c_slave_bmc_u0/i2c_slave_basic0_u0/r_I2C_state_reg[3] bmc_cpld_i2c_ram_u0/i2c_slave_bmc_u0/i2c_slave_basic0_u0/r_I2C_state_reg[2] bmc_cpld_i2c_ram_u0/i2c_slave_bmc_u0/i2c_slave_basic0_u0/r_I2C_state_reg[1] bmc_cpld_i2c_ram_u0/i2c_slave_bmc_u0/i2c_slave_basic0_u0/r_I2C_state_reg[0]
I: 00000 => 00000000000000000001
I: 00001 => 00000000000000000010
I: 00010 => 00000000000000000100
I: 00011 => 00000000000000001000
I: 00100 => 00000000000000010000
I: 00101 => 00000000000000100000
I: 00110 => 00000000000001000000
I: 00111 => 00000000000010000000
I: 01000 => 00000000000100000000
I: 01001 => 00000000001000000000
I: 01010 => 00000000010000000000
I: 01011 => 00000000100000000000
I: 01100 => 00000001000000000000
I: 01101 => 00000010000000000000
I: 01110 => 00000100000000000000
I: 01111 => 00001000000000000000
I: 10000 => 00010000000000000000
I: 10001 => 00100000000000000000
I: 10010 => 01000000000000000000
I: 10011 => 10000000000000000000
W: Public-4008: [C:/CPLD/pango/2_Tieta_Feiteng/Tieta_Feiteng_1001_PGC7KD69MBG400/rtl/source/common/synclib.v(line number: 285)] Instance 'db_bp_pgood_fault/cnt[8][2:0]' of 'bmsWIDEDFFCPE' unit is dangling and will be cleaned.
W: Public-4008: [C:/CPLD/pango/2_Tieta_Feiteng/Tieta_Feiteng_1001_PGC7KD69MBG400/rtl/source/common/synclib.v(line number: 285)] Instance 'db_bp_pgood_fault/cnt[9][2:0]' of 'bmsWIDEDFFCPE' unit is dangling and will be cleaned.
W: Public-4008: [C:/CPLD/pango/2_Tieta_Feiteng/Tieta_Feiteng_1001_PGC7KD69MBG400/rtl/source/common/synclib.v(line number: 285)] Instance 'db_bp_pgood_fault/cnt[11][2:0]' of 'bmsWIDEDFFCPE' unit is dangling and will be cleaned.
W: Public-4008: [C:/CPLD/pango/2_Tieta_Feiteng/Tieta_Feiteng_1001_PGC7KD69MBG400/rtl/source/common/synclib.v(line number: 285)] Instance 'db_bp_pgood_fault/cnt[5][2:0]' of 'bmsWIDEDFFCPE' unit is dangling and will be cleaned.
W: Public-4008: [C:/CPLD/pango/2_Tieta_Feiteng/Tieta_Feiteng_1001_PGC7KD69MBG400/rtl/source/common/synclib.v(line number: 285)] Instance 'db_bp_pgood_fault/cnt[10][2:0]' of 'bmsWIDEDFFCPE' unit is dangling and will be cleaned.
W: Public-4008: [C:/CPLD/pango/2_Tieta_Feiteng/Tieta_Feiteng_1001_PGC7KD69MBG400/rtl/source/common/synclib.v(line number: 285)] Instance 'db_bp_pgood_fault/cnt[4][2:0]' of 'bmsWIDEDFFCPE' unit is dangling and will be cleaned.
W: Public-4008: [C:/CPLD/pango/2_Tieta_Feiteng/Tieta_Feiteng_1001_PGC7KD69MBG400/rtl/source/common/synclib.v(line number: 285)] Instance 'db_bp_pgood_fault/cnt[6][2:0]' of 'bmsWIDEDFFCPE' unit is dangling and will be cleaned.
W: Public-4008: [C:/CPLD/pango/2_Tieta_Feiteng/Tieta_Feiteng_1001_PGC7KD69MBG400/rtl/source/common/synclib.v(line number: 285)] Instance 'db_bp_pgood_fault/cnt[7][2:0]' of 'bmsWIDEDFFCPE' unit is dangling and will be cleaned.
W: Public-4008: [C:/CPLD/pango/2_Tieta_Feiteng/Tieta_Feiteng_1001_PGC7KD69MBG400/rtl/source/common/synclib.v(line number: 370)] Instance 'db_inst_cpu_rail/cnt[13][2:0]' of 'bmsWIDEDFFCPE' unit is dangling and will be cleaned.
I: Encoding type of FSM 'state_fsm[1:0]' is: original.
I: Encoding table of FSM 'state_fsm[1:0]':
I: from  led_blink_code_inst/state[1] led_blink_code_inst/state[0]
I: to  led_blink_code_inst/state_reg[1] led_blink_code_inst/state_reg[0]
I: 00 => 00
I: 01 => 01
I: 10 => 10
I: 11 => 11
I: Encoding type of FSM 'state_fsm[5:0]' is: onehot.
I: Encoding table of FSM 'state_fsm[5:0]':
I: from  pwrseq_master_inst/state[5] pwrseq_master_inst/state[4] pwrseq_master_inst/state[3] pwrseq_master_inst/state[2] pwrseq_master_inst/state[1] pwrseq_master_inst/state[0]
I: to  pwrseq_master_inst/state_reg[31] pwrseq_master_inst/state_reg[30] pwrseq_master_inst/state_reg[29] pwrseq_master_inst/state_reg[28] pwrseq_master_inst/state_reg[27] pwrseq_master_inst/state_reg[26] pwrseq_master_inst/state_reg[25] pwrseq_master_inst/state_reg[24] pwrseq_master_inst/state_reg[23] pwrseq_master_inst/state_reg[22] pwrseq_master_inst/state_reg[21] pwrseq_master_inst/state_reg[20] pwrseq_master_inst/state_reg[19] pwrseq_master_inst/state_reg[18] pwrseq_master_inst/state_reg[17] pwrseq_master_inst/state_reg[16] pwrseq_master_inst/state_reg[15] pwrseq_master_inst/state_reg[14] pwrseq_master_inst/state_reg[13] pwrseq_master_inst/state_reg[12] pwrseq_master_inst/state_reg[11] pwrseq_master_inst/state_reg[10] pwrseq_master_inst/state_reg[9] pwrseq_master_inst/state_reg[8] pwrseq_master_inst/state_reg[7] pwrseq_master_inst/state_reg[6] pwrseq_master_inst/state_reg[5] pwrseq_master_inst/state_reg[4] pwrseq_master_inst/state_reg[3] pwrseq_master_inst/state_reg[2] pwrseq_master_inst/state_reg[1] pwrseq_master_inst/state_reg[0]
I: 000000 => 00000000000000000000000000000001
I: 000001 => 00000000000000000000000000000010
I: 000010 => 00000000000000000000000000000100
I: 000011 => 00000000000000000000000000001000
I: 000100 => 00000000000000000000000000010000
I: 000101 => 00000000000000000000000000100000
I: 000110 => 00000000000000000000000001000000
I: 000111 => 00000000000000000000000010000000
I: 001000 => 00000000000000000000000100000000
I: 001001 => 00000000000000000000001000000000
I: 001010 => 00000000000000000000010000000000
I: 001011 => 00000000000000000000100000000000
I: 001100 => 00000000000000000001000000000000
I: 001101 => 00000000000000000010000000000000
I: 001110 => 00000000000000000100000000000000
I: 001111 => 00000000000000001000000000000000
I: 010000 => 00000000000000010000000000000000
I: 010001 => 00000000000000100000000000000000
I: 010010 => 00000000000001000000000000000000
I: 010011 => 00000000000010000000000000000000
I: 010100 => 00000000000100000000000000000000
I: 010101 => 00000000001000000000000000000000
I: 010110 => 00000000010000000000000000000000
I: 010111 => 00000000100000000000000000000000
I: 011000 => 00000001000000000000000000000000
I: 011001 => 00000010000000000000000000000000
I: 011010 => 00000100000000000000000000000000
I: 011011 => 00001000000000000000000000000000
I: 011100 => 00010000000000000000000000000000
I: 011101 => 00100000000000000000000000000000
I: 011110 => 01000000000000000000000000000000
I: 011111 => 10000000000000000000000000000000
I: Removed bmsREDOR inst N593 that is redundant to N201_0
I: Removed bmsREDOR inst N236_0 that is redundant to N201_0
I: Removed bmsREDOR inst N243_0 that is redundant to N201_0
I: Removed bmsREDOR inst off_state_2 that is redundant to N201_0
I: Encoding type of FSM 'curr_state_fsm[2:0]' is: onehot.
I: Encoding table of FSM 'curr_state_fsm[2:0]':
I: from  uart_master_u1/curr_state[2] uart_master_u1/curr_state[1] uart_master_u1/curr_state[0]
I: to  uart_master_u1/curr_state_reg[7] uart_master_u1/curr_state_reg[6] uart_master_u1/curr_state_reg[5] uart_master_u1/curr_state_reg[4] uart_master_u1/curr_state_reg[3] uart_master_u1/curr_state_reg[2] uart_master_u1/curr_state_reg[1] uart_master_u1/curr_state_reg[0]
I: 000 => 00000001
I: 001 => 00000010
I: 010 => 00000100
I: 011 => 00001000
I: 100 => 00010000
I: 101 => 00100000
I: 110 => 01000000
I: 111 => 10000000
I: CounterOpt reduce bits [4:2] of wait_time[4:0] to const.
I: CounterOpt reduce bits [4:2] of wait_time[4:0] to const.
W: Adm-4019: [C:/CPLD/pango/2_Tieta_Feiteng/Tieta_Feiteng_1001_PGC7KD69MBG400/rtl/source/common/UID_Function.v(line number: 353)] Unable to further flatten instance 'lowpass_filter_U1'. The design is empty.
W: Adm-4019: [C:/CPLD/pango/2_Tieta_Feiteng/Tieta_Feiteng_1001_PGC7KD69MBG400/rtl/source/pwrseq/pwrseq_master.v(line number: 406)] Unable to further flatten instance 'edge_detect_ne_inst'. The design is empty.
W: Public-4008: [C:/CPLD/pango/2_Tieta_Feiteng/Tieta_Feiteng_1001_PGC7KD69MBG400/rtl/source/common/thermal.v(line number: 92)] Instance 'thermal_inst/cpu_thermtrip_r[1:0]' of 'bmsWIDEDFFCPE' unit is dangling and will be cleaned.
I: Removed bmsWIDEDFFCPE inst Edge_Detect_u3/r_signal_a that is redundant to Edge_Detect_u2/r_signal_a
I: Removed bmsWIDEDFFCPE inst Edge_Detect_u3/r_signal_b that is redundant to Edge_Detect_u2/r_signal_b
I: Removed bmsWIDEDFFCPE inst Edge_Detect_u3/r_signal_a that is redundant to Edge_Detect_u2/r_signal_a
I: Removed bmsWIDEDFFCPE inst Edge_Detect_u3/r_signal_b that is redundant to Edge_Detect_u2/r_signal_b
W: Public-4008: [C:/CPLD/pango/2_Tieta_Feiteng/Tieta_Feiteng_1001_PGC7KD69MBG400/rtl/source/pwrseq/fault_detectB_chklive.v(line number: 72)] Instance 'pwrseq_slave_inst/p3v3_fault_det_inst/any_vrm_fault' of 'bmsWIDEDFFCPE' unit is dangling and will be cleaned.
W: Adm-4083: [C:/CPLD/pango/2_Tieta_Feiteng/Tieta_Feiteng_1001_PGC7KD69MBG400/rtl/source/communication/uart_master.v(line number: 99)] Removed bmsWIDEDFFCPE inst wait_time[4:0] at 2 that is stuck at constant 0.
W: Adm-4083: [C:/CPLD/pango/2_Tieta_Feiteng/Tieta_Feiteng_1001_PGC7KD69MBG400/rtl/source/pwrseq/pwrseq_master.v(line number: 234)] Removed bmsWIDEDFFCPE inst power_seq_sm_last[5:0] at 5 that is stuck at constant 0.
W: Adm-4082: [C:/CPLD/pango/2_Tieta_Feiteng/Tieta_Feiteng_1001_PGC7KD69MBG400/rtl/source/pwrseq/pwrseq_master.v(line number: 666)] Removed bmsWIDEDFFCPE inst rt_critical_fail_store that is stuck at constant 0.
I: Removed bmsWIDEDFFCPE inst stby_failure_detected that is redundant to rt_failure_detected
W: Adm-4083: [C:/CPLD/pango/2_Tieta_Feiteng/Tieta_Feiteng_1001_PGC7KD69MBG400/rtl/source/communication/uart_master.v(line number: 99)] Removed bmsWIDEDFFCPE inst wait_time[4:0] at 2 that is stuck at constant 0.
Executing : pre-mapping successfully. Time elapsed: 0.600s wall, 0.813s user + 0.000s system = 0.813s CPU (135.4%)

Start mod-gen.
W: Public-4008: [C:/CPLD/pango/2_Tieta_Feiteng/Tieta_Feiteng_1001_PGC7KD69MBG400/rtl/source/Tieta_Feiteng_1001_top.v(line number: 2965)] Instance 'db_i_cpu_pcie_rst' of 'bmsWIDEDFFCPE' unit is dangling and will be cleaned.
W: Public-4008: [C:/CPLD/pango/2_Tieta_Feiteng/Tieta_Feiteng_1001_PGC7KD69MBG400/rtl/source/common/pwrcap_pwrbtn_led.v(line number: 52)] Instance 'pwrcap_inst/pwrcap_pwrbtn_led_inst/pwrbtn_amb' of 'bmsWIDEDFFCPE' unit is dangling and will be cleaned.
W: Public-4008: [C:/CPLD/pango/2_Tieta_Feiteng/Tieta_Feiteng_1001_PGC7KD69MBG400/rtl/source/common/pwrcap_pwrbtn_led.v(line number: 52)] Instance 'pwrcap_inst/pwrcap_pwrbtn_led_inst/pwrbtn_grn' of 'bmsWIDEDFFCPE' unit is dangling and will be cleaned.
W: Public-4008: [C:/CPLD/pango/2_Tieta_Feiteng/Tieta_Feiteng_1001_PGC7KD69MBG400/rtl/source/common/Edge_Detect1.v(line number: 40)] Instance 'Edge_Detect_u3/r_signal_a' of 'bmsWIDEDFFCPE' unit is dangling and will be cleaned.
W: Public-4008: [C:/CPLD/pango/2_Tieta_Feiteng/Tieta_Feiteng_1001_PGC7KD69MBG400/rtl/source/common/Edge_Detect1.v(line number: 40)] Instance 'Edge_Detect_u3/r_signal_b' of 'bmsWIDEDFFCPE' unit is dangling and will be cleaned.
W: Public-4008: [C:/CPLD/pango/2_Tieta_Feiteng/Tieta_Feiteng_1001_PGC7KD69MBG400/rtl/source/communication/uart_master.v(line number: 287)] Instance 'uart_master_u2/error_flag' of 'bmsWIDEDFFCPE' unit is dangling and will be cleaned.
W: Public-4008: [C:/CPLD/pango/2_Tieta_Feiteng/Tieta_Feiteng_1001_PGC7KD69MBG400/rtl/source/common/edge_detect.v(line number: 54)] Instance 'UID_Function_u0/Edge_Detect_U1/r_signal_c' of 'bmsWIDEDFFCPE' unit is dangling and will be cleaned.
W: Public-4008: [C:/CPLD/pango/2_Tieta_Feiteng/Tieta_Feiteng_1001_PGC7KD69MBG400/rtl/source/common/edge_detect.v(line number: 54)] Instance 'UID_Function_u0/Edge_Detect_U1/r_signal_d' of 'bmsWIDEDFFCPE' unit is dangling and will be cleaned.
W: Public-4008: [C:/CPLD/pango/2_Tieta_Feiteng/Tieta_Feiteng_1001_PGC7KD69MBG400/rtl/source/common/UID_Function.v(line number: 171)] Instance 'UID_Function_u0/r_uid_act_st[7:0]' of 'bmsWIDEDFFCPE' unit is dangling and will be cleaned.
W: Public-4008: [C:/CPLD/pango/2_Tieta_Feiteng/Tieta_Feiteng_1001_PGC7KD69MBG400/rtl/source/common/UID_Function.v(line number: 171)] Instance 'UID_Function_u0/r_BMC_UID_CPLD_N' of 'bmsWIDEDFFCPE' unit is dangling and will be cleaned.
W: Public-4008: [C:/CPLD/pango/2_Tieta_Feiteng/Tieta_Feiteng_1001_PGC7KD69MBG400/rtl/source/common/UID_Function.v(line number: 160)] Instance 'UID_Function_u0/r_pulse_nHz' of 'bmsWIDEDFFCPE' unit is dangling and will be cleaned.
W: Public-4008: [C:/CPLD/pango/2_Tieta_Feiteng/Tieta_Feiteng_1001_PGC7KD69MBG400/rtl/source/common/UID_Function.v(line number: 125)] Instance 'UID_Function_u0/r_cnt_pulse[8:0]' of 'bmsWIDEDFFCPE' unit is dangling and will be cleaned.
W: Public-4008: [C:/CPLD/pango/2_Tieta_Feiteng/Tieta_Feiteng_1001_PGC7KD69MBG400/rtl/source/common/UID_Function.v(line number: 146)] Instance 'UID_Function_u0/r_cnt_pulse_set[9:0]' of 'bmsWIDEDFFPATCE' unit is dangling and will be cleaned.
W: Public-4008: [C:/CPLD/pango/2_Tieta_Feiteng/Tieta_Feiteng_1001_PGC7KD69MBG400/rtl/source/common/UID_Function.v(line number: 171)] Instance 'UID_Function_u0/r_flag_uid_reg' of 'bmsWIDEDFFPATCE' unit is dangling and will be cleaned.
W: Public-4008: [C:/CPLD/pango/2_Tieta_Feiteng/Tieta_Feiteng_1001_PGC7KD69MBG400/rtl/source/common/edge_detect.v(line number: 54)] Instance 'UID_Function_u0/Edge_Detect_U0/r_signal_c' of 'bmsWIDEDFFCPE' unit is dangling and will be cleaned.
W: Public-4008: [C:/CPLD/pango/2_Tieta_Feiteng/Tieta_Feiteng_1001_PGC7KD69MBG400/rtl/source/common/edge_detect.v(line number: 54)] Instance 'UID_Function_u0/Edge_Detect_U0/r_signal_d' of 'bmsWIDEDFFCPE' unit is dangling and will be cleaned.
W: Public-4008: [C:/CPLD/pango/2_Tieta_Feiteng/Tieta_Feiteng_1001_PGC7KD69MBG400/rtl/source/common/edge_detect.v(line number: 54)] Instance 'UID_Function_u0/Edge_Detect_U2/r_signal_c' of 'bmsWIDEDFFCPE' unit is dangling and will be cleaned.
W: Public-4008: [C:/CPLD/pango/2_Tieta_Feiteng/Tieta_Feiteng_1001_PGC7KD69MBG400/rtl/source/common/edge_detect.v(line number: 54)] Instance 'UID_Function_u0/Edge_Detect_U2/r_signal_d' of 'bmsWIDEDFFCPE' unit is dangling and will be cleaned.
W: Public-4008: [C:/CPLD/pango/2_Tieta_Feiteng/Tieta_Feiteng_1001_PGC7KD69MBG400/rtl/source/common/synclib.v(line number: 370)] Instance 'db_inst_button/cnt[0][1:0]' of 'bmsWIDEDFFCPE' unit is dangling and will be cleaned.
W: Public-4008: [C:/CPLD/pango/2_Tieta_Feiteng/Tieta_Feiteng_1001_PGC7KD69MBG400/rtl/source/common/synclib.v(line number: 370)] Instance 'db_inst_button/cnt[1][1:0]' of 'bmsWIDEDFFCPE' unit is dangling and will be cleaned.
W: Public-4008: [C:/CPLD/pango/2_Tieta_Feiteng/Tieta_Feiteng_1001_PGC7KD69MBG400/rtl/source/common/synclib.v(line number: 370)] Instance 'db_inst_button/cnt[2][1:0]' of 'bmsWIDEDFFCPE' unit is dangling and will be cleaned.
W: Public-4008: [C:/CPLD/pango/2_Tieta_Feiteng/Tieta_Feiteng_1001_PGC7KD69MBG400/rtl/source/common/synclib.v(line number: 370)] Instance 'db_inst_button/cnt[3][1:0]' of 'bmsWIDEDFFCPE' unit is dangling and will be cleaned.
W: Public-4008: [C:/CPLD/pango/2_Tieta_Feiteng/Tieta_Feiteng_1001_PGC7KD69MBG400/rtl/source/common/synclib.v(line number: 370)] Instance 'db_inst_button/cnt[4][1:0]' of 'bmsWIDEDFFCPE' unit is dangling and will be cleaned.
W: Public-4008: [C:/CPLD/pango/2_Tieta_Feiteng/Tieta_Feiteng_1001_PGC7KD69MBG400/rtl/source/common/synclib.v(line number: 370)] Instance 'db_inst_button/cnt[5][1:0]' of 'bmsWIDEDFFCPE' unit is dangling and will be cleaned.
W: Public-4008: [C:/CPLD/pango/2_Tieta_Feiteng/Tieta_Feiteng_1001_PGC7KD69MBG400/rtl/source/common/synclib.v(line number: 370)] Instance 'db_inst_button/cnt[6][1:0]' of 'bmsWIDEDFFCPE' unit is dangling and will be cleaned.
W: Public-4008: [C:/CPLD/pango/2_Tieta_Feiteng/Tieta_Feiteng_1001_PGC7KD69MBG400/rtl/source/common/synclib.v(line number: 370)] Instance 'db_inst_button/cnt[7][1:0]' of 'bmsWIDEDFFCPE' unit is dangling and will be cleaned.
W: Public-4008: [C:/CPLD/pango/2_Tieta_Feiteng/Tieta_Feiteng_1001_PGC7KD69MBG400/rtl/source/common/synclib.v(line number: 370)] Instance 'db_inst_button/cnt[8][1:0]' of 'bmsWIDEDFFCPE' unit is dangling and will be cleaned.
W: Public-4008: [C:/CPLD/pango/2_Tieta_Feiteng/Tieta_Feiteng_1001_PGC7KD69MBG400/rtl/source/common/synclib.v(line number: 370)] Instance 'db_inst_button/cnt[9][1:0]' of 'bmsWIDEDFFCPE' unit is dangling and will be cleaned.
W: Public-4008: [C:/CPLD/pango/2_Tieta_Feiteng/Tieta_Feiteng_1001_PGC7KD69MBG400/rtl/source/common/synclib.v(line number: 370)] Instance 'db_inst_button/cnt[10][1:0]' of 'bmsWIDEDFFCPE' unit is dangling and will be cleaned.
W: Public-4008: [C:/CPLD/pango/2_Tieta_Feiteng/Tieta_Feiteng_1001_PGC7KD69MBG400/rtl/source/common/synclib.v(line number: 370)] Instance 'db_inst_button/cnt[11][1:0]' of 'bmsWIDEDFFCPE' unit is dangling and will be cleaned.
W: Public-4008: [C:/CPLD/pango/2_Tieta_Feiteng/Tieta_Feiteng_1001_PGC7KD69MBG400/rtl/source/common/synclib.v(line number: 370)] Instance 'db_inst_button/cnt[12][1:0]' of 'bmsWIDEDFFCPE' unit is dangling and will be cleaned.
W: Public-4008: [C:/CPLD/pango/2_Tieta_Feiteng/Tieta_Feiteng_1001_PGC7KD69MBG400/rtl/source/common/synclib.v(line number: 370)] Instance 'db_inst_button/cnt[13][1:0]' of 'bmsWIDEDFFCPE' unit is dangling and will be cleaned.
W: Public-4008: [C:/CPLD/pango/2_Tieta_Feiteng/Tieta_Feiteng_1001_PGC7KD69MBG400/rtl/source/common/synclib.v(line number: 370)] Instance 'db_inst_button/cnt[14][1:0]' of 'bmsWIDEDFFCPE' unit is dangling and will be cleaned.
W: Public-4008: [C:/CPLD/pango/2_Tieta_Feiteng/Tieta_Feiteng_1001_PGC7KD69MBG400/rtl/source/common/synclib.v(line number: 370)] Instance 'db_inst_button/cnt[15][1:0]' of 'bmsWIDEDFFCPE' unit is dangling and will be cleaned.
W: Public-4008: [C:/CPLD/pango/2_Tieta_Feiteng/Tieta_Feiteng_1001_PGC7KD69MBG400/rtl/source/common/synclib.v(line number: 370)] Instance 'db_inst_button/cnt[18][1:0]' of 'bmsWIDEDFFCPE' unit is dangling and will be cleaned.
W: Public-4008: [C:/CPLD/pango/2_Tieta_Feiteng/Tieta_Feiteng_1001_PGC7KD69MBG400/rtl/source/common/synclib.v(line number: 370)] Instance 'db_inst_button/cnt[20][1:0]' of 'bmsWIDEDFFCPE' unit is dangling and will be cleaned.
W: Public-4008: [C:/CPLD/pango/2_Tieta_Feiteng/Tieta_Feiteng_1001_PGC7KD69MBG400/rtl/source/common/synclib.v(line number: 370)] Instance 'db_inst_button/cnt[21][1:0]' of 'bmsWIDEDFFCPE' unit is dangling and will be cleaned.
W: Public-4008: [C:/CPLD/pango/2_Tieta_Feiteng/Tieta_Feiteng_1001_PGC7KD69MBG400/rtl/source/common/synclib.v(line number: 370)] Instance 'db_inst_button/cnt[22][1:0]' of 'bmsWIDEDFFCPE' unit is dangling and will be cleaned.
W: Public-4008: [C:/CPLD/pango/2_Tieta_Feiteng/Tieta_Feiteng_1001_PGC7KD69MBG400/rtl/source/common/synclib.v(line number: 370)] Instance 'db_inst_button/cnt[23][1:0]' of 'bmsWIDEDFFCPE' unit is dangling and will be cleaned.
W: Public-4008: [C:/CPLD/pango/2_Tieta_Feiteng/Tieta_Feiteng_1001_PGC7KD69MBG400/rtl/source/common/synclib.v(line number: 370)] Instance 'db_inst_button/mInst[0].nxt[0]' of 'bmsWIDEDFFCPE' unit is dangling and will be cleaned.
W: Public-4008: [C:/CPLD/pango/2_Tieta_Feiteng/Tieta_Feiteng_1001_PGC7KD69MBG400/rtl/source/common/synclib.v(line number: 370)] Instance 'db_inst_button/mInst[0].nxt_s1[0]' of 'bmsWIDEDFFCPE' unit is dangling and will be cleaned.
W: Public-4008: [C:/CPLD/pango/2_Tieta_Feiteng/Tieta_Feiteng_1001_PGC7KD69MBG400/rtl/source/common/synclib.v(line number: 370)] Instance 'db_inst_button/mInst[0].out_i[0]' of 'bmsWIDEDFFCPE' unit is dangling and will be cleaned.
W: Public-4008: [C:/CPLD/pango/2_Tieta_Feiteng/Tieta_Feiteng_1001_PGC7KD69MBG400/rtl/source/common/synclib.v(line number: 370)] Instance 'db_inst_button/mInst[1].nxt[1]' of 'bmsWIDEDFFCPE' unit is dangling and will be cleaned.
W: Public-4008: [C:/CPLD/pango/2_Tieta_Feiteng/Tieta_Feiteng_1001_PGC7KD69MBG400/rtl/source/common/synclib.v(line number: 370)] Instance 'db_inst_button/mInst[1].nxt_s1[1]' of 'bmsWIDEDFFCPE' unit is dangling and will be cleaned.
W: Public-4008: [C:/CPLD/pango/2_Tieta_Feiteng/Tieta_Feiteng_1001_PGC7KD69MBG400/rtl/source/common/synclib.v(line number: 370)] Instance 'db_inst_button/mInst[1].out_i[1]' of 'bmsWIDEDFFCPE' unit is dangling and will be cleaned.
W: Public-4008: [C:/CPLD/pango/2_Tieta_Feiteng/Tieta_Feiteng_1001_PGC7KD69MBG400/rtl/source/common/synclib.v(line number: 370)] Instance 'db_inst_button/mInst[2].nxt[2]' of 'bmsWIDEDFFCPE' unit is dangling and will be cleaned.
W: Public-4008: [C:/CPLD/pango/2_Tieta_Feiteng/Tieta_Feiteng_1001_PGC7KD69MBG400/rtl/source/common/synclib.v(line number: 370)] Instance 'db_inst_button/mInst[2].nxt_s1[2]' of 'bmsWIDEDFFCPE' unit is dangling and will be cleaned.
W: Public-4008: [C:/CPLD/pango/2_Tieta_Feiteng/Tieta_Feiteng_1001_PGC7KD69MBG400/rtl/source/common/synclib.v(line number: 370)] Instance 'db_inst_button/mInst[2].out_i[2]' of 'bmsWIDEDFFCPE' unit is dangling and will be cleaned.
W: Public-4008: [C:/CPLD/pango/2_Tieta_Feiteng/Tieta_Feiteng_1001_PGC7KD69MBG400/rtl/source/common/synclib.v(line number: 370)] Instance 'db_inst_button/mInst[3].nxt[3]' of 'bmsWIDEDFFCPE' unit is dangling and will be cleaned.
W: Public-4008: [C:/CPLD/pango/2_Tieta_Feiteng/Tieta_Feiteng_1001_PGC7KD69MBG400/rtl/source/common/synclib.v(line number: 370)] Instance 'db_inst_button/mInst[3].nxt_s1[3]' of 'bmsWIDEDFFCPE' unit is dangling and will be cleaned.
W: Public-4008: [C:/CPLD/pango/2_Tieta_Feiteng/Tieta_Feiteng_1001_PGC7KD69MBG400/rtl/source/common/synclib.v(line number: 370)] Instance 'db_inst_button/mInst[3].out_i[3]' of 'bmsWIDEDFFCPE' unit is dangling and will be cleaned.
W: Public-4008: [C:/CPLD/pango/2_Tieta_Feiteng/Tieta_Feiteng_1001_PGC7KD69MBG400/rtl/source/common/synclib.v(line number: 370)] Instance 'db_inst_button/mInst[4].nxt[4]' of 'bmsWIDEDFFCPE' unit is dangling and will be cleaned.
W: Public-4008: [C:/CPLD/pango/2_Tieta_Feiteng/Tieta_Feiteng_1001_PGC7KD69MBG400/rtl/source/common/synclib.v(line number: 370)] Instance 'db_inst_button/mInst[4].nxt_s1[4]' of 'bmsWIDEDFFCPE' unit is dangling and will be cleaned.
W: Public-4008: [C:/CPLD/pango/2_Tieta_Feiteng/Tieta_Feiteng_1001_PGC7KD69MBG400/rtl/source/common/synclib.v(line number: 370)] Instance 'db_inst_button/mInst[4].out_i[4]' of 'bmsWIDEDFFCPE' unit is dangling and will be cleaned.
W: Public-4008: [C:/CPLD/pango/2_Tieta_Feiteng/Tieta_Feiteng_1001_PGC7KD69MBG400/rtl/source/common/synclib.v(line number: 370)] Instance 'db_inst_button/mInst[5].nxt[5]' of 'bmsWIDEDFFCPE' unit is dangling and will be cleaned.
W: Public-4008: [C:/CPLD/pango/2_Tieta_Feiteng/Tieta_Feiteng_1001_PGC7KD69MBG400/rtl/source/common/synclib.v(line number: 370)] Instance 'db_inst_button/mInst[5].nxt_s1[5]' of 'bmsWIDEDFFCPE' unit is dangling and will be cleaned.
W: Public-4008: [C:/CPLD/pango/2_Tieta_Feiteng/Tieta_Feiteng_1001_PGC7KD69MBG400/rtl/source/common/synclib.v(line number: 370)] Instance 'db_inst_button/mInst[5].out_i[5]' of 'bmsWIDEDFFCPE' unit is dangling and will be cleaned.
W: Public-4008: [C:/CPLD/pango/2_Tieta_Feiteng/Tieta_Feiteng_1001_PGC7KD69MBG400/rtl/source/common/synclib.v(line number: 370)] Instance 'db_inst_button/mInst[6].nxt[6]' of 'bmsWIDEDFFCPE' unit is dangling and will be cleaned.
W: Public-4008: [C:/CPLD/pango/2_Tieta_Feiteng/Tieta_Feiteng_1001_PGC7KD69MBG400/rtl/source/common/synclib.v(line number: 370)] Instance 'db_inst_button/mInst[6].nxt_s1[6]' of 'bmsWIDEDFFCPE' unit is dangling and will be cleaned.
W: Public-4008: [C:/CPLD/pango/2_Tieta_Feiteng/Tieta_Feiteng_1001_PGC7KD69MBG400/rtl/source/common/synclib.v(line number: 370)] Instance 'db_inst_button/mInst[6].out_i[6]' of 'bmsWIDEDFFCPE' unit is dangling and will be cleaned.
W: Public-4008: [C:/CPLD/pango/2_Tieta_Feiteng/Tieta_Feiteng_1001_PGC7KD69MBG400/rtl/source/common/synclib.v(line number: 370)] Instance 'db_inst_button/mInst[7].nxt[7]' of 'bmsWIDEDFFCPE' unit is dangling and will be cleaned.
W: Public-4008: [C:/CPLD/pango/2_Tieta_Feiteng/Tieta_Feiteng_1001_PGC7KD69MBG400/rtl/source/common/synclib.v(line number: 370)] Instance 'db_inst_button/mInst[7].nxt_s1[7]' of 'bmsWIDEDFFCPE' unit is dangling and will be cleaned.
W: Public-4008: [C:/CPLD/pango/2_Tieta_Feiteng/Tieta_Feiteng_1001_PGC7KD69MBG400/rtl/source/common/synclib.v(line number: 370)] Instance 'db_inst_button/mInst[7].out_i[7]' of 'bmsWIDEDFFCPE' unit is dangling and will be cleaned.
W: Public-4008: [C:/CPLD/pango/2_Tieta_Feiteng/Tieta_Feiteng_1001_PGC7KD69MBG400/rtl/source/common/synclib.v(line number: 370)] Instance 'db_inst_button/mInst[8].nxt[8]' of 'bmsWIDEDFFCPE' unit is dangling and will be cleaned.
W: Public-4008: [C:/CPLD/pango/2_Tieta_Feiteng/Tieta_Feiteng_1001_PGC7KD69MBG400/rtl/source/common/synclib.v(line number: 370)] Instance 'db_inst_button/mInst[8].nxt_s1[8]' of 'bmsWIDEDFFCPE' unit is dangling and will be cleaned.
W: Public-4008: [C:/CPLD/pango/2_Tieta_Feiteng/Tieta_Feiteng_1001_PGC7KD69MBG400/rtl/source/common/synclib.v(line number: 370)] Instance 'db_inst_button/mInst[8].out_i[8]' of 'bmsWIDEDFFCPE' unit is dangling and will be cleaned.
W: Public-4008: [C:/CPLD/pango/2_Tieta_Feiteng/Tieta_Feiteng_1001_PGC7KD69MBG400/rtl/source/common/synclib.v(line number: 370)] Instance 'db_inst_button/mInst[9].nxt[9]' of 'bmsWIDEDFFCPE' unit is dangling and will be cleaned.
W: Public-4008: [C:/CPLD/pango/2_Tieta_Feiteng/Tieta_Feiteng_1001_PGC7KD69MBG400/rtl/source/common/synclib.v(line number: 370)] Instance 'db_inst_button/mInst[9].nxt_s1[9]' of 'bmsWIDEDFFCPE' unit is dangling and will be cleaned.
W: Public-4008: [C:/CPLD/pango/2_Tieta_Feiteng/Tieta_Feiteng_1001_PGC7KD69MBG400/rtl/source/common/synclib.v(line number: 370)] Instance 'db_inst_button/mInst[9].out_i[9]' of 'bmsWIDEDFFCPE' unit is dangling and will be cleaned.
W: Public-4008: [C:/CPLD/pango/2_Tieta_Feiteng/Tieta_Feiteng_1001_PGC7KD69MBG400/rtl/source/common/synclib.v(line number: 370)] Instance 'db_inst_button/mInst[10].nxt[10]' of 'bmsWIDEDFFCPE' unit is dangling and will be cleaned.
W: Public-4008: [C:/CPLD/pango/2_Tieta_Feiteng/Tieta_Feiteng_1001_PGC7KD69MBG400/rtl/source/common/synclib.v(line number: 370)] Instance 'db_inst_button/mInst[10].nxt_s1[10]' of 'bmsWIDEDFFCPE' unit is dangling and will be cleaned.
W: Public-4008: [C:/CPLD/pango/2_Tieta_Feiteng/Tieta_Feiteng_1001_PGC7KD69MBG400/rtl/source/common/synclib.v(line number: 370)] Instance 'db_inst_button/mInst[10].out_i[10]' of 'bmsWIDEDFFCPE' unit is dangling and will be cleaned.
W: Public-4008: [C:/CPLD/pango/2_Tieta_Feiteng/Tieta_Feiteng_1001_PGC7KD69MBG400/rtl/source/common/synclib.v(line number: 370)] Instance 'db_inst_button/mInst[11].nxt[11]' of 'bmsWIDEDFFCPE' unit is dangling and will be cleaned.
W: Public-4008: [C:/CPLD/pango/2_Tieta_Feiteng/Tieta_Feiteng_1001_PGC7KD69MBG400/rtl/source/common/synclib.v(line number: 370)] Instance 'db_inst_button/mInst[11].nxt_s1[11]' of 'bmsWIDEDFFCPE' unit is dangling and will be cleaned.
W: Public-4008: [C:/CPLD/pango/2_Tieta_Feiteng/Tieta_Feiteng_1001_PGC7KD69MBG400/rtl/source/common/synclib.v(line number: 370)] Instance 'db_inst_button/mInst[11].out_i[11]' of 'bmsWIDEDFFCPE' unit is dangling and will be cleaned.
W: Public-4008: [C:/CPLD/pango/2_Tieta_Feiteng/Tieta_Feiteng_1001_PGC7KD69MBG400/rtl/source/common/synclib.v(line number: 370)] Instance 'db_inst_button/mInst[12].nxt[12]' of 'bmsWIDEDFFCPE' unit is dangling and will be cleaned.
W: Public-4008: [C:/CPLD/pango/2_Tieta_Feiteng/Tieta_Feiteng_1001_PGC7KD69MBG400/rtl/source/common/synclib.v(line number: 370)] Instance 'db_inst_button/mInst[12].nxt_s1[12]' of 'bmsWIDEDFFCPE' unit is dangling and will be cleaned.
W: Public-4008: [C:/CPLD/pango/2_Tieta_Feiteng/Tieta_Feiteng_1001_PGC7KD69MBG400/rtl/source/common/synclib.v(line number: 370)] Instance 'db_inst_button/mInst[12].out_i[12]' of 'bmsWIDEDFFCPE' unit is dangling and will be cleaned.
W: Public-4008: [C:/CPLD/pango/2_Tieta_Feiteng/Tieta_Feiteng_1001_PGC7KD69MBG400/rtl/source/common/synclib.v(line number: 370)] Instance 'db_inst_button/mInst[13].nxt[13]' of 'bmsWIDEDFFCPE' unit is dangling and will be cleaned.
W: Public-4008: [C:/CPLD/pango/2_Tieta_Feiteng/Tieta_Feiteng_1001_PGC7KD69MBG400/rtl/source/common/synclib.v(line number: 370)] Instance 'db_inst_button/mInst[13].nxt_s1[13]' of 'bmsWIDEDFFCPE' unit is dangling and will be cleaned.
W: Public-4008: [C:/CPLD/pango/2_Tieta_Feiteng/Tieta_Feiteng_1001_PGC7KD69MBG400/rtl/source/common/synclib.v(line number: 370)] Instance 'db_inst_button/mInst[13].out_i[13]' of 'bmsWIDEDFFCPE' unit is dangling and will be cleaned.
W: Public-4008: [C:/CPLD/pango/2_Tieta_Feiteng/Tieta_Feiteng_1001_PGC7KD69MBG400/rtl/source/common/synclib.v(line number: 370)] Instance 'db_inst_button/mInst[14].nxt[14]' of 'bmsWIDEDFFCPE' unit is dangling and will be cleaned.
W: Public-4008: [C:/CPLD/pango/2_Tieta_Feiteng/Tieta_Feiteng_1001_PGC7KD69MBG400/rtl/source/common/synclib.v(line number: 370)] Instance 'db_inst_button/mInst[14].nxt_s1[14]' of 'bmsWIDEDFFCPE' unit is dangling and will be cleaned.
W: Public-4008: [C:/CPLD/pango/2_Tieta_Feiteng/Tieta_Feiteng_1001_PGC7KD69MBG400/rtl/source/common/synclib.v(line number: 370)] Instance 'db_inst_button/mInst[14].out_i[14]' of 'bmsWIDEDFFCPE' unit is dangling and will be cleaned.
W: Public-4008: [C:/CPLD/pango/2_Tieta_Feiteng/Tieta_Feiteng_1001_PGC7KD69MBG400/rtl/source/common/synclib.v(line number: 370)] Instance 'db_inst_button/mInst[15].nxt[15]' of 'bmsWIDEDFFCPE' unit is dangling and will be cleaned.
W: Public-4008: [C:/CPLD/pango/2_Tieta_Feiteng/Tieta_Feiteng_1001_PGC7KD69MBG400/rtl/source/common/synclib.v(line number: 370)] Instance 'db_inst_button/mInst[15].nxt_s1[15]' of 'bmsWIDEDFFCPE' unit is dangling and will be cleaned.
W: Public-4008: [C:/CPLD/pango/2_Tieta_Feiteng/Tieta_Feiteng_1001_PGC7KD69MBG400/rtl/source/common/synclib.v(line number: 370)] Instance 'db_inst_button/mInst[15].out_i[15]' of 'bmsWIDEDFFCPE' unit is dangling and will be cleaned.
W: Public-4008: [C:/CPLD/pango/2_Tieta_Feiteng/Tieta_Feiteng_1001_PGC7KD69MBG400/rtl/source/common/synclib.v(line number: 370)] Instance 'db_inst_button/mInst[18].nxt[18]' of 'bmsWIDEDFFCPE' unit is dangling and will be cleaned.
W: Public-4008: [C:/CPLD/pango/2_Tieta_Feiteng/Tieta_Feiteng_1001_PGC7KD69MBG400/rtl/source/common/synclib.v(line number: 370)] Instance 'db_inst_button/mInst[18].nxt_s1[18]' of 'bmsWIDEDFFCPE' unit is dangling and will be cleaned.
W: Public-4008: [C:/CPLD/pango/2_Tieta_Feiteng/Tieta_Feiteng_1001_PGC7KD69MBG400/rtl/source/common/synclib.v(line number: 370)] Instance 'db_inst_button/mInst[18].out_i[18]' of 'bmsWIDEDFFCPE' unit is dangling and will be cleaned.
W: Public-4008: [C:/CPLD/pango/2_Tieta_Feiteng/Tieta_Feiteng_1001_PGC7KD69MBG400/rtl/source/common/synclib.v(line number: 370)] Instance 'db_inst_button/mInst[20].nxt[20]' of 'bmsWIDEDFFCPE' unit is dangling and will be cleaned.
W: Public-4008: [C:/CPLD/pango/2_Tieta_Feiteng/Tieta_Feiteng_1001_PGC7KD69MBG400/rtl/source/common/synclib.v(line number: 370)] Instance 'db_inst_button/mInst[20].nxt_s1[20]' of 'bmsWIDEDFFCPE' unit is dangling and will be cleaned.
W: Public-4008: [C:/CPLD/pango/2_Tieta_Feiteng/Tieta_Feiteng_1001_PGC7KD69MBG400/rtl/source/common/synclib.v(line number: 370)] Instance 'db_inst_button/mInst[20].out_i[20]' of 'bmsWIDEDFFCPE' unit is dangling and will be cleaned.
W: Public-4008: [C:/CPLD/pango/2_Tieta_Feiteng/Tieta_Feiteng_1001_PGC7KD69MBG400/rtl/source/common/synclib.v(line number: 370)] Instance 'db_inst_button/mInst[21].nxt[21]' of 'bmsWIDEDFFCPE' unit is dangling and will be cleaned.
W: Public-4008: [C:/CPLD/pango/2_Tieta_Feiteng/Tieta_Feiteng_1001_PGC7KD69MBG400/rtl/source/common/synclib.v(line number: 370)] Instance 'db_inst_button/mInst[21].nxt_s1[21]' of 'bmsWIDEDFFCPE' unit is dangling and will be cleaned.
W: Public-4008: [C:/CPLD/pango/2_Tieta_Feiteng/Tieta_Feiteng_1001_PGC7KD69MBG400/rtl/source/common/synclib.v(line number: 370)] Instance 'db_inst_button/mInst[21].out_i[21]' of 'bmsWIDEDFFCPE' unit is dangling and will be cleaned.
W: Public-4008: [C:/CPLD/pango/2_Tieta_Feiteng/Tieta_Feiteng_1001_PGC7KD69MBG400/rtl/source/common/synclib.v(line number: 370)] Instance 'db_inst_button/mInst[22].nxt[22]' of 'bmsWIDEDFFCPE' unit is dangling and will be cleaned.
W: Public-4008: [C:/CPLD/pango/2_Tieta_Feiteng/Tieta_Feiteng_1001_PGC7KD69MBG400/rtl/source/common/synclib.v(line number: 370)] Instance 'db_inst_button/mInst[22].nxt_s1[22]' of 'bmsWIDEDFFCPE' unit is dangling and will be cleaned.
W: Public-4008: [C:/CPLD/pango/2_Tieta_Feiteng/Tieta_Feiteng_1001_PGC7KD69MBG400/rtl/source/common/synclib.v(line number: 370)] Instance 'db_inst_button/mInst[22].out_i[22]' of 'bmsWIDEDFFCPE' unit is dangling and will be cleaned.
W: Public-4008: [C:/CPLD/pango/2_Tieta_Feiteng/Tieta_Feiteng_1001_PGC7KD69MBG400/rtl/source/common/synclib.v(line number: 370)] Instance 'db_inst_button/mInst[23].nxt[23]' of 'bmsWIDEDFFCPE' unit is dangling and will be cleaned.
W: Public-4008: [C:/CPLD/pango/2_Tieta_Feiteng/Tieta_Feiteng_1001_PGC7KD69MBG400/rtl/source/common/synclib.v(line number: 370)] Instance 'db_inst_button/mInst[23].nxt_s1[23]' of 'bmsWIDEDFFCPE' unit is dangling and will be cleaned.
W: Public-4008: [C:/CPLD/pango/2_Tieta_Feiteng/Tieta_Feiteng_1001_PGC7KD69MBG400/rtl/source/common/synclib.v(line number: 370)] Instance 'db_inst_button/mInst[23].out_i[23]' of 'bmsWIDEDFFCPE' unit is dangling and will be cleaned.
W: Public-4008: [C:/CPLD/pango/2_Tieta_Feiteng/Tieta_Feiteng_1001_PGC7KD69MBG400/rtl/source/common/synclib.v(line number: 370)] Instance 'db_inst_cpu_rail/mInst[43].nxt[43]' of 'bmsWIDEDFFCPE' unit is dangling and will be cleaned.
W: Public-4008: [C:/CPLD/pango/2_Tieta_Feiteng/Tieta_Feiteng_1001_PGC7KD69MBG400/rtl/source/common/synclib.v(line number: 370)] Instance 'db_inst_cpu_rail/mInst[6].nxt[6]' of 'bmsWIDEDFFCPE' unit is dangling and will be cleaned.
W: Public-4008: [C:/CPLD/pango/2_Tieta_Feiteng/Tieta_Feiteng_1001_PGC7KD69MBG400/rtl/source/common/synclib.v(line number: 370)] Instance 'db_inst_cpu_rail/mInst[6].nxt_s1[6]' of 'bmsWIDEDFFCPE' unit is dangling and will be cleaned.
W: Public-4008: [C:/CPLD/pango/2_Tieta_Feiteng/Tieta_Feiteng_1001_PGC7KD69MBG400/rtl/source/common/synclib.v(line number: 370)] Instance 'db_inst_cpu_rail/mInst[6].out_i[6]' of 'bmsWIDEDFFCPE' unit is dangling and will be cleaned.
W: Public-4008: [C:/CPLD/pango/2_Tieta_Feiteng/Tieta_Feiteng_1001_PGC7KD69MBG400/rtl/source/common/synclib.v(line number: 370)] Instance 'db_inst_cpu_rail/mInst[12].nxt[12]' of 'bmsWIDEDFFCPE' unit is dangling and will be cleaned.
W: Public-4008: [C:/CPLD/pango/2_Tieta_Feiteng/Tieta_Feiteng_1001_PGC7KD69MBG400/rtl/source/common/synclib.v(line number: 370)] Instance 'db_inst_cpu_rail/mInst[12].nxt_s1[12]' of 'bmsWIDEDFFCPE' unit is dangling and will be cleaned.
W: Public-4008: [C:/CPLD/pango/2_Tieta_Feiteng/Tieta_Feiteng_1001_PGC7KD69MBG400/rtl/source/common/synclib.v(line number: 370)] Instance 'db_inst_cpu_rail/mInst[12].out_i[12]' of 'bmsWIDEDFFCPE' unit is dangling and will be cleaned.
W: Public-4008: [C:/CPLD/pango/2_Tieta_Feiteng/Tieta_Feiteng_1001_PGC7KD69MBG400/rtl/source/common/synclib.v(line number: 370)] Instance 'db_inst_cpu_rail/mInst[43].out_i[43]' of 'bmsWIDEDFFCPE' unit is dangling and will be cleaned.
W: Public-4008: [C:/CPLD/pango/2_Tieta_Feiteng/Tieta_Feiteng_1001_PGC7KD69MBG400/rtl/source/common/synclib.v(line number: 370)] Instance 'db_inst_cpu_rail/mInst[31].nxt[31]' of 'bmsWIDEDFFCPE' unit is dangling and will be cleaned.
W: Public-4008: [C:/CPLD/pango/2_Tieta_Feiteng/Tieta_Feiteng_1001_PGC7KD69MBG400/rtl/source/common/synclib.v(line number: 370)] Instance 'db_inst_cpu_rail/mInst[31].nxt_s1[31]' of 'bmsWIDEDFFCPE' unit is dangling and will be cleaned.
W: Public-4008: [C:/CPLD/pango/2_Tieta_Feiteng/Tieta_Feiteng_1001_PGC7KD69MBG400/rtl/source/common/synclib.v(line number: 370)] Instance 'db_inst_cpu_rail/mInst[31].out_i[31]' of 'bmsWIDEDFFCPE' unit is dangling and will be cleaned.
W: Public-4008: [C:/CPLD/pango/2_Tieta_Feiteng/Tieta_Feiteng_1001_PGC7KD69MBG400/rtl/source/common/synclib.v(line number: 370)] Instance 'db_inst_cpu_rail/mInst[32].nxt[32]' of 'bmsWIDEDFFCPE' unit is dangling and will be cleaned.
W: Public-4008: [C:/CPLD/pango/2_Tieta_Feiteng/Tieta_Feiteng_1001_PGC7KD69MBG400/rtl/source/common/synclib.v(line number: 370)] Instance 'db_inst_cpu_rail/mInst[32].nxt_s1[32]' of 'bmsWIDEDFFCPE' unit is dangling and will be cleaned.
W: Public-4008: [C:/CPLD/pango/2_Tieta_Feiteng/Tieta_Feiteng_1001_PGC7KD69MBG400/rtl/source/common/synclib.v(line number: 370)] Instance 'db_inst_cpu_rail/mInst[32].out_i[32]' of 'bmsWIDEDFFCPE' unit is dangling and will be cleaned.
W: Public-4008: [C:/CPLD/pango/2_Tieta_Feiteng/Tieta_Feiteng_1001_PGC7KD69MBG400/rtl/source/common/synclib.v(line number: 370)] Instance 'db_inst_cpu_rail/mInst[1].nxt[1]' of 'bmsWIDEDFFCPE' unit is dangling and will be cleaned.
W: Public-4008: [C:/CPLD/pango/2_Tieta_Feiteng/Tieta_Feiteng_1001_PGC7KD69MBG400/rtl/source/common/synclib.v(line number: 370)] Instance 'db_inst_cpu_rail/mInst[1].nxt_s1[1]' of 'bmsWIDEDFFCPE' unit is dangling and will be cleaned.
W: Public-4008: [C:/CPLD/pango/2_Tieta_Feiteng/Tieta_Feiteng_1001_PGC7KD69MBG400/rtl/source/common/synclib.v(line number: 370)] Instance 'db_inst_cpu_rail/mInst[1].out_i[1]' of 'bmsWIDEDFFCPE' unit is dangling and will be cleaned.
W: Public-4008: [C:/CPLD/pango/2_Tieta_Feiteng/Tieta_Feiteng_1001_PGC7KD69MBG400/rtl/source/common/synclib.v(line number: 370)] Instance 'db_inst_cpu_rail/mInst[2].nxt[2]' of 'bmsWIDEDFFCPE' unit is dangling and will be cleaned.
W: Public-4008: [C:/CPLD/pango/2_Tieta_Feiteng/Tieta_Feiteng_1001_PGC7KD69MBG400/rtl/source/common/synclib.v(line number: 370)] Instance 'db_inst_cpu_rail/mInst[2].nxt_s1[2]' of 'bmsWIDEDFFCPE' unit is dangling and will be cleaned.
W: Public-4008: [C:/CPLD/pango/2_Tieta_Feiteng/Tieta_Feiteng_1001_PGC7KD69MBG400/rtl/source/common/synclib.v(line number: 370)] Instance 'db_inst_cpu_rail/mInst[2].out_i[2]' of 'bmsWIDEDFFCPE' unit is dangling and will be cleaned.
W: Public-4008: [C:/CPLD/pango/2_Tieta_Feiteng/Tieta_Feiteng_1001_PGC7KD69MBG400/rtl/source/common/synclib.v(line number: 370)] Instance 'db_inst_cpu_rail/mInst[3].nxt[3]' of 'bmsWIDEDFFCPE' unit is dangling and will be cleaned.
W: Public-4008: [C:/CPLD/pango/2_Tieta_Feiteng/Tieta_Feiteng_1001_PGC7KD69MBG400/rtl/source/common/synclib.v(line number: 370)] Instance 'db_inst_cpu_rail/mInst[3].nxt_s1[3]' of 'bmsWIDEDFFCPE' unit is dangling and will be cleaned.
W: Public-4008: [C:/CPLD/pango/2_Tieta_Feiteng/Tieta_Feiteng_1001_PGC7KD69MBG400/rtl/source/common/synclib.v(line number: 370)] Instance 'db_inst_cpu_rail/mInst[3].out_i[3]' of 'bmsWIDEDFFCPE' unit is dangling and will be cleaned.
W: Public-4008: [C:/CPLD/pango/2_Tieta_Feiteng/Tieta_Feiteng_1001_PGC7KD69MBG400/rtl/source/common/synclib.v(line number: 370)] Instance 'db_inst_cpu_rail/mInst[4].nxt[4]' of 'bmsWIDEDFFCPE' unit is dangling and will be cleaned.
W: Public-4008: [C:/CPLD/pango/2_Tieta_Feiteng/Tieta_Feiteng_1001_PGC7KD69MBG400/rtl/source/common/synclib.v(line number: 370)] Instance 'db_inst_cpu_rail/mInst[4].nxt_s1[4]' of 'bmsWIDEDFFCPE' unit is dangling and will be cleaned.
W: Public-4008: [C:/CPLD/pango/2_Tieta_Feiteng/Tieta_Feiteng_1001_PGC7KD69MBG400/rtl/source/common/synclib.v(line number: 370)] Instance 'db_inst_cpu_rail/mInst[4].out_i[4]' of 'bmsWIDEDFFCPE' unit is dangling and will be cleaned.
W: Public-4008: [C:/CPLD/pango/2_Tieta_Feiteng/Tieta_Feiteng_1001_PGC7KD69MBG400/rtl/source/common/synclib.v(line number: 370)] Instance 'db_inst_cpu_rail/cnt[1][2:0]' of 'bmsWIDEDFFCPE' unit is dangling and will be cleaned.
W: Public-4008: [C:/CPLD/pango/2_Tieta_Feiteng/Tieta_Feiteng_1001_PGC7KD69MBG400/rtl/source/common/synclib.v(line number: 370)] Instance 'db_inst_cpu_rail/cnt[2][2:0]' of 'bmsWIDEDFFCPE' unit is dangling and will be cleaned.
W: Public-4008: [C:/CPLD/pango/2_Tieta_Feiteng/Tieta_Feiteng_1001_PGC7KD69MBG400/rtl/source/common/synclib.v(line number: 370)] Instance 'db_inst_cpu_rail/cnt[3][2:0]' of 'bmsWIDEDFFCPE' unit is dangling and will be cleaned.
W: Public-4008: [C:/CPLD/pango/2_Tieta_Feiteng/Tieta_Feiteng_1001_PGC7KD69MBG400/rtl/source/common/synclib.v(line number: 370)] Instance 'db_inst_cpu_rail/cnt[4][2:0]' of 'bmsWIDEDFFCPE' unit is dangling and will be cleaned.
W: Public-4008: [C:/CPLD/pango/2_Tieta_Feiteng/Tieta_Feiteng_1001_PGC7KD69MBG400/rtl/source/common/synclib.v(line number: 370)] Instance 'db_inst_cpu_rail/cnt[6][2:0]' of 'bmsWIDEDFFCPE' unit is dangling and will be cleaned.
W: Public-4008: [C:/CPLD/pango/2_Tieta_Feiteng/Tieta_Feiteng_1001_PGC7KD69MBG400/rtl/source/common/synclib.v(line number: 370)] Instance 'db_inst_cpu_rail/cnt[12][2:0]' of 'bmsWIDEDFFCPE' unit is dangling and will be cleaned.
W: Public-4008: [C:/CPLD/pango/2_Tieta_Feiteng/Tieta_Feiteng_1001_PGC7KD69MBG400/rtl/source/common/synclib.v(line number: 370)] Instance 'db_inst_cpu_rail/cnt[31][2:0]' of 'bmsWIDEDFFCPE' unit is dangling and will be cleaned.
W: Public-4008: [C:/CPLD/pango/2_Tieta_Feiteng/Tieta_Feiteng_1001_PGC7KD69MBG400/rtl/source/common/synclib.v(line number: 370)] Instance 'db_inst_cpu_rail/cnt[32][2:0]' of 'bmsWIDEDFFCPE' unit is dangling and will be cleaned.
W: Public-4008: [C:/CPLD/pango/2_Tieta_Feiteng/Tieta_Feiteng_1001_PGC7KD69MBG400/rtl/source/common/synclib.v(line number: 370)] Instance 'db_inst_cpu_rail/cnt[43][2:0]' of 'bmsWIDEDFFCPE' unit is dangling and will be cleaned.
W: Public-4008: [C:/CPLD/pango/2_Tieta_Feiteng/Tieta_Feiteng_1001_PGC7KD69MBG400/rtl/source/common/synclib.v(line number: 370)] Instance 'db_inst_cpu_rail/mInst[43].nxt_s1[43]' of 'bmsWIDEDFFCPE' unit is dangling and will be cleaned.
W: Public-4008: [C:/CPLD/pango/2_Tieta_Feiteng/Tieta_Feiteng_1001_PGC7KD69MBG400/rtl/source/common/synclib.v(line number: 370)] Instance 'db_inst_cpu_rst_rail/mInst[8].out_i[8]' of 'bmsWIDEDFFCPE' unit is dangling and will be cleaned.
W: Public-4008: [C:/CPLD/pango/2_Tieta_Feiteng/Tieta_Feiteng_1001_PGC7KD69MBG400/rtl/source/common/synclib.v(line number: 370)] Instance 'db_inst_cpu_rst_rail/mInst[17].nxt_s1[17]' of 'bmsWIDEDFFCPE' unit is dangling and will be cleaned.
W: Public-4008: [C:/CPLD/pango/2_Tieta_Feiteng/Tieta_Feiteng_1001_PGC7KD69MBG400/rtl/source/common/synclib.v(line number: 370)] Instance 'db_inst_cpu_rst_rail/mInst[5].nxt_s1[5]' of 'bmsWIDEDFFCPE' unit is dangling and will be cleaned.
W: Public-4008: [C:/CPLD/pango/2_Tieta_Feiteng/Tieta_Feiteng_1001_PGC7KD69MBG400/rtl/source/common/synclib.v(line number: 370)] Instance 'db_inst_cpu_rst_rail/mInst[9].nxt[9]' of 'bmsWIDEDFFCPE' unit is dangling and will be cleaned.
W: Public-4008: [C:/CPLD/pango/2_Tieta_Feiteng/Tieta_Feiteng_1001_PGC7KD69MBG400/rtl/source/common/synclib.v(line number: 370)] Instance 'db_inst_cpu_rst_rail/mInst[17].out_i[17]' of 'bmsWIDEDFFCPE' unit is dangling and will be cleaned.
W: Public-4008: [C:/CPLD/pango/2_Tieta_Feiteng/Tieta_Feiteng_1001_PGC7KD69MBG400/rtl/source/common/synclib.v(line number: 370)] Instance 'db_inst_cpu_rst_rail/mInst[5].out_i[5]' of 'bmsWIDEDFFCPE' unit is dangling and will be cleaned.
W: Public-4008: [C:/CPLD/pango/2_Tieta_Feiteng/Tieta_Feiteng_1001_PGC7KD69MBG400/rtl/source/common/synclib.v(line number: 370)] Instance 'db_inst_cpu_rst_rail/mInst[9].nxt_s1[9]' of 'bmsWIDEDFFCPE' unit is dangling and will be cleaned.
W: Public-4008: [C:/CPLD/pango/2_Tieta_Feiteng/Tieta_Feiteng_1001_PGC7KD69MBG400/rtl/source/common/synclib.v(line number: 370)] Instance 'db_inst_cpu_rst_rail/mInst[18].nxt[18]' of 'bmsWIDEDFFCPE' unit is dangling and will be cleaned.
W: Public-4008: [C:/CPLD/pango/2_Tieta_Feiteng/Tieta_Feiteng_1001_PGC7KD69MBG400/rtl/source/common/synclib.v(line number: 370)] Instance 'db_inst_cpu_rst_rail/mInst[6].nxt[6]' of 'bmsWIDEDFFCPE' unit is dangling and will be cleaned.
W: Public-4008: [C:/CPLD/pango/2_Tieta_Feiteng/Tieta_Feiteng_1001_PGC7KD69MBG400/rtl/source/common/synclib.v(line number: 370)] Instance 'db_inst_cpu_rst_rail/mInst[9].out_i[9]' of 'bmsWIDEDFFCPE' unit is dangling and will be cleaned.
W: Public-4008: [C:/CPLD/pango/2_Tieta_Feiteng/Tieta_Feiteng_1001_PGC7KD69MBG400/rtl/source/common/synclib.v(line number: 370)] Instance 'db_inst_cpu_rst_rail/mInst[18].nxt_s1[18]' of 'bmsWIDEDFFCPE' unit is dangling and will be cleaned.
W: Public-4008: [C:/CPLD/pango/2_Tieta_Feiteng/Tieta_Feiteng_1001_PGC7KD69MBG400/rtl/source/common/synclib.v(line number: 370)] Instance 'db_inst_cpu_rst_rail/mInst[6].nxt_s1[6]' of 'bmsWIDEDFFCPE' unit is dangling and will be cleaned.
W: Public-4008: [C:/CPLD/pango/2_Tieta_Feiteng/Tieta_Feiteng_1001_PGC7KD69MBG400/rtl/source/common/synclib.v(line number: 370)] Instance 'db_inst_cpu_rst_rail/mInst[10].nxt[10]' of 'bmsWIDEDFFCPE' unit is dangling and will be cleaned.
W: Public-4008: [C:/CPLD/pango/2_Tieta_Feiteng/Tieta_Feiteng_1001_PGC7KD69MBG400/rtl/source/common/synclib.v(line number: 370)] Instance 'db_inst_cpu_rst_rail/mInst[18].out_i[18]' of 'bmsWIDEDFFCPE' unit is dangling and will be cleaned.
W: Public-4008: [C:/CPLD/pango/2_Tieta_Feiteng/Tieta_Feiteng_1001_PGC7KD69MBG400/rtl/source/common/synclib.v(line number: 370)] Instance 'db_inst_cpu_rst_rail/mInst[6].out_i[6]' of 'bmsWIDEDFFCPE' unit is dangling and will be cleaned.
W: Public-4008: [C:/CPLD/pango/2_Tieta_Feiteng/Tieta_Feiteng_1001_PGC7KD69MBG400/rtl/source/common/synclib.v(line number: 370)] Instance 'db_inst_cpu_rst_rail/mInst[10].nxt_s1[10]' of 'bmsWIDEDFFCPE' unit is dangling and will be cleaned.
W: Public-4008: [C:/CPLD/pango/2_Tieta_Feiteng/Tieta_Feiteng_1001_PGC7KD69MBG400/rtl/source/common/synclib.v(line number: 370)] Instance 'db_inst_cpu_rst_rail/mInst[19].nxt[19]' of 'bmsWIDEDFFCPE' unit is dangling and will be cleaned.
W: Public-4008: [C:/CPLD/pango/2_Tieta_Feiteng/Tieta_Feiteng_1001_PGC7KD69MBG400/rtl/source/common/synclib.v(line number: 370)] Instance 'db_inst_cpu_rst_rail/mInst[7].nxt[7]' of 'bmsWIDEDFFCPE' unit is dangling and will be cleaned.
W: Public-4008: [C:/CPLD/pango/2_Tieta_Feiteng/Tieta_Feiteng_1001_PGC7KD69MBG400/rtl/source/common/synclib.v(line number: 370)] Instance 'db_inst_cpu_rst_rail/mInst[10].out_i[10]' of 'bmsWIDEDFFCPE' unit is dangling and will be cleaned.
W: Public-4008: [C:/CPLD/pango/2_Tieta_Feiteng/Tieta_Feiteng_1001_PGC7KD69MBG400/rtl/source/common/synclib.v(line number: 370)] Instance 'db_inst_cpu_rst_rail/mInst[19].nxt_s1[19]' of 'bmsWIDEDFFCPE' unit is dangling and will be cleaned.
W: Public-4008: [C:/CPLD/pango/2_Tieta_Feiteng/Tieta_Feiteng_1001_PGC7KD69MBG400/rtl/source/common/synclib.v(line number: 370)] Instance 'db_inst_cpu_rst_rail/mInst[7].nxt_s1[7]' of 'bmsWIDEDFFCPE' unit is dangling and will be cleaned.
W: Public-4008: [C:/CPLD/pango/2_Tieta_Feiteng/Tieta_Feiteng_1001_PGC7KD69MBG400/rtl/source/common/synclib.v(line number: 370)] Instance 'db_inst_cpu_rst_rail/mInst[11].nxt[11]' of 'bmsWIDEDFFCPE' unit is dangling and will be cleaned.
W: Public-4008: [C:/CPLD/pango/2_Tieta_Feiteng/Tieta_Feiteng_1001_PGC7KD69MBG400/rtl/source/common/synclib.v(line number: 370)] Instance 'db_inst_cpu_rst_rail/mInst[19].out_i[19]' of 'bmsWIDEDFFCPE' unit is dangling and will be cleaned.
W: Public-4008: [C:/CPLD/pango/2_Tieta_Feiteng/Tieta_Feiteng_1001_PGC7KD69MBG400/rtl/source/common/synclib.v(line number: 370)] Instance 'db_inst_cpu_rst_rail/mInst[7].out_i[7]' of 'bmsWIDEDFFCPE' unit is dangling and will be cleaned.
W: Public-4008: [C:/CPLD/pango/2_Tieta_Feiteng/Tieta_Feiteng_1001_PGC7KD69MBG400/rtl/source/common/synclib.v(line number: 370)] Instance 'db_inst_cpu_rst_rail/mInst[11].nxt_s1[11]' of 'bmsWIDEDFFCPE' unit is dangling and will be cleaned.
W: Public-4008: [C:/CPLD/pango/2_Tieta_Feiteng/Tieta_Feiteng_1001_PGC7KD69MBG400/rtl/source/common/synclib.v(line number: 370)] Instance 'db_inst_cpu_rst_rail/mInst[20].nxt[20]' of 'bmsWIDEDFFCPE' unit is dangling and will be cleaned.
W: Public-4008: [C:/CPLD/pango/2_Tieta_Feiteng/Tieta_Feiteng_1001_PGC7KD69MBG400/rtl/source/common/synclib.v(line number: 370)] Instance 'db_inst_cpu_rst_rail/mInst[8].nxt[8]' of 'bmsWIDEDFFCPE' unit is dangling and will be cleaned.
W: Public-4008: [C:/CPLD/pango/2_Tieta_Feiteng/Tieta_Feiteng_1001_PGC7KD69MBG400/rtl/source/common/synclib.v(line number: 370)] Instance 'db_inst_cpu_rst_rail/mInst[11].out_i[11]' of 'bmsWIDEDFFCPE' unit is dangling and will be cleaned.
W: Public-4008: [C:/CPLD/pango/2_Tieta_Feiteng/Tieta_Feiteng_1001_PGC7KD69MBG400/rtl/source/common/synclib.v(line number: 370)] Instance 'db_inst_cpu_rst_rail/mInst[20].nxt_s1[20]' of 'bmsWIDEDFFCPE' unit is dangling and will be cleaned.
W: Public-4008: [C:/CPLD/pango/2_Tieta_Feiteng/Tieta_Feiteng_1001_PGC7KD69MBG400/rtl/source/common/synclib.v(line number: 370)] Instance 'db_inst_cpu_rst_rail/mInst[8].nxt_s1[8]' of 'bmsWIDEDFFCPE' unit is dangling and will be cleaned.
W: Public-4008: [C:/CPLD/pango/2_Tieta_Feiteng/Tieta_Feiteng_1001_PGC7KD69MBG400/rtl/source/common/synclib.v(line number: 370)] Instance 'db_inst_cpu_rst_rail/mInst[12].nxt[12]' of 'bmsWIDEDFFCPE' unit is dangling and will be cleaned.
W: Public-4008: [C:/CPLD/pango/2_Tieta_Feiteng/Tieta_Feiteng_1001_PGC7KD69MBG400/rtl/source/common/synclib.v(line number: 370)] Instance 'db_inst_cpu_rst_rail/mInst[20].out_i[20]' of 'bmsWIDEDFFCPE' unit is dangling and will be cleaned.
W: Public-4008: [C:/CPLD/pango/2_Tieta_Feiteng/Tieta_Feiteng_1001_PGC7KD69MBG400/rtl/source/common/synclib.v(line number: 370)] Instance 'db_inst_cpu_rst_rail/mInst[0].nxt[0]' of 'bmsWIDEDFFCPE' unit is dangling and will be cleaned.
W: Public-4008: [C:/CPLD/pango/2_Tieta_Feiteng/Tieta_Feiteng_1001_PGC7KD69MBG400/rtl/source/common/synclib.v(line number: 370)] Instance 'db_inst_cpu_rst_rail/mInst[12].nxt_s1[12]' of 'bmsWIDEDFFCPE' unit is dangling and will be cleaned.
W: Public-4008: [C:/CPLD/pango/2_Tieta_Feiteng/Tieta_Feiteng_1001_PGC7KD69MBG400/rtl/source/common/synclib.v(line number: 370)] Instance 'db_inst_cpu_rst_rail/mInst[21].nxt[21]' of 'bmsWIDEDFFCPE' unit is dangling and will be cleaned.
W: Public-4008: [C:/CPLD/pango/2_Tieta_Feiteng/Tieta_Feiteng_1001_PGC7KD69MBG400/rtl/source/common/synclib.v(line number: 370)] Instance 'db_inst_cpu_rst_rail/mInst[0].nxt_s1[0]' of 'bmsWIDEDFFCPE' unit is dangling and will be cleaned.
W: Public-4008: [C:/CPLD/pango/2_Tieta_Feiteng/Tieta_Feiteng_1001_PGC7KD69MBG400/rtl/source/common/synclib.v(line number: 370)] Instance 'db_inst_cpu_rst_rail/mInst[12].out_i[12]' of 'bmsWIDEDFFCPE' unit is dangling and will be cleaned.
W: Public-4008: [C:/CPLD/pango/2_Tieta_Feiteng/Tieta_Feiteng_1001_PGC7KD69MBG400/rtl/source/common/synclib.v(line number: 370)] Instance 'db_inst_cpu_rst_rail/mInst[21].nxt_s1[21]' of 'bmsWIDEDFFCPE' unit is dangling and will be cleaned.
W: Public-4008: [C:/CPLD/pango/2_Tieta_Feiteng/Tieta_Feiteng_1001_PGC7KD69MBG400/rtl/source/common/synclib.v(line number: 370)] Instance 'db_inst_cpu_rst_rail/mInst[0].out_i[0]' of 'bmsWIDEDFFCPE' unit is dangling and will be cleaned.
W: Public-4008: [C:/CPLD/pango/2_Tieta_Feiteng/Tieta_Feiteng_1001_PGC7KD69MBG400/rtl/source/common/synclib.v(line number: 370)] Instance 'db_inst_cpu_rst_rail/mInst[13].nxt[13]' of 'bmsWIDEDFFCPE' unit is dangling and will be cleaned.
W: Public-4008: [C:/CPLD/pango/2_Tieta_Feiteng/Tieta_Feiteng_1001_PGC7KD69MBG400/rtl/source/common/synclib.v(line number: 370)] Instance 'db_inst_cpu_rst_rail/mInst[21].out_i[21]' of 'bmsWIDEDFFCPE' unit is dangling and will be cleaned.
W: Public-4008: [C:/CPLD/pango/2_Tieta_Feiteng/Tieta_Feiteng_1001_PGC7KD69MBG400/rtl/source/common/synclib.v(line number: 370)] Instance 'db_inst_cpu_rst_rail/mInst[1].nxt[1]' of 'bmsWIDEDFFCPE' unit is dangling and will be cleaned.
W: Public-4008: [C:/CPLD/pango/2_Tieta_Feiteng/Tieta_Feiteng_1001_PGC7KD69MBG400/rtl/source/common/synclib.v(line number: 370)] Instance 'db_inst_cpu_rst_rail/mInst[13].nxt_s1[13]' of 'bmsWIDEDFFCPE' unit is dangling and will be cleaned.
W: Public-4008: [C:/CPLD/pango/2_Tieta_Feiteng/Tieta_Feiteng_1001_PGC7KD69MBG400/rtl/source/common/synclib.v(line number: 370)] Instance 'db_inst_cpu_rst_rail/mInst[22].nxt[22]' of 'bmsWIDEDFFCPE' unit is dangling and will be cleaned.
W: Public-4008: [C:/CPLD/pango/2_Tieta_Feiteng/Tieta_Feiteng_1001_PGC7KD69MBG400/rtl/source/common/synclib.v(line number: 370)] Instance 'db_inst_cpu_rst_rail/mInst[1].nxt_s1[1]' of 'bmsWIDEDFFCPE' unit is dangling and will be cleaned.
W: Public-4008: [C:/CPLD/pango/2_Tieta_Feiteng/Tieta_Feiteng_1001_PGC7KD69MBG400/rtl/source/common/synclib.v(line number: 370)] Instance 'db_inst_cpu_rst_rail/mInst[13].out_i[13]' of 'bmsWIDEDFFCPE' unit is dangling and will be cleaned.
W: Public-4008: [C:/CPLD/pango/2_Tieta_Feiteng/Tieta_Feiteng_1001_PGC7KD69MBG400/rtl/source/common/synclib.v(line number: 370)] Instance 'db_inst_cpu_rst_rail/mInst[22].nxt_s1[22]' of 'bmsWIDEDFFCPE' unit is dangling and will be cleaned.
W: Public-4008: [C:/CPLD/pango/2_Tieta_Feiteng/Tieta_Feiteng_1001_PGC7KD69MBG400/rtl/source/common/synclib.v(line number: 370)] Instance 'db_inst_cpu_rst_rail/mInst[1].out_i[1]' of 'bmsWIDEDFFCPE' unit is dangling and will be cleaned.
W: Public-4008: [C:/CPLD/pango/2_Tieta_Feiteng/Tieta_Feiteng_1001_PGC7KD69MBG400/rtl/source/common/synclib.v(line number: 370)] Instance 'db_inst_cpu_rst_rail/mInst[14].nxt[14]' of 'bmsWIDEDFFCPE' unit is dangling and will be cleaned.
W: Public-4008: [C:/CPLD/pango/2_Tieta_Feiteng/Tieta_Feiteng_1001_PGC7KD69MBG400/rtl/source/common/synclib.v(line number: 370)] Instance 'db_inst_cpu_rst_rail/mInst[22].out_i[22]' of 'bmsWIDEDFFCPE' unit is dangling and will be cleaned.
W: Public-4008: [C:/CPLD/pango/2_Tieta_Feiteng/Tieta_Feiteng_1001_PGC7KD69MBG400/rtl/source/common/synclib.v(line number: 370)] Instance 'db_inst_cpu_rst_rail/mInst[2].nxt[2]' of 'bmsWIDEDFFCPE' unit is dangling and will be cleaned.
W: Public-4008: [C:/CPLD/pango/2_Tieta_Feiteng/Tieta_Feiteng_1001_PGC7KD69MBG400/rtl/source/common/synclib.v(line number: 370)] Instance 'db_inst_cpu_rst_rail/mInst[14].nxt_s1[14]' of 'bmsWIDEDFFCPE' unit is dangling and will be cleaned.
W: Public-4008: [C:/CPLD/pango/2_Tieta_Feiteng/Tieta_Feiteng_1001_PGC7KD69MBG400/rtl/source/common/synclib.v(line number: 370)] Instance 'db_inst_cpu_rst_rail/mInst[23].nxt[23]' of 'bmsWIDEDFFCPE' unit is dangling and will be cleaned.
W: Public-4008: [C:/CPLD/pango/2_Tieta_Feiteng/Tieta_Feiteng_1001_PGC7KD69MBG400/rtl/source/common/synclib.v(line number: 370)] Instance 'db_inst_cpu_rst_rail/mInst[2].nxt_s1[2]' of 'bmsWIDEDFFCPE' unit is dangling and will be cleaned.
W: Public-4008: [C:/CPLD/pango/2_Tieta_Feiteng/Tieta_Feiteng_1001_PGC7KD69MBG400/rtl/source/common/synclib.v(line number: 370)] Instance 'db_inst_cpu_rst_rail/mInst[14].out_i[14]' of 'bmsWIDEDFFCPE' unit is dangling and will be cleaned.
W: Public-4008: [C:/CPLD/pango/2_Tieta_Feiteng/Tieta_Feiteng_1001_PGC7KD69MBG400/rtl/source/common/synclib.v(line number: 370)] Instance 'db_inst_cpu_rst_rail/mInst[23].nxt_s1[23]' of 'bmsWIDEDFFCPE' unit is dangling and will be cleaned.
W: Public-4008: [C:/CPLD/pango/2_Tieta_Feiteng/Tieta_Feiteng_1001_PGC7KD69MBG400/rtl/source/common/synclib.v(line number: 370)] Instance 'db_inst_cpu_rst_rail/mInst[2].out_i[2]' of 'bmsWIDEDFFCPE' unit is dangling and will be cleaned.
W: Public-4008: [C:/CPLD/pango/2_Tieta_Feiteng/Tieta_Feiteng_1001_PGC7KD69MBG400/rtl/source/common/synclib.v(line number: 370)] Instance 'db_inst_cpu_rst_rail/mInst[15].nxt[15]' of 'bmsWIDEDFFCPE' unit is dangling and will be cleaned.
W: Public-4008: [C:/CPLD/pango/2_Tieta_Feiteng/Tieta_Feiteng_1001_PGC7KD69MBG400/rtl/source/common/synclib.v(line number: 370)] Instance 'db_inst_cpu_rst_rail/mInst[23].out_i[23]' of 'bmsWIDEDFFCPE' unit is dangling and will be cleaned.
W: Public-4008: [C:/CPLD/pango/2_Tieta_Feiteng/Tieta_Feiteng_1001_PGC7KD69MBG400/rtl/source/common/synclib.v(line number: 370)] Instance 'db_inst_cpu_rst_rail/mInst[3].nxt[3]' of 'bmsWIDEDFFCPE' unit is dangling and will be cleaned.
W: Public-4008: [C:/CPLD/pango/2_Tieta_Feiteng/Tieta_Feiteng_1001_PGC7KD69MBG400/rtl/source/common/synclib.v(line number: 370)] Instance 'db_inst_cpu_rst_rail/mInst[15].nxt_s1[15]' of 'bmsWIDEDFFCPE' unit is dangling and will be cleaned.
W: Public-4008: [C:/CPLD/pango/2_Tieta_Feiteng/Tieta_Feiteng_1001_PGC7KD69MBG400/rtl/source/common/synclib.v(line number: 370)] Instance 'db_inst_cpu_rst_rail/mInst[3].nxt_s1[3]' of 'bmsWIDEDFFCPE' unit is dangling and will be cleaned.
W: Public-4008: [C:/CPLD/pango/2_Tieta_Feiteng/Tieta_Feiteng_1001_PGC7KD69MBG400/rtl/source/common/synclib.v(line number: 370)] Instance 'db_inst_cpu_rst_rail/mInst[15].out_i[15]' of 'bmsWIDEDFFCPE' unit is dangling and will be cleaned.
W: Public-4008: [C:/CPLD/pango/2_Tieta_Feiteng/Tieta_Feiteng_1001_PGC7KD69MBG400/rtl/source/common/synclib.v(line number: 370)] Instance 'db_inst_cpu_rst_rail/mInst[3].out_i[3]' of 'bmsWIDEDFFCPE' unit is dangling and will be cleaned.
W: Public-4008: [C:/CPLD/pango/2_Tieta_Feiteng/Tieta_Feiteng_1001_PGC7KD69MBG400/rtl/source/common/synclib.v(line number: 370)] Instance 'db_inst_cpu_rst_rail/mInst[16].nxt[16]' of 'bmsWIDEDFFCPE' unit is dangling and will be cleaned.
W: Public-4008: [C:/CPLD/pango/2_Tieta_Feiteng/Tieta_Feiteng_1001_PGC7KD69MBG400/rtl/source/common/synclib.v(line number: 370)] Instance 'db_inst_cpu_rst_rail/mInst[4].nxt[4]' of 'bmsWIDEDFFCPE' unit is dangling and will be cleaned.
W: Public-4008: [C:/CPLD/pango/2_Tieta_Feiteng/Tieta_Feiteng_1001_PGC7KD69MBG400/rtl/source/common/synclib.v(line number: 370)] Instance 'db_inst_cpu_rst_rail/mInst[16].nxt_s1[16]' of 'bmsWIDEDFFCPE' unit is dangling and will be cleaned.
W: Public-4008: [C:/CPLD/pango/2_Tieta_Feiteng/Tieta_Feiteng_1001_PGC7KD69MBG400/rtl/source/common/synclib.v(line number: 370)] Instance 'db_inst_cpu_rst_rail/mInst[4].nxt_s1[4]' of 'bmsWIDEDFFCPE' unit is dangling and will be cleaned.
W: Public-4008: [C:/CPLD/pango/2_Tieta_Feiteng/Tieta_Feiteng_1001_PGC7KD69MBG400/rtl/source/common/synclib.v(line number: 370)] Instance 'db_inst_cpu_rst_rail/mInst[16].out_i[16]' of 'bmsWIDEDFFCPE' unit is dangling and will be cleaned.
W: Public-4008: [C:/CPLD/pango/2_Tieta_Feiteng/Tieta_Feiteng_1001_PGC7KD69MBG400/rtl/source/common/synclib.v(line number: 370)] Instance 'db_inst_cpu_rst_rail/mInst[4].out_i[4]' of 'bmsWIDEDFFCPE' unit is dangling and will be cleaned.
W: Public-4008: [C:/CPLD/pango/2_Tieta_Feiteng/Tieta_Feiteng_1001_PGC7KD69MBG400/rtl/source/common/synclib.v(line number: 370)] Instance 'db_inst_cpu_rst_rail/mInst[17].nxt[17]' of 'bmsWIDEDFFCPE' unit is dangling and will be cleaned.
W: Public-4008: [C:/CPLD/pango/2_Tieta_Feiteng/Tieta_Feiteng_1001_PGC7KD69MBG400/rtl/source/common/synclib.v(line number: 370)] Instance 'db_inst_cpu_rst_rail/mInst[5].nxt[5]' of 'bmsWIDEDFFCPE' unit is dangling and will be cleaned.
W: Public-4008: [C:/CPLD/pango/2_Tieta_Feiteng/Tieta_Feiteng_1001_PGC7KD69MBG400/rtl/source/common/synclib.v(line number: 370)] Instance 'db_inst_cpu_rst_rail/cnt[0][2:0]' of 'bmsWIDEDFFCPE' unit is dangling and will be cleaned.
W: Public-4008: [C:/CPLD/pango/2_Tieta_Feiteng/Tieta_Feiteng_1001_PGC7KD69MBG400/rtl/source/common/synclib.v(line number: 370)] Instance 'db_inst_cpu_rst_rail/cnt[1][2:0]' of 'bmsWIDEDFFCPE' unit is dangling and will be cleaned.
W: Public-4008: [C:/CPLD/pango/2_Tieta_Feiteng/Tieta_Feiteng_1001_PGC7KD69MBG400/rtl/source/common/synclib.v(line number: 370)] Instance 'db_inst_cpu_rst_rail/cnt[2][2:0]' of 'bmsWIDEDFFCPE' unit is dangling and will be cleaned.
W: Public-4008: [C:/CPLD/pango/2_Tieta_Feiteng/Tieta_Feiteng_1001_PGC7KD69MBG400/rtl/source/common/synclib.v(line number: 370)] Instance 'db_inst_cpu_rst_rail/cnt[3][2:0]' of 'bmsWIDEDFFCPE' unit is dangling and will be cleaned.
W: Public-4008: [C:/CPLD/pango/2_Tieta_Feiteng/Tieta_Feiteng_1001_PGC7KD69MBG400/rtl/source/common/synclib.v(line number: 370)] Instance 'db_inst_cpu_rst_rail/cnt[4][2:0]' of 'bmsWIDEDFFCPE' unit is dangling and will be cleaned.
W: Public-4008: [C:/CPLD/pango/2_Tieta_Feiteng/Tieta_Feiteng_1001_PGC7KD69MBG400/rtl/source/common/synclib.v(line number: 370)] Instance 'db_inst_cpu_rst_rail/cnt[5][2:0]' of 'bmsWIDEDFFCPE' unit is dangling and will be cleaned.
W: Public-4008: [C:/CPLD/pango/2_Tieta_Feiteng/Tieta_Feiteng_1001_PGC7KD69MBG400/rtl/source/common/synclib.v(line number: 370)] Instance 'db_inst_cpu_rst_rail/cnt[6][2:0]' of 'bmsWIDEDFFCPE' unit is dangling and will be cleaned.
W: Public-4008: [C:/CPLD/pango/2_Tieta_Feiteng/Tieta_Feiteng_1001_PGC7KD69MBG400/rtl/source/common/synclib.v(line number: 370)] Instance 'db_inst_cpu_rst_rail/cnt[7][2:0]' of 'bmsWIDEDFFCPE' unit is dangling and will be cleaned.
W: Public-4008: [C:/CPLD/pango/2_Tieta_Feiteng/Tieta_Feiteng_1001_PGC7KD69MBG400/rtl/source/common/synclib.v(line number: 370)] Instance 'db_inst_cpu_rst_rail/cnt[8][2:0]' of 'bmsWIDEDFFCPE' unit is dangling and will be cleaned.
W: Public-4008: [C:/CPLD/pango/2_Tieta_Feiteng/Tieta_Feiteng_1001_PGC7KD69MBG400/rtl/source/common/synclib.v(line number: 370)] Instance 'db_inst_cpu_rst_rail/cnt[9][2:0]' of 'bmsWIDEDFFCPE' unit is dangling and will be cleaned.
W: Public-4008: [C:/CPLD/pango/2_Tieta_Feiteng/Tieta_Feiteng_1001_PGC7KD69MBG400/rtl/source/common/synclib.v(line number: 370)] Instance 'db_inst_cpu_rst_rail/cnt[10][2:0]' of 'bmsWIDEDFFCPE' unit is dangling and will be cleaned.
W: Public-4008: [C:/CPLD/pango/2_Tieta_Feiteng/Tieta_Feiteng_1001_PGC7KD69MBG400/rtl/source/common/synclib.v(line number: 370)] Instance 'db_inst_cpu_rst_rail/cnt[11][2:0]' of 'bmsWIDEDFFCPE' unit is dangling and will be cleaned.
W: Public-4008: [C:/CPLD/pango/2_Tieta_Feiteng/Tieta_Feiteng_1001_PGC7KD69MBG400/rtl/source/common/synclib.v(line number: 370)] Instance 'db_inst_cpu_rst_rail/cnt[12][2:0]' of 'bmsWIDEDFFCPE' unit is dangling and will be cleaned.
W: Public-4008: [C:/CPLD/pango/2_Tieta_Feiteng/Tieta_Feiteng_1001_PGC7KD69MBG400/rtl/source/common/synclib.v(line number: 370)] Instance 'db_inst_cpu_rst_rail/cnt[13][2:0]' of 'bmsWIDEDFFCPE' unit is dangling and will be cleaned.
W: Public-4008: [C:/CPLD/pango/2_Tieta_Feiteng/Tieta_Feiteng_1001_PGC7KD69MBG400/rtl/source/common/synclib.v(line number: 370)] Instance 'db_inst_cpu_rst_rail/cnt[14][2:0]' of 'bmsWIDEDFFCPE' unit is dangling and will be cleaned.
W: Public-4008: [C:/CPLD/pango/2_Tieta_Feiteng/Tieta_Feiteng_1001_PGC7KD69MBG400/rtl/source/common/synclib.v(line number: 370)] Instance 'db_inst_cpu_rst_rail/cnt[15][2:0]' of 'bmsWIDEDFFCPE' unit is dangling and will be cleaned.
W: Public-4008: [C:/CPLD/pango/2_Tieta_Feiteng/Tieta_Feiteng_1001_PGC7KD69MBG400/rtl/source/common/synclib.v(line number: 370)] Instance 'db_inst_cpu_rst_rail/cnt[16][2:0]' of 'bmsWIDEDFFCPE' unit is dangling and will be cleaned.
W: Public-4008: [C:/CPLD/pango/2_Tieta_Feiteng/Tieta_Feiteng_1001_PGC7KD69MBG400/rtl/source/common/synclib.v(line number: 370)] Instance 'db_inst_cpu_rst_rail/cnt[17][2:0]' of 'bmsWIDEDFFCPE' unit is dangling and will be cleaned.
W: Public-4008: [C:/CPLD/pango/2_Tieta_Feiteng/Tieta_Feiteng_1001_PGC7KD69MBG400/rtl/source/common/synclib.v(line number: 370)] Instance 'db_inst_cpu_rst_rail/cnt[18][2:0]' of 'bmsWIDEDFFCPE' unit is dangling and will be cleaned.
W: Public-4008: [C:/CPLD/pango/2_Tieta_Feiteng/Tieta_Feiteng_1001_PGC7KD69MBG400/rtl/source/common/synclib.v(line number: 370)] Instance 'db_inst_cpu_rst_rail/cnt[19][2:0]' of 'bmsWIDEDFFCPE' unit is dangling and will be cleaned.
W: Public-4008: [C:/CPLD/pango/2_Tieta_Feiteng/Tieta_Feiteng_1001_PGC7KD69MBG400/rtl/source/common/synclib.v(line number: 370)] Instance 'db_inst_cpu_rst_rail/cnt[20][2:0]' of 'bmsWIDEDFFCPE' unit is dangling and will be cleaned.
W: Public-4008: [C:/CPLD/pango/2_Tieta_Feiteng/Tieta_Feiteng_1001_PGC7KD69MBG400/rtl/source/common/synclib.v(line number: 370)] Instance 'db_inst_cpu_rst_rail/cnt[21][2:0]' of 'bmsWIDEDFFCPE' unit is dangling and will be cleaned.
W: Public-4008: [C:/CPLD/pango/2_Tieta_Feiteng/Tieta_Feiteng_1001_PGC7KD69MBG400/rtl/source/common/synclib.v(line number: 370)] Instance 'db_inst_cpu_rst_rail/cnt[22][2:0]' of 'bmsWIDEDFFCPE' unit is dangling and will be cleaned.
W: Public-4008: [C:/CPLD/pango/2_Tieta_Feiteng/Tieta_Feiteng_1001_PGC7KD69MBG400/rtl/source/common/synclib.v(line number: 370)] Instance 'db_inst_cpu_rst_rail/cnt[23][2:0]' of 'bmsWIDEDFFCPE' unit is dangling and will be cleaned.
W: Public-4008: [C:/CPLD/pango/2_Tieta_Feiteng/Tieta_Feiteng_1001_PGC7KD69MBG400/rtl/source/common/synclib.v(line number: 370)] Instance 'db_inst_prsnt/cnt[1][1:0]' of 'bmsWIDEDFFCPE' unit is dangling and will be cleaned.
W: Public-4008: [C:/CPLD/pango/2_Tieta_Feiteng/Tieta_Feiteng_1001_PGC7KD69MBG400/rtl/source/common/synclib.v(line number: 370)] Instance 'db_inst_prsnt/cnt[2][1:0]' of 'bmsWIDEDFFCPE' unit is dangling and will be cleaned.
W: Public-4008: [C:/CPLD/pango/2_Tieta_Feiteng/Tieta_Feiteng_1001_PGC7KD69MBG400/rtl/source/common/synclib.v(line number: 370)] Instance 'db_inst_prsnt/cnt[21][1:0]' of 'bmsWIDEDFFCPE' unit is dangling and will be cleaned.
W: Public-4008: [C:/CPLD/pango/2_Tieta_Feiteng/Tieta_Feiteng_1001_PGC7KD69MBG400/rtl/source/common/synclib.v(line number: 370)] Instance 'db_inst_prsnt/cnt[22][1:0]' of 'bmsWIDEDFFCPE' unit is dangling and will be cleaned.
W: Public-4008: [C:/CPLD/pango/2_Tieta_Feiteng/Tieta_Feiteng_1001_PGC7KD69MBG400/rtl/source/common/synclib.v(line number: 370)] Instance 'db_inst_prsnt/cnt[23][1:0]' of 'bmsWIDEDFFCPE' unit is dangling and will be cleaned.
W: Public-4008: [C:/CPLD/pango/2_Tieta_Feiteng/Tieta_Feiteng_1001_PGC7KD69MBG400/rtl/source/common/synclib.v(line number: 370)] Instance 'db_inst_prsnt/cnt[24][1:0]' of 'bmsWIDEDFFCPE' unit is dangling and will be cleaned.
W: Public-4008: [C:/CPLD/pango/2_Tieta_Feiteng/Tieta_Feiteng_1001_PGC7KD69MBG400/rtl/source/common/synclib.v(line number: 370)] Instance 'db_inst_prsnt/cnt[25][1:0]' of 'bmsWIDEDFFCPE' unit is dangling and will be cleaned.
W: Public-4008: [C:/CPLD/pango/2_Tieta_Feiteng/Tieta_Feiteng_1001_PGC7KD69MBG400/rtl/source/common/synclib.v(line number: 370)] Instance 'db_inst_prsnt/cnt[26][1:0]' of 'bmsWIDEDFFCPE' unit is dangling and will be cleaned.
W: Public-4008: [C:/CPLD/pango/2_Tieta_Feiteng/Tieta_Feiteng_1001_PGC7KD69MBG400/rtl/source/common/synclib.v(line number: 370)] Instance 'db_inst_prsnt/cnt[27][1:0]' of 'bmsWIDEDFFCPE' unit is dangling and will be cleaned.
W: Public-4008: [C:/CPLD/pango/2_Tieta_Feiteng/Tieta_Feiteng_1001_PGC7KD69MBG400/rtl/source/common/synclib.v(line number: 370)] Instance 'db_inst_prsnt/cnt[28][1:0]' of 'bmsWIDEDFFCPE' unit is dangling and will be cleaned.
W: Public-4008: [C:/CPLD/pango/2_Tieta_Feiteng/Tieta_Feiteng_1001_PGC7KD69MBG400/rtl/source/common/synclib.v(line number: 370)] Instance 'db_inst_prsnt/cnt[29][1:0]' of 'bmsWIDEDFFCPE' unit is dangling and will be cleaned.
W: Public-4008: [C:/CPLD/pango/2_Tieta_Feiteng/Tieta_Feiteng_1001_PGC7KD69MBG400/rtl/source/common/synclib.v(line number: 370)] Instance 'db_inst_prsnt/cnt[30][1:0]' of 'bmsWIDEDFFCPE' unit is dangling and will be cleaned.
W: Public-4008: [C:/CPLD/pango/2_Tieta_Feiteng/Tieta_Feiteng_1001_PGC7KD69MBG400/rtl/source/common/synclib.v(line number: 370)] Instance 'db_inst_prsnt/cnt[31][1:0]' of 'bmsWIDEDFFCPE' unit is dangling and will be cleaned.
W: Public-4008: [C:/CPLD/pango/2_Tieta_Feiteng/Tieta_Feiteng_1001_PGC7KD69MBG400/rtl/source/common/synclib.v(line number: 370)] Instance 'db_inst_prsnt/cnt[32][1:0]' of 'bmsWIDEDFFCPE' unit is dangling and will be cleaned.
W: Public-4008: [C:/CPLD/pango/2_Tieta_Feiteng/Tieta_Feiteng_1001_PGC7KD69MBG400/rtl/source/common/synclib.v(line number: 370)] Instance 'db_inst_prsnt/mInst[21].out_i[21]' of 'bmsWIDEDFFCPE' unit is dangling and will be cleaned.
W: Public-4008: [C:/CPLD/pango/2_Tieta_Feiteng/Tieta_Feiteng_1001_PGC7KD69MBG400/rtl/source/common/synclib.v(line number: 370)] Instance 'db_inst_prsnt/mInst[22].out_i[22]' of 'bmsWIDEDFFCPE' unit is dangling and will be cleaned.
W: Public-4008: [C:/CPLD/pango/2_Tieta_Feiteng/Tieta_Feiteng_1001_PGC7KD69MBG400/rtl/source/common/synclib.v(line number: 370)] Instance 'db_inst_prsnt/mInst[23].out_i[23]' of 'bmsWIDEDFFCPE' unit is dangling and will be cleaned.
W: Public-4008: [C:/CPLD/pango/2_Tieta_Feiteng/Tieta_Feiteng_1001_PGC7KD69MBG400/rtl/source/common/synclib.v(line number: 370)] Instance 'db_inst_prsnt/mInst[24].out_i[24]' of 'bmsWIDEDFFCPE' unit is dangling and will be cleaned.
W: Public-4008: [C:/CPLD/pango/2_Tieta_Feiteng/Tieta_Feiteng_1001_PGC7KD69MBG400/rtl/source/common/synclib.v(line number: 370)] Instance 'db_inst_prsnt/mInst[25].out_i[25]' of 'bmsWIDEDFFCPE' unit is dangling and will be cleaned.
W: Public-4008: [C:/CPLD/pango/2_Tieta_Feiteng/Tieta_Feiteng_1001_PGC7KD69MBG400/rtl/source/common/synclib.v(line number: 370)] Instance 'db_inst_prsnt/mInst[26].out_i[26]' of 'bmsWIDEDFFCPE' unit is dangling and will be cleaned.
W: Public-4008: [C:/CPLD/pango/2_Tieta_Feiteng/Tieta_Feiteng_1001_PGC7KD69MBG400/rtl/source/common/synclib.v(line number: 370)] Instance 'db_inst_prsnt/mInst[27].out_i[27]' of 'bmsWIDEDFFCPE' unit is dangling and will be cleaned.
W: Public-4008: [C:/CPLD/pango/2_Tieta_Feiteng/Tieta_Feiteng_1001_PGC7KD69MBG400/rtl/source/common/synclib.v(line number: 370)] Instance 'db_inst_prsnt/mInst[28].out_i[28]' of 'bmsWIDEDFFCPE' unit is dangling and will be cleaned.
W: Public-4008: [C:/CPLD/pango/2_Tieta_Feiteng/Tieta_Feiteng_1001_PGC7KD69MBG400/rtl/source/common/synclib.v(line number: 370)] Instance 'db_inst_prsnt/mInst[29].out_i[29]' of 'bmsWIDEDFFCPE' unit is dangling and will be cleaned.
W: Public-4008: [C:/CPLD/pango/2_Tieta_Feiteng/Tieta_Feiteng_1001_PGC7KD69MBG400/rtl/source/common/synclib.v(line number: 370)] Instance 'db_inst_prsnt/mInst[30].out_i[30]' of 'bmsWIDEDFFCPE' unit is dangling and will be cleaned.
W: Public-4008: [C:/CPLD/pango/2_Tieta_Feiteng/Tieta_Feiteng_1001_PGC7KD69MBG400/rtl/source/common/synclib.v(line number: 370)] Instance 'db_inst_prsnt/mInst[31].out_i[31]' of 'bmsWIDEDFFCPE' unit is dangling and will be cleaned.
W: Public-4008: [C:/CPLD/pango/2_Tieta_Feiteng/Tieta_Feiteng_1001_PGC7KD69MBG400/rtl/source/common/synclib.v(line number: 370)] Instance 'db_inst_prsnt/mInst[32].out_i[32]' of 'bmsWIDEDFFCPE' unit is dangling and will be cleaned.
W: Public-4008: [C:/CPLD/pango/2_Tieta_Feiteng/Tieta_Feiteng_1001_PGC7KD69MBG400/rtl/source/common/synclib.v(line number: 370)] Instance 'db_inst_prsnt/mInst[1].nxt[1]' of 'bmsWIDEDFFCPE' unit is dangling and will be cleaned.
W: Public-4008: [C:/CPLD/pango/2_Tieta_Feiteng/Tieta_Feiteng_1001_PGC7KD69MBG400/rtl/source/common/synclib.v(line number: 370)] Instance 'db_inst_prsnt/mInst[1].nxt_s1[1]' of 'bmsWIDEDFFCPE' unit is dangling and will be cleaned.
W: Public-4008: [C:/CPLD/pango/2_Tieta_Feiteng/Tieta_Feiteng_1001_PGC7KD69MBG400/rtl/source/common/synclib.v(line number: 370)] Instance 'db_inst_prsnt/mInst[1].out_i[1]' of 'bmsWIDEDFFCPE' unit is dangling and will be cleaned.
W: Public-4008: [C:/CPLD/pango/2_Tieta_Feiteng/Tieta_Feiteng_1001_PGC7KD69MBG400/rtl/source/common/synclib.v(line number: 370)] Instance 'db_inst_prsnt/mInst[2].nxt[2]' of 'bmsWIDEDFFCPE' unit is dangling and will be cleaned.
W: Public-4008: [C:/CPLD/pango/2_Tieta_Feiteng/Tieta_Feiteng_1001_PGC7KD69MBG400/rtl/source/common/synclib.v(line number: 370)] Instance 'db_inst_prsnt/mInst[2].nxt_s1[2]' of 'bmsWIDEDFFCPE' unit is dangling and will be cleaned.
W: Public-4008: [C:/CPLD/pango/2_Tieta_Feiteng/Tieta_Feiteng_1001_PGC7KD69MBG400/rtl/source/common/synclib.v(line number: 370)] Instance 'db_inst_prsnt/mInst[2].out_i[2]' of 'bmsWIDEDFFCPE' unit is dangling and will be cleaned.
W: Public-4008: [C:/CPLD/pango/2_Tieta_Feiteng/Tieta_Feiteng_1001_PGC7KD69MBG400/rtl/source/common/edge_detect.v(line number: 54)] Instance 'genblk1[0].fan_pwm_tach_m/Edge_Detect_u0/r_signal_c' of 'bmsWIDEDFFCPE' unit is dangling and will be cleaned.
W: Public-4008: [C:/CPLD/pango/2_Tieta_Feiteng/Tieta_Feiteng_1001_PGC7KD69MBG400/rtl/source/common/edge_detect.v(line number: 54)] Instance 'genblk1[0].fan_pwm_tach_m/Edge_Detect_u0/r_signal_d' of 'bmsWIDEDFFCPE' unit is dangling and will be cleaned.
W: Public-4008: [C:/CPLD/pango/2_Tieta_Feiteng/Tieta_Feiteng_1001_PGC7KD69MBG400/rtl/source/common/edge_detect.v(line number: 54)] Instance 'genblk1[0].fan_pwm_tach_m/Edge_Detect_u1/r_signal_c' of 'bmsWIDEDFFCPE' unit is dangling and will be cleaned.
W: Public-4008: [C:/CPLD/pango/2_Tieta_Feiteng/Tieta_Feiteng_1001_PGC7KD69MBG400/rtl/source/common/edge_detect.v(line number: 54)] Instance 'genblk1[0].fan_pwm_tach_m/Edge_Detect_u1/r_signal_d' of 'bmsWIDEDFFCPE' unit is dangling and will be cleaned.
W: Public-4008: [C:/CPLD/pango/2_Tieta_Feiteng/Tieta_Feiteng_1001_PGC7KD69MBG400/rtl/source/common/edge_detect.v(line number: 54)] Instance 'genblk1[0].fan_pwm_tach_m/Edge_Detect_u2/r_signal_c' of 'bmsWIDEDFFCPE' unit is dangling and will be cleaned.
W: Public-4008: [C:/CPLD/pango/2_Tieta_Feiteng/Tieta_Feiteng_1001_PGC7KD69MBG400/rtl/source/common/edge_detect.v(line number: 54)] Instance 'genblk1[0].fan_pwm_tach_m/Edge_Detect_u2/r_signal_d' of 'bmsWIDEDFFCPE' unit is dangling and will be cleaned.
W: Public-4008: [C:/CPLD/pango/2_Tieta_Feiteng/Tieta_Feiteng_1001_PGC7KD69MBG400/rtl/source/common/edge_detect.v(line number: 54)] Instance 'genblk1[0].fan_pwm_tach_m/Edge_Detect_u3/r_signal_c' of 'bmsWIDEDFFCPE' unit is dangling and will be cleaned.
W: Public-4008: [C:/CPLD/pango/2_Tieta_Feiteng/Tieta_Feiteng_1001_PGC7KD69MBG400/rtl/source/common/edge_detect.v(line number: 54)] Instance 'genblk1[0].fan_pwm_tach_m/Edge_Detect_u3/r_signal_d' of 'bmsWIDEDFFCPE' unit is dangling and will be cleaned.
W: Public-4008: [C:/CPLD/pango/2_Tieta_Feiteng/Tieta_Feiteng_1001_PGC7KD69MBG400/rtl/source/common/edge_detect.v(line number: 54)] Instance 'genblk1[1].fan_pwm_tach_m/Edge_Detect_u0/r_signal_c' of 'bmsWIDEDFFCPE' unit is dangling and will be cleaned.
W: Public-4008: [C:/CPLD/pango/2_Tieta_Feiteng/Tieta_Feiteng_1001_PGC7KD69MBG400/rtl/source/common/edge_detect.v(line number: 54)] Instance 'genblk1[1].fan_pwm_tach_m/Edge_Detect_u0/r_signal_d' of 'bmsWIDEDFFCPE' unit is dangling and will be cleaned.
W: Public-4008: [C:/CPLD/pango/2_Tieta_Feiteng/Tieta_Feiteng_1001_PGC7KD69MBG400/rtl/source/common/edge_detect.v(line number: 54)] Instance 'genblk1[1].fan_pwm_tach_m/Edge_Detect_u1/r_signal_c' of 'bmsWIDEDFFCPE' unit is dangling and will be cleaned.
W: Public-4008: [C:/CPLD/pango/2_Tieta_Feiteng/Tieta_Feiteng_1001_PGC7KD69MBG400/rtl/source/common/edge_detect.v(line number: 54)] Instance 'genblk1[1].fan_pwm_tach_m/Edge_Detect_u1/r_signal_d' of 'bmsWIDEDFFCPE' unit is dangling and will be cleaned.
W: Public-4008: [C:/CPLD/pango/2_Tieta_Feiteng/Tieta_Feiteng_1001_PGC7KD69MBG400/rtl/source/common/edge_detect.v(line number: 54)] Instance 'genblk1[1].fan_pwm_tach_m/Edge_Detect_u2/r_signal_c' of 'bmsWIDEDFFCPE' unit is dangling and will be cleaned.
W: Public-4008: [C:/CPLD/pango/2_Tieta_Feiteng/Tieta_Feiteng_1001_PGC7KD69MBG400/rtl/source/common/edge_detect.v(line number: 54)] Instance 'genblk1[1].fan_pwm_tach_m/Edge_Detect_u2/r_signal_d' of 'bmsWIDEDFFCPE' unit is dangling and will be cleaned.
W: Public-4008: [C:/CPLD/pango/2_Tieta_Feiteng/Tieta_Feiteng_1001_PGC7KD69MBG400/rtl/source/common/edge_detect.v(line number: 54)] Instance 'genblk1[1].fan_pwm_tach_m/Edge_Detect_u3/r_signal_c' of 'bmsWIDEDFFCPE' unit is dangling and will be cleaned.
W: Public-4008: [C:/CPLD/pango/2_Tieta_Feiteng/Tieta_Feiteng_1001_PGC7KD69MBG400/rtl/source/common/edge_detect.v(line number: 54)] Instance 'genblk1[1].fan_pwm_tach_m/Edge_Detect_u3/r_signal_d' of 'bmsWIDEDFFCPE' unit is dangling and will be cleaned.
W: Public-4008: [C:/CPLD/pango/2_Tieta_Feiteng/Tieta_Feiteng_1001_PGC7KD69MBG400/rtl/source/common/edge_detect.v(line number: 40)] Instance 'genblk1[2].fan_pwm_tach_m/Edge_Detect_u2/r_signal_a' of 'bmsWIDEDFFCPE' unit is dangling and will be cleaned.
W: Public-4008: [C:/CPLD/pango/2_Tieta_Feiteng/Tieta_Feiteng_1001_PGC7KD69MBG400/rtl/source/fan_ctrl/fan_counter.v(line number: 41)] Instance 'genblk1[2].fan_pwm_tach_m/fan_pwm_cnt_u2/r_cnt_result[10:0]' of 'bmsWIDEDFFCPE' unit is dangling and will be cleaned.
W: Public-4008: [C:/CPLD/pango/2_Tieta_Feiteng/Tieta_Feiteng_1001_PGC7KD69MBG400/rtl/source/fan_ctrl/fan_pwm_tach.v(line number: 194)] Instance 'genblk1[2].fan_pwm_tach_m/o_fan_tach0_cnt[10:0]' of 'bmsWIDEDFFCPE' unit is dangling and will be cleaned.
W: Public-4008: [C:/CPLD/pango/2_Tieta_Feiteng/Tieta_Feiteng_1001_PGC7KD69MBG400/rtl/source/fan_ctrl/fan_pwm_tach.v(line number: 202)] Instance 'genblk1[2].fan_pwm_tach_m/o_fan_tach1_cnt[10:0]' of 'bmsWIDEDFFCPE' unit is dangling and will be cleaned.
W: Public-4008: [C:/CPLD/pango/2_Tieta_Feiteng/Tieta_Feiteng_1001_PGC7KD69MBG400/rtl/source/common/edge_detect.v(line number: 40)] Instance 'genblk1[2].fan_pwm_tach_m/Edge_Detect_u2/r_signal_b' of 'bmsWIDEDFFCPE' unit is dangling and will be cleaned.
W: Public-4008: [C:/CPLD/pango/2_Tieta_Feiteng/Tieta_Feiteng_1001_PGC7KD69MBG400/rtl/source/common/edge_detect.v(line number: 54)] Instance 'genblk1[2].fan_pwm_tach_m/Edge_Detect_u0/r_signal_c' of 'bmsWIDEDFFCPE' unit is dangling and will be cleaned.
W: Public-4008: [C:/CPLD/pango/2_Tieta_Feiteng/Tieta_Feiteng_1001_PGC7KD69MBG400/rtl/source/common/edge_detect.v(line number: 54)] Instance 'genblk1[2].fan_pwm_tach_m/Edge_Detect_u0/r_signal_d' of 'bmsWIDEDFFCPE' unit is dangling and will be cleaned.
W: Public-4008: [C:/CPLD/pango/2_Tieta_Feiteng/Tieta_Feiteng_1001_PGC7KD69MBG400/rtl/source/common/edge_detect.v(line number: 40)] Instance 'genblk1[2].fan_pwm_tach_m/Edge_Detect_u1/r_signal_a' of 'bmsWIDEDFFCPE' unit is dangling and will be cleaned.
W: Public-4008: [C:/CPLD/pango/2_Tieta_Feiteng/Tieta_Feiteng_1001_PGC7KD69MBG400/rtl/source/common/edge_detect.v(line number: 40)] Instance 'genblk1[2].fan_pwm_tach_m/Edge_Detect_u1/r_signal_b' of 'bmsWIDEDFFCPE' unit is dangling and will be cleaned.
W: Public-4008: [C:/CPLD/pango/2_Tieta_Feiteng/Tieta_Feiteng_1001_PGC7KD69MBG400/rtl/source/common/edge_detect.v(line number: 54)] Instance 'genblk1[2].fan_pwm_tach_m/Edge_Detect_u1/r_signal_c' of 'bmsWIDEDFFCPE' unit is dangling and will be cleaned.
W: Public-4008: [C:/CPLD/pango/2_Tieta_Feiteng/Tieta_Feiteng_1001_PGC7KD69MBG400/rtl/source/common/edge_detect.v(line number: 54)] Instance 'genblk1[2].fan_pwm_tach_m/Edge_Detect_u1/r_signal_d' of 'bmsWIDEDFFCPE' unit is dangling and will be cleaned.
W: Public-4008: [C:/CPLD/pango/2_Tieta_Feiteng/Tieta_Feiteng_1001_PGC7KD69MBG400/rtl/source/fan_ctrl/fan_counter.v(line number: 41)] Instance 'genblk1[2].fan_pwm_tach_m/fan_pwm_cnt_u1/r_cnt_result[10:0]' of 'bmsWIDEDFFCPE' unit is dangling and will be cleaned.
W: Public-4008: [C:/CPLD/pango/2_Tieta_Feiteng/Tieta_Feiteng_1001_PGC7KD69MBG400/rtl/source/common/edge_detect.v(line number: 40)] Instance 'genblk1[3].fan_pwm_tach_m/Edge_Detect_u2/r_signal_a' of 'bmsWIDEDFFCPE' unit is dangling and will be cleaned.
W: Public-4008: [C:/CPLD/pango/2_Tieta_Feiteng/Tieta_Feiteng_1001_PGC7KD69MBG400/rtl/source/fan_ctrl/fan_counter.v(line number: 41)] Instance 'genblk1[3].fan_pwm_tach_m/fan_pwm_cnt_u2/r_cnt_result[10:0]' of 'bmsWIDEDFFCPE' unit is dangling and will be cleaned.
W: Public-4008: [C:/CPLD/pango/2_Tieta_Feiteng/Tieta_Feiteng_1001_PGC7KD69MBG400/rtl/source/fan_ctrl/fan_pwm_tach.v(line number: 194)] Instance 'genblk1[3].fan_pwm_tach_m/o_fan_tach0_cnt[10:0]' of 'bmsWIDEDFFCPE' unit is dangling and will be cleaned.
W: Public-4008: [C:/CPLD/pango/2_Tieta_Feiteng/Tieta_Feiteng_1001_PGC7KD69MBG400/rtl/source/fan_ctrl/fan_pwm_tach.v(line number: 202)] Instance 'genblk1[3].fan_pwm_tach_m/o_fan_tach1_cnt[10:0]' of 'bmsWIDEDFFCPE' unit is dangling and will be cleaned.
W: Public-4008: [C:/CPLD/pango/2_Tieta_Feiteng/Tieta_Feiteng_1001_PGC7KD69MBG400/rtl/source/common/edge_detect.v(line number: 40)] Instance 'genblk1[3].fan_pwm_tach_m/Edge_Detect_u2/r_signal_b' of 'bmsWIDEDFFCPE' unit is dangling and will be cleaned.
W: Public-4008: [C:/CPLD/pango/2_Tieta_Feiteng/Tieta_Feiteng_1001_PGC7KD69MBG400/rtl/source/common/edge_detect.v(line number: 54)] Instance 'genblk1[3].fan_pwm_tach_m/Edge_Detect_u0/r_signal_c' of 'bmsWIDEDFFCPE' unit is dangling and will be cleaned.
W: Public-4008: [C:/CPLD/pango/2_Tieta_Feiteng/Tieta_Feiteng_1001_PGC7KD69MBG400/rtl/source/common/edge_detect.v(line number: 54)] Instance 'genblk1[3].fan_pwm_tach_m/Edge_Detect_u0/r_signal_d' of 'bmsWIDEDFFCPE' unit is dangling and will be cleaned.
W: Public-4008: [C:/CPLD/pango/2_Tieta_Feiteng/Tieta_Feiteng_1001_PGC7KD69MBG400/rtl/source/common/edge_detect.v(line number: 40)] Instance 'genblk1[3].fan_pwm_tach_m/Edge_Detect_u1/r_signal_a' of 'bmsWIDEDFFCPE' unit is dangling and will be cleaned.
W: Public-4008: [C:/CPLD/pango/2_Tieta_Feiteng/Tieta_Feiteng_1001_PGC7KD69MBG400/rtl/source/common/edge_detect.v(line number: 40)] Instance 'genblk1[3].fan_pwm_tach_m/Edge_Detect_u1/r_signal_b' of 'bmsWIDEDFFCPE' unit is dangling and will be cleaned.
W: Public-4008: [C:/CPLD/pango/2_Tieta_Feiteng/Tieta_Feiteng_1001_PGC7KD69MBG400/rtl/source/common/edge_detect.v(line number: 54)] Instance 'genblk1[3].fan_pwm_tach_m/Edge_Detect_u1/r_signal_c' of 'bmsWIDEDFFCPE' unit is dangling and will be cleaned.
W: Public-4008: [C:/CPLD/pango/2_Tieta_Feiteng/Tieta_Feiteng_1001_PGC7KD69MBG400/rtl/source/common/edge_detect.v(line number: 54)] Instance 'genblk1[3].fan_pwm_tach_m/Edge_Detect_u1/r_signal_d' of 'bmsWIDEDFFCPE' unit is dangling and will be cleaned.
W: Public-4008: [C:/CPLD/pango/2_Tieta_Feiteng/Tieta_Feiteng_1001_PGC7KD69MBG400/rtl/source/fan_ctrl/fan_counter.v(line number: 41)] Instance 'genblk1[3].fan_pwm_tach_m/fan_pwm_cnt_u1/r_cnt_result[10:0]' of 'bmsWIDEDFFCPE' unit is dangling and will be cleaned.
W: Public-4008: [C:/CPLD/pango/2_Tieta_Feiteng/Tieta_Feiteng_1001_PGC7KD69MBG400/rtl/source/common/led_blink_code.v(line number: 192)] Instance 'led_blink_code_inst/threshold[3:0]' of 'bmsWIDEDFFCPE' unit is dangling and will be cleaned.
W: Public-4008: [C:/CPLD/pango/2_Tieta_Feiteng/Tieta_Feiteng_1001_PGC7KD69MBG400/rtl/source/common/led_blink_code.v(line number: 171)] Instance 'led_blink_code_inst/blink_counter[3:0]' of 'bmsWIDEDFFCPE' unit is dangling and will be cleaned.
W: Public-4008: [C:/CPLD/pango/2_Tieta_Feiteng/Tieta_Feiteng_1001_PGC7KD69MBG400/rtl/source/common/led_blink_code.v(line number: 161)] Instance 'led_blink_code_inst/clear_n' of 'bmsWIDEDFFCPE' unit is dangling and will be cleaned.
W: Public-4008: [C:/CPLD/pango/2_Tieta_Feiteng/Tieta_Feiteng_1001_PGC7KD69MBG400/rtl/source/common/led_blink_code.v(line number: 181)] Instance 'led_blink_code_inst/events[10:0]' of 'bmsWIDEDFFCPE' unit is dangling and will be cleaned.
W: Public-4008: [C:/CPLD/pango/2_Tieta_Feiteng/Tieta_Feiteng_1001_PGC7KD69MBG400/rtl/source/common/led_blink_code.v(line number: 126)] Instance 'led_blink_code_inst/state_reg' of 'bmsWIDEDFFPATCE' unit is dangling and will be cleaned.
W: Public-4008: [C:/CPLD/pango/2_Tieta_Feiteng/Tieta_Feiteng_1001_PGC7KD69MBG400/rtl/source/pwrseq/psu.v(line number: 288)] Instance 'psu_inst/ps_acok_link' of 'bmsWIDEDFFCPE' unit is dangling and will be cleaned.
W: Public-4008: [C:/CPLD/pango/2_Tieta_Feiteng/Tieta_Feiteng_1001_PGC7KD69MBG400/rtl/source/pwrseq/psu.v(line number: 288)] Instance 'psu_inst/delay_count[2:0]' of 'bmsWIDEDFFCPE' unit is dangling and will be cleaned.
W: Public-4008: [C:/CPLD/pango/2_Tieta_Feiteng/Tieta_Feiteng_1001_PGC7KD69MBG400/rtl/source/pwrseq/psu.v(line number: 192)] Instance 'psu_inst/ps_fail[1:0]' of 'bmsWIDEDFFCPE' unit is dangling and will be cleaned.
W: Public-4008: [C:/CPLD/pango/2_Tieta_Feiteng/Tieta_Feiteng_1001_PGC7KD69MBG400/rtl/source/pwrseq/pwrseq_master.v(line number: 530)] Instance 'pwrseq_master_inst/CPU_OFF_FLAG' of 'bmsWIDEDFFCPE' unit is dangling and will be cleaned.
W: Public-4008: [C:/CPLD/pango/2_Tieta_Feiteng/Tieta_Feiteng_1001_PGC7KD69MBG400/rtl/source/pwrseq/pwrseq_master.v(line number: 461)] Instance 'pwrseq_master_inst/turn_on_wait' of 'bmsWIDEDFFCPE' unit is dangling and will be cleaned.
W: Public-4008: [C:/CPLD/pango/2_Tieta_Feiteng/Tieta_Feiteng_1001_PGC7KD69MBG400/rtl/source/pwrseq/pwrseq_master.v(line number: 530)] Instance 'pwrseq_master_inst/REBOOT_FLAG' of 'bmsWIDEDFFCPE' unit is dangling and will be cleaned.
W: Public-4008: [C:/CPLD/pango/2_Tieta_Feiteng/Tieta_Feiteng_1001_PGC7KD69MBG400/rtl/source/pwrseq/pwrseq_master.v(line number: 476)] Instance 'pwrseq_master_inst/cpld_latch_sys_off' of 'bmsWIDEDFFCPE' unit is dangling and will be cleaned.
W: Public-4008: [C:/CPLD/pango/2_Tieta_Feiteng/Tieta_Feiteng_1001_PGC7KD69MBG400/rtl/source/pwrseq/pwrseq_master.v(line number: 530)] Instance 'pwrseq_master_inst/pch_thermtrip_FLAG' of 'bmsWIDEDFFCPE' unit is dangling and will be cleaned.
W: Public-4008: [C:/CPLD/pango/2_Tieta_Feiteng/Tieta_Feiteng_1001_PGC7KD69MBG400/rtl/source/pwrseq/pwrseq_master.v(line number: 677)] Instance 'pwrseq_master_inst/pgd_raw' of 'bmsWIDEDFFCPE' unit is dangling and will be cleaned.
W: Public-4008: [C:/CPLD/pango/2_Tieta_Feiteng/Tieta_Feiteng_1001_PGC7KD69MBG400/rtl/source/pwrseq/pwrseq_slave.v(line number: 548)] Instance 'pwrseq_slave_inst/ok_to_reset_aux' of 'bmsWIDEDFFCPE' unit is dangling and will be cleaned.
W: Public-4008: [C:/CPLD/pango/2_Tieta_Feiteng/Tieta_Feiteng_1001_PGC7KD69MBG400/rtl/source/pwrseq/fault_detectB_chklive.v(line number: 47)] Instance 'pwrseq_slave_inst/p12_fault_detect_inst/_fault_detect_[0].chklive_en[0]' of 'bmsWIDEDFFCPE' unit is dangling and will be cleaned.
W: Public-4008: [C:/CPLD/pango/2_Tieta_Feiteng/Tieta_Feiteng_1001_PGC7KD69MBG400/rtl/source/pwrseq/fault_detectB_chklive.v(line number: 59)] Instance 'pwrseq_slave_inst/p12_fault_detect_inst/_fault_detect_[0].vrm_fault[0]' of 'bmsWIDEDFFCPE' unit is dangling and will be cleaned.
W: Public-4008: [C:/CPLD/pango/2_Tieta_Feiteng/Tieta_Feiteng_1001_PGC7KD69MBG400/rtl/source/pwrseq/fault_detectB_chklive.v(line number: 72)] Instance 'pwrseq_slave_inst/p12_fault_detect_inst/any_vrm_fault' of 'bmsWIDEDFFCPE' unit is dangling and will be cleaned.
W: Public-4008: [C:/CPLD/pango/2_Tieta_Feiteng/Tieta_Feiteng_1001_PGC7KD69MBG400/rtl/source/pwrseq/fault_detectB_chklive.v(line number: 47)] Instance 'pwrseq_slave_inst/_HD_BP_PWR_DETECT_BLOCK_[0].inst_hd_bp_pwr_fault_det/_fault_detect_[0].chklive_en[0]' of 'bmsWIDEDFFCPE' unit is dangling and will be cleaned.
W: Public-4008: [C:/CPLD/pango/2_Tieta_Feiteng/Tieta_Feiteng_1001_PGC7KD69MBG400/rtl/source/pwrseq/fault_detectB_chklive.v(line number: 59)] Instance 'pwrseq_slave_inst/_HD_BP_PWR_DETECT_BLOCK_[0].inst_hd_bp_pwr_fault_det/_fault_detect_[0].vrm_fault[0]' of 'bmsWIDEDFFCPE' unit is dangling and will be cleaned.
W: Public-4008: [C:/CPLD/pango/2_Tieta_Feiteng/Tieta_Feiteng_1001_PGC7KD69MBG400/rtl/source/pwrseq/fault_detectB_chklive.v(line number: 72)] Instance 'pwrseq_slave_inst/_HD_BP_PWR_DETECT_BLOCK_[0].inst_hd_bp_pwr_fault_det/any_vrm_fault' of 'bmsWIDEDFFCPE' unit is dangling and will be cleaned.
W: Public-4008: [C:/CPLD/pango/2_Tieta_Feiteng/Tieta_Feiteng_1001_PGC7KD69MBG400/rtl/source/pwrseq/fault_detectB_chklive.v(line number: 47)] Instance 'pwrseq_slave_inst/_HD_BP_PWR_DETECT_BLOCK_[1].inst_hd_bp_pwr_fault_det/_fault_detect_[0].chklive_en[0]' of 'bmsWIDEDFFCPE' unit is dangling and will be cleaned.
W: Public-4008: [C:/CPLD/pango/2_Tieta_Feiteng/Tieta_Feiteng_1001_PGC7KD69MBG400/rtl/source/pwrseq/fault_detectB_chklive.v(line number: 59)] Instance 'pwrseq_slave_inst/_HD_BP_PWR_DETECT_BLOCK_[1].inst_hd_bp_pwr_fault_det/_fault_detect_[0].vrm_fault[0]' of 'bmsWIDEDFFCPE' unit is dangling and will be cleaned.
W: Public-4008: [C:/CPLD/pango/2_Tieta_Feiteng/Tieta_Feiteng_1001_PGC7KD69MBG400/rtl/source/pwrseq/fault_detectB_chklive.v(line number: 72)] Instance 'pwrseq_slave_inst/_HD_BP_PWR_DETECT_BLOCK_[1].inst_hd_bp_pwr_fault_det/any_vrm_fault' of 'bmsWIDEDFFCPE' unit is dangling and will be cleaned.
W: Public-4008: [C:/CPLD/pango/2_Tieta_Feiteng/Tieta_Feiteng_1001_PGC7KD69MBG400/rtl/source/common/edge_delay.v(line number: 53)] Instance 'pwrseq_slave_inst/bp_en_check_inst/delay_output' of 'bmsWIDEDFFCPE' unit is dangling and will be cleaned.
W: Public-4008: [C:/CPLD/pango/2_Tieta_Feiteng/Tieta_Feiteng_1001_PGC7KD69MBG400/rtl/source/common/edge_delay.v(line number: 53)] Instance 'pwrseq_slave_inst/bp_en_check_inst/timer_cnt[2:0]' of 'bmsWIDEDFFCPE' unit is dangling and will be cleaned.
W: Public-4008: [C:/CPLD/pango/2_Tieta_Feiteng/Tieta_Feiteng_1001_PGC7KD69MBG400/rtl/source/common/edge_delay.v(line number: 53)] Instance 'pwrseq_slave_inst/p3v3_en_r_check_inst/delay_output' of 'bmsWIDEDFFCPE' unit is dangling and will be cleaned.
W: Public-4008: [C:/CPLD/pango/2_Tieta_Feiteng/Tieta_Feiteng_1001_PGC7KD69MBG400/rtl/source/common/edge_delay.v(line number: 53)] Instance 'pwrseq_slave_inst/p3v3_en_r_check_inst/timer_cnt[1:0]' of 'bmsWIDEDFFCPE' unit is dangling and will be cleaned.
W: Public-4008: [C:/CPLD/pango/2_Tieta_Feiteng/Tieta_Feiteng_1001_PGC7KD69MBG400/rtl/source/common/delay_timer.v(line number: 40)] Instance 'thermal_inst/cpu_thermtrip_delay_timer[0].cpu_thermtrip_delay_inst/delay_output' of 'bmsWIDEDFFCPE' unit is dangling and will be cleaned.
W: Public-4008: [C:/CPLD/pango/2_Tieta_Feiteng/Tieta_Feiteng_1001_PGC7KD69MBG400/rtl/source/common/delay_timer.v(line number: 40)] Instance 'thermal_inst/cpu_thermtrip_delay_timer[0].cpu_thermtrip_delay_inst/delay_cnt[4:0]' of 'bmsWIDEDFFCPE' unit is dangling and will be cleaned.
W: Public-4008: [C:/CPLD/pango/2_Tieta_Feiteng/Tieta_Feiteng_1001_PGC7KD69MBG400/rtl/source/common/delay_timer.v(line number: 40)] Instance 'thermal_inst/cpu_thermtrip_delay_timer[1].cpu_thermtrip_delay_inst/delay_output' of 'bmsWIDEDFFCPE' unit is dangling and will be cleaned.
W: Public-4008: [C:/CPLD/pango/2_Tieta_Feiteng/Tieta_Feiteng_1001_PGC7KD69MBG400/rtl/source/common/delay_timer.v(line number: 40)] Instance 'thermal_inst/cpu_thermtrip_delay_timer[1].cpu_thermtrip_delay_inst/delay_cnt[4:0]' of 'bmsWIDEDFFCPE' unit is dangling and will be cleaned.
W: Public-4008: [C:/CPLD/pango/2_Tieta_Feiteng/Tieta_Feiteng_1001_PGC7KD69MBG400/rtl/source/common/timer_gen_50mhz.v(line number: 175)] Instance 'timer_gen_inst/clk_2p5hz' of 'bmsWIDEDFFCPE' unit is dangling and will be cleaned.
W: Public-4008: [C:/CPLD/pango/2_Tieta_Feiteng/Tieta_Feiteng_1001_PGC7KD69MBG400/rtl/source/common/timer_gen_50mhz.v(line number: 151)] Instance 'timer_gen_inst/clk_16khz' of 'bmsWIDEDFFCPE' unit is dangling and will be cleaned.
W: Public-4008: [C:/CPLD/pango/2_Tieta_Feiteng/Tieta_Feiteng_1001_PGC7KD69MBG400/rtl/source/common/timer_gen_50mhz.v(line number: 101)] Instance 'timer_gen_inst/t2ms' of 'bmsWIDEDFFCPE' unit is dangling and will be cleaned.
W: Public-4008: [C:/CPLD/pango/2_Tieta_Feiteng/Tieta_Feiteng_1001_PGC7KD69MBG400/rtl/source/common/timer_gen_50mhz.v(line number: 101)] Instance 'timer_gen_inst/t2us' of 'bmsWIDEDFFCPE' unit is dangling and will be cleaned.
W: Public-4008: [C:/CPLD/pango/2_Tieta_Feiteng/Tieta_Feiteng_1001_PGC7KD69MBG400/rtl/source/common/timer_gen_50mhz.v(line number: 101)] Instance 'timer_gen_inst/t8s' of 'bmsWIDEDFFCPE' unit is dangling and will be cleaned.
W: Public-4008: [C:/CPLD/pango/2_Tieta_Feiteng/Tieta_Feiteng_1001_PGC7KD69MBG400/rtl/source/common/timer_gen_50mhz.v(line number: 101)] Instance 'timer_gen_inst/t8us' of 'bmsWIDEDFFCPE' unit is dangling and will be cleaned.
W: Public-4008: [C:/CPLD/pango/2_Tieta_Feiteng/Tieta_Feiteng_1001_PGC7KD69MBG400/rtl/source/common/timer_gen_50mhz.v(line number: 101)] Instance 'timer_gen_inst/t16ms' of 'bmsWIDEDFFCPE' unit is dangling and will be cleaned.
W: Public-4008: [C:/CPLD/pango/2_Tieta_Feiteng/Tieta_Feiteng_1001_PGC7KD69MBG400/rtl/source/common/timer_gen_50mhz.v(line number: 101)] Instance 'timer_gen_inst/t32us' of 'bmsWIDEDFFCPE' unit is dangling and will be cleaned.
W: Public-4008: [C:/CPLD/pango/2_Tieta_Feiteng/Tieta_Feiteng_1001_PGC7KD69MBG400/rtl/source/common/timer_gen_50mhz.v(line number: 59)] Instance 'timer_gen_inst/t40ns' of 'bmsWIDEDFFCPE' unit is dangling and will be cleaned.
W: Public-4008: [C:/CPLD/pango/2_Tieta_Feiteng/Tieta_Feiteng_1001_PGC7KD69MBG400/rtl/source/common/timer_gen_50mhz.v(line number: 59)] Instance 'timer_gen_inst/t160ns' of 'bmsWIDEDFFCPE' unit is dangling and will be cleaned.
W: Public-4008: [C:/CPLD/pango/2_Tieta_Feiteng/Tieta_Feiteng_1001_PGC7KD69MBG400/rtl/source/common/timer_gen_50mhz.v(line number: 175)] Instance 'timer_gen_inst/t200ms_tmr[2:0]' of 'bmsWIDEDFFPATCE' unit is dangling and will be cleaned.
W: Public-4008: [C:/CPLD/pango/2_Tieta_Feiteng/Tieta_Feiteng_1001_PGC7KD69MBG400/rtl/source/communication/uart_master.v(line number: 287)] Instance 'uart_master_u1/error_flag' of 'bmsWIDEDFFCPE' unit is dangling and will be cleaned.
I: Removed bmsLT inst genblk1[0].fan_pwm_tach_m/fan_pwm_cnt_u0/N6 that is redundant to genblk1[0].fan_pwm_tach_m/N15
I: Removed bmsLT inst genblk1[3].fan_pwm_tach_m/fan_pwm_cnt_u0/N6 that is redundant to genblk1[3].fan_pwm_tach_m/N15
I: Removed bmsLT inst genblk1[1].fan_pwm_tach_m/fan_pwm_cnt_u0/N6 that is redundant to genblk1[1].fan_pwm_tach_m/N15
I: Removed bmsLT inst genblk1[2].fan_pwm_tach_m/fan_pwm_cnt_u0/N6 that is redundant to genblk1[2].fan_pwm_tach_m/N15
I: Removed bmsWIDEDFFCPE inst pwrseq_slave_inst/pgd_so_far that is redundant to pon_reset_inst/pon_reset_db_n
I: Removed bmsWIDEDFFCPE inst pwrseq_slave_inst/p3v3_stby_fault_detect_inst/_fault_detect_[0].chklive_en[0] that is redundant to pwrseq_slave_inst/p3v3_stby_bp_fault_detect_inst/_fault_detect_[0].chklive_en[0]
I: Removed bmsWIDEDFFCPE inst genblk1[1].fan_pwm_tach_m/Edge_Detect_u0/r_signal_a that is redundant to genblk1[0].fan_pwm_tach_m/Edge_Detect_u0/r_signal_a
I: Removed bmsWIDEDFFCPE inst genblk1[2].fan_pwm_tach_m/Edge_Detect_u0/r_signal_a that is redundant to genblk1[0].fan_pwm_tach_m/Edge_Detect_u0/r_signal_a
I: Removed bmsWIDEDFFCPE inst genblk1[3].fan_pwm_tach_m/Edge_Detect_u0/r_signal_a that is redundant to genblk1[0].fan_pwm_tach_m/Edge_Detect_u0/r_signal_a
I: Removed bmsWIDEDFFCPE inst pwrseq_slave_inst/_CPU_THERMTRIP_DETECT_BLOCK_[1].inst_cpu_thermtrip_fault_det/_fault_detect_[0].chklive_en[0] that is redundant to pwrseq_slave_inst/_CPU_THERMTRIP_DETECT_BLOCK_[0].inst_cpu_thermtrip_fault_det/_fault_detect_[0].chklive_en[0]
I: Removed bmsWIDEDFFCPE inst pwrseq_slave_inst/p12v_cpu1_vin_fault_detect_inst/_fault_detect_[0].chklive_en[0] that is redundant to pwrseq_slave_inst/p12v_cpu0_vin_fault_fault_detect_inst/_fault_detect_[0].chklive_en[0]
I: Removed bmsWIDEDFFCPE inst UID_Function_u0/r0_UID_BTN_ALL_dly that is redundant to UID_Function_u0/Edge_Detect_U0/r_signal_a
I: Removed bmsWIDEDFFCPE inst genblk1[1].fan_pwm_tach_m/Edge_Detect_u1/r_signal_a that is redundant to genblk1[0].fan_pwm_tach_m/Edge_Detect_u1/r_signal_a
I: Removed bmsWIDEDFFCPE inst genblk1[1].fan_pwm_tach_m/Edge_Detect_u1/r_signal_b that is redundant to genblk1[0].fan_pwm_tach_m/Edge_Detect_u1/r_signal_b
I: Removed bmsWIDEDFFCPE inst UID_Function_u0/r1_UID_BTN_ALL_dly that is redundant to UID_Function_u0/Edge_Detect_U0/r_signal_b
I: Removed bmsWIDEDFFCPE inst genblk1[1].fan_pwm_tach_m/Edge_Detect_u0/r_signal_b that is redundant to genblk1[0].fan_pwm_tach_m/Edge_Detect_u0/r_signal_b
I: Removed bmsWIDEDFFCPE inst genblk1[2].fan_pwm_tach_m/Edge_Detect_u0/r_signal_b that is redundant to genblk1[0].fan_pwm_tach_m/Edge_Detect_u0/r_signal_b
I: Removed bmsWIDEDFFCPE inst genblk1[3].fan_pwm_tach_m/Edge_Detect_u0/r_signal_b that is redundant to genblk1[0].fan_pwm_tach_m/Edge_Detect_u0/r_signal_b
W: Adm-4082: [C:/CPLD/pango/2_Tieta_Feiteng/Tieta_Feiteng_1001_PGC7KD69MBG400/rtl/source/common/edge_delay.v(line number: 53)] Removed bmsWIDEDFFCPE inst edge_delay_ps0_on_n/delay_output that is stuck at constant 1.
W: Adm-4082: [C:/CPLD/pango/2_Tieta_Feiteng/Tieta_Feiteng_1001_PGC7KD69MBG400/rtl/source/common/edge_delay.v(line number: 53)] Removed bmsWIDEDFFCPE inst edge_delay_ps1_on_n/delay_output that is stuck at constant 1.
W: Adm-4083: [C:/CPLD/pango/2_Tieta_Feiteng/Tieta_Feiteng_1001_PGC7KD69MBG400/rtl/source/pwrseq/pwrseq_slave.v(line number: 1542)] Removed bmsWIDEDFFCPE inst pwrseq_slave_inst/pwrseq_sm_fault_det[5:0] at 5 that is stuck at constant 0.
I: Removed bmsWIDEDFFCPE inst pwrseq_slave_inst/p5v_fault_det_inst/_fault_detect_[0].vrm_fault[0] that is redundant to pwrseq_slave_inst/p3v3_fault_det_inst/_fault_detect_[0].vrm_fault[0]
W: DRC-4010: [C:/CPLD/pango/2_Tieta_Feiteng/Tieta_Feiteng_1001_PGC7KD69MBG400/rtl/source/Tieta_Feiteng_1001_top.v(line number: 3168)] The internal tri-state buffer driving net 'w_BMC_pwe_D_fan[0] [0]' is reduced to net GND.
W: DRC-4010: [C:/CPLD/pango/2_Tieta_Feiteng/Tieta_Feiteng_1001_PGC7KD69MBG400/rtl/source/Tieta_Feiteng_1001_top.v(line number: 3168)] The internal tri-state buffer driving net 'w_BMC_pwe_D_fan[0] [1]' is reduced to net GND.
W: DRC-4010: [C:/CPLD/pango/2_Tieta_Feiteng/Tieta_Feiteng_1001_PGC7KD69MBG400/rtl/source/Tieta_Feiteng_1001_top.v(line number: 3168)] The internal tri-state buffer driving net 'w_BMC_pwe_D_fan[0] [2]' is reduced to net GND.
W: DRC-4010: [C:/CPLD/pango/2_Tieta_Feiteng/Tieta_Feiteng_1001_PGC7KD69MBG400/rtl/source/Tieta_Feiteng_1001_top.v(line number: 3168)] The internal tri-state buffer driving net 'w_BMC_pwe_D_fan[0] [3]' is reduced to net GND.
W: DRC-4010: [C:/CPLD/pango/2_Tieta_Feiteng/Tieta_Feiteng_1001_PGC7KD69MBG400/rtl/source/Tieta_Feiteng_1001_top.v(line number: 3168)] The internal tri-state buffer driving net 'w_BMC_pwe_D_fan[0] [4]' is reduced to net GND.
W: DRC-4010: [C:/CPLD/pango/2_Tieta_Feiteng/Tieta_Feiteng_1001_PGC7KD69MBG400/rtl/source/Tieta_Feiteng_1001_top.v(line number: 3168)] The internal tri-state buffer driving net 'w_BMC_pwe_D_fan[0] [5]' is reduced to net GND.
W: DRC-4010: [C:/CPLD/pango/2_Tieta_Feiteng/Tieta_Feiteng_1001_PGC7KD69MBG400/rtl/source/Tieta_Feiteng_1001_top.v(line number: 3168)] The internal tri-state buffer driving net 'w_BMC_pwe_D_fan[0] [6]' is reduced to net GND.
W: DRC-4010: [C:/CPLD/pango/2_Tieta_Feiteng/Tieta_Feiteng_1001_PGC7KD69MBG400/rtl/source/Tieta_Feiteng_1001_top.v(line number: 3168)] The internal tri-state buffer driving net 'w_BMC_pwe_D_fan[0] [7]' is reduced to net GND.
W: DRC-4010: [C:/CPLD/pango/2_Tieta_Feiteng/Tieta_Feiteng_1001_PGC7KD69MBG400/rtl/source/Tieta_Feiteng_1001_top.v(line number: 3168)] The internal tri-state buffer driving net 'w_BMC_pwe_D_fan[1] [0]' is reduced to net GND.
W: DRC-4010: [C:/CPLD/pango/2_Tieta_Feiteng/Tieta_Feiteng_1001_PGC7KD69MBG400/rtl/source/Tieta_Feiteng_1001_top.v(line number: 3168)] The internal tri-state buffer driving net 'w_BMC_pwe_D_fan[1] [1]' is reduced to net GND.
W: DRC-4010: [C:/CPLD/pango/2_Tieta_Feiteng/Tieta_Feiteng_1001_PGC7KD69MBG400/rtl/source/Tieta_Feiteng_1001_top.v(line number: 3168)] The internal tri-state buffer driving net 'w_BMC_pwe_D_fan[1] [2]' is reduced to net GND.
W: DRC-4010: [C:/CPLD/pango/2_Tieta_Feiteng/Tieta_Feiteng_1001_PGC7KD69MBG400/rtl/source/Tieta_Feiteng_1001_top.v(line number: 3168)] The internal tri-state buffer driving net 'w_BMC_pwe_D_fan[1] [3]' is reduced to net GND.
W: DRC-4010: [C:/CPLD/pango/2_Tieta_Feiteng/Tieta_Feiteng_1001_PGC7KD69MBG400/rtl/source/Tieta_Feiteng_1001_top.v(line number: 3168)] The internal tri-state buffer driving net 'w_BMC_pwe_D_fan[1] [4]' is reduced to net GND.
W: DRC-4010: [C:/CPLD/pango/2_Tieta_Feiteng/Tieta_Feiteng_1001_PGC7KD69MBG400/rtl/source/Tieta_Feiteng_1001_top.v(line number: 3168)] The internal tri-state buffer driving net 'w_BMC_pwe_D_fan[1] [5]' is reduced to net GND.
W: DRC-4010: [C:/CPLD/pango/2_Tieta_Feiteng/Tieta_Feiteng_1001_PGC7KD69MBG400/rtl/source/Tieta_Feiteng_1001_top.v(line number: 3168)] The internal tri-state buffer driving net 'w_BMC_pwe_D_fan[1] [6]' is reduced to net GND.
W: DRC-4010: [C:/CPLD/pango/2_Tieta_Feiteng/Tieta_Feiteng_1001_PGC7KD69MBG400/rtl/source/Tieta_Feiteng_1001_top.v(line number: 3168)] The internal tri-state buffer driving net 'w_BMC_pwe_D_fan[1] [7]' is reduced to net GND.
W: DRC-4010: [C:/CPLD/pango/2_Tieta_Feiteng/Tieta_Feiteng_1001_PGC7KD69MBG400/rtl/source/Tieta_Feiteng_1001_top.v(line number: 3168)] The internal tri-state buffer driving net 'w_BMC_pwe_D_fan[2] [0]' is reduced to net GND.
W: DRC-4010: [C:/CPLD/pango/2_Tieta_Feiteng/Tieta_Feiteng_1001_PGC7KD69MBG400/rtl/source/Tieta_Feiteng_1001_top.v(line number: 3168)] The internal tri-state buffer driving net 'w_BMC_pwe_D_fan[2] [1]' is reduced to net GND.
W: DRC-4010: [C:/CPLD/pango/2_Tieta_Feiteng/Tieta_Feiteng_1001_PGC7KD69MBG400/rtl/source/Tieta_Feiteng_1001_top.v(line number: 3168)] The internal tri-state buffer driving net 'w_BMC_pwe_D_fan[2] [2]' is reduced to net GND.
W: DRC-4010: [C:/CPLD/pango/2_Tieta_Feiteng/Tieta_Feiteng_1001_PGC7KD69MBG400/rtl/source/Tieta_Feiteng_1001_top.v(line number: 3168)] The internal tri-state buffer driving net 'w_BMC_pwe_D_fan[2] [3]' is reduced to net GND.
W: DRC-4010: [C:/CPLD/pango/2_Tieta_Feiteng/Tieta_Feiteng_1001_PGC7KD69MBG400/rtl/source/Tieta_Feiteng_1001_top.v(line number: 3168)] The internal tri-state buffer driving net 'w_BMC_pwe_D_fan[2] [4]' is reduced to net GND.
W: DRC-4010: [C:/CPLD/pango/2_Tieta_Feiteng/Tieta_Feiteng_1001_PGC7KD69MBG400/rtl/source/Tieta_Feiteng_1001_top.v(line number: 3168)] The internal tri-state buffer driving net 'w_BMC_pwe_D_fan[2] [5]' is reduced to net GND.
W: DRC-4010: [C:/CPLD/pango/2_Tieta_Feiteng/Tieta_Feiteng_1001_PGC7KD69MBG400/rtl/source/Tieta_Feiteng_1001_top.v(line number: 3168)] The internal tri-state buffer driving net 'w_BMC_pwe_D_fan[2] [6]' is reduced to net GND.
W: DRC-4010: [C:/CPLD/pango/2_Tieta_Feiteng/Tieta_Feiteng_1001_PGC7KD69MBG400/rtl/source/Tieta_Feiteng_1001_top.v(line number: 3168)] The internal tri-state buffer driving net 'w_BMC_pwe_D_fan[2] [7]' is reduced to net GND.
W: DRC-4010: [C:/CPLD/pango/2_Tieta_Feiteng/Tieta_Feiteng_1001_PGC7KD69MBG400/rtl/source/Tieta_Feiteng_1001_top.v(line number: 3168)] The internal tri-state buffer driving net 'w_BMC_pwe_D_fan[3] [0]' is reduced to net GND.
W: DRC-4010: [C:/CPLD/pango/2_Tieta_Feiteng/Tieta_Feiteng_1001_PGC7KD69MBG400/rtl/source/Tieta_Feiteng_1001_top.v(line number: 3168)] The internal tri-state buffer driving net 'w_BMC_pwe_D_fan[3] [1]' is reduced to net GND.
W: DRC-4010: [C:/CPLD/pango/2_Tieta_Feiteng/Tieta_Feiteng_1001_PGC7KD69MBG400/rtl/source/Tieta_Feiteng_1001_top.v(line number: 3168)] The internal tri-state buffer driving net 'w_BMC_pwe_D_fan[3] [2]' is reduced to net GND.
W: DRC-4010: [C:/CPLD/pango/2_Tieta_Feiteng/Tieta_Feiteng_1001_PGC7KD69MBG400/rtl/source/Tieta_Feiteng_1001_top.v(line number: 3168)] The internal tri-state buffer driving net 'w_BMC_pwe_D_fan[3] [3]' is reduced to net GND.
W: DRC-4010: [C:/CPLD/pango/2_Tieta_Feiteng/Tieta_Feiteng_1001_PGC7KD69MBG400/rtl/source/Tieta_Feiteng_1001_top.v(line number: 3168)] The internal tri-state buffer driving net 'w_BMC_pwe_D_fan[3] [4]' is reduced to net GND.
W: DRC-4010: [C:/CPLD/pango/2_Tieta_Feiteng/Tieta_Feiteng_1001_PGC7KD69MBG400/rtl/source/Tieta_Feiteng_1001_top.v(line number: 3168)] The internal tri-state buffer driving net 'w_BMC_pwe_D_fan[3] [5]' is reduced to net GND.
W: DRC-4010: [C:/CPLD/pango/2_Tieta_Feiteng/Tieta_Feiteng_1001_PGC7KD69MBG400/rtl/source/Tieta_Feiteng_1001_top.v(line number: 3168)] The internal tri-state buffer driving net 'w_BMC_pwe_D_fan[3] [6]' is reduced to net GND.
W: DRC-4010: [C:/CPLD/pango/2_Tieta_Feiteng/Tieta_Feiteng_1001_PGC7KD69MBG400/rtl/source/Tieta_Feiteng_1001_top.v(line number: 3168)] The internal tri-state buffer driving net 'w_BMC_pwe_D_fan[3] [7]' is reduced to net GND.
W: Adm-4083: [C:/CPLD/pango/2_Tieta_Feiteng/Tieta_Feiteng_1001_PGC7KD69MBG400/rtl/source/Tieta_Feiteng_1001_top.v(line number: 3216)] Removed bmsWIDEDFFCPE inst r_pwm_D_fan_pre_limit[3][7:0] at 0 that is stuck at constant 0.
W: Adm-4083: [C:/CPLD/pango/2_Tieta_Feiteng/Tieta_Feiteng_1001_PGC7KD69MBG400/rtl/source/Tieta_Feiteng_1001_top.v(line number: 3216)] Removed bmsWIDEDFFCPE inst r_pwm_D_fan_pre_limit[3][7:0] at 1 that is stuck at constant 0.
W: Adm-4083: [C:/CPLD/pango/2_Tieta_Feiteng/Tieta_Feiteng_1001_PGC7KD69MBG400/rtl/source/Tieta_Feiteng_1001_top.v(line number: 3216)] Removed bmsWIDEDFFCPE inst r_pwm_D_fan_pre_limit[3][7:0] at 2 that is stuck at constant 0.
W: Adm-4083: [C:/CPLD/pango/2_Tieta_Feiteng/Tieta_Feiteng_1001_PGC7KD69MBG400/rtl/source/Tieta_Feiteng_1001_top.v(line number: 3216)] Removed bmsWIDEDFFCPE inst r_pwm_D_fan_pre_limit[3][7:0] at 3 that is stuck at constant 0.
W: Adm-4083: [C:/CPLD/pango/2_Tieta_Feiteng/Tieta_Feiteng_1001_PGC7KD69MBG400/rtl/source/Tieta_Feiteng_1001_top.v(line number: 3216)] Removed bmsWIDEDFFCPE inst r_pwm_D_fan_pre_limit[3][7:0] at 5 that is stuck at constant 0.
W: Adm-4083: [C:/CPLD/pango/2_Tieta_Feiteng/Tieta_Feiteng_1001_PGC7KD69MBG400/rtl/source/Tieta_Feiteng_1001_top.v(line number: 3216)] Removed bmsWIDEDFFCPE inst r_pwm_D_fan_pre_limit[3][7:0] at 7 that is stuck at constant 0.
W: Adm-4083: [C:/CPLD/pango/2_Tieta_Feiteng/Tieta_Feiteng_1001_PGC7KD69MBG400/rtl/source/Tieta_Feiteng_1001_top.v(line number: 3216)] Removed bmsWIDEDFFCPE inst r_pwm_D_fan_pre_limit[2][7:0] at 0 that is stuck at constant 0.
W: Adm-4083: [C:/CPLD/pango/2_Tieta_Feiteng/Tieta_Feiteng_1001_PGC7KD69MBG400/rtl/source/Tieta_Feiteng_1001_top.v(line number: 3216)] Removed bmsWIDEDFFCPE inst r_pwm_D_fan_pre_limit[2][7:0] at 1 that is stuck at constant 0.
W: Adm-4083: [C:/CPLD/pango/2_Tieta_Feiteng/Tieta_Feiteng_1001_PGC7KD69MBG400/rtl/source/Tieta_Feiteng_1001_top.v(line number: 3216)] Removed bmsWIDEDFFCPE inst r_pwm_D_fan_pre_limit[2][7:0] at 2 that is stuck at constant 0.
W: Adm-4083: [C:/CPLD/pango/2_Tieta_Feiteng/Tieta_Feiteng_1001_PGC7KD69MBG400/rtl/source/Tieta_Feiteng_1001_top.v(line number: 3216)] Removed bmsWIDEDFFCPE inst r_pwm_D_fan_pre_limit[2][7:0] at 3 that is stuck at constant 0.
W: Adm-4083: [C:/CPLD/pango/2_Tieta_Feiteng/Tieta_Feiteng_1001_PGC7KD69MBG400/rtl/source/Tieta_Feiteng_1001_top.v(line number: 3216)] Removed bmsWIDEDFFCPE inst r_pwm_D_fan_pre_limit[2][7:0] at 5 that is stuck at constant 0.
W: Adm-4083: [C:/CPLD/pango/2_Tieta_Feiteng/Tieta_Feiteng_1001_PGC7KD69MBG400/rtl/source/Tieta_Feiteng_1001_top.v(line number: 3216)] Removed bmsWIDEDFFCPE inst r_pwm_D_fan_pre_limit[2][7:0] at 7 that is stuck at constant 0.
W: Adm-4083: [C:/CPLD/pango/2_Tieta_Feiteng/Tieta_Feiteng_1001_PGC7KD69MBG400/rtl/source/Tieta_Feiteng_1001_top.v(line number: 3216)] Removed bmsWIDEDFFCPE inst r_pwm_D_fan_pre_limit[1][7:0] at 0 that is stuck at constant 0.
W: Adm-4083: [C:/CPLD/pango/2_Tieta_Feiteng/Tieta_Feiteng_1001_PGC7KD69MBG400/rtl/source/Tieta_Feiteng_1001_top.v(line number: 3216)] Removed bmsWIDEDFFCPE inst r_pwm_D_fan_pre_limit[1][7:0] at 1 that is stuck at constant 0.
W: Adm-4083: [C:/CPLD/pango/2_Tieta_Feiteng/Tieta_Feiteng_1001_PGC7KD69MBG400/rtl/source/Tieta_Feiteng_1001_top.v(line number: 3216)] Removed bmsWIDEDFFCPE inst r_pwm_D_fan_pre_limit[1][7:0] at 2 that is stuck at constant 0.
W: Adm-4083: [C:/CPLD/pango/2_Tieta_Feiteng/Tieta_Feiteng_1001_PGC7KD69MBG400/rtl/source/Tieta_Feiteng_1001_top.v(line number: 3216)] Removed bmsWIDEDFFCPE inst r_pwm_D_fan_pre_limit[1][7:0] at 3 that is stuck at constant 0.
W: Adm-4083: [C:/CPLD/pango/2_Tieta_Feiteng/Tieta_Feiteng_1001_PGC7KD69MBG400/rtl/source/Tieta_Feiteng_1001_top.v(line number: 3216)] Removed bmsWIDEDFFCPE inst r_pwm_D_fan_pre_limit[1][7:0] at 5 that is stuck at constant 0.
W: Adm-4083: [C:/CPLD/pango/2_Tieta_Feiteng/Tieta_Feiteng_1001_PGC7KD69MBG400/rtl/source/Tieta_Feiteng_1001_top.v(line number: 3216)] Removed bmsWIDEDFFCPE inst r_pwm_D_fan_pre_limit[1][7:0] at 7 that is stuck at constant 0.
W: Adm-4083: [C:/CPLD/pango/2_Tieta_Feiteng/Tieta_Feiteng_1001_PGC7KD69MBG400/rtl/source/Tieta_Feiteng_1001_top.v(line number: 3216)] Removed bmsWIDEDFFCPE inst r_pwm_D_fan_pre_limit[0][7:0] at 0 that is stuck at constant 0.
W: Adm-4083: [C:/CPLD/pango/2_Tieta_Feiteng/Tieta_Feiteng_1001_PGC7KD69MBG400/rtl/source/Tieta_Feiteng_1001_top.v(line number: 3216)] Removed bmsWIDEDFFCPE inst r_pwm_D_fan_pre_limit[0][7:0] at 1 that is stuck at constant 0.
W: Adm-4083: [C:/CPLD/pango/2_Tieta_Feiteng/Tieta_Feiteng_1001_PGC7KD69MBG400/rtl/source/Tieta_Feiteng_1001_top.v(line number: 3216)] Removed bmsWIDEDFFCPE inst r_pwm_D_fan_pre_limit[0][7:0] at 2 that is stuck at constant 0.
W: Adm-4083: [C:/CPLD/pango/2_Tieta_Feiteng/Tieta_Feiteng_1001_PGC7KD69MBG400/rtl/source/Tieta_Feiteng_1001_top.v(line number: 3216)] Removed bmsWIDEDFFCPE inst r_pwm_D_fan_pre_limit[0][7:0] at 3 that is stuck at constant 0.
W: Adm-4083: [C:/CPLD/pango/2_Tieta_Feiteng/Tieta_Feiteng_1001_PGC7KD69MBG400/rtl/source/Tieta_Feiteng_1001_top.v(line number: 3216)] Removed bmsWIDEDFFCPE inst r_pwm_D_fan_pre_limit[0][7:0] at 5 that is stuck at constant 0.
W: Adm-4083: [C:/CPLD/pango/2_Tieta_Feiteng/Tieta_Feiteng_1001_PGC7KD69MBG400/rtl/source/Tieta_Feiteng_1001_top.v(line number: 3216)] Removed bmsWIDEDFFCPE inst r_pwm_D_fan_pre_limit[0][7:0] at 7 that is stuck at constant 0.
W: Adm-4083: [C:/CPLD/pango/2_Tieta_Feiteng/Tieta_Feiteng_1001_PGC7KD69MBG400/rtl/source/Tieta_Feiteng_1001_top.v(line number: 3233)] Removed bmsWIDEDFFCPE inst r_pwm_D_fan_limit_use[3][7:0] at 0 that is stuck at constant 0.
W: Adm-4083: [C:/CPLD/pango/2_Tieta_Feiteng/Tieta_Feiteng_1001_PGC7KD69MBG400/rtl/source/Tieta_Feiteng_1001_top.v(line number: 3233)] Removed bmsWIDEDFFCPE inst r_pwm_D_fan_limit_use[3][7:0] at 1 that is stuck at constant 0.
W: Adm-4083: [C:/CPLD/pango/2_Tieta_Feiteng/Tieta_Feiteng_1001_PGC7KD69MBG400/rtl/source/Tieta_Feiteng_1001_top.v(line number: 3233)] Removed bmsWIDEDFFCPE inst r_pwm_D_fan_limit_use[3][7:0] at 2 that is stuck at constant 0.
W: Adm-4083: [C:/CPLD/pango/2_Tieta_Feiteng/Tieta_Feiteng_1001_PGC7KD69MBG400/rtl/source/Tieta_Feiteng_1001_top.v(line number: 3233)] Removed bmsWIDEDFFCPE inst r_pwm_D_fan_limit_use[3][7:0] at 3 that is stuck at constant 0.
W: Adm-4083: [C:/CPLD/pango/2_Tieta_Feiteng/Tieta_Feiteng_1001_PGC7KD69MBG400/rtl/source/Tieta_Feiteng_1001_top.v(line number: 3233)] Removed bmsWIDEDFFCPE inst r_pwm_D_fan_limit_use[3][7:0] at 5 that is stuck at constant 0.
W: Adm-4083: [C:/CPLD/pango/2_Tieta_Feiteng/Tieta_Feiteng_1001_PGC7KD69MBG400/rtl/source/Tieta_Feiteng_1001_top.v(line number: 3233)] Removed bmsWIDEDFFCPE inst r_pwm_D_fan_limit_use[3][7:0] at 7 that is stuck at constant 0.
W: Adm-4083: [C:/CPLD/pango/2_Tieta_Feiteng/Tieta_Feiteng_1001_PGC7KD69MBG400/rtl/source/Tieta_Feiteng_1001_top.v(line number: 3233)] Removed bmsWIDEDFFCPE inst r_pwm_D_fan_limit_use[2][7:0] at 0 that is stuck at constant 0.
W: Adm-4083: [C:/CPLD/pango/2_Tieta_Feiteng/Tieta_Feiteng_1001_PGC7KD69MBG400/rtl/source/Tieta_Feiteng_1001_top.v(line number: 3233)] Removed bmsWIDEDFFCPE inst r_pwm_D_fan_limit_use[2][7:0] at 1 that is stuck at constant 0.
W: Adm-4083: [C:/CPLD/pango/2_Tieta_Feiteng/Tieta_Feiteng_1001_PGC7KD69MBG400/rtl/source/Tieta_Feiteng_1001_top.v(line number: 3233)] Removed bmsWIDEDFFCPE inst r_pwm_D_fan_limit_use[2][7:0] at 2 that is stuck at constant 0.
W: Adm-4083: [C:/CPLD/pango/2_Tieta_Feiteng/Tieta_Feiteng_1001_PGC7KD69MBG400/rtl/source/Tieta_Feiteng_1001_top.v(line number: 3233)] Removed bmsWIDEDFFCPE inst r_pwm_D_fan_limit_use[2][7:0] at 3 that is stuck at constant 0.
W: Adm-4083: [C:/CPLD/pango/2_Tieta_Feiteng/Tieta_Feiteng_1001_PGC7KD69MBG400/rtl/source/Tieta_Feiteng_1001_top.v(line number: 3233)] Removed bmsWIDEDFFCPE inst r_pwm_D_fan_limit_use[2][7:0] at 5 that is stuck at constant 0.
W: Adm-4083: [C:/CPLD/pango/2_Tieta_Feiteng/Tieta_Feiteng_1001_PGC7KD69MBG400/rtl/source/Tieta_Feiteng_1001_top.v(line number: 3233)] Removed bmsWIDEDFFCPE inst r_pwm_D_fan_limit_use[2][7:0] at 7 that is stuck at constant 0.
W: Adm-4083: [C:/CPLD/pango/2_Tieta_Feiteng/Tieta_Feiteng_1001_PGC7KD69MBG400/rtl/source/Tieta_Feiteng_1001_top.v(line number: 3233)] Removed bmsWIDEDFFCPE inst r_pwm_D_fan_limit_use[1][7:0] at 0 that is stuck at constant 0.
W: Adm-4083: [C:/CPLD/pango/2_Tieta_Feiteng/Tieta_Feiteng_1001_PGC7KD69MBG400/rtl/source/Tieta_Feiteng_1001_top.v(line number: 3233)] Removed bmsWIDEDFFCPE inst r_pwm_D_fan_limit_use[1][7:0] at 1 that is stuck at constant 0.
W: Adm-4083: [C:/CPLD/pango/2_Tieta_Feiteng/Tieta_Feiteng_1001_PGC7KD69MBG400/rtl/source/Tieta_Feiteng_1001_top.v(line number: 3233)] Removed bmsWIDEDFFCPE inst r_pwm_D_fan_limit_use[1][7:0] at 2 that is stuck at constant 0.
W: Adm-4083: [C:/CPLD/pango/2_Tieta_Feiteng/Tieta_Feiteng_1001_PGC7KD69MBG400/rtl/source/Tieta_Feiteng_1001_top.v(line number: 3233)] Removed bmsWIDEDFFCPE inst r_pwm_D_fan_limit_use[1][7:0] at 3 that is stuck at constant 0.
W: Adm-4083: [C:/CPLD/pango/2_Tieta_Feiteng/Tieta_Feiteng_1001_PGC7KD69MBG400/rtl/source/Tieta_Feiteng_1001_top.v(line number: 3233)] Removed bmsWIDEDFFCPE inst r_pwm_D_fan_limit_use[1][7:0] at 5 that is stuck at constant 0.
W: Adm-4083: [C:/CPLD/pango/2_Tieta_Feiteng/Tieta_Feiteng_1001_PGC7KD69MBG400/rtl/source/Tieta_Feiteng_1001_top.v(line number: 3233)] Removed bmsWIDEDFFCPE inst r_pwm_D_fan_limit_use[1][7:0] at 7 that is stuck at constant 0.
W: Adm-4083: [C:/CPLD/pango/2_Tieta_Feiteng/Tieta_Feiteng_1001_PGC7KD69MBG400/rtl/source/Tieta_Feiteng_1001_top.v(line number: 3233)] Removed bmsWIDEDFFCPE inst r_pwm_D_fan_limit_use[0][7:0] at 0 that is stuck at constant 0.
W: Adm-4083: [C:/CPLD/pango/2_Tieta_Feiteng/Tieta_Feiteng_1001_PGC7KD69MBG400/rtl/source/Tieta_Feiteng_1001_top.v(line number: 3233)] Removed bmsWIDEDFFCPE inst r_pwm_D_fan_limit_use[0][7:0] at 1 that is stuck at constant 0.
W: Adm-4083: [C:/CPLD/pango/2_Tieta_Feiteng/Tieta_Feiteng_1001_PGC7KD69MBG400/rtl/source/Tieta_Feiteng_1001_top.v(line number: 3233)] Removed bmsWIDEDFFCPE inst r_pwm_D_fan_limit_use[0][7:0] at 2 that is stuck at constant 0.
W: Adm-4083: [C:/CPLD/pango/2_Tieta_Feiteng/Tieta_Feiteng_1001_PGC7KD69MBG400/rtl/source/Tieta_Feiteng_1001_top.v(line number: 3233)] Removed bmsWIDEDFFCPE inst r_pwm_D_fan_limit_use[0][7:0] at 3 that is stuck at constant 0.
W: Adm-4083: [C:/CPLD/pango/2_Tieta_Feiteng/Tieta_Feiteng_1001_PGC7KD69MBG400/rtl/source/Tieta_Feiteng_1001_top.v(line number: 3233)] Removed bmsWIDEDFFCPE inst r_pwm_D_fan_limit_use[0][7:0] at 5 that is stuck at constant 0.
W: Adm-4083: [C:/CPLD/pango/2_Tieta_Feiteng/Tieta_Feiteng_1001_PGC7KD69MBG400/rtl/source/Tieta_Feiteng_1001_top.v(line number: 3233)] Removed bmsWIDEDFFCPE inst r_pwm_D_fan_limit_use[0][7:0] at 7 that is stuck at constant 0.
I: Removed bmsWIDEDFFCPE inst r_pwm_D_fan_pre_limit[1][7:0] that is redundant to r_pwm_D_fan_pre_limit[0][7:0]
I: Removed bmsWIDEDFFCPE inst r_pwm_D_fan_pre_limit[2][7:0] that is redundant to r_pwm_D_fan_pre_limit[0][7:0]
I: Removed bmsWIDEDFFCPE inst r_pwm_D_fan_pre_limit[3][7:0] that is redundant to r_pwm_D_fan_pre_limit[0][7:0]
I: Removed bmsWIDEDFFCPE inst r_pwm_D_fan_limit_use[1][7:0] that is redundant to r_pwm_D_fan_limit_use[0][7:0]
I: Removed bmsWIDEDFFCPE inst r_pwm_D_fan_limit_use[2][7:0] that is redundant to r_pwm_D_fan_limit_use[0][7:0]
I: Removed bmsWIDEDFFCPE inst r_pwm_D_fan_limit_use[3][7:0] that is redundant to r_pwm_D_fan_limit_use[0][7:0]
I: Removed bmsLT inst genblk1[1].fan_pwm_tach_m/N10 that is redundant to genblk1[0].fan_pwm_tach_m/N10
I: Removed bmsLT inst genblk1[2].fan_pwm_tach_m/N10 that is redundant to genblk1[0].fan_pwm_tach_m/N10
I: Removed bmsLT inst genblk1[3].fan_pwm_tach_m/N10 that is redundant to genblk1[0].fan_pwm_tach_m/N10
W: Adm-4082: [C:/CPLD/pango/2_Tieta_Feiteng/Tieta_Feiteng_1001_PGC7KD69MBG400/rtl/source/pwrseq/pwrseq_master.v(line number: 506)] Removed bmsWIDEDFFCPE inst pwrseq_master_inst/rt_failure_detected that is stuck at constant 0.
W: Adm-4082: [C:/CPLD/pango/2_Tieta_Feiteng/Tieta_Feiteng_1001_PGC7KD69MBG400/rtl/source/pwrseq/fault_detectB_chklive.v(line number: 59)] Removed bmsWIDEDFFCPE inst pwrseq_slave_inst/p3v3_fault_det_inst/_fault_detect_[0].vrm_fault[0] that is stuck at constant 0.
W: Adm-4083: [C:/CPLD/pango/2_Tieta_Feiteng/Tieta_Feiteng_1001_PGC7KD69MBG400/rtl/source/pwrseq/pwrseq_master.v(line number: 690)] Removed bmsWIDEDFFPATCE inst pwrseq_master_inst/state_reg at 3 that is stuck at constant 0.
W: Adm-4083: [C:/CPLD/pango/2_Tieta_Feiteng/Tieta_Feiteng_1001_PGC7KD69MBG400/rtl/source/pwrseq/pwrseq_master.v(line number: 690)] Removed bmsWIDEDFFPATCE inst pwrseq_master_inst/state_reg at 30 that is stuck at constant 0.
W: Adm-4083: [C:/CPLD/pango/2_Tieta_Feiteng/Tieta_Feiteng_1001_PGC7KD69MBG400/rtl/source/pwrseq/pwrseq_master.v(line number: 690)] Removed bmsWIDEDFFPATCE inst pwrseq_master_inst/state_reg at 31 that is stuck at constant 0.
W: Adm-4082: [C:/CPLD/pango/2_Tieta_Feiteng/Tieta_Feiteng_1001_PGC7KD69MBG400/rtl/source/Tieta_Feiteng_1001_top.v(line number: 2781)] Removed bmsWIDEDFFCPE inst singal_p0 that is stuck at constant 1.
W: Adm-4082: [C:/CPLD/pango/2_Tieta_Feiteng/Tieta_Feiteng_1001_PGC7KD69MBG400/rtl/source/pwrseq/pwrseq_master.v(line number: 553)] Removed bmsWIDEDFFCPE inst pwrseq_master_inst/ready_for_recov that is stuck at constant 0.
W: Adm-4082: [C:/CPLD/pango/2_Tieta_Feiteng/Tieta_Feiteng_1001_PGC7KD69MBG400/rtl/source/Tieta_Feiteng_1001_top.v(line number: 2781)] Removed bmsWIDEDFFCPE inst singal_p1 that is stuck at constant 1.
W: Public-4008: [C:/CPLD/pango/2_Tieta_Feiteng/Tieta_Feiteng_1001_PGC7KD69MBG400/rtl/source/pwrseq/pwrseq_master.v(line number: 417)] Instance 'pwrseq_master_inst/assert_power_button' of 'bmsWIDEDFFCPE' unit is dangling and will be cleaned.
W: Public-4008: [C:/CPLD/pango/2_Tieta_Feiteng/Tieta_Feiteng_1001_PGC7KD69MBG400/rtl/source/pwrseq/pwrseq_master.v(line number: 443)] Instance 'pwrseq_master_inst/force_pwrbtn_n' of 'bmsWIDEDFFCPE' unit is dangling and will be cleaned.
W: Public-4008: [C:/CPLD/pango/2_Tieta_Feiteng/Tieta_Feiteng_1001_PGC7KD69MBG400/rtl/source/pwrseq/pwrseq_master.v(line number: 562)] Instance 'pwrseq_master_inst/lim_recov_retry_count[1:0]' of 'bmsWIDEDFFCPE' unit is dangling and will be cleaned.
W: Public-4008: [C:/CPLD/pango/2_Tieta_Feiteng/Tieta_Feiteng_1001_PGC7KD69MBG400/rtl/source/pwrseq/pwrseq_master.v(line number: 298)] Instance 'pwrseq_master_inst/po_on_wait_complete' of 'bmsWIDEDFFCPE' unit is dangling and will be cleaned.
W: Public-4008: [C:/CPLD/pango/2_Tieta_Feiteng/Tieta_Feiteng_1001_PGC7KD69MBG400/rtl/source/pwrseq/edge_detect.v(line number: 42)] Instance 'pwrseq_master_inst/edge_detect_button_ne_inst/signal_in_reg[1:0]' of 'bmsWIDEDFFCPE' unit is dangling and will be cleaned.
W: Public-4008: [C:/CPLD/pango/2_Tieta_Feiteng/Tieta_Feiteng_1001_PGC7KD69MBG400/rtl/source/common/edge_delay.v(line number: 53)] Instance 'pwrseq_slave_inst/p5v_en_r_check_inst/delay_output' of 'bmsWIDEDFFCPE' unit is dangling and will be cleaned.
W: Public-4008: [C:/CPLD/pango/2_Tieta_Feiteng/Tieta_Feiteng_1001_PGC7KD69MBG400/rtl/source/common/edge_delay.v(line number: 53)] Instance 'pwrseq_slave_inst/p5v_en_r_check_inst/timer_cnt[1:0]' of 'bmsWIDEDFFCPE' unit is dangling and will be cleaned.
W: Public-4008: [C:/CPLD/pango/2_Tieta_Feiteng/Tieta_Feiteng_1001_PGC7KD69MBG400/rtl/source/common/edge_delay.v(line number: 53)] Instance 'edge_delay_ps0_on_n/timer_cnt[1:0]' of 'bmsWIDEDFFCPE' unit is dangling and will be cleaned.
W: Public-4008: [C:/CPLD/pango/2_Tieta_Feiteng/Tieta_Feiteng_1001_PGC7KD69MBG400/rtl/source/common/edge_delay.v(line number: 53)] Instance 'edge_delay_ps1_on_n/timer_cnt[1:0]' of 'bmsWIDEDFFCPE' unit is dangling and will be cleaned.
I: Removed inst Q[0](genblk1[2].fan_pwm_tach_m/fan_pwm_cnt_u0/r_cnt_result[7:0]) which is redundant to Q[0](genblk1[1].fan_pwm_tach_m/fan_pwm_cnt_u0/r_cnt_result[7:0]) (type bmsWIDEDFFCPE)
I: Removed inst Q[0](genblk1[2].fan_pwm_tach_m/r_clr_pwm_cnt) which is redundant to Q[0](genblk1[1].fan_pwm_tach_m/r_clr_pwm_cnt) (type bmsWIDEDFFCPE)
I: Removed inst Q[7](genblk1[2].fan_pwm_tach_m/fan_pwm_cnt_u0/r_cnt_result[7:0]) which is redundant to Q[7](genblk1[1].fan_pwm_tach_m/fan_pwm_cnt_u0/r_cnt_result[7:0]) (type bmsWIDEDFFCPE)
I: Removed inst Q[1](genblk1[2].fan_pwm_tach_m/fan_pwm_cnt_u0/r_cnt_result[7:0]) which is redundant to Q[1](genblk1[1].fan_pwm_tach_m/fan_pwm_cnt_u0/r_cnt_result[7:0]) (type bmsWIDEDFFCPE)
I: Removed inst Q[2](genblk1[2].fan_pwm_tach_m/fan_pwm_cnt_u0/r_cnt_result[7:0]) which is redundant to Q[2](genblk1[1].fan_pwm_tach_m/fan_pwm_cnt_u0/r_cnt_result[7:0]) (type bmsWIDEDFFCPE)
I: Removed inst Q[3](genblk1[2].fan_pwm_tach_m/fan_pwm_cnt_u0/r_cnt_result[7:0]) which is redundant to Q[3](genblk1[1].fan_pwm_tach_m/fan_pwm_cnt_u0/r_cnt_result[7:0]) (type bmsWIDEDFFCPE)
I: Removed inst Q[4](genblk1[2].fan_pwm_tach_m/fan_pwm_cnt_u0/r_cnt_result[7:0]) which is redundant to Q[4](genblk1[1].fan_pwm_tach_m/fan_pwm_cnt_u0/r_cnt_result[7:0]) (type bmsWIDEDFFCPE)
I: Removed inst Q[5](genblk1[2].fan_pwm_tach_m/fan_pwm_cnt_u0/r_cnt_result[7:0]) which is redundant to Q[5](genblk1[1].fan_pwm_tach_m/fan_pwm_cnt_u0/r_cnt_result[7:0]) (type bmsWIDEDFFCPE)
I: Removed inst Q[6](genblk1[2].fan_pwm_tach_m/fan_pwm_cnt_u0/r_cnt_result[7:0]) which is redundant to Q[6](genblk1[1].fan_pwm_tach_m/fan_pwm_cnt_u0/r_cnt_result[7:0]) (type bmsWIDEDFFCPE)
I: Removed inst Q[0](genblk1[3].fan_pwm_tach_m/fan_pwm_cnt_u0/r_cnt_result[7:0]) which is redundant to Q[0](genblk1[1].fan_pwm_tach_m/fan_pwm_cnt_u0/r_cnt_result[7:0]) (type bmsWIDEDFFCPE)
I: Removed inst Q[0](genblk1[3].fan_pwm_tach_m/r_clr_pwm_cnt) which is redundant to Q[0](genblk1[1].fan_pwm_tach_m/r_clr_pwm_cnt) (type bmsWIDEDFFCPE)
I: Removed inst Q[7](genblk1[3].fan_pwm_tach_m/fan_pwm_cnt_u0/r_cnt_result[7:0]) which is redundant to Q[7](genblk1[1].fan_pwm_tach_m/fan_pwm_cnt_u0/r_cnt_result[7:0]) (type bmsWIDEDFFCPE)
I: Removed inst Q[1](genblk1[3].fan_pwm_tach_m/fan_pwm_cnt_u0/r_cnt_result[7:0]) which is redundant to Q[1](genblk1[1].fan_pwm_tach_m/fan_pwm_cnt_u0/r_cnt_result[7:0]) (type bmsWIDEDFFCPE)
I: Removed inst Q[2](genblk1[3].fan_pwm_tach_m/fan_pwm_cnt_u0/r_cnt_result[7:0]) which is redundant to Q[2](genblk1[1].fan_pwm_tach_m/fan_pwm_cnt_u0/r_cnt_result[7:0]) (type bmsWIDEDFFCPE)
I: Removed inst Q[3](genblk1[3].fan_pwm_tach_m/fan_pwm_cnt_u0/r_cnt_result[7:0]) which is redundant to Q[3](genblk1[1].fan_pwm_tach_m/fan_pwm_cnt_u0/r_cnt_result[7:0]) (type bmsWIDEDFFCPE)
I: Removed inst Q[4](genblk1[3].fan_pwm_tach_m/fan_pwm_cnt_u0/r_cnt_result[7:0]) which is redundant to Q[4](genblk1[1].fan_pwm_tach_m/fan_pwm_cnt_u0/r_cnt_result[7:0]) (type bmsWIDEDFFCPE)
I: Removed inst Q[5](genblk1[3].fan_pwm_tach_m/fan_pwm_cnt_u0/r_cnt_result[7:0]) which is redundant to Q[5](genblk1[1].fan_pwm_tach_m/fan_pwm_cnt_u0/r_cnt_result[7:0]) (type bmsWIDEDFFCPE)
I: Removed inst Q[6](genblk1[3].fan_pwm_tach_m/fan_pwm_cnt_u0/r_cnt_result[7:0]) which is redundant to Q[6](genblk1[1].fan_pwm_tach_m/fan_pwm_cnt_u0/r_cnt_result[7:0]) (type bmsWIDEDFFCPE)
I: Removed inst Q[0](db_inst_cpu_rail/cnt[5][2:0]) which is redundant to Q[0](db_inst_cpu_rail/cnt[0][2:0]) (type bmsWIDEDFFCPE)
I: Removed inst Q[1](db_inst_cpu_rail/cnt[5][2:0]) which is redundant to Q[1](db_inst_cpu_rail/cnt[0][2:0]) (type bmsWIDEDFFCPE)
I: Removed inst Q[2](db_inst_cpu_rail/cnt[5][2:0]) which is redundant to Q[2](db_inst_cpu_rail/cnt[0][2:0]) (type bmsWIDEDFFCPE)
I: Removed inst Q[0](uart_master_u1/det_timeout) which is redundant to Q[0](uart_master_u2/det_timeout) (type bmsWIDEDFFCPE)
I: Removed inst Q[0](uart_master_u1/det_cnt[1:0]) which is redundant to Q[0](uart_master_u2/det_cnt[1:0]) (type bmsWIDEDFFCPE)
I: Removed inst Q[1](uart_master_u1/det_cnt[1:0]) which is redundant to Q[1](uart_master_u2/det_cnt[1:0]) (type bmsWIDEDFFCPE)
I: Removed inst Q[0](db_inst_cpu_rail/mInst[5].out_i[5]) which is redundant to Q[0](db_inst_cpu_rail/mInst[0].out_i[0]) (type bmsWIDEDFFCPE)
Executing : mod-gen successfully. Time elapsed: 1.209s wall, 1.438s user + 0.094s system = 1.531s CPU (126.7%)

Start logic-optimization.
W: Adm-4083: [C:/CPLD/pango/2_Tieta_Feiteng/Tieta_Feiteng_1001_PGC7KD69MBG400/rtl/source/pwrseq/pwrseq_master.v(line number: 690)] Removed bmsWIDEDFFPATCE inst pwrseq_master_inst/state_reg at 1 that is stuck at constant 0.
W: Adm-4083: [C:/CPLD/pango/2_Tieta_Feiteng/Tieta_Feiteng_1001_PGC7KD69MBG400/rtl/source/pwrseq/psu.v(line number: 151)] Removed bmsWIDEDFFCPE inst psu_inst/warn_count[2:0] at 0 that is stuck at constant 0.
W: Adm-4083: [C:/CPLD/pango/2_Tieta_Feiteng/Tieta_Feiteng_1001_PGC7KD69MBG400/rtl/source/pwrseq/psu.v(line number: 151)] Removed bmsWIDEDFFCPE inst psu_inst/warn_count[2:0] at 1 that is stuck at constant 0.
W: Adm-4083: [C:/CPLD/pango/2_Tieta_Feiteng/Tieta_Feiteng_1001_PGC7KD69MBG400/rtl/source/pwrseq/psu.v(line number: 151)] Removed bmsWIDEDFFCPE inst psu_inst/warn_count[2:0] at 2 that is stuck at constant 0.
W: Adm-4082: [C:/CPLD/pango/2_Tieta_Feiteng/Tieta_Feiteng_1001_PGC7KD69MBG400/rtl/source/pwrseq/psu.v(line number: 151)] Removed bmsWIDEDFFCPE inst psu_inst/brownout_warning that is stuck at constant 0.
W: Public-4008: [C:/CPLD/pango/2_Tieta_Feiteng/Tieta_Feiteng_1001_PGC7KD69MBG400/rtl/source/common/synclib.v(line number: 370)] Instance 'db_inst_cpu_rail/mInst[11].nxt[11]' of 'bmsWIDEDFFCPE' unit is dangling and will be cleaned.
W: Public-4008: [C:/CPLD/pango/2_Tieta_Feiteng/Tieta_Feiteng_1001_PGC7KD69MBG400/rtl/source/common/synclib.v(line number: 370)] Instance 'db_inst_cpu_rail/mInst[11].nxt_s1[11]' of 'bmsWIDEDFFCPE' unit is dangling and will be cleaned.
W: Public-4008: [C:/CPLD/pango/2_Tieta_Feiteng/Tieta_Feiteng_1001_PGC7KD69MBG400/rtl/source/common/synclib.v(line number: 370)] Instance 'db_inst_cpu_rail/cnt[11][2:0]' of 'bmsWIDEDFFCPE' unit is dangling and will be cleaned.
Executing : logic-optimization successfully. Time elapsed: 1.933s wall, 1.906s user + 0.016s system = 1.922s CPU (99.4%)

Start tech-mapping phase 1.
W: Public-4008: [C:/CPLD/pango/2_Tieta_Feiteng/Tieta_Feiteng_1001_PGC7KD69MBG400/rtl/source/communication/uart_master.v(line number: 99)] Instance 'uart_master_u1/wait_time[2]' of 'bmsWIDEDFFCPE' unit is dangling and will be cleaned.
W: Public-4008: [C:/CPLD/pango/2_Tieta_Feiteng/Tieta_Feiteng_1001_PGC7KD69MBG400/rtl/source/communication/uart_master.v(line number: 99)] Instance 'uart_master_u1/wait_time[3]' of 'bmsWIDEDFFCPE' unit is dangling and will be cleaned.
W: Public-4008: [C:/CPLD/pango/2_Tieta_Feiteng/Tieta_Feiteng_1001_PGC7KD69MBG400/rtl/source/communication/uart_master.v(line number: 99)] Instance 'uart_master_u1/wait_time[4]' of 'bmsWIDEDFFCPE' unit is dangling and will be cleaned.
W: Public-4008: [C:/CPLD/pango/2_Tieta_Feiteng/Tieta_Feiteng_1001_PGC7KD69MBG400/rtl/source/common/timer_gen_50mhz.v(line number: 49)] Instance 'timer_gen_inst/cnt20ns[2]' of 'bmsWIDEDFFCPE' unit is dangling and will be cleaned.
W: Public-4008: [C:/CPLD/pango/2_Tieta_Feiteng/Tieta_Feiteng_1001_PGC7KD69MBG400/rtl/source/common/timer_gen_50mhz.v(line number: 83)] Instance 'timer_gen_inst/sec_tmr[15]' of 'bmsWIDEDFFCPE' unit is dangling and will be cleaned.
W: Public-4008: [C:/CPLD/pango/2_Tieta_Feiteng/Tieta_Feiteng_1001_PGC7KD69MBG400/rtl/source/common/timer_gen_50mhz.v(line number: 83)] Instance 'timer_gen_inst/sec_tmr[16]' of 'bmsWIDEDFFCPE' unit is dangling and will be cleaned.
W: Public-4008: [C:/CPLD/pango/2_Tieta_Feiteng/Tieta_Feiteng_1001_PGC7KD69MBG400/rtl/source/common/timer_gen_50mhz.v(line number: 83)] Instance 'timer_gen_inst/sec_tmr[17]' of 'bmsWIDEDFFCPE' unit is dangling and will be cleaned.
W: Public-4008: [C:/CPLD/pango/2_Tieta_Feiteng/Tieta_Feiteng_1001_PGC7KD69MBG400/rtl/source/common/synclib.v(line number: 138)] Instance 'sync_data_high1/ff_s1[0]' of 'bmsWIDEDFFCPE' unit is dangling and will be cleaned.
W: Public-4008: [C:/CPLD/pango/2_Tieta_Feiteng/Tieta_Feiteng_1001_PGC7KD69MBG400/rtl/source/common/synclib.v(line number: 138)] Instance 'sync_data_high1/ff_s1[1]' of 'bmsWIDEDFFCPE' unit is dangling and will be cleaned.
W: Public-4008: [C:/CPLD/pango/2_Tieta_Feiteng/Tieta_Feiteng_1001_PGC7KD69MBG400/rtl/source/common/synclib.v(line number: 138)] Instance 'sync_data_high1/ff_s1[2]' of 'bmsWIDEDFFCPE' unit is dangling and will be cleaned.
W: Public-4008: [C:/CPLD/pango/2_Tieta_Feiteng/Tieta_Feiteng_1001_PGC7KD69MBG400/rtl/source/Tieta_Feiteng_1001_top.v(line number: 3233)] Instance 'r_pwm_D_fan_limit_use[0][0]' of 'bmsWIDEDFFCPE' unit is dangling and will be cleaned.
W: Public-4008: [C:/CPLD/pango/2_Tieta_Feiteng/Tieta_Feiteng_1001_PGC7KD69MBG400/rtl/source/Tieta_Feiteng_1001_top.v(line number: 3233)] Instance 'r_pwm_D_fan_limit_use[0][1]' of 'bmsWIDEDFFCPE' unit is dangling and will be cleaned.
W: Public-4008: [C:/CPLD/pango/2_Tieta_Feiteng/Tieta_Feiteng_1001_PGC7KD69MBG400/rtl/source/Tieta_Feiteng_1001_top.v(line number: 3233)] Instance 'r_pwm_D_fan_limit_use[0][2]' of 'bmsWIDEDFFCPE' unit is dangling and will be cleaned.
W: Public-4008: [C:/CPLD/pango/2_Tieta_Feiteng/Tieta_Feiteng_1001_PGC7KD69MBG400/rtl/source/Tieta_Feiteng_1001_top.v(line number: 3233)] Instance 'r_pwm_D_fan_limit_use[0][3]' of 'bmsWIDEDFFCPE' unit is dangling and will be cleaned.
W: Public-4008: [C:/CPLD/pango/2_Tieta_Feiteng/Tieta_Feiteng_1001_PGC7KD69MBG400/rtl/source/Tieta_Feiteng_1001_top.v(line number: 3233)] Instance 'r_pwm_D_fan_limit_use[0][5]' of 'bmsWIDEDFFCPE' unit is dangling and will be cleaned.
W: Public-4008: [C:/CPLD/pango/2_Tieta_Feiteng/Tieta_Feiteng_1001_PGC7KD69MBG400/rtl/source/Tieta_Feiteng_1001_top.v(line number: 3233)] Instance 'r_pwm_D_fan_limit_use[0][6]' of 'bmsWIDEDFFCPE' unit is dangling and will be cleaned.
W: Public-4008: [C:/CPLD/pango/2_Tieta_Feiteng/Tieta_Feiteng_1001_PGC7KD69MBG400/rtl/source/Tieta_Feiteng_1001_top.v(line number: 3233)] Instance 'r_pwm_D_fan_limit_use[0][7]' of 'bmsWIDEDFFCPE' unit is dangling and will be cleaned.
W: Public-4008: [C:/CPLD/pango/2_Tieta_Feiteng/Tieta_Feiteng_1001_PGC7KD69MBG400/rtl/source/Tieta_Feiteng_1001_top.v(line number: 3216)] Instance 'r_pwm_D_fan_pre_limit[0][0]' of 'bmsWIDEDFFCPE' unit is dangling and will be cleaned.
W: Public-4008: [C:/CPLD/pango/2_Tieta_Feiteng/Tieta_Feiteng_1001_PGC7KD69MBG400/rtl/source/Tieta_Feiteng_1001_top.v(line number: 3216)] Instance 'r_pwm_D_fan_pre_limit[0][1]' of 'bmsWIDEDFFCPE' unit is dangling and will be cleaned.
W: Public-4008: [C:/CPLD/pango/2_Tieta_Feiteng/Tieta_Feiteng_1001_PGC7KD69MBG400/rtl/source/Tieta_Feiteng_1001_top.v(line number: 3216)] Instance 'r_pwm_D_fan_pre_limit[0][2]' of 'bmsWIDEDFFCPE' unit is dangling and will be cleaned.
W: Public-4008: [C:/CPLD/pango/2_Tieta_Feiteng/Tieta_Feiteng_1001_PGC7KD69MBG400/rtl/source/Tieta_Feiteng_1001_top.v(line number: 3216)] Instance 'r_pwm_D_fan_pre_limit[0][3]' of 'bmsWIDEDFFCPE' unit is dangling and will be cleaned.
W: Public-4008: [C:/CPLD/pango/2_Tieta_Feiteng/Tieta_Feiteng_1001_PGC7KD69MBG400/rtl/source/Tieta_Feiteng_1001_top.v(line number: 3216)] Instance 'r_pwm_D_fan_pre_limit[0][5]' of 'bmsWIDEDFFCPE' unit is dangling and will be cleaned.
W: Public-4008: [C:/CPLD/pango/2_Tieta_Feiteng/Tieta_Feiteng_1001_PGC7KD69MBG400/rtl/source/Tieta_Feiteng_1001_top.v(line number: 3216)] Instance 'r_pwm_D_fan_pre_limit[0][6]' of 'bmsWIDEDFFCPE' unit is dangling and will be cleaned.
W: Public-4008: [C:/CPLD/pango/2_Tieta_Feiteng/Tieta_Feiteng_1001_PGC7KD69MBG400/rtl/source/Tieta_Feiteng_1001_top.v(line number: 3216)] Instance 'r_pwm_D_fan_pre_limit[0][7]' of 'bmsWIDEDFFCPE' unit is dangling and will be cleaned.
W: Public-4008: [C:/CPLD/pango/2_Tieta_Feiteng/Tieta_Feiteng_1001_PGC7KD69MBG400/rtl/source/Tieta_Feiteng_1001_top.v(line number: 2187)] Instance 'scpld_to_mcpld_data_filter[0]' of 'bmsWIDEDFFCPE' unit is dangling and will be cleaned.
W: Public-4008: [C:/CPLD/pango/2_Tieta_Feiteng/Tieta_Feiteng_1001_PGC7KD69MBG400/rtl/source/Tieta_Feiteng_1001_top.v(line number: 2187)] Instance 'scpld_to_mcpld_data_filter[1]' of 'bmsWIDEDFFCPE' unit is dangling and will be cleaned.
W: Public-4008: [C:/CPLD/pango/2_Tieta_Feiteng/Tieta_Feiteng_1001_PGC7KD69MBG400/rtl/source/Tieta_Feiteng_1001_top.v(line number: 2187)] Instance 'scpld_to_mcpld_data_filter[2]' of 'bmsWIDEDFFCPE' unit is dangling and will be cleaned.
W: Public-4008: [C:/CPLD/pango/2_Tieta_Feiteng/Tieta_Feiteng_1001_PGC7KD69MBG400/rtl/source/Tieta_Feiteng_1001_top.v(line number: 2187)] Instance 'scpld_to_mcpld_data_filter[3]' of 'bmsWIDEDFFCPE' unit is dangling and will be cleaned.
W: Public-4008: [C:/CPLD/pango/2_Tieta_Feiteng/Tieta_Feiteng_1001_PGC7KD69MBG400/rtl/source/Tieta_Feiteng_1001_top.v(line number: 2187)] Instance 'scpld_to_mcpld_data_filter[4]' of 'bmsWIDEDFFCPE' unit is dangling and will be cleaned.
W: Public-4008: [C:/CPLD/pango/2_Tieta_Feiteng/Tieta_Feiteng_1001_PGC7KD69MBG400/rtl/source/Tieta_Feiteng_1001_top.v(line number: 2187)] Instance 'scpld_to_mcpld_data_filter[5]' of 'bmsWIDEDFFCPE' unit is dangling and will be cleaned.
W: Public-4008: [C:/CPLD/pango/2_Tieta_Feiteng/Tieta_Feiteng_1001_PGC7KD69MBG400/rtl/source/Tieta_Feiteng_1001_top.v(line number: 2187)] Instance 'scpld_to_mcpld_data_filter[6]' of 'bmsWIDEDFFCPE' unit is dangling and will be cleaned.
W: Public-4008: [C:/CPLD/pango/2_Tieta_Feiteng/Tieta_Feiteng_1001_PGC7KD69MBG400/rtl/source/Tieta_Feiteng_1001_top.v(line number: 2187)] Instance 'scpld_to_mcpld_data_filter[7]' of 'bmsWIDEDFFCPE' unit is dangling and will be cleaned.
W: Public-4008: [C:/CPLD/pango/2_Tieta_Feiteng/Tieta_Feiteng_1001_PGC7KD69MBG400/rtl/source/Tieta_Feiteng_1001_top.v(line number: 2187)] Instance 'scpld_to_mcpld_data_filter[9]' of 'bmsWIDEDFFCPE' unit is dangling and will be cleaned.
W: Public-4008: [C:/CPLD/pango/2_Tieta_Feiteng/Tieta_Feiteng_1001_PGC7KD69MBG400/rtl/source/Tieta_Feiteng_1001_top.v(line number: 2187)] Instance 'scpld_to_mcpld_data_filter[10]' of 'bmsWIDEDFFCPE' unit is dangling and will be cleaned.
W: Public-4008: [C:/CPLD/pango/2_Tieta_Feiteng/Tieta_Feiteng_1001_PGC7KD69MBG400/rtl/source/Tieta_Feiteng_1001_top.v(line number: 2187)] Instance 'scpld_to_mcpld_data_filter[11]' of 'bmsWIDEDFFCPE' unit is dangling and will be cleaned.
W: Public-4008: [C:/CPLD/pango/2_Tieta_Feiteng/Tieta_Feiteng_1001_PGC7KD69MBG400/rtl/source/Tieta_Feiteng_1001_top.v(line number: 2187)] Instance 'scpld_to_mcpld_data_filter[12]' of 'bmsWIDEDFFCPE' unit is dangling and will be cleaned.
W: Public-4008: [C:/CPLD/pango/2_Tieta_Feiteng/Tieta_Feiteng_1001_PGC7KD69MBG400/rtl/source/Tieta_Feiteng_1001_top.v(line number: 2187)] Instance 'scpld_to_mcpld_data_filter[13]' of 'bmsWIDEDFFCPE' unit is dangling and will be cleaned.
W: Public-4008: [C:/CPLD/pango/2_Tieta_Feiteng/Tieta_Feiteng_1001_PGC7KD69MBG400/rtl/source/Tieta_Feiteng_1001_top.v(line number: 2187)] Instance 'scpld_to_mcpld_data_filter[14]' of 'bmsWIDEDFFCPE' unit is dangling and will be cleaned.
W: Public-4008: [C:/CPLD/pango/2_Tieta_Feiteng/Tieta_Feiteng_1001_PGC7KD69MBG400/rtl/source/Tieta_Feiteng_1001_top.v(line number: 2187)] Instance 'scpld_to_mcpld_data_filter[15]' of 'bmsWIDEDFFCPE' unit is dangling and will be cleaned.
W: Public-4008: [C:/CPLD/pango/2_Tieta_Feiteng/Tieta_Feiteng_1001_PGC7KD69MBG400/rtl/source/Tieta_Feiteng_1001_top.v(line number: 2187)] Instance 'scpld_to_mcpld_data_filter[16]' of 'bmsWIDEDFFCPE' unit is dangling and will be cleaned.
W: Public-4008: [C:/CPLD/pango/2_Tieta_Feiteng/Tieta_Feiteng_1001_PGC7KD69MBG400/rtl/source/Tieta_Feiteng_1001_top.v(line number: 2187)] Instance 'scpld_to_mcpld_data_filter[17]' of 'bmsWIDEDFFCPE' unit is dangling and will be cleaned.
W: Public-4008: [C:/CPLD/pango/2_Tieta_Feiteng/Tieta_Feiteng_1001_PGC7KD69MBG400/rtl/source/Tieta_Feiteng_1001_top.v(line number: 2187)] Instance 'scpld_to_mcpld_data_filter[18]' of 'bmsWIDEDFFCPE' unit is dangling and will be cleaned.
W: Public-4008: [C:/CPLD/pango/2_Tieta_Feiteng/Tieta_Feiteng_1001_PGC7KD69MBG400/rtl/source/Tieta_Feiteng_1001_top.v(line number: 2187)] Instance 'scpld_to_mcpld_data_filter[19]' of 'bmsWIDEDFFCPE' unit is dangling and will be cleaned.
W: Public-4008: [C:/CPLD/pango/2_Tieta_Feiteng/Tieta_Feiteng_1001_PGC7KD69MBG400/rtl/source/Tieta_Feiteng_1001_top.v(line number: 2187)] Instance 'scpld_to_mcpld_data_filter[22]' of 'bmsWIDEDFFCPE' unit is dangling and will be cleaned.
W: Public-4008: [C:/CPLD/pango/2_Tieta_Feiteng/Tieta_Feiteng_1001_PGC7KD69MBG400/rtl/source/Tieta_Feiteng_1001_top.v(line number: 2187)] Instance 'scpld_to_mcpld_data_filter[23]' of 'bmsWIDEDFFCPE' unit is dangling and will be cleaned.
W: Public-4008: [C:/CPLD/pango/2_Tieta_Feiteng/Tieta_Feiteng_1001_PGC7KD69MBG400/rtl/source/Tieta_Feiteng_1001_top.v(line number: 2187)] Instance 'scpld_to_mcpld_data_filter[28]' of 'bmsWIDEDFFCPE' unit is dangling and will be cleaned.
W: Public-4008: [C:/CPLD/pango/2_Tieta_Feiteng/Tieta_Feiteng_1001_PGC7KD69MBG400/rtl/source/Tieta_Feiteng_1001_top.v(line number: 2187)] Instance 'scpld_to_mcpld_data_filter[29]' of 'bmsWIDEDFFCPE' unit is dangling and will be cleaned.
W: Public-4008: [C:/CPLD/pango/2_Tieta_Feiteng/Tieta_Feiteng_1001_PGC7KD69MBG400/rtl/source/Tieta_Feiteng_1001_top.v(line number: 2187)] Instance 'scpld_to_mcpld_data_filter[30]' of 'bmsWIDEDFFCPE' unit is dangling and will be cleaned.
W: Public-4008: [C:/CPLD/pango/2_Tieta_Feiteng/Tieta_Feiteng_1001_PGC7KD69MBG400/rtl/source/Tieta_Feiteng_1001_top.v(line number: 2187)] Instance 'scpld_to_mcpld_data_filter[31]' of 'bmsWIDEDFFCPE' unit is dangling and will be cleaned.
W: Public-4008: [C:/CPLD/pango/2_Tieta_Feiteng/Tieta_Feiteng_1001_PGC7KD69MBG400/rtl/source/Tieta_Feiteng_1001_top.v(line number: 2187)] Instance 'scpld_to_mcpld_data_filter[34]' of 'bmsWIDEDFFCPE' unit is dangling and will be cleaned.
W: Public-4008: [C:/CPLD/pango/2_Tieta_Feiteng/Tieta_Feiteng_1001_PGC7KD69MBG400/rtl/source/Tieta_Feiteng_1001_top.v(line number: 2187)] Instance 'scpld_to_mcpld_data_filter[35]' of 'bmsWIDEDFFCPE' unit is dangling and will be cleaned.
W: Public-4008: [C:/CPLD/pango/2_Tieta_Feiteng/Tieta_Feiteng_1001_PGC7KD69MBG400/rtl/source/Tieta_Feiteng_1001_top.v(line number: 2187)] Instance 'scpld_to_mcpld_data_filter[41]' of 'bmsWIDEDFFCPE' unit is dangling and will be cleaned.
W: Public-4008: [C:/CPLD/pango/2_Tieta_Feiteng/Tieta_Feiteng_1001_PGC7KD69MBG400/rtl/source/Tieta_Feiteng_1001_top.v(line number: 2187)] Instance 'scpld_to_mcpld_data_filter[42]' of 'bmsWIDEDFFCPE' unit is dangling and will be cleaned.
W: Public-4008: [C:/CPLD/pango/2_Tieta_Feiteng/Tieta_Feiteng_1001_PGC7KD69MBG400/rtl/source/Tieta_Feiteng_1001_top.v(line number: 2187)] Instance 'scpld_to_mcpld_data_filter[43]' of 'bmsWIDEDFFCPE' unit is dangling and will be cleaned.
W: Public-4008: [C:/CPLD/pango/2_Tieta_Feiteng/Tieta_Feiteng_1001_PGC7KD69MBG400/rtl/source/Tieta_Feiteng_1001_top.v(line number: 2187)] Instance 'scpld_to_mcpld_data_filter[44]' of 'bmsWIDEDFFCPE' unit is dangling and will be cleaned.
W: Public-4008: [C:/CPLD/pango/2_Tieta_Feiteng/Tieta_Feiteng_1001_PGC7KD69MBG400/rtl/source/Tieta_Feiteng_1001_top.v(line number: 2187)] Instance 'scpld_to_mcpld_data_filter[46]' of 'bmsWIDEDFFCPE' unit is dangling and will be cleaned.
W: Public-4008: [C:/CPLD/pango/2_Tieta_Feiteng/Tieta_Feiteng_1001_PGC7KD69MBG400/rtl/source/Tieta_Feiteng_1001_top.v(line number: 2187)] Instance 'scpld_to_mcpld_data_filter[49]' of 'bmsWIDEDFFCPE' unit is dangling and will be cleaned.
W: Public-4008: [C:/CPLD/pango/2_Tieta_Feiteng/Tieta_Feiteng_1001_PGC7KD69MBG400/rtl/source/Tieta_Feiteng_1001_top.v(line number: 2187)] Instance 'scpld_to_mcpld_data_filter[50]' of 'bmsWIDEDFFCPE' unit is dangling and will be cleaned.
W: Public-4008: [C:/CPLD/pango/2_Tieta_Feiteng/Tieta_Feiteng_1001_PGC7KD69MBG400/rtl/source/Tieta_Feiteng_1001_top.v(line number: 2187)] Instance 'scpld_to_mcpld_data_filter[55]' of 'bmsWIDEDFFCPE' unit is dangling and will be cleaned.
W: Public-4008: [C:/CPLD/pango/2_Tieta_Feiteng/Tieta_Feiteng_1001_PGC7KD69MBG400/rtl/source/Tieta_Feiteng_1001_top.v(line number: 2187)] Instance 'scpld_to_mcpld_data_filter[56]' of 'bmsWIDEDFFCPE' unit is dangling and will be cleaned.
W: Public-4008: [C:/CPLD/pango/2_Tieta_Feiteng/Tieta_Feiteng_1001_PGC7KD69MBG400/rtl/source/Tieta_Feiteng_1001_top.v(line number: 2187)] Instance 'scpld_to_mcpld_data_filter[57]' of 'bmsWIDEDFFCPE' unit is dangling and will be cleaned.
W: Public-4008: [C:/CPLD/pango/2_Tieta_Feiteng/Tieta_Feiteng_1001_PGC7KD69MBG400/rtl/source/Tieta_Feiteng_1001_top.v(line number: 2187)] Instance 'scpld_to_mcpld_data_filter[76]' of 'bmsWIDEDFFCPE' unit is dangling and will be cleaned.
W: Public-4008: [C:/CPLD/pango/2_Tieta_Feiteng/Tieta_Feiteng_1001_PGC7KD69MBG400/rtl/source/Tieta_Feiteng_1001_top.v(line number: 2187)] Instance 'scpld_to_mcpld_data_filter[77]' of 'bmsWIDEDFFCPE' unit is dangling and will be cleaned.
W: Public-4008: [C:/CPLD/pango/2_Tieta_Feiteng/Tieta_Feiteng_1001_PGC7KD69MBG400/rtl/source/Tieta_Feiteng_1001_top.v(line number: 2187)] Instance 'scpld_to_mcpld_data_filter[78]' of 'bmsWIDEDFFCPE' unit is dangling and will be cleaned.
W: Public-4008: [C:/CPLD/pango/2_Tieta_Feiteng/Tieta_Feiteng_1001_PGC7KD69MBG400/rtl/source/Tieta_Feiteng_1001_top.v(line number: 2187)] Instance 'scpld_to_mcpld_data_filter[81]' of 'bmsWIDEDFFCPE' unit is dangling and will be cleaned.
W: Public-4008: [C:/CPLD/pango/2_Tieta_Feiteng/Tieta_Feiteng_1001_PGC7KD69MBG400/rtl/source/Tieta_Feiteng_1001_top.v(line number: 2187)] Instance 'scpld_to_mcpld_data_filter[82]' of 'bmsWIDEDFFCPE' unit is dangling and will be cleaned.
W: Public-4008: [C:/CPLD/pango/2_Tieta_Feiteng/Tieta_Feiteng_1001_PGC7KD69MBG400/rtl/source/Tieta_Feiteng_1001_top.v(line number: 2187)] Instance 'scpld_to_mcpld_data_filter[83]' of 'bmsWIDEDFFCPE' unit is dangling and will be cleaned.
W: Public-4008: [C:/CPLD/pango/2_Tieta_Feiteng/Tieta_Feiteng_1001_PGC7KD69MBG400/rtl/source/Tieta_Feiteng_1001_top.v(line number: 2187)] Instance 'scpld_to_mcpld_data_filter[84]' of 'bmsWIDEDFFCPE' unit is dangling and will be cleaned.
W: Public-4008: [C:/CPLD/pango/2_Tieta_Feiteng/Tieta_Feiteng_1001_PGC7KD69MBG400/rtl/source/Tieta_Feiteng_1001_top.v(line number: 2187)] Instance 'scpld_to_mcpld_data_filter[85]' of 'bmsWIDEDFFCPE' unit is dangling and will be cleaned.
W: Public-4008: [C:/CPLD/pango/2_Tieta_Feiteng/Tieta_Feiteng_1001_PGC7KD69MBG400/rtl/source/Tieta_Feiteng_1001_top.v(line number: 2187)] Instance 'scpld_to_mcpld_data_filter[86]' of 'bmsWIDEDFFCPE' unit is dangling and will be cleaned.
W: Public-4008: [C:/CPLD/pango/2_Tieta_Feiteng/Tieta_Feiteng_1001_PGC7KD69MBG400/rtl/source/Tieta_Feiteng_1001_top.v(line number: 2187)] Instance 'scpld_to_mcpld_data_filter[87]' of 'bmsWIDEDFFCPE' unit is dangling and will be cleaned.
W: Public-4008: [C:/CPLD/pango/2_Tieta_Feiteng/Tieta_Feiteng_1001_PGC7KD69MBG400/rtl/source/Tieta_Feiteng_1001_top.v(line number: 2187)] Instance 'scpld_to_mcpld_data_filter[88]' of 'bmsWIDEDFFCPE' unit is dangling and will be cleaned.
W: Public-4008: [C:/CPLD/pango/2_Tieta_Feiteng/Tieta_Feiteng_1001_PGC7KD69MBG400/rtl/source/Tieta_Feiteng_1001_top.v(line number: 2187)] Instance 'scpld_to_mcpld_data_filter[97]' of 'bmsWIDEDFFCPE' unit is dangling and will be cleaned.
W: Public-4008: [C:/CPLD/pango/2_Tieta_Feiteng/Tieta_Feiteng_1001_PGC7KD69MBG400/rtl/source/Tieta_Feiteng_1001_top.v(line number: 2187)] Instance 'scpld_to_mcpld_data_filter[98]' of 'bmsWIDEDFFCPE' unit is dangling and will be cleaned.
W: Public-4008: [C:/CPLD/pango/2_Tieta_Feiteng/Tieta_Feiteng_1001_PGC7KD69MBG400/rtl/source/Tieta_Feiteng_1001_top.v(line number: 2187)] Instance 'scpld_to_mcpld_data_filter[99]' of 'bmsWIDEDFFCPE' unit is dangling and will be cleaned.
W: Public-4008: [C:/CPLD/pango/2_Tieta_Feiteng/Tieta_Feiteng_1001_PGC7KD69MBG400/rtl/source/Tieta_Feiteng_1001_top.v(line number: 2187)] Instance 'scpld_to_mcpld_data_filter[100]' of 'bmsWIDEDFFCPE' unit is dangling and will be cleaned.
W: Public-4008: [C:/CPLD/pango/2_Tieta_Feiteng/Tieta_Feiteng_1001_PGC7KD69MBG400/rtl/source/Tieta_Feiteng_1001_top.v(line number: 2187)] Instance 'scpld_to_mcpld_data_filter[101]' of 'bmsWIDEDFFCPE' unit is dangling and will be cleaned.
W: Public-4008: [C:/CPLD/pango/2_Tieta_Feiteng/Tieta_Feiteng_1001_PGC7KD69MBG400/rtl/source/Tieta_Feiteng_1001_top.v(line number: 2187)] Instance 'scpld_to_mcpld_data_filter[102]' of 'bmsWIDEDFFCPE' unit is dangling and will be cleaned.
W: Public-4008: [C:/CPLD/pango/2_Tieta_Feiteng/Tieta_Feiteng_1001_PGC7KD69MBG400/rtl/source/Tieta_Feiteng_1001_top.v(line number: 2187)] Instance 'scpld_to_mcpld_data_filter[103]' of 'bmsWIDEDFFCPE' unit is dangling and will be cleaned.
W: Public-4008: [C:/CPLD/pango/2_Tieta_Feiteng/Tieta_Feiteng_1001_PGC7KD69MBG400/rtl/source/Tieta_Feiteng_1001_top.v(line number: 2187)] Instance 'scpld_to_mcpld_data_filter[104]' of 'bmsWIDEDFFCPE' unit is dangling and will be cleaned.
W: Public-4008: [C:/CPLD/pango/2_Tieta_Feiteng/Tieta_Feiteng_1001_PGC7KD69MBG400/rtl/source/Tieta_Feiteng_1001_top.v(line number: 2187)] Instance 'scpld_to_mcpld_data_filter[105]' of 'bmsWIDEDFFCPE' unit is dangling and will be cleaned.
W: Public-4008: [C:/CPLD/pango/2_Tieta_Feiteng/Tieta_Feiteng_1001_PGC7KD69MBG400/rtl/source/Tieta_Feiteng_1001_top.v(line number: 2187)] Instance 'scpld_to_mcpld_data_filter[106]' of 'bmsWIDEDFFCPE' unit is dangling and will be cleaned.
W: Public-4008: [C:/CPLD/pango/2_Tieta_Feiteng/Tieta_Feiteng_1001_PGC7KD69MBG400/rtl/source/Tieta_Feiteng_1001_top.v(line number: 2187)] Instance 'scpld_to_mcpld_data_filter[107]' of 'bmsWIDEDFFCPE' unit is dangling and will be cleaned.
W: Public-4008: [C:/CPLD/pango/2_Tieta_Feiteng/Tieta_Feiteng_1001_PGC7KD69MBG400/rtl/source/Tieta_Feiteng_1001_top.v(line number: 2187)] Instance 'scpld_to_mcpld_data_filter[108]' of 'bmsWIDEDFFCPE' unit is dangling and will be cleaned.
W: Public-4008: [C:/CPLD/pango/2_Tieta_Feiteng/Tieta_Feiteng_1001_PGC7KD69MBG400/rtl/source/Tieta_Feiteng_1001_top.v(line number: 2187)] Instance 'scpld_to_mcpld_data_filter[111]' of 'bmsWIDEDFFCPE' unit is dangling and will be cleaned.
W: Public-4008: [C:/CPLD/pango/2_Tieta_Feiteng/Tieta_Feiteng_1001_PGC7KD69MBG400/rtl/source/Tieta_Feiteng_1001_top.v(line number: 2187)] Instance 'scpld_to_mcpld_data_filter[112]' of 'bmsWIDEDFFCPE' unit is dangling and will be cleaned.
W: Public-4008: [C:/CPLD/pango/2_Tieta_Feiteng/Tieta_Feiteng_1001_PGC7KD69MBG400/rtl/source/Tieta_Feiteng_1001_top.v(line number: 2187)] Instance 'scpld_to_mcpld_data_filter[113]' of 'bmsWIDEDFFCPE' unit is dangling and will be cleaned.
W: Public-4008: [C:/CPLD/pango/2_Tieta_Feiteng/Tieta_Feiteng_1001_PGC7KD69MBG400/rtl/source/Tieta_Feiteng_1001_top.v(line number: 2187)] Instance 'scpld_to_mcpld_data_filter[114]' of 'bmsWIDEDFFCPE' unit is dangling and will be cleaned.
W: Public-4008: [C:/CPLD/pango/2_Tieta_Feiteng/Tieta_Feiteng_1001_PGC7KD69MBG400/rtl/source/Tieta_Feiteng_1001_top.v(line number: 2187)] Instance 'scpld_to_mcpld_data_filter[115]' of 'bmsWIDEDFFCPE' unit is dangling and will be cleaned.
W: Public-4008: [C:/CPLD/pango/2_Tieta_Feiteng/Tieta_Feiteng_1001_PGC7KD69MBG400/rtl/source/Tieta_Feiteng_1001_top.v(line number: 2187)] Instance 'scpld_to_mcpld_data_filter[116]' of 'bmsWIDEDFFCPE' unit is dangling and will be cleaned.
W: Public-4008: [C:/CPLD/pango/2_Tieta_Feiteng/Tieta_Feiteng_1001_PGC7KD69MBG400/rtl/source/Tieta_Feiteng_1001_top.v(line number: 2187)] Instance 'scpld_to_mcpld_data_filter[117]' of 'bmsWIDEDFFCPE' unit is dangling and will be cleaned.
W: Public-4008: [C:/CPLD/pango/2_Tieta_Feiteng/Tieta_Feiteng_1001_PGC7KD69MBG400/rtl/source/Tieta_Feiteng_1001_top.v(line number: 2187)] Instance 'scpld_to_mcpld_data_filter[118]' of 'bmsWIDEDFFCPE' unit is dangling and will be cleaned.
W: Public-4008: [C:/CPLD/pango/2_Tieta_Feiteng/Tieta_Feiteng_1001_PGC7KD69MBG400/rtl/source/Tieta_Feiteng_1001_top.v(line number: 2187)] Instance 'scpld_to_mcpld_data_filter[119]' of 'bmsWIDEDFFCPE' unit is dangling and will be cleaned.
W: Public-4008: [C:/CPLD/pango/2_Tieta_Feiteng/Tieta_Feiteng_1001_PGC7KD69MBG400/rtl/source/Tieta_Feiteng_1001_top.v(line number: 2187)] Instance 'scpld_to_mcpld_data_filter[120]' of 'bmsWIDEDFFCPE' unit is dangling and will be cleaned.
W: Public-4008: [C:/CPLD/pango/2_Tieta_Feiteng/Tieta_Feiteng_1001_PGC7KD69MBG400/rtl/source/Tieta_Feiteng_1001_top.v(line number: 2187)] Instance 'scpld_to_mcpld_data_filter[121]' of 'bmsWIDEDFFCPE' unit is dangling and will be cleaned.
W: Public-4008: [C:/CPLD/pango/2_Tieta_Feiteng/Tieta_Feiteng_1001_PGC7KD69MBG400/rtl/source/Tieta_Feiteng_1001_top.v(line number: 2187)] Instance 'scpld_to_mcpld_data_filter[122]' of 'bmsWIDEDFFCPE' unit is dangling and will be cleaned.
W: Public-4008: [C:/CPLD/pango/2_Tieta_Feiteng/Tieta_Feiteng_1001_PGC7KD69MBG400/rtl/source/Tieta_Feiteng_1001_top.v(line number: 2187)] Instance 'scpld_to_mcpld_data_filter[123]' of 'bmsWIDEDFFCPE' unit is dangling and will be cleaned.
W: Public-4008: [C:/CPLD/pango/2_Tieta_Feiteng/Tieta_Feiteng_1001_PGC7KD69MBG400/rtl/source/Tieta_Feiteng_1001_top.v(line number: 2187)] Instance 'scpld_to_mcpld_data_filter[124]' of 'bmsWIDEDFFCPE' unit is dangling and will be cleaned.
W: Public-4008: [C:/CPLD/pango/2_Tieta_Feiteng/Tieta_Feiteng_1001_PGC7KD69MBG400/rtl/source/Tieta_Feiteng_1001_top.v(line number: 2187)] Instance 'scpld_to_mcpld_data_filter[125]' of 'bmsWIDEDFFCPE' unit is dangling and will be cleaned.
W: Public-4008: [C:/CPLD/pango/2_Tieta_Feiteng/Tieta_Feiteng_1001_PGC7KD69MBG400/rtl/source/Tieta_Feiteng_1001_top.v(line number: 2187)] Instance 'scpld_to_mcpld_data_filter[126]' of 'bmsWIDEDFFCPE' unit is dangling and will be cleaned.
W: Public-4008: [C:/CPLD/pango/2_Tieta_Feiteng/Tieta_Feiteng_1001_PGC7KD69MBG400/rtl/source/Tieta_Feiteng_1001_top.v(line number: 2187)] Instance 'scpld_to_mcpld_data_filter[127]' of 'bmsWIDEDFFCPE' unit is dangling and will be cleaned.
W: Public-4008: [C:/CPLD/pango/2_Tieta_Feiteng/Tieta_Feiteng_1001_PGC7KD69MBG400/rtl/source/Tieta_Feiteng_1001_top.v(line number: 2187)] Instance 'scpld_to_mcpld_data_filter[128]' of 'bmsWIDEDFFCPE' unit is dangling and will be cleaned.
W: Public-4008: [C:/CPLD/pango/2_Tieta_Feiteng/Tieta_Feiteng_1001_PGC7KD69MBG400/rtl/source/Tieta_Feiteng_1001_top.v(line number: 2187)] Instance 'scpld_to_mcpld_data_filter[129]' of 'bmsWIDEDFFCPE' unit is dangling and will be cleaned.
W: Public-4008: [C:/CPLD/pango/2_Tieta_Feiteng/Tieta_Feiteng_1001_PGC7KD69MBG400/rtl/source/Tieta_Feiteng_1001_top.v(line number: 2187)] Instance 'scpld_to_mcpld_data_filter[130]' of 'bmsWIDEDFFCPE' unit is dangling and will be cleaned.
W: Public-4008: [C:/CPLD/pango/2_Tieta_Feiteng/Tieta_Feiteng_1001_PGC7KD69MBG400/rtl/source/Tieta_Feiteng_1001_top.v(line number: 2187)] Instance 'scpld_to_mcpld_data_filter[131]' of 'bmsWIDEDFFCPE' unit is dangling and will be cleaned.
W: Public-4008: [C:/CPLD/pango/2_Tieta_Feiteng/Tieta_Feiteng_1001_PGC7KD69MBG400/rtl/source/Tieta_Feiteng_1001_top.v(line number: 2187)] Instance 'scpld_to_mcpld_data_filter[132]' of 'bmsWIDEDFFCPE' unit is dangling and will be cleaned.
W: Public-4008: [C:/CPLD/pango/2_Tieta_Feiteng/Tieta_Feiteng_1001_PGC7KD69MBG400/rtl/source/Tieta_Feiteng_1001_top.v(line number: 2187)] Instance 'scpld_to_mcpld_data_filter[133]' of 'bmsWIDEDFFCPE' unit is dangling and will be cleaned.
W: Public-4008: [C:/CPLD/pango/2_Tieta_Feiteng/Tieta_Feiteng_1001_PGC7KD69MBG400/rtl/source/Tieta_Feiteng_1001_top.v(line number: 2187)] Instance 'scpld_to_mcpld_data_filter[134]' of 'bmsWIDEDFFCPE' unit is dangling and will be cleaned.
W: Public-4008: [C:/CPLD/pango/2_Tieta_Feiteng/Tieta_Feiteng_1001_PGC7KD69MBG400/rtl/source/Tieta_Feiteng_1001_top.v(line number: 2187)] Instance 'scpld_to_mcpld_data_filter[135]' of 'bmsWIDEDFFCPE' unit is dangling and will be cleaned.
W: Public-4008: [C:/CPLD/pango/2_Tieta_Feiteng/Tieta_Feiteng_1001_PGC7KD69MBG400/rtl/source/Tieta_Feiteng_1001_top.v(line number: 2187)] Instance 'scpld_to_mcpld_data_filter[136]' of 'bmsWIDEDFFCPE' unit is dangling and will be cleaned.
W: Public-4008: [C:/CPLD/pango/2_Tieta_Feiteng/Tieta_Feiteng_1001_PGC7KD69MBG400/rtl/source/Tieta_Feiteng_1001_top.v(line number: 2187)] Instance 'scpld_to_mcpld_data_filter[137]' of 'bmsWIDEDFFCPE' unit is dangling and will be cleaned.
W: Public-4008: [C:/CPLD/pango/2_Tieta_Feiteng/Tieta_Feiteng_1001_PGC7KD69MBG400/rtl/source/Tieta_Feiteng_1001_top.v(line number: 2187)] Instance 'scpld_to_mcpld_data_filter[138]' of 'bmsWIDEDFFCPE' unit is dangling and will be cleaned.
W: Public-4008: [C:/CPLD/pango/2_Tieta_Feiteng/Tieta_Feiteng_1001_PGC7KD69MBG400/rtl/source/Tieta_Feiteng_1001_top.v(line number: 2187)] Instance 'scpld_to_mcpld_data_filter[139]' of 'bmsWIDEDFFCPE' unit is dangling and will be cleaned.
W: Public-4008: [C:/CPLD/pango/2_Tieta_Feiteng/Tieta_Feiteng_1001_PGC7KD69MBG400/rtl/source/Tieta_Feiteng_1001_top.v(line number: 2187)] Instance 'scpld_to_mcpld_data_filter[140]' of 'bmsWIDEDFFCPE' unit is dangling and will be cleaned.
W: Public-4008: [C:/CPLD/pango/2_Tieta_Feiteng/Tieta_Feiteng_1001_PGC7KD69MBG400/rtl/source/Tieta_Feiteng_1001_top.v(line number: 2187)] Instance 'scpld_to_mcpld_data_filter[141]' of 'bmsWIDEDFFCPE' unit is dangling and will be cleaned.
W: Public-4008: [C:/CPLD/pango/2_Tieta_Feiteng/Tieta_Feiteng_1001_PGC7KD69MBG400/rtl/source/Tieta_Feiteng_1001_top.v(line number: 2187)] Instance 'scpld_to_mcpld_data_filter[142]' of 'bmsWIDEDFFCPE' unit is dangling and will be cleaned.
W: Public-4008: [C:/CPLD/pango/2_Tieta_Feiteng/Tieta_Feiteng_1001_PGC7KD69MBG400/rtl/source/Tieta_Feiteng_1001_top.v(line number: 2187)] Instance 'scpld_to_mcpld_data_filter[143]' of 'bmsWIDEDFFCPE' unit is dangling and will be cleaned.
W: Public-4008: [C:/CPLD/pango/2_Tieta_Feiteng/Tieta_Feiteng_1001_PGC7KD69MBG400/rtl/source/Tieta_Feiteng_1001_top.v(line number: 2187)] Instance 'scpld_to_mcpld_data_filter[144]' of 'bmsWIDEDFFCPE' unit is dangling and will be cleaned.
W: Public-4008: [C:/CPLD/pango/2_Tieta_Feiteng/Tieta_Feiteng_1001_PGC7KD69MBG400/rtl/source/Tieta_Feiteng_1001_top.v(line number: 2187)] Instance 'scpld_to_mcpld_data_filter[145]' of 'bmsWIDEDFFCPE' unit is dangling and will be cleaned.
W: Public-4008: [C:/CPLD/pango/2_Tieta_Feiteng/Tieta_Feiteng_1001_PGC7KD69MBG400/rtl/source/Tieta_Feiteng_1001_top.v(line number: 2187)] Instance 'scpld_to_mcpld_data_filter[146]' of 'bmsWIDEDFFCPE' unit is dangling and will be cleaned.
W: Public-4008: [C:/CPLD/pango/2_Tieta_Feiteng/Tieta_Feiteng_1001_PGC7KD69MBG400/rtl/source/Tieta_Feiteng_1001_top.v(line number: 2187)] Instance 'scpld_to_mcpld_data_filter[147]' of 'bmsWIDEDFFCPE' unit is dangling and will be cleaned.
W: Public-4008: [C:/CPLD/pango/2_Tieta_Feiteng/Tieta_Feiteng_1001_PGC7KD69MBG400/rtl/source/Tieta_Feiteng_1001_top.v(line number: 2187)] Instance 'scpld_to_mcpld_data_filter[148]' of 'bmsWIDEDFFCPE' unit is dangling and will be cleaned.
W: Public-4008: [C:/CPLD/pango/2_Tieta_Feiteng/Tieta_Feiteng_1001_PGC7KD69MBG400/rtl/source/Tieta_Feiteng_1001_top.v(line number: 2187)] Instance 'scpld_to_mcpld_data_filter[149]' of 'bmsWIDEDFFCPE' unit is dangling and will be cleaned.
W: Public-4008: [C:/CPLD/pango/2_Tieta_Feiteng/Tieta_Feiteng_1001_PGC7KD69MBG400/rtl/source/Tieta_Feiteng_1001_top.v(line number: 2187)] Instance 'scpld_to_mcpld_data_filter[150]' of 'bmsWIDEDFFCPE' unit is dangling and will be cleaned.
W: Public-4008: [C:/CPLD/pango/2_Tieta_Feiteng/Tieta_Feiteng_1001_PGC7KD69MBG400/rtl/source/Tieta_Feiteng_1001_top.v(line number: 2187)] Instance 'scpld_to_mcpld_data_filter[151]' of 'bmsWIDEDFFCPE' unit is dangling and will be cleaned.
W: Public-4008: [C:/CPLD/pango/2_Tieta_Feiteng/Tieta_Feiteng_1001_PGC7KD69MBG400/rtl/source/Tieta_Feiteng_1001_top.v(line number: 2187)] Instance 'scpld_to_mcpld_data_filter[152]' of 'bmsWIDEDFFCPE' unit is dangling and will be cleaned.
W: Public-4008: [C:/CPLD/pango/2_Tieta_Feiteng/Tieta_Feiteng_1001_PGC7KD69MBG400/rtl/source/Tieta_Feiteng_1001_top.v(line number: 2187)] Instance 'scpld_to_mcpld_data_filter[153]' of 'bmsWIDEDFFCPE' unit is dangling and will be cleaned.
W: Public-4008: [C:/CPLD/pango/2_Tieta_Feiteng/Tieta_Feiteng_1001_PGC7KD69MBG400/rtl/source/Tieta_Feiteng_1001_top.v(line number: 2187)] Instance 'scpld_to_mcpld_data_filter[154]' of 'bmsWIDEDFFCPE' unit is dangling and will be cleaned.
W: Public-4008: [C:/CPLD/pango/2_Tieta_Feiteng/Tieta_Feiteng_1001_PGC7KD69MBG400/rtl/source/Tieta_Feiteng_1001_top.v(line number: 2187)] Instance 'scpld_to_mcpld_data_filter[155]' of 'bmsWIDEDFFCPE' unit is dangling and will be cleaned.
W: Public-4008: [C:/CPLD/pango/2_Tieta_Feiteng/Tieta_Feiteng_1001_PGC7KD69MBG400/rtl/source/Tieta_Feiteng_1001_top.v(line number: 2187)] Instance 'scpld_to_mcpld_data_filter[156]' of 'bmsWIDEDFFCPE' unit is dangling and will be cleaned.
W: Public-4008: [C:/CPLD/pango/2_Tieta_Feiteng/Tieta_Feiteng_1001_PGC7KD69MBG400/rtl/source/Tieta_Feiteng_1001_top.v(line number: 2187)] Instance 'scpld_to_mcpld_data_filter[157]' of 'bmsWIDEDFFCPE' unit is dangling and will be cleaned.
W: Public-4008: [C:/CPLD/pango/2_Tieta_Feiteng/Tieta_Feiteng_1001_PGC7KD69MBG400/rtl/source/Tieta_Feiteng_1001_top.v(line number: 2187)] Instance 'scpld_to_mcpld_data_filter[158]' of 'bmsWIDEDFFCPE' unit is dangling and will be cleaned.
W: Public-4008: [C:/CPLD/pango/2_Tieta_Feiteng/Tieta_Feiteng_1001_PGC7KD69MBG400/rtl/source/Tieta_Feiteng_1001_top.v(line number: 2187)] Instance 'scpld_to_mcpld_data_filter[159]' of 'bmsWIDEDFFCPE' unit is dangling and will be cleaned.
W: Public-4008: [C:/CPLD/pango/2_Tieta_Feiteng/Tieta_Feiteng_1001_PGC7KD69MBG400/rtl/source/Tieta_Feiteng_1001_top.v(line number: 2187)] Instance 'scpld_to_mcpld_data_filter[160]' of 'bmsWIDEDFFCPE' unit is dangling and will be cleaned.
W: Public-4008: [C:/CPLD/pango/2_Tieta_Feiteng/Tieta_Feiteng_1001_PGC7KD69MBG400/rtl/source/Tieta_Feiteng_1001_top.v(line number: 2187)] Instance 'scpld_to_mcpld_data_filter[161]' of 'bmsWIDEDFFCPE' unit is dangling and will be cleaned.
W: Public-4008: [C:/CPLD/pango/2_Tieta_Feiteng/Tieta_Feiteng_1001_PGC7KD69MBG400/rtl/source/Tieta_Feiteng_1001_top.v(line number: 2187)] Instance 'scpld_to_mcpld_data_filter[162]' of 'bmsWIDEDFFCPE' unit is dangling and will be cleaned.
W: Public-4008: [C:/CPLD/pango/2_Tieta_Feiteng/Tieta_Feiteng_1001_PGC7KD69MBG400/rtl/source/Tieta_Feiteng_1001_top.v(line number: 2187)] Instance 'scpld_to_mcpld_data_filter[163]' of 'bmsWIDEDFFCPE' unit is dangling and will be cleaned.
W: Public-4008: [C:/CPLD/pango/2_Tieta_Feiteng/Tieta_Feiteng_1001_PGC7KD69MBG400/rtl/source/Tieta_Feiteng_1001_top.v(line number: 2187)] Instance 'scpld_to_mcpld_data_filter[164]' of 'bmsWIDEDFFCPE' unit is dangling and will be cleaned.
W: Public-4008: [C:/CPLD/pango/2_Tieta_Feiteng/Tieta_Feiteng_1001_PGC7KD69MBG400/rtl/source/Tieta_Feiteng_1001_top.v(line number: 2187)] Instance 'scpld_to_mcpld_data_filter[165]' of 'bmsWIDEDFFCPE' unit is dangling and will be cleaned.
W: Public-4008: [C:/CPLD/pango/2_Tieta_Feiteng/Tieta_Feiteng_1001_PGC7KD69MBG400/rtl/source/Tieta_Feiteng_1001_top.v(line number: 2187)] Instance 'scpld_to_mcpld_data_filter[166]' of 'bmsWIDEDFFCPE' unit is dangling and will be cleaned.
W: Public-4008: [C:/CPLD/pango/2_Tieta_Feiteng/Tieta_Feiteng_1001_PGC7KD69MBG400/rtl/source/Tieta_Feiteng_1001_top.v(line number: 2187)] Instance 'scpld_to_mcpld_data_filter[167]' of 'bmsWIDEDFFCPE' unit is dangling and will be cleaned.
W: Public-4008: [C:/CPLD/pango/2_Tieta_Feiteng/Tieta_Feiteng_1001_PGC7KD69MBG400/rtl/source/Tieta_Feiteng_1001_top.v(line number: 2187)] Instance 'scpld_to_mcpld_data_filter[168]' of 'bmsWIDEDFFCPE' unit is dangling and will be cleaned.
W: Public-4008: [C:/CPLD/pango/2_Tieta_Feiteng/Tieta_Feiteng_1001_PGC7KD69MBG400/rtl/source/Tieta_Feiteng_1001_top.v(line number: 2187)] Instance 'scpld_to_mcpld_data_filter[169]' of 'bmsWIDEDFFCPE' unit is dangling and will be cleaned.
W: Public-4008: [C:/CPLD/pango/2_Tieta_Feiteng/Tieta_Feiteng_1001_PGC7KD69MBG400/rtl/source/Tieta_Feiteng_1001_top.v(line number: 2187)] Instance 'scpld_to_mcpld_data_filter[170]' of 'bmsWIDEDFFCPE' unit is dangling and will be cleaned.
W: Public-4008: [C:/CPLD/pango/2_Tieta_Feiteng/Tieta_Feiteng_1001_PGC7KD69MBG400/rtl/source/Tieta_Feiteng_1001_top.v(line number: 2187)] Instance 'scpld_to_mcpld_data_filter[171]' of 'bmsWIDEDFFCPE' unit is dangling and will be cleaned.
W: Public-4008: [C:/CPLD/pango/2_Tieta_Feiteng/Tieta_Feiteng_1001_PGC7KD69MBG400/rtl/source/Tieta_Feiteng_1001_top.v(line number: 2187)] Instance 'scpld_to_mcpld_data_filter[172]' of 'bmsWIDEDFFCPE' unit is dangling and will be cleaned.
W: Public-4008: [C:/CPLD/pango/2_Tieta_Feiteng/Tieta_Feiteng_1001_PGC7KD69MBG400/rtl/source/Tieta_Feiteng_1001_top.v(line number: 2187)] Instance 'scpld_to_mcpld_data_filter[173]' of 'bmsWIDEDFFCPE' unit is dangling and will be cleaned.
W: Public-4008: [C:/CPLD/pango/2_Tieta_Feiteng/Tieta_Feiteng_1001_PGC7KD69MBG400/rtl/source/Tieta_Feiteng_1001_top.v(line number: 2187)] Instance 'scpld_to_mcpld_data_filter[174]' of 'bmsWIDEDFFCPE' unit is dangling and will be cleaned.
W: Public-4008: [C:/CPLD/pango/2_Tieta_Feiteng/Tieta_Feiteng_1001_PGC7KD69MBG400/rtl/source/Tieta_Feiteng_1001_top.v(line number: 2187)] Instance 'scpld_to_mcpld_data_filter[175]' of 'bmsWIDEDFFCPE' unit is dangling and will be cleaned.
W: Public-4008: [C:/CPLD/pango/2_Tieta_Feiteng/Tieta_Feiteng_1001_PGC7KD69MBG400/rtl/source/Tieta_Feiteng_1001_top.v(line number: 2187)] Instance 'scpld_to_mcpld_data_filter[176]' of 'bmsWIDEDFFCPE' unit is dangling and will be cleaned.
W: Public-4008: [C:/CPLD/pango/2_Tieta_Feiteng/Tieta_Feiteng_1001_PGC7KD69MBG400/rtl/source/Tieta_Feiteng_1001_top.v(line number: 2187)] Instance 'scpld_to_mcpld_data_filter[177]' of 'bmsWIDEDFFCPE' unit is dangling and will be cleaned.
W: Public-4008: [C:/CPLD/pango/2_Tieta_Feiteng/Tieta_Feiteng_1001_PGC7KD69MBG400/rtl/source/Tieta_Feiteng_1001_top.v(line number: 2187)] Instance 'scpld_to_mcpld_data_filter[178]' of 'bmsWIDEDFFCPE' unit is dangling and will be cleaned.
W: Public-4008: [C:/CPLD/pango/2_Tieta_Feiteng/Tieta_Feiteng_1001_PGC7KD69MBG400/rtl/source/Tieta_Feiteng_1001_top.v(line number: 2187)] Instance 'scpld_to_mcpld_data_filter[179]' of 'bmsWIDEDFFCPE' unit is dangling and will be cleaned.
W: Public-4008: [C:/CPLD/pango/2_Tieta_Feiteng/Tieta_Feiteng_1001_PGC7KD69MBG400/rtl/source/Tieta_Feiteng_1001_top.v(line number: 2187)] Instance 'scpld_to_mcpld_data_filter[180]' of 'bmsWIDEDFFCPE' unit is dangling and will be cleaned.
W: Public-4008: [C:/CPLD/pango/2_Tieta_Feiteng/Tieta_Feiteng_1001_PGC7KD69MBG400/rtl/source/Tieta_Feiteng_1001_top.v(line number: 2187)] Instance 'scpld_to_mcpld_data_filter[181]' of 'bmsWIDEDFFCPE' unit is dangling and will be cleaned.
W: Public-4008: [C:/CPLD/pango/2_Tieta_Feiteng/Tieta_Feiteng_1001_PGC7KD69MBG400/rtl/source/Tieta_Feiteng_1001_top.v(line number: 2187)] Instance 'scpld_to_mcpld_data_filter[182]' of 'bmsWIDEDFFCPE' unit is dangling and will be cleaned.
W: Public-4008: [C:/CPLD/pango/2_Tieta_Feiteng/Tieta_Feiteng_1001_PGC7KD69MBG400/rtl/source/Tieta_Feiteng_1001_top.v(line number: 2187)] Instance 'scpld_to_mcpld_data_filter[183]' of 'bmsWIDEDFFCPE' unit is dangling and will be cleaned.
W: Public-4008: [C:/CPLD/pango/2_Tieta_Feiteng/Tieta_Feiteng_1001_PGC7KD69MBG400/rtl/source/Tieta_Feiteng_1001_top.v(line number: 2187)] Instance 'scpld_to_mcpld_data_filter[184]' of 'bmsWIDEDFFCPE' unit is dangling and will be cleaned.
W: Public-4008: [C:/CPLD/pango/2_Tieta_Feiteng/Tieta_Feiteng_1001_PGC7KD69MBG400/rtl/source/Tieta_Feiteng_1001_top.v(line number: 2187)] Instance 'scpld_to_mcpld_data_filter[185]' of 'bmsWIDEDFFCPE' unit is dangling and will be cleaned.
W: Public-4008: [C:/CPLD/pango/2_Tieta_Feiteng/Tieta_Feiteng_1001_PGC7KD69MBG400/rtl/source/Tieta_Feiteng_1001_top.v(line number: 2187)] Instance 'scpld_to_mcpld_data_filter[186]' of 'bmsWIDEDFFCPE' unit is dangling and will be cleaned.
W: Public-4008: [C:/CPLD/pango/2_Tieta_Feiteng/Tieta_Feiteng_1001_PGC7KD69MBG400/rtl/source/Tieta_Feiteng_1001_top.v(line number: 2187)] Instance 'scpld_to_mcpld_data_filter[187]' of 'bmsWIDEDFFCPE' unit is dangling and will be cleaned.
W: Public-4008: [C:/CPLD/pango/2_Tieta_Feiteng/Tieta_Feiteng_1001_PGC7KD69MBG400/rtl/source/Tieta_Feiteng_1001_top.v(line number: 2187)] Instance 'scpld_to_mcpld_data_filter[188]' of 'bmsWIDEDFFCPE' unit is dangling and will be cleaned.
W: Public-4008: [C:/CPLD/pango/2_Tieta_Feiteng/Tieta_Feiteng_1001_PGC7KD69MBG400/rtl/source/Tieta_Feiteng_1001_top.v(line number: 2187)] Instance 'scpld_to_mcpld_data_filter[189]' of 'bmsWIDEDFFCPE' unit is dangling and will be cleaned.
W: Public-4008: [C:/CPLD/pango/2_Tieta_Feiteng/Tieta_Feiteng_1001_PGC7KD69MBG400/rtl/source/Tieta_Feiteng_1001_top.v(line number: 2187)] Instance 'scpld_to_mcpld_data_filter[190]' of 'bmsWIDEDFFCPE' unit is dangling and will be cleaned.
W: Public-4008: [C:/CPLD/pango/2_Tieta_Feiteng/Tieta_Feiteng_1001_PGC7KD69MBG400/rtl/source/Tieta_Feiteng_1001_top.v(line number: 2187)] Instance 'scpld_to_mcpld_data_filter[191]' of 'bmsWIDEDFFCPE' unit is dangling and will be cleaned.
W: Public-4008: [C:/CPLD/pango/2_Tieta_Feiteng/Tieta_Feiteng_1001_PGC7KD69MBG400/rtl/source/Tieta_Feiteng_1001_top.v(line number: 2187)] Instance 'scpld_to_mcpld_data_filter[192]' of 'bmsWIDEDFFCPE' unit is dangling and will be cleaned.
W: Public-4008: [C:/CPLD/pango/2_Tieta_Feiteng/Tieta_Feiteng_1001_PGC7KD69MBG400/rtl/source/Tieta_Feiteng_1001_top.v(line number: 2187)] Instance 'scpld_to_mcpld_data_filter[193]' of 'bmsWIDEDFFCPE' unit is dangling and will be cleaned.
W: Public-4008: [C:/CPLD/pango/2_Tieta_Feiteng/Tieta_Feiteng_1001_PGC7KD69MBG400/rtl/source/Tieta_Feiteng_1001_top.v(line number: 2187)] Instance 'scpld_to_mcpld_data_filter[194]' of 'bmsWIDEDFFCPE' unit is dangling and will be cleaned.
W: Public-4008: [C:/CPLD/pango/2_Tieta_Feiteng/Tieta_Feiteng_1001_PGC7KD69MBG400/rtl/source/Tieta_Feiteng_1001_top.v(line number: 2187)] Instance 'scpld_to_mcpld_data_filter[195]' of 'bmsWIDEDFFCPE' unit is dangling and will be cleaned.
W: Public-4008: [C:/CPLD/pango/2_Tieta_Feiteng/Tieta_Feiteng_1001_PGC7KD69MBG400/rtl/source/Tieta_Feiteng_1001_top.v(line number: 2187)] Instance 'scpld_to_mcpld_data_filter[196]' of 'bmsWIDEDFFCPE' unit is dangling and will be cleaned.
W: Public-4008: [C:/CPLD/pango/2_Tieta_Feiteng/Tieta_Feiteng_1001_PGC7KD69MBG400/rtl/source/Tieta_Feiteng_1001_top.v(line number: 2187)] Instance 'scpld_to_mcpld_data_filter[197]' of 'bmsWIDEDFFCPE' unit is dangling and will be cleaned.
W: Public-4008: [C:/CPLD/pango/2_Tieta_Feiteng/Tieta_Feiteng_1001_PGC7KD69MBG400/rtl/source/Tieta_Feiteng_1001_top.v(line number: 2187)] Instance 'scpld_to_mcpld_data_filter[198]' of 'bmsWIDEDFFCPE' unit is dangling and will be cleaned.
W: Public-4008: [C:/CPLD/pango/2_Tieta_Feiteng/Tieta_Feiteng_1001_PGC7KD69MBG400/rtl/source/Tieta_Feiteng_1001_top.v(line number: 2187)] Instance 'scpld_to_mcpld_data_filter[199]' of 'bmsWIDEDFFCPE' unit is dangling and will be cleaned.
W: Public-4008: [C:/CPLD/pango/2_Tieta_Feiteng/Tieta_Feiteng_1001_PGC7KD69MBG400/rtl/source/Tieta_Feiteng_1001_top.v(line number: 2187)] Instance 'scpld_to_mcpld_data_filter[200]' of 'bmsWIDEDFFCPE' unit is dangling and will be cleaned.
W: Public-4008: [C:/CPLD/pango/2_Tieta_Feiteng/Tieta_Feiteng_1001_PGC7KD69MBG400/rtl/source/Tieta_Feiteng_1001_top.v(line number: 2187)] Instance 'scpld_to_mcpld_data_filter[201]' of 'bmsWIDEDFFCPE' unit is dangling and will be cleaned.
W: Public-4008: [C:/CPLD/pango/2_Tieta_Feiteng/Tieta_Feiteng_1001_PGC7KD69MBG400/rtl/source/Tieta_Feiteng_1001_top.v(line number: 2187)] Instance 'scpld_to_mcpld_data_filter[202]' of 'bmsWIDEDFFCPE' unit is dangling and will be cleaned.
W: Public-4008: [C:/CPLD/pango/2_Tieta_Feiteng/Tieta_Feiteng_1001_PGC7KD69MBG400/rtl/source/Tieta_Feiteng_1001_top.v(line number: 2187)] Instance 'scpld_to_mcpld_data_filter[203]' of 'bmsWIDEDFFCPE' unit is dangling and will be cleaned.
W: Public-4008: [C:/CPLD/pango/2_Tieta_Feiteng/Tieta_Feiteng_1001_PGC7KD69MBG400/rtl/source/Tieta_Feiteng_1001_top.v(line number: 2187)] Instance 'scpld_to_mcpld_data_filter[204]' of 'bmsWIDEDFFCPE' unit is dangling and will be cleaned.
W: Public-4008: [C:/CPLD/pango/2_Tieta_Feiteng/Tieta_Feiteng_1001_PGC7KD69MBG400/rtl/source/Tieta_Feiteng_1001_top.v(line number: 2187)] Instance 'scpld_to_mcpld_data_filter[205]' of 'bmsWIDEDFFCPE' unit is dangling and will be cleaned.
W: Public-4008: [C:/CPLD/pango/2_Tieta_Feiteng/Tieta_Feiteng_1001_PGC7KD69MBG400/rtl/source/Tieta_Feiteng_1001_top.v(line number: 2187)] Instance 'scpld_to_mcpld_data_filter[206]' of 'bmsWIDEDFFCPE' unit is dangling and will be cleaned.
W: Public-4008: [C:/CPLD/pango/2_Tieta_Feiteng/Tieta_Feiteng_1001_PGC7KD69MBG400/rtl/source/Tieta_Feiteng_1001_top.v(line number: 2187)] Instance 'scpld_to_mcpld_data_filter[207]' of 'bmsWIDEDFFCPE' unit is dangling and will be cleaned.
W: Public-4008: [C:/CPLD/pango/2_Tieta_Feiteng/Tieta_Feiteng_1001_PGC7KD69MBG400/rtl/source/Tieta_Feiteng_1001_top.v(line number: 2187)] Instance 'scpld_to_mcpld_data_filter[208]' of 'bmsWIDEDFFCPE' unit is dangling and will be cleaned.
W: Public-4008: [C:/CPLD/pango/2_Tieta_Feiteng/Tieta_Feiteng_1001_PGC7KD69MBG400/rtl/source/Tieta_Feiteng_1001_top.v(line number: 2187)] Instance 'scpld_to_mcpld_data_filter[209]' of 'bmsWIDEDFFCPE' unit is dangling and will be cleaned.
W: Public-4008: [C:/CPLD/pango/2_Tieta_Feiteng/Tieta_Feiteng_1001_PGC7KD69MBG400/rtl/source/Tieta_Feiteng_1001_top.v(line number: 2187)] Instance 'scpld_to_mcpld_data_filter[210]' of 'bmsWIDEDFFCPE' unit is dangling and will be cleaned.
W: Public-4008: [C:/CPLD/pango/2_Tieta_Feiteng/Tieta_Feiteng_1001_PGC7KD69MBG400/rtl/source/Tieta_Feiteng_1001_top.v(line number: 2187)] Instance 'scpld_to_mcpld_data_filter[211]' of 'bmsWIDEDFFCPE' unit is dangling and will be cleaned.
W: Public-4008: [C:/CPLD/pango/2_Tieta_Feiteng/Tieta_Feiteng_1001_PGC7KD69MBG400/rtl/source/Tieta_Feiteng_1001_top.v(line number: 2187)] Instance 'scpld_to_mcpld_data_filter[212]' of 'bmsWIDEDFFCPE' unit is dangling and will be cleaned.
W: Public-4008: [C:/CPLD/pango/2_Tieta_Feiteng/Tieta_Feiteng_1001_PGC7KD69MBG400/rtl/source/Tieta_Feiteng_1001_top.v(line number: 2187)] Instance 'scpld_to_mcpld_data_filter[213]' of 'bmsWIDEDFFCPE' unit is dangling and will be cleaned.
W: Public-4008: [C:/CPLD/pango/2_Tieta_Feiteng/Tieta_Feiteng_1001_PGC7KD69MBG400/rtl/source/Tieta_Feiteng_1001_top.v(line number: 2187)] Instance 'scpld_to_mcpld_data_filter[214]' of 'bmsWIDEDFFCPE' unit is dangling and will be cleaned.
W: Public-4008: [C:/CPLD/pango/2_Tieta_Feiteng/Tieta_Feiteng_1001_PGC7KD69MBG400/rtl/source/Tieta_Feiteng_1001_top.v(line number: 2187)] Instance 'scpld_to_mcpld_data_filter[215]' of 'bmsWIDEDFFCPE' unit is dangling and will be cleaned.
W: Public-4008: [C:/CPLD/pango/2_Tieta_Feiteng/Tieta_Feiteng_1001_PGC7KD69MBG400/rtl/source/Tieta_Feiteng_1001_top.v(line number: 2187)] Instance 'scpld_to_mcpld_data_filter[216]' of 'bmsWIDEDFFCPE' unit is dangling and will be cleaned.
W: Public-4008: [C:/CPLD/pango/2_Tieta_Feiteng/Tieta_Feiteng_1001_PGC7KD69MBG400/rtl/source/Tieta_Feiteng_1001_top.v(line number: 2187)] Instance 'scpld_to_mcpld_data_filter[217]' of 'bmsWIDEDFFCPE' unit is dangling and will be cleaned.
W: Public-4008: [C:/CPLD/pango/2_Tieta_Feiteng/Tieta_Feiteng_1001_PGC7KD69MBG400/rtl/source/Tieta_Feiteng_1001_top.v(line number: 2187)] Instance 'scpld_to_mcpld_data_filter[218]' of 'bmsWIDEDFFCPE' unit is dangling and will be cleaned.
W: Public-4008: [C:/CPLD/pango/2_Tieta_Feiteng/Tieta_Feiteng_1001_PGC7KD69MBG400/rtl/source/Tieta_Feiteng_1001_top.v(line number: 2187)] Instance 'scpld_to_mcpld_data_filter[219]' of 'bmsWIDEDFFCPE' unit is dangling and will be cleaned.
W: Public-4008: [C:/CPLD/pango/2_Tieta_Feiteng/Tieta_Feiteng_1001_PGC7KD69MBG400/rtl/source/Tieta_Feiteng_1001_top.v(line number: 2187)] Instance 'scpld_to_mcpld_data_filter[220]' of 'bmsWIDEDFFCPE' unit is dangling and will be cleaned.
W: Public-4008: [C:/CPLD/pango/2_Tieta_Feiteng/Tieta_Feiteng_1001_PGC7KD69MBG400/rtl/source/Tieta_Feiteng_1001_top.v(line number: 2187)] Instance 'scpld_to_mcpld_data_filter[221]' of 'bmsWIDEDFFCPE' unit is dangling and will be cleaned.
W: Public-4008: [C:/CPLD/pango/2_Tieta_Feiteng/Tieta_Feiteng_1001_PGC7KD69MBG400/rtl/source/Tieta_Feiteng_1001_top.v(line number: 2187)] Instance 'scpld_to_mcpld_data_filter[222]' of 'bmsWIDEDFFCPE' unit is dangling and will be cleaned.
W: Public-4008: [C:/CPLD/pango/2_Tieta_Feiteng/Tieta_Feiteng_1001_PGC7KD69MBG400/rtl/source/Tieta_Feiteng_1001_top.v(line number: 2187)] Instance 'scpld_to_mcpld_data_filter[223]' of 'bmsWIDEDFFCPE' unit is dangling and will be cleaned.
W: Public-4008: [C:/CPLD/pango/2_Tieta_Feiteng/Tieta_Feiteng_1001_PGC7KD69MBG400/rtl/source/Tieta_Feiteng_1001_top.v(line number: 2187)] Instance 'scpld_to_mcpld_data_filter[224]' of 'bmsWIDEDFFCPE' unit is dangling and will be cleaned.
W: Public-4008: [C:/CPLD/pango/2_Tieta_Feiteng/Tieta_Feiteng_1001_PGC7KD69MBG400/rtl/source/Tieta_Feiteng_1001_top.v(line number: 2187)] Instance 'scpld_to_mcpld_data_filter[225]' of 'bmsWIDEDFFCPE' unit is dangling and will be cleaned.
W: Public-4008: [C:/CPLD/pango/2_Tieta_Feiteng/Tieta_Feiteng_1001_PGC7KD69MBG400/rtl/source/Tieta_Feiteng_1001_top.v(line number: 2187)] Instance 'scpld_to_mcpld_data_filter[226]' of 'bmsWIDEDFFCPE' unit is dangling and will be cleaned.
W: Public-4008: [C:/CPLD/pango/2_Tieta_Feiteng/Tieta_Feiteng_1001_PGC7KD69MBG400/rtl/source/Tieta_Feiteng_1001_top.v(line number: 2187)] Instance 'scpld_to_mcpld_data_filter[227]' of 'bmsWIDEDFFCPE' unit is dangling and will be cleaned.
W: Public-4008: [C:/CPLD/pango/2_Tieta_Feiteng/Tieta_Feiteng_1001_PGC7KD69MBG400/rtl/source/Tieta_Feiteng_1001_top.v(line number: 2187)] Instance 'scpld_to_mcpld_data_filter[228]' of 'bmsWIDEDFFCPE' unit is dangling and will be cleaned.
W: Public-4008: [C:/CPLD/pango/2_Tieta_Feiteng/Tieta_Feiteng_1001_PGC7KD69MBG400/rtl/source/Tieta_Feiteng_1001_top.v(line number: 2187)] Instance 'scpld_to_mcpld_data_filter[229]' of 'bmsWIDEDFFCPE' unit is dangling and will be cleaned.
W: Public-4008: [C:/CPLD/pango/2_Tieta_Feiteng/Tieta_Feiteng_1001_PGC7KD69MBG400/rtl/source/Tieta_Feiteng_1001_top.v(line number: 2187)] Instance 'scpld_to_mcpld_data_filter[230]' of 'bmsWIDEDFFCPE' unit is dangling and will be cleaned.
W: Public-4008: [C:/CPLD/pango/2_Tieta_Feiteng/Tieta_Feiteng_1001_PGC7KD69MBG400/rtl/source/Tieta_Feiteng_1001_top.v(line number: 2187)] Instance 'scpld_to_mcpld_data_filter[231]' of 'bmsWIDEDFFCPE' unit is dangling and will be cleaned.
W: Public-4008: [C:/CPLD/pango/2_Tieta_Feiteng/Tieta_Feiteng_1001_PGC7KD69MBG400/rtl/source/Tieta_Feiteng_1001_top.v(line number: 2187)] Instance 'scpld_to_mcpld_data_filter[232]' of 'bmsWIDEDFFCPE' unit is dangling and will be cleaned.
W: Public-4008: [C:/CPLD/pango/2_Tieta_Feiteng/Tieta_Feiteng_1001_PGC7KD69MBG400/rtl/source/Tieta_Feiteng_1001_top.v(line number: 2187)] Instance 'scpld_to_mcpld_data_filter[233]' of 'bmsWIDEDFFCPE' unit is dangling and will be cleaned.
W: Public-4008: [C:/CPLD/pango/2_Tieta_Feiteng/Tieta_Feiteng_1001_PGC7KD69MBG400/rtl/source/Tieta_Feiteng_1001_top.v(line number: 2187)] Instance 'scpld_to_mcpld_data_filter[234]' of 'bmsWIDEDFFCPE' unit is dangling and will be cleaned.
W: Public-4008: [C:/CPLD/pango/2_Tieta_Feiteng/Tieta_Feiteng_1001_PGC7KD69MBG400/rtl/source/Tieta_Feiteng_1001_top.v(line number: 2187)] Instance 'scpld_to_mcpld_data_filter[235]' of 'bmsWIDEDFFCPE' unit is dangling and will be cleaned.
W: Public-4008: [C:/CPLD/pango/2_Tieta_Feiteng/Tieta_Feiteng_1001_PGC7KD69MBG400/rtl/source/Tieta_Feiteng_1001_top.v(line number: 2187)] Instance 'scpld_to_mcpld_data_filter[236]' of 'bmsWIDEDFFCPE' unit is dangling and will be cleaned.
W: Public-4008: [C:/CPLD/pango/2_Tieta_Feiteng/Tieta_Feiteng_1001_PGC7KD69MBG400/rtl/source/Tieta_Feiteng_1001_top.v(line number: 2187)] Instance 'scpld_to_mcpld_data_filter[237]' of 'bmsWIDEDFFCPE' unit is dangling and will be cleaned.
W: Public-4008: [C:/CPLD/pango/2_Tieta_Feiteng/Tieta_Feiteng_1001_PGC7KD69MBG400/rtl/source/Tieta_Feiteng_1001_top.v(line number: 2187)] Instance 'scpld_to_mcpld_data_filter[238]' of 'bmsWIDEDFFCPE' unit is dangling and will be cleaned.
W: Public-4008: [C:/CPLD/pango/2_Tieta_Feiteng/Tieta_Feiteng_1001_PGC7KD69MBG400/rtl/source/Tieta_Feiteng_1001_top.v(line number: 2187)] Instance 'scpld_to_mcpld_data_filter[239]' of 'bmsWIDEDFFCPE' unit is dangling and will be cleaned.
W: Public-4008: [C:/CPLD/pango/2_Tieta_Feiteng/Tieta_Feiteng_1001_PGC7KD69MBG400/rtl/source/Tieta_Feiteng_1001_top.v(line number: 2187)] Instance 'scpld_to_mcpld_data_filter[240]' of 'bmsWIDEDFFCPE' unit is dangling and will be cleaned.
W: Public-4008: [C:/CPLD/pango/2_Tieta_Feiteng/Tieta_Feiteng_1001_PGC7KD69MBG400/rtl/source/Tieta_Feiteng_1001_top.v(line number: 2187)] Instance 'scpld_to_mcpld_data_filter[241]' of 'bmsWIDEDFFCPE' unit is dangling and will be cleaned.
W: Public-4008: [C:/CPLD/pango/2_Tieta_Feiteng/Tieta_Feiteng_1001_PGC7KD69MBG400/rtl/source/Tieta_Feiteng_1001_top.v(line number: 2187)] Instance 'scpld_to_mcpld_data_filter[242]' of 'bmsWIDEDFFCPE' unit is dangling and will be cleaned.
W: Public-4008: [C:/CPLD/pango/2_Tieta_Feiteng/Tieta_Feiteng_1001_PGC7KD69MBG400/rtl/source/Tieta_Feiteng_1001_top.v(line number: 2187)] Instance 'scpld_to_mcpld_data_filter[243]' of 'bmsWIDEDFFCPE' unit is dangling and will be cleaned.
W: Public-4008: [C:/CPLD/pango/2_Tieta_Feiteng/Tieta_Feiteng_1001_PGC7KD69MBG400/rtl/source/Tieta_Feiteng_1001_top.v(line number: 2187)] Instance 'scpld_to_mcpld_data_filter[244]' of 'bmsWIDEDFFCPE' unit is dangling and will be cleaned.
W: Public-4008: [C:/CPLD/pango/2_Tieta_Feiteng/Tieta_Feiteng_1001_PGC7KD69MBG400/rtl/source/Tieta_Feiteng_1001_top.v(line number: 2187)] Instance 'scpld_to_mcpld_data_filter[245]' of 'bmsWIDEDFFCPE' unit is dangling and will be cleaned.
W: Public-4008: [C:/CPLD/pango/2_Tieta_Feiteng/Tieta_Feiteng_1001_PGC7KD69MBG400/rtl/source/Tieta_Feiteng_1001_top.v(line number: 2187)] Instance 'scpld_to_mcpld_data_filter[246]' of 'bmsWIDEDFFCPE' unit is dangling and will be cleaned.
W: Public-4008: [C:/CPLD/pango/2_Tieta_Feiteng/Tieta_Feiteng_1001_PGC7KD69MBG400/rtl/source/Tieta_Feiteng_1001_top.v(line number: 2187)] Instance 'scpld_to_mcpld_data_filter[247]' of 'bmsWIDEDFFCPE' unit is dangling and will be cleaned.
W: Public-4008: [C:/CPLD/pango/2_Tieta_Feiteng/Tieta_Feiteng_1001_PGC7KD69MBG400/rtl/source/Tieta_Feiteng_1001_top.v(line number: 2187)] Instance 'scpld_to_mcpld_data_filter[248]' of 'bmsWIDEDFFCPE' unit is dangling and will be cleaned.
W: Public-4008: [C:/CPLD/pango/2_Tieta_Feiteng/Tieta_Feiteng_1001_PGC7KD69MBG400/rtl/source/Tieta_Feiteng_1001_top.v(line number: 2187)] Instance 'scpld_to_mcpld_data_filter[249]' of 'bmsWIDEDFFCPE' unit is dangling and will be cleaned.
W: Public-4008: [C:/CPLD/pango/2_Tieta_Feiteng/Tieta_Feiteng_1001_PGC7KD69MBG400/rtl/source/Tieta_Feiteng_1001_top.v(line number: 2187)] Instance 'scpld_to_mcpld_data_filter[250]' of 'bmsWIDEDFFCPE' unit is dangling and will be cleaned.
W: Public-4008: [C:/CPLD/pango/2_Tieta_Feiteng/Tieta_Feiteng_1001_PGC7KD69MBG400/rtl/source/Tieta_Feiteng_1001_top.v(line number: 2187)] Instance 'scpld_to_mcpld_data_filter[251]' of 'bmsWIDEDFFCPE' unit is dangling and will be cleaned.
W: Public-4008: [C:/CPLD/pango/2_Tieta_Feiteng/Tieta_Feiteng_1001_PGC7KD69MBG400/rtl/source/Tieta_Feiteng_1001_top.v(line number: 2187)] Instance 'scpld_to_mcpld_data_filter[252]' of 'bmsWIDEDFFCPE' unit is dangling and will be cleaned.
W: Public-4008: [C:/CPLD/pango/2_Tieta_Feiteng/Tieta_Feiteng_1001_PGC7KD69MBG400/rtl/source/Tieta_Feiteng_1001_top.v(line number: 2187)] Instance 'scpld_to_mcpld_data_filter[253]' of 'bmsWIDEDFFCPE' unit is dangling and will be cleaned.
W: Public-4008: [C:/CPLD/pango/2_Tieta_Feiteng/Tieta_Feiteng_1001_PGC7KD69MBG400/rtl/source/Tieta_Feiteng_1001_top.v(line number: 2187)] Instance 'scpld_to_mcpld_data_filter[254]' of 'bmsWIDEDFFCPE' unit is dangling and will be cleaned.
W: Public-4008: [C:/CPLD/pango/2_Tieta_Feiteng/Tieta_Feiteng_1001_PGC7KD69MBG400/rtl/source/Tieta_Feiteng_1001_top.v(line number: 2187)] Instance 'scpld_to_mcpld_data_filter[255]' of 'bmsWIDEDFFCPE' unit is dangling and will be cleaned.
W: Public-4008: [C:/CPLD/pango/2_Tieta_Feiteng/Tieta_Feiteng_1001_PGC7KD69MBG400/rtl/source/Tieta_Feiteng_1001_top.v(line number: 2187)] Instance 'scpld_to_mcpld_data_filter[256]' of 'bmsWIDEDFFCPE' unit is dangling and will be cleaned.
W: Public-4008: [C:/CPLD/pango/2_Tieta_Feiteng/Tieta_Feiteng_1001_PGC7KD69MBG400/rtl/source/Tieta_Feiteng_1001_top.v(line number: 2187)] Instance 'scpld_to_mcpld_data_filter[257]' of 'bmsWIDEDFFCPE' unit is dangling and will be cleaned.
W: Public-4008: [C:/CPLD/pango/2_Tieta_Feiteng/Tieta_Feiteng_1001_PGC7KD69MBG400/rtl/source/Tieta_Feiteng_1001_top.v(line number: 2187)] Instance 'scpld_to_mcpld_data_filter[258]' of 'bmsWIDEDFFCPE' unit is dangling and will be cleaned.
W: Public-4008: [C:/CPLD/pango/2_Tieta_Feiteng/Tieta_Feiteng_1001_PGC7KD69MBG400/rtl/source/Tieta_Feiteng_1001_top.v(line number: 2187)] Instance 'scpld_to_mcpld_data_filter[259]' of 'bmsWIDEDFFCPE' unit is dangling and will be cleaned.
W: Public-4008: [C:/CPLD/pango/2_Tieta_Feiteng/Tieta_Feiteng_1001_PGC7KD69MBG400/rtl/source/Tieta_Feiteng_1001_top.v(line number: 2187)] Instance 'scpld_to_mcpld_data_filter[260]' of 'bmsWIDEDFFCPE' unit is dangling and will be cleaned.
W: Public-4008: [C:/CPLD/pango/2_Tieta_Feiteng/Tieta_Feiteng_1001_PGC7KD69MBG400/rtl/source/Tieta_Feiteng_1001_top.v(line number: 2187)] Instance 'scpld_to_mcpld_data_filter[261]' of 'bmsWIDEDFFCPE' unit is dangling and will be cleaned.
W: Public-4008: [C:/CPLD/pango/2_Tieta_Feiteng/Tieta_Feiteng_1001_PGC7KD69MBG400/rtl/source/Tieta_Feiteng_1001_top.v(line number: 2187)] Instance 'scpld_to_mcpld_data_filter[262]' of 'bmsWIDEDFFCPE' unit is dangling and will be cleaned.
W: Public-4008: [C:/CPLD/pango/2_Tieta_Feiteng/Tieta_Feiteng_1001_PGC7KD69MBG400/rtl/source/Tieta_Feiteng_1001_top.v(line number: 2187)] Instance 'scpld_to_mcpld_data_filter[263]' of 'bmsWIDEDFFCPE' unit is dangling and will be cleaned.
W: Public-4008: [C:/CPLD/pango/2_Tieta_Feiteng/Tieta_Feiteng_1001_PGC7KD69MBG400/rtl/source/Tieta_Feiteng_1001_top.v(line number: 2187)] Instance 'scpld_to_mcpld_data_filter[264]' of 'bmsWIDEDFFCPE' unit is dangling and will be cleaned.
W: Public-4008: [C:/CPLD/pango/2_Tieta_Feiteng/Tieta_Feiteng_1001_PGC7KD69MBG400/rtl/source/Tieta_Feiteng_1001_top.v(line number: 2187)] Instance 'scpld_to_mcpld_data_filter[265]' of 'bmsWIDEDFFCPE' unit is dangling and will be cleaned.
W: Public-4008: [C:/CPLD/pango/2_Tieta_Feiteng/Tieta_Feiteng_1001_PGC7KD69MBG400/rtl/source/Tieta_Feiteng_1001_top.v(line number: 2187)] Instance 'scpld_to_mcpld_data_filter[266]' of 'bmsWIDEDFFCPE' unit is dangling and will be cleaned.
W: Public-4008: [C:/CPLD/pango/2_Tieta_Feiteng/Tieta_Feiteng_1001_PGC7KD69MBG400/rtl/source/Tieta_Feiteng_1001_top.v(line number: 2187)] Instance 'scpld_to_mcpld_data_filter[267]' of 'bmsWIDEDFFCPE' unit is dangling and will be cleaned.
W: Public-4008: [C:/CPLD/pango/2_Tieta_Feiteng/Tieta_Feiteng_1001_PGC7KD69MBG400/rtl/source/Tieta_Feiteng_1001_top.v(line number: 2187)] Instance 'scpld_to_mcpld_data_filter[268]' of 'bmsWIDEDFFCPE' unit is dangling and will be cleaned.
W: Public-4008: [C:/CPLD/pango/2_Tieta_Feiteng/Tieta_Feiteng_1001_PGC7KD69MBG400/rtl/source/Tieta_Feiteng_1001_top.v(line number: 2187)] Instance 'scpld_to_mcpld_data_filter[269]' of 'bmsWIDEDFFCPE' unit is dangling and will be cleaned.
W: Public-4008: [C:/CPLD/pango/2_Tieta_Feiteng/Tieta_Feiteng_1001_PGC7KD69MBG400/rtl/source/Tieta_Feiteng_1001_top.v(line number: 2187)] Instance 'scpld_to_mcpld_data_filter[270]' of 'bmsWIDEDFFCPE' unit is dangling and will be cleaned.
W: Public-4008: [C:/CPLD/pango/2_Tieta_Feiteng/Tieta_Feiteng_1001_PGC7KD69MBG400/rtl/source/Tieta_Feiteng_1001_top.v(line number: 2187)] Instance 'scpld_to_mcpld_data_filter[271]' of 'bmsWIDEDFFCPE' unit is dangling and will be cleaned.
W: Public-4008: [C:/CPLD/pango/2_Tieta_Feiteng/Tieta_Feiteng_1001_PGC7KD69MBG400/rtl/source/Tieta_Feiteng_1001_top.v(line number: 2187)] Instance 'scpld_to_mcpld_data_filter[272]' of 'bmsWIDEDFFCPE' unit is dangling and will be cleaned.
W: Public-4008: [C:/CPLD/pango/2_Tieta_Feiteng/Tieta_Feiteng_1001_PGC7KD69MBG400/rtl/source/Tieta_Feiteng_1001_top.v(line number: 2187)] Instance 'scpld_to_mcpld_data_filter[273]' of 'bmsWIDEDFFCPE' unit is dangling and will be cleaned.
W: Public-4008: [C:/CPLD/pango/2_Tieta_Feiteng/Tieta_Feiteng_1001_PGC7KD69MBG400/rtl/source/Tieta_Feiteng_1001_top.v(line number: 2187)] Instance 'scpld_to_mcpld_data_filter[274]' of 'bmsWIDEDFFCPE' unit is dangling and will be cleaned.
W: Public-4008: [C:/CPLD/pango/2_Tieta_Feiteng/Tieta_Feiteng_1001_PGC7KD69MBG400/rtl/source/Tieta_Feiteng_1001_top.v(line number: 2187)] Instance 'scpld_to_mcpld_data_filter[275]' of 'bmsWIDEDFFCPE' unit is dangling and will be cleaned.
W: Public-4008: [C:/CPLD/pango/2_Tieta_Feiteng/Tieta_Feiteng_1001_PGC7KD69MBG400/rtl/source/Tieta_Feiteng_1001_top.v(line number: 2187)] Instance 'scpld_to_mcpld_data_filter[276]' of 'bmsWIDEDFFCPE' unit is dangling and will be cleaned.
W: Public-4008: [C:/CPLD/pango/2_Tieta_Feiteng/Tieta_Feiteng_1001_PGC7KD69MBG400/rtl/source/Tieta_Feiteng_1001_top.v(line number: 2187)] Instance 'scpld_to_mcpld_data_filter[277]' of 'bmsWIDEDFFCPE' unit is dangling and will be cleaned.
W: Public-4008: [C:/CPLD/pango/2_Tieta_Feiteng/Tieta_Feiteng_1001_PGC7KD69MBG400/rtl/source/Tieta_Feiteng_1001_top.v(line number: 2187)] Instance 'scpld_to_mcpld_data_filter[278]' of 'bmsWIDEDFFCPE' unit is dangling and will be cleaned.
W: Public-4008: [C:/CPLD/pango/2_Tieta_Feiteng/Tieta_Feiteng_1001_PGC7KD69MBG400/rtl/source/Tieta_Feiteng_1001_top.v(line number: 2187)] Instance 'scpld_to_mcpld_data_filter[279]' of 'bmsWIDEDFFCPE' unit is dangling and will be cleaned.
W: Public-4008: [C:/CPLD/pango/2_Tieta_Feiteng/Tieta_Feiteng_1001_PGC7KD69MBG400/rtl/source/Tieta_Feiteng_1001_top.v(line number: 2187)] Instance 'scpld_to_mcpld_data_filter[280]' of 'bmsWIDEDFFCPE' unit is dangling and will be cleaned.
W: Public-4008: [C:/CPLD/pango/2_Tieta_Feiteng/Tieta_Feiteng_1001_PGC7KD69MBG400/rtl/source/Tieta_Feiteng_1001_top.v(line number: 2187)] Instance 'scpld_to_mcpld_data_filter[281]' of 'bmsWIDEDFFCPE' unit is dangling and will be cleaned.
W: Public-4008: [C:/CPLD/pango/2_Tieta_Feiteng/Tieta_Feiteng_1001_PGC7KD69MBG400/rtl/source/Tieta_Feiteng_1001_top.v(line number: 2187)] Instance 'scpld_to_mcpld_data_filter[282]' of 'bmsWIDEDFFCPE' unit is dangling and will be cleaned.
W: Public-4008: [C:/CPLD/pango/2_Tieta_Feiteng/Tieta_Feiteng_1001_PGC7KD69MBG400/rtl/source/Tieta_Feiteng_1001_top.v(line number: 2187)] Instance 'scpld_to_mcpld_data_filter[283]' of 'bmsWIDEDFFCPE' unit is dangling and will be cleaned.
W: Public-4008: [C:/CPLD/pango/2_Tieta_Feiteng/Tieta_Feiteng_1001_PGC7KD69MBG400/rtl/source/Tieta_Feiteng_1001_top.v(line number: 2187)] Instance 'scpld_to_mcpld_data_filter[284]' of 'bmsWIDEDFFCPE' unit is dangling and will be cleaned.
W: Public-4008: [C:/CPLD/pango/2_Tieta_Feiteng/Tieta_Feiteng_1001_PGC7KD69MBG400/rtl/source/Tieta_Feiteng_1001_top.v(line number: 2187)] Instance 'scpld_to_mcpld_data_filter[285]' of 'bmsWIDEDFFCPE' unit is dangling and will be cleaned.
W: Public-4008: [C:/CPLD/pango/2_Tieta_Feiteng/Tieta_Feiteng_1001_PGC7KD69MBG400/rtl/source/Tieta_Feiteng_1001_top.v(line number: 2187)] Instance 'scpld_to_mcpld_data_filter[286]' of 'bmsWIDEDFFCPE' unit is dangling and will be cleaned.
W: Public-4008: [C:/CPLD/pango/2_Tieta_Feiteng/Tieta_Feiteng_1001_PGC7KD69MBG400/rtl/source/Tieta_Feiteng_1001_top.v(line number: 2187)] Instance 'scpld_to_mcpld_data_filter[287]' of 'bmsWIDEDFFCPE' unit is dangling and will be cleaned.
W: Public-4008: [C:/CPLD/pango/2_Tieta_Feiteng/Tieta_Feiteng_1001_PGC7KD69MBG400/rtl/source/Tieta_Feiteng_1001_top.v(line number: 2187)] Instance 'scpld_to_mcpld_data_filter[288]' of 'bmsWIDEDFFCPE' unit is dangling and will be cleaned.
W: Public-4008: [C:/CPLD/pango/2_Tieta_Feiteng/Tieta_Feiteng_1001_PGC7KD69MBG400/rtl/source/Tieta_Feiteng_1001_top.v(line number: 2187)] Instance 'scpld_to_mcpld_data_filter[289]' of 'bmsWIDEDFFCPE' unit is dangling and will be cleaned.
W: Public-4008: [C:/CPLD/pango/2_Tieta_Feiteng/Tieta_Feiteng_1001_PGC7KD69MBG400/rtl/source/Tieta_Feiteng_1001_top.v(line number: 2187)] Instance 'scpld_to_mcpld_data_filter[290]' of 'bmsWIDEDFFCPE' unit is dangling and will be cleaned.
W: Public-4008: [C:/CPLD/pango/2_Tieta_Feiteng/Tieta_Feiteng_1001_PGC7KD69MBG400/rtl/source/Tieta_Feiteng_1001_top.v(line number: 2187)] Instance 'scpld_to_mcpld_data_filter[291]' of 'bmsWIDEDFFCPE' unit is dangling and will be cleaned.
W: Public-4008: [C:/CPLD/pango/2_Tieta_Feiteng/Tieta_Feiteng_1001_PGC7KD69MBG400/rtl/source/Tieta_Feiteng_1001_top.v(line number: 2187)] Instance 'scpld_to_mcpld_data_filter[292]' of 'bmsWIDEDFFCPE' unit is dangling and will be cleaned.
W: Public-4008: [C:/CPLD/pango/2_Tieta_Feiteng/Tieta_Feiteng_1001_PGC7KD69MBG400/rtl/source/Tieta_Feiteng_1001_top.v(line number: 2187)] Instance 'scpld_to_mcpld_data_filter[293]' of 'bmsWIDEDFFCPE' unit is dangling and will be cleaned.
W: Public-4008: [C:/CPLD/pango/2_Tieta_Feiteng/Tieta_Feiteng_1001_PGC7KD69MBG400/rtl/source/Tieta_Feiteng_1001_top.v(line number: 2187)] Instance 'scpld_to_mcpld_data_filter[294]' of 'bmsWIDEDFFCPE' unit is dangling and will be cleaned.
W: Public-4008: [C:/CPLD/pango/2_Tieta_Feiteng/Tieta_Feiteng_1001_PGC7KD69MBG400/rtl/source/Tieta_Feiteng_1001_top.v(line number: 2187)] Instance 'scpld_to_mcpld_data_filter[295]' of 'bmsWIDEDFFCPE' unit is dangling and will be cleaned.
W: Public-4008: [C:/CPLD/pango/2_Tieta_Feiteng/Tieta_Feiteng_1001_PGC7KD69MBG400/rtl/source/Tieta_Feiteng_1001_top.v(line number: 2187)] Instance 'scpld_to_mcpld_data_filter[296]' of 'bmsWIDEDFFCPE' unit is dangling and will be cleaned.
W: Public-4008: [C:/CPLD/pango/2_Tieta_Feiteng/Tieta_Feiteng_1001_PGC7KD69MBG400/rtl/source/Tieta_Feiteng_1001_top.v(line number: 2187)] Instance 'scpld_to_mcpld_data_filter[297]' of 'bmsWIDEDFFCPE' unit is dangling and will be cleaned.
W: Public-4008: [C:/CPLD/pango/2_Tieta_Feiteng/Tieta_Feiteng_1001_PGC7KD69MBG400/rtl/source/Tieta_Feiteng_1001_top.v(line number: 2187)] Instance 'scpld_to_mcpld_data_filter[298]' of 'bmsWIDEDFFCPE' unit is dangling and will be cleaned.
W: Public-4008: [C:/CPLD/pango/2_Tieta_Feiteng/Tieta_Feiteng_1001_PGC7KD69MBG400/rtl/source/Tieta_Feiteng_1001_top.v(line number: 2187)] Instance 'scpld_to_mcpld_data_filter[299]' of 'bmsWIDEDFFCPE' unit is dangling and will be cleaned.
W: Public-4008: [C:/CPLD/pango/2_Tieta_Feiteng/Tieta_Feiteng_1001_PGC7KD69MBG400/rtl/source/Tieta_Feiteng_1001_top.v(line number: 2187)] Instance 'scpld_to_mcpld_data_filter[300]' of 'bmsWIDEDFFCPE' unit is dangling and will be cleaned.
W: Public-4008: [C:/CPLD/pango/2_Tieta_Feiteng/Tieta_Feiteng_1001_PGC7KD69MBG400/rtl/source/Tieta_Feiteng_1001_top.v(line number: 2187)] Instance 'scpld_to_mcpld_data_filter[308]' of 'bmsWIDEDFFCPE' unit is dangling and will be cleaned.
W: Public-4008: [C:/CPLD/pango/2_Tieta_Feiteng/Tieta_Feiteng_1001_PGC7KD69MBG400/rtl/source/Tieta_Feiteng_1001_top.v(line number: 2187)] Instance 'scpld_to_mcpld_data_filter[309]' of 'bmsWIDEDFFCPE' unit is dangling and will be cleaned.
W: Public-4008: [C:/CPLD/pango/2_Tieta_Feiteng/Tieta_Feiteng_1001_PGC7KD69MBG400/rtl/source/Tieta_Feiteng_1001_top.v(line number: 2187)] Instance 'scpld_to_mcpld_data_filter[310]' of 'bmsWIDEDFFCPE' unit is dangling and will be cleaned.
W: Public-4008: [C:/CPLD/pango/2_Tieta_Feiteng/Tieta_Feiteng_1001_PGC7KD69MBG400/rtl/source/Tieta_Feiteng_1001_top.v(line number: 2187)] Instance 'scpld_to_mcpld_data_filter[311]' of 'bmsWIDEDFFCPE' unit is dangling and will be cleaned.
W: Public-4008: [C:/CPLD/pango/2_Tieta_Feiteng/Tieta_Feiteng_1001_PGC7KD69MBG400/rtl/source/Tieta_Feiteng_1001_top.v(line number: 2187)] Instance 'scpld_to_mcpld_data_filter[312]' of 'bmsWIDEDFFCPE' unit is dangling and will be cleaned.
W: Public-4008: [C:/CPLD/pango/2_Tieta_Feiteng/Tieta_Feiteng_1001_PGC7KD69MBG400/rtl/source/Tieta_Feiteng_1001_top.v(line number: 2187)] Instance 'scpld_to_mcpld_data_filter[313]' of 'bmsWIDEDFFCPE' unit is dangling and will be cleaned.
W: Public-4008: [C:/CPLD/pango/2_Tieta_Feiteng/Tieta_Feiteng_1001_PGC7KD69MBG400/rtl/source/Tieta_Feiteng_1001_top.v(line number: 2187)] Instance 'scpld_to_mcpld_data_filter[314]' of 'bmsWIDEDFFCPE' unit is dangling and will be cleaned.
W: Public-4008: [C:/CPLD/pango/2_Tieta_Feiteng/Tieta_Feiteng_1001_PGC7KD69MBG400/rtl/source/Tieta_Feiteng_1001_top.v(line number: 2187)] Instance 'scpld_to_mcpld_data_filter[315]' of 'bmsWIDEDFFCPE' unit is dangling and will be cleaned.
W: Public-4008: [C:/CPLD/pango/2_Tieta_Feiteng/Tieta_Feiteng_1001_PGC7KD69MBG400/rtl/source/Tieta_Feiteng_1001_top.v(line number: 2187)] Instance 'scpld_to_mcpld_data_filter[316]' of 'bmsWIDEDFFCPE' unit is dangling and will be cleaned.
W: Public-4008: [C:/CPLD/pango/2_Tieta_Feiteng/Tieta_Feiteng_1001_PGC7KD69MBG400/rtl/source/Tieta_Feiteng_1001_top.v(line number: 2187)] Instance 'scpld_to_mcpld_data_filter[317]' of 'bmsWIDEDFFCPE' unit is dangling and will be cleaned.
W: Public-4008: [C:/CPLD/pango/2_Tieta_Feiteng/Tieta_Feiteng_1001_PGC7KD69MBG400/rtl/source/Tieta_Feiteng_1001_top.v(line number: 2187)] Instance 'scpld_to_mcpld_data_filter[318]' of 'bmsWIDEDFFCPE' unit is dangling and will be cleaned.
W: Public-4008: [C:/CPLD/pango/2_Tieta_Feiteng/Tieta_Feiteng_1001_PGC7KD69MBG400/rtl/source/Tieta_Feiteng_1001_top.v(line number: 2187)] Instance 'scpld_to_mcpld_data_filter[319]' of 'bmsWIDEDFFCPE' unit is dangling and will be cleaned.
W: Public-4008: [C:/CPLD/pango/2_Tieta_Feiteng/Tieta_Feiteng_1001_PGC7KD69MBG400/rtl/source/Tieta_Feiteng_1001_top.v(line number: 2187)] Instance 'scpld_to_mcpld_data_filter[320]' of 'bmsWIDEDFFCPE' unit is dangling and will be cleaned.
W: Public-4008: [C:/CPLD/pango/2_Tieta_Feiteng/Tieta_Feiteng_1001_PGC7KD69MBG400/rtl/source/Tieta_Feiteng_1001_top.v(line number: 2187)] Instance 'scpld_to_mcpld_data_filter[321]' of 'bmsWIDEDFFCPE' unit is dangling and will be cleaned.
W: Public-4008: [C:/CPLD/pango/2_Tieta_Feiteng/Tieta_Feiteng_1001_PGC7KD69MBG400/rtl/source/Tieta_Feiteng_1001_top.v(line number: 2187)] Instance 'scpld_to_mcpld_data_filter[322]' of 'bmsWIDEDFFCPE' unit is dangling and will be cleaned.
W: Public-4008: [C:/CPLD/pango/2_Tieta_Feiteng/Tieta_Feiteng_1001_PGC7KD69MBG400/rtl/source/Tieta_Feiteng_1001_top.v(line number: 2187)] Instance 'scpld_to_mcpld_data_filter[323]' of 'bmsWIDEDFFCPE' unit is dangling and will be cleaned.
W: Public-4008: [C:/CPLD/pango/2_Tieta_Feiteng/Tieta_Feiteng_1001_PGC7KD69MBG400/rtl/source/Tieta_Feiteng_1001_top.v(line number: 2187)] Instance 'scpld_to_mcpld_data_filter[324]' of 'bmsWIDEDFFCPE' unit is dangling and will be cleaned.
W: Public-4008: [C:/CPLD/pango/2_Tieta_Feiteng/Tieta_Feiteng_1001_PGC7KD69MBG400/rtl/source/Tieta_Feiteng_1001_top.v(line number: 2187)] Instance 'scpld_to_mcpld_data_filter[325]' of 'bmsWIDEDFFCPE' unit is dangling and will be cleaned.
W: Public-4008: [C:/CPLD/pango/2_Tieta_Feiteng/Tieta_Feiteng_1001_PGC7KD69MBG400/rtl/source/Tieta_Feiteng_1001_top.v(line number: 2187)] Instance 'scpld_to_mcpld_data_filter[326]' of 'bmsWIDEDFFCPE' unit is dangling and will be cleaned.
W: Public-4008: [C:/CPLD/pango/2_Tieta_Feiteng/Tieta_Feiteng_1001_PGC7KD69MBG400/rtl/source/Tieta_Feiteng_1001_top.v(line number: 2187)] Instance 'scpld_to_mcpld_data_filter[327]' of 'bmsWIDEDFFCPE' unit is dangling and will be cleaned.
W: Public-4008: [C:/CPLD/pango/2_Tieta_Feiteng/Tieta_Feiteng_1001_PGC7KD69MBG400/rtl/source/Tieta_Feiteng_1001_top.v(line number: 2187)] Instance 'scpld_to_mcpld_data_filter[328]' of 'bmsWIDEDFFCPE' unit is dangling and will be cleaned.
W: Public-4008: [C:/CPLD/pango/2_Tieta_Feiteng/Tieta_Feiteng_1001_PGC7KD69MBG400/rtl/source/Tieta_Feiteng_1001_top.v(line number: 2187)] Instance 'scpld_to_mcpld_data_filter[329]' of 'bmsWIDEDFFCPE' unit is dangling and will be cleaned.
W: Public-4008: [C:/CPLD/pango/2_Tieta_Feiteng/Tieta_Feiteng_1001_PGC7KD69MBG400/rtl/source/Tieta_Feiteng_1001_top.v(line number: 2187)] Instance 'scpld_to_mcpld_data_filter[330]' of 'bmsWIDEDFFCPE' unit is dangling and will be cleaned.
W: Public-4008: [C:/CPLD/pango/2_Tieta_Feiteng/Tieta_Feiteng_1001_PGC7KD69MBG400/rtl/source/Tieta_Feiteng_1001_top.v(line number: 2187)] Instance 'scpld_to_mcpld_data_filter[331]' of 'bmsWIDEDFFCPE' unit is dangling and will be cleaned.
W: Public-4008: [C:/CPLD/pango/2_Tieta_Feiteng/Tieta_Feiteng_1001_PGC7KD69MBG400/rtl/source/Tieta_Feiteng_1001_top.v(line number: 2187)] Instance 'scpld_to_mcpld_data_filter[332]' of 'bmsWIDEDFFCPE' unit is dangling and will be cleaned.
W: Public-4008: [C:/CPLD/pango/2_Tieta_Feiteng/Tieta_Feiteng_1001_PGC7KD69MBG400/rtl/source/Tieta_Feiteng_1001_top.v(line number: 2187)] Instance 'scpld_to_mcpld_data_filter[333]' of 'bmsWIDEDFFCPE' unit is dangling and will be cleaned.
W: Public-4008: [C:/CPLD/pango/2_Tieta_Feiteng/Tieta_Feiteng_1001_PGC7KD69MBG400/rtl/source/Tieta_Feiteng_1001_top.v(line number: 2187)] Instance 'scpld_to_mcpld_data_filter[334]' of 'bmsWIDEDFFCPE' unit is dangling and will be cleaned.
W: Public-4008: [C:/CPLD/pango/2_Tieta_Feiteng/Tieta_Feiteng_1001_PGC7KD69MBG400/rtl/source/Tieta_Feiteng_1001_top.v(line number: 2187)] Instance 'scpld_to_mcpld_data_filter[335]' of 'bmsWIDEDFFCPE' unit is dangling and will be cleaned.
W: Public-4008: [C:/CPLD/pango/2_Tieta_Feiteng/Tieta_Feiteng_1001_PGC7KD69MBG400/rtl/source/Tieta_Feiteng_1001_top.v(line number: 2187)] Instance 'scpld_to_mcpld_data_filter[336]' of 'bmsWIDEDFFCPE' unit is dangling and will be cleaned.
W: Public-4008: [C:/CPLD/pango/2_Tieta_Feiteng/Tieta_Feiteng_1001_PGC7KD69MBG400/rtl/source/Tieta_Feiteng_1001_top.v(line number: 2187)] Instance 'scpld_to_mcpld_data_filter[337]' of 'bmsWIDEDFFCPE' unit is dangling and will be cleaned.
W: Public-4008: [C:/CPLD/pango/2_Tieta_Feiteng/Tieta_Feiteng_1001_PGC7KD69MBG400/rtl/source/Tieta_Feiteng_1001_top.v(line number: 2187)] Instance 'scpld_to_mcpld_data_filter[338]' of 'bmsWIDEDFFCPE' unit is dangling and will be cleaned.
W: Public-4008: [C:/CPLD/pango/2_Tieta_Feiteng/Tieta_Feiteng_1001_PGC7KD69MBG400/rtl/source/Tieta_Feiteng_1001_top.v(line number: 2187)] Instance 'scpld_to_mcpld_data_filter[339]' of 'bmsWIDEDFFCPE' unit is dangling and will be cleaned.
W: Public-4008: [C:/CPLD/pango/2_Tieta_Feiteng/Tieta_Feiteng_1001_PGC7KD69MBG400/rtl/source/Tieta_Feiteng_1001_top.v(line number: 2187)] Instance 'scpld_to_mcpld_data_filter[340]' of 'bmsWIDEDFFCPE' unit is dangling and will be cleaned.
W: Public-4008: [C:/CPLD/pango/2_Tieta_Feiteng/Tieta_Feiteng_1001_PGC7KD69MBG400/rtl/source/Tieta_Feiteng_1001_top.v(line number: 2187)] Instance 'scpld_to_mcpld_data_filter[341]' of 'bmsWIDEDFFCPE' unit is dangling and will be cleaned.
W: Public-4008: [C:/CPLD/pango/2_Tieta_Feiteng/Tieta_Feiteng_1001_PGC7KD69MBG400/rtl/source/Tieta_Feiteng_1001_top.v(line number: 2187)] Instance 'scpld_to_mcpld_data_filter[342]' of 'bmsWIDEDFFCPE' unit is dangling and will be cleaned.
W: Public-4008: [C:/CPLD/pango/2_Tieta_Feiteng/Tieta_Feiteng_1001_PGC7KD69MBG400/rtl/source/Tieta_Feiteng_1001_top.v(line number: 2187)] Instance 'scpld_to_mcpld_data_filter[343]' of 'bmsWIDEDFFCPE' unit is dangling and will be cleaned.
W: Public-4008: [C:/CPLD/pango/2_Tieta_Feiteng/Tieta_Feiteng_1001_PGC7KD69MBG400/rtl/source/Tieta_Feiteng_1001_top.v(line number: 2187)] Instance 'scpld_to_mcpld_data_filter[344]' of 'bmsWIDEDFFCPE' unit is dangling and will be cleaned.
W: Public-4008: [C:/CPLD/pango/2_Tieta_Feiteng/Tieta_Feiteng_1001_PGC7KD69MBG400/rtl/source/Tieta_Feiteng_1001_top.v(line number: 2187)] Instance 'scpld_to_mcpld_data_filter[345]' of 'bmsWIDEDFFCPE' unit is dangling and will be cleaned.
W: Public-4008: [C:/CPLD/pango/2_Tieta_Feiteng/Tieta_Feiteng_1001_PGC7KD69MBG400/rtl/source/Tieta_Feiteng_1001_top.v(line number: 2187)] Instance 'scpld_to_mcpld_data_filter[346]' of 'bmsWIDEDFFCPE' unit is dangling and will be cleaned.
W: Public-4008: [C:/CPLD/pango/2_Tieta_Feiteng/Tieta_Feiteng_1001_PGC7KD69MBG400/rtl/source/Tieta_Feiteng_1001_top.v(line number: 2187)] Instance 'scpld_to_mcpld_data_filter[347]' of 'bmsWIDEDFFCPE' unit is dangling and will be cleaned.
W: Public-4008: [C:/CPLD/pango/2_Tieta_Feiteng/Tieta_Feiteng_1001_PGC7KD69MBG400/rtl/source/Tieta_Feiteng_1001_top.v(line number: 2187)] Instance 'scpld_to_mcpld_data_filter[348]' of 'bmsWIDEDFFCPE' unit is dangling and will be cleaned.
W: Public-4008: [C:/CPLD/pango/2_Tieta_Feiteng/Tieta_Feiteng_1001_PGC7KD69MBG400/rtl/source/Tieta_Feiteng_1001_top.v(line number: 2187)] Instance 'scpld_to_mcpld_data_filter[349]' of 'bmsWIDEDFFCPE' unit is dangling and will be cleaned.
W: Public-4008: [C:/CPLD/pango/2_Tieta_Feiteng/Tieta_Feiteng_1001_PGC7KD69MBG400/rtl/source/Tieta_Feiteng_1001_top.v(line number: 2187)] Instance 'scpld_to_mcpld_data_filter[350]' of 'bmsWIDEDFFCPE' unit is dangling and will be cleaned.
W: Public-4008: [C:/CPLD/pango/2_Tieta_Feiteng/Tieta_Feiteng_1001_PGC7KD69MBG400/rtl/source/Tieta_Feiteng_1001_top.v(line number: 2187)] Instance 'scpld_to_mcpld_data_filter[351]' of 'bmsWIDEDFFCPE' unit is dangling and will be cleaned.
W: Public-4008: [C:/CPLD/pango/2_Tieta_Feiteng/Tieta_Feiteng_1001_PGC7KD69MBG400/rtl/source/Tieta_Feiteng_1001_top.v(line number: 2187)] Instance 'scpld_to_mcpld_data_filter[352]' of 'bmsWIDEDFFCPE' unit is dangling and will be cleaned.
W: Public-4008: [C:/CPLD/pango/2_Tieta_Feiteng/Tieta_Feiteng_1001_PGC7KD69MBG400/rtl/source/Tieta_Feiteng_1001_top.v(line number: 2187)] Instance 'scpld_to_mcpld_data_filter[353]' of 'bmsWIDEDFFCPE' unit is dangling and will be cleaned.
W: Public-4008: [C:/CPLD/pango/2_Tieta_Feiteng/Tieta_Feiteng_1001_PGC7KD69MBG400/rtl/source/Tieta_Feiteng_1001_top.v(line number: 2187)] Instance 'scpld_to_mcpld_data_filter[354]' of 'bmsWIDEDFFCPE' unit is dangling and will be cleaned.
W: Public-4008: [C:/CPLD/pango/2_Tieta_Feiteng/Tieta_Feiteng_1001_PGC7KD69MBG400/rtl/source/Tieta_Feiteng_1001_top.v(line number: 2187)] Instance 'scpld_to_mcpld_data_filter[355]' of 'bmsWIDEDFFCPE' unit is dangling and will be cleaned.
W: Public-4008: [C:/CPLD/pango/2_Tieta_Feiteng/Tieta_Feiteng_1001_PGC7KD69MBG400/rtl/source/Tieta_Feiteng_1001_top.v(line number: 2187)] Instance 'scpld_to_mcpld_data_filter[356]' of 'bmsWIDEDFFCPE' unit is dangling and will be cleaned.
W: Public-4008: [C:/CPLD/pango/2_Tieta_Feiteng/Tieta_Feiteng_1001_PGC7KD69MBG400/rtl/source/Tieta_Feiteng_1001_top.v(line number: 2187)] Instance 'scpld_to_mcpld_data_filter[357]' of 'bmsWIDEDFFCPE' unit is dangling and will be cleaned.
W: Public-4008: [C:/CPLD/pango/2_Tieta_Feiteng/Tieta_Feiteng_1001_PGC7KD69MBG400/rtl/source/Tieta_Feiteng_1001_top.v(line number: 2187)] Instance 'scpld_to_mcpld_data_filter[358]' of 'bmsWIDEDFFCPE' unit is dangling and will be cleaned.
W: Public-4008: [C:/CPLD/pango/2_Tieta_Feiteng/Tieta_Feiteng_1001_PGC7KD69MBG400/rtl/source/Tieta_Feiteng_1001_top.v(line number: 2187)] Instance 'scpld_to_mcpld_data_filter[359]' of 'bmsWIDEDFFCPE' unit is dangling and will be cleaned.
W: Public-4008: [C:/CPLD/pango/2_Tieta_Feiteng/Tieta_Feiteng_1001_PGC7KD69MBG400/rtl/source/Tieta_Feiteng_1001_top.v(line number: 2187)] Instance 'scpld_to_mcpld_data_filter[360]' of 'bmsWIDEDFFCPE' unit is dangling and will be cleaned.
W: Public-4008: [C:/CPLD/pango/2_Tieta_Feiteng/Tieta_Feiteng_1001_PGC7KD69MBG400/rtl/source/Tieta_Feiteng_1001_top.v(line number: 2187)] Instance 'scpld_to_mcpld_data_filter[361]' of 'bmsWIDEDFFCPE' unit is dangling and will be cleaned.
W: Public-4008: [C:/CPLD/pango/2_Tieta_Feiteng/Tieta_Feiteng_1001_PGC7KD69MBG400/rtl/source/Tieta_Feiteng_1001_top.v(line number: 2187)] Instance 'scpld_to_mcpld_data_filter[362]' of 'bmsWIDEDFFCPE' unit is dangling and will be cleaned.
W: Public-4008: [C:/CPLD/pango/2_Tieta_Feiteng/Tieta_Feiteng_1001_PGC7KD69MBG400/rtl/source/Tieta_Feiteng_1001_top.v(line number: 2187)] Instance 'scpld_to_mcpld_data_filter[363]' of 'bmsWIDEDFFCPE' unit is dangling and will be cleaned.
W: Public-4008: [C:/CPLD/pango/2_Tieta_Feiteng/Tieta_Feiteng_1001_PGC7KD69MBG400/rtl/source/Tieta_Feiteng_1001_top.v(line number: 2187)] Instance 'scpld_to_mcpld_data_filter[364]' of 'bmsWIDEDFFCPE' unit is dangling and will be cleaned.
W: Public-4008: [C:/CPLD/pango/2_Tieta_Feiteng/Tieta_Feiteng_1001_PGC7KD69MBG400/rtl/source/Tieta_Feiteng_1001_top.v(line number: 2187)] Instance 'scpld_to_mcpld_data_filter[365]' of 'bmsWIDEDFFCPE' unit is dangling and will be cleaned.
W: Public-4008: [C:/CPLD/pango/2_Tieta_Feiteng/Tieta_Feiteng_1001_PGC7KD69MBG400/rtl/source/Tieta_Feiteng_1001_top.v(line number: 2187)] Instance 'scpld_to_mcpld_data_filter[366]' of 'bmsWIDEDFFCPE' unit is dangling and will be cleaned.
W: Public-4008: [C:/CPLD/pango/2_Tieta_Feiteng/Tieta_Feiteng_1001_PGC7KD69MBG400/rtl/source/Tieta_Feiteng_1001_top.v(line number: 2187)] Instance 'scpld_to_mcpld_data_filter[367]' of 'bmsWIDEDFFCPE' unit is dangling and will be cleaned.
W: Public-4008: [C:/CPLD/pango/2_Tieta_Feiteng/Tieta_Feiteng_1001_PGC7KD69MBG400/rtl/source/Tieta_Feiteng_1001_top.v(line number: 2187)] Instance 'scpld_to_mcpld_data_filter[368]' of 'bmsWIDEDFFCPE' unit is dangling and will be cleaned.
W: Public-4008: [C:/CPLD/pango/2_Tieta_Feiteng/Tieta_Feiteng_1001_PGC7KD69MBG400/rtl/source/Tieta_Feiteng_1001_top.v(line number: 2187)] Instance 'scpld_to_mcpld_data_filter[369]' of 'bmsWIDEDFFCPE' unit is dangling and will be cleaned.
W: Public-4008: [C:/CPLD/pango/2_Tieta_Feiteng/Tieta_Feiteng_1001_PGC7KD69MBG400/rtl/source/Tieta_Feiteng_1001_top.v(line number: 2187)] Instance 'scpld_to_mcpld_data_filter[370]' of 'bmsWIDEDFFCPE' unit is dangling and will be cleaned.
W: Public-4008: [C:/CPLD/pango/2_Tieta_Feiteng/Tieta_Feiteng_1001_PGC7KD69MBG400/rtl/source/Tieta_Feiteng_1001_top.v(line number: 2187)] Instance 'scpld_to_mcpld_data_filter[371]' of 'bmsWIDEDFFCPE' unit is dangling and will be cleaned.
W: Public-4008: [C:/CPLD/pango/2_Tieta_Feiteng/Tieta_Feiteng_1001_PGC7KD69MBG400/rtl/source/Tieta_Feiteng_1001_top.v(line number: 2187)] Instance 'scpld_to_mcpld_data_filter[372]' of 'bmsWIDEDFFCPE' unit is dangling and will be cleaned.
W: Public-4008: [C:/CPLD/pango/2_Tieta_Feiteng/Tieta_Feiteng_1001_PGC7KD69MBG400/rtl/source/Tieta_Feiteng_1001_top.v(line number: 2187)] Instance 'scpld_to_mcpld_data_filter[374]' of 'bmsWIDEDFFCPE' unit is dangling and will be cleaned.
W: Public-4008: [C:/CPLD/pango/2_Tieta_Feiteng/Tieta_Feiteng_1001_PGC7KD69MBG400/rtl/source/Tieta_Feiteng_1001_top.v(line number: 2187)] Instance 'scpld_to_mcpld_data_filter[375]' of 'bmsWIDEDFFCPE' unit is dangling and will be cleaned.
W: Public-4008: [C:/CPLD/pango/2_Tieta_Feiteng/Tieta_Feiteng_1001_PGC7KD69MBG400/rtl/source/Tieta_Feiteng_1001_top.v(line number: 2187)] Instance 'scpld_to_mcpld_data_filter[376]' of 'bmsWIDEDFFCPE' unit is dangling and will be cleaned.
W: Public-4008: [C:/CPLD/pango/2_Tieta_Feiteng/Tieta_Feiteng_1001_PGC7KD69MBG400/rtl/source/Tieta_Feiteng_1001_top.v(line number: 2187)] Instance 'scpld_to_mcpld_data_filter[377]' of 'bmsWIDEDFFCPE' unit is dangling and will be cleaned.
W: Public-4008: [C:/CPLD/pango/2_Tieta_Feiteng/Tieta_Feiteng_1001_PGC7KD69MBG400/rtl/source/Tieta_Feiteng_1001_top.v(line number: 2187)] Instance 'scpld_to_mcpld_data_filter[378]' of 'bmsWIDEDFFCPE' unit is dangling and will be cleaned.
W: Public-4008: [C:/CPLD/pango/2_Tieta_Feiteng/Tieta_Feiteng_1001_PGC7KD69MBG400/rtl/source/Tieta_Feiteng_1001_top.v(line number: 2187)] Instance 'scpld_to_mcpld_data_filter[379]' of 'bmsWIDEDFFCPE' unit is dangling and will be cleaned.
W: Public-4008: [C:/CPLD/pango/2_Tieta_Feiteng/Tieta_Feiteng_1001_PGC7KD69MBG400/rtl/source/Tieta_Feiteng_1001_top.v(line number: 2187)] Instance 'scpld_to_mcpld_data_filter[380]' of 'bmsWIDEDFFCPE' unit is dangling and will be cleaned.
W: Public-4008: [C:/CPLD/pango/2_Tieta_Feiteng/Tieta_Feiteng_1001_PGC7KD69MBG400/rtl/source/Tieta_Feiteng_1001_top.v(line number: 2187)] Instance 'scpld_to_mcpld_data_filter[381]' of 'bmsWIDEDFFCPE' unit is dangling and will be cleaned.
W: Public-4008: [C:/CPLD/pango/2_Tieta_Feiteng/Tieta_Feiteng_1001_PGC7KD69MBG400/rtl/source/Tieta_Feiteng_1001_top.v(line number: 2187)] Instance 'scpld_to_mcpld_data_filter[382]' of 'bmsWIDEDFFCPE' unit is dangling and will be cleaned.
W: Public-4008: [C:/CPLD/pango/2_Tieta_Feiteng/Tieta_Feiteng_1001_PGC7KD69MBG400/rtl/source/Tieta_Feiteng_1001_top.v(line number: 2187)] Instance 'scpld_to_mcpld_data_filter[383]' of 'bmsWIDEDFFCPE' unit is dangling and will be cleaned.
W: Public-4008: [C:/CPLD/pango/2_Tieta_Feiteng/Tieta_Feiteng_1001_PGC7KD69MBG400/rtl/source/Tieta_Feiteng_1001_top.v(line number: 2187)] Instance 'scpld_to_mcpld_data_filter[384]' of 'bmsWIDEDFFCPE' unit is dangling and will be cleaned.
W: Public-4008: [C:/CPLD/pango/2_Tieta_Feiteng/Tieta_Feiteng_1001_PGC7KD69MBG400/rtl/source/Tieta_Feiteng_1001_top.v(line number: 2187)] Instance 'scpld_to_mcpld_data_filter[385]' of 'bmsWIDEDFFCPE' unit is dangling and will be cleaned.
W: Public-4008: [C:/CPLD/pango/2_Tieta_Feiteng/Tieta_Feiteng_1001_PGC7KD69MBG400/rtl/source/Tieta_Feiteng_1001_top.v(line number: 2187)] Instance 'scpld_to_mcpld_data_filter[386]' of 'bmsWIDEDFFCPE' unit is dangling and will be cleaned.
W: Public-4008: [C:/CPLD/pango/2_Tieta_Feiteng/Tieta_Feiteng_1001_PGC7KD69MBG400/rtl/source/Tieta_Feiteng_1001_top.v(line number: 2187)] Instance 'scpld_to_mcpld_data_filter[387]' of 'bmsWIDEDFFCPE' unit is dangling and will be cleaned.
W: Public-4008: [C:/CPLD/pango/2_Tieta_Feiteng/Tieta_Feiteng_1001_PGC7KD69MBG400/rtl/source/Tieta_Feiteng_1001_top.v(line number: 2187)] Instance 'scpld_to_mcpld_data_filter[413]' of 'bmsWIDEDFFCPE' unit is dangling and will be cleaned.
W: Public-4008: [C:/CPLD/pango/2_Tieta_Feiteng/Tieta_Feiteng_1001_PGC7KD69MBG400/rtl/source/Tieta_Feiteng_1001_top.v(line number: 2187)] Instance 'scpld_to_mcpld_data_filter[414]' of 'bmsWIDEDFFCPE' unit is dangling and will be cleaned.
W: Public-4008: [C:/CPLD/pango/2_Tieta_Feiteng/Tieta_Feiteng_1001_PGC7KD69MBG400/rtl/source/Tieta_Feiteng_1001_top.v(line number: 2187)] Instance 'scpld_to_mcpld_data_filter[415]' of 'bmsWIDEDFFCPE' unit is dangling and will be cleaned.
W: Public-4008: [C:/CPLD/pango/2_Tieta_Feiteng/Tieta_Feiteng_1001_PGC7KD69MBG400/rtl/source/Tieta_Feiteng_1001_top.v(line number: 2187)] Instance 'scpld_to_mcpld_data_filter[416]' of 'bmsWIDEDFFCPE' unit is dangling and will be cleaned.
W: Public-4008: [C:/CPLD/pango/2_Tieta_Feiteng/Tieta_Feiteng_1001_PGC7KD69MBG400/rtl/source/Tieta_Feiteng_1001_top.v(line number: 2187)] Instance 'scpld_to_mcpld_data_filter[417]' of 'bmsWIDEDFFCPE' unit is dangling and will be cleaned.
W: Public-4008: [C:/CPLD/pango/2_Tieta_Feiteng/Tieta_Feiteng_1001_PGC7KD69MBG400/rtl/source/Tieta_Feiteng_1001_top.v(line number: 2187)] Instance 'scpld_to_mcpld_data_filter[418]' of 'bmsWIDEDFFCPE' unit is dangling and will be cleaned.
W: Public-4008: [C:/CPLD/pango/2_Tieta_Feiteng/Tieta_Feiteng_1001_PGC7KD69MBG400/rtl/source/Tieta_Feiteng_1001_top.v(line number: 2187)] Instance 'scpld_to_mcpld_data_filter[427]' of 'bmsWIDEDFFCPE' unit is dangling and will be cleaned.
W: Public-4008: [C:/CPLD/pango/2_Tieta_Feiteng/Tieta_Feiteng_1001_PGC7KD69MBG400/rtl/source/Tieta_Feiteng_1001_top.v(line number: 2187)] Instance 'scpld_to_mcpld_data_filter[428]' of 'bmsWIDEDFFCPE' unit is dangling and will be cleaned.
W: Public-4008: [C:/CPLD/pango/2_Tieta_Feiteng/Tieta_Feiteng_1001_PGC7KD69MBG400/rtl/source/common/synclib.v(line number: 138)] Instance 'sync_data_high1/dout[0]' of 'bmsWIDEDFFCPE' unit is dangling and will be cleaned.
W: Public-4008: [C:/CPLD/pango/2_Tieta_Feiteng/Tieta_Feiteng_1001_PGC7KD69MBG400/rtl/source/common/synclib.v(line number: 138)] Instance 'sync_data_high1/dout[1]' of 'bmsWIDEDFFCPE' unit is dangling and will be cleaned.
W: Public-4008: [C:/CPLD/pango/2_Tieta_Feiteng/Tieta_Feiteng_1001_PGC7KD69MBG400/rtl/source/common/synclib.v(line number: 138)] Instance 'sync_data_high1/dout[2]' of 'bmsWIDEDFFCPE' unit is dangling and will be cleaned.
W: Public-4008: [C:/CPLD/pango/2_Tieta_Feiteng/Tieta_Feiteng_1001_PGC7KD69MBG400/rtl/source/communication/uart_master.v(line number: 287)] Instance 'uart_master_u2/par_data_out[8]' of 'bmsWIDEDFFCPE' unit is dangling and will be cleaned.
W: Public-4008: [C:/CPLD/pango/2_Tieta_Feiteng/Tieta_Feiteng_1001_PGC7KD69MBG400/rtl/source/communication/uart_master.v(line number: 287)] Instance 'uart_master_u2/par_data_out[9]' of 'bmsWIDEDFFCPE' unit is dangling and will be cleaned.
W: Public-4008: [C:/CPLD/pango/2_Tieta_Feiteng/Tieta_Feiteng_1001_PGC7KD69MBG400/rtl/source/communication/uart_master.v(line number: 287)] Instance 'uart_master_u2/par_data_out[10]' of 'bmsWIDEDFFCPE' unit is dangling and will be cleaned.
W: Public-4008: [C:/CPLD/pango/2_Tieta_Feiteng/Tieta_Feiteng_1001_PGC7KD69MBG400/rtl/source/communication/uart_master.v(line number: 287)] Instance 'uart_master_u2/par_data_out[11]' of 'bmsWIDEDFFCPE' unit is dangling and will be cleaned.
W: Public-4008: [C:/CPLD/pango/2_Tieta_Feiteng/Tieta_Feiteng_1001_PGC7KD69MBG400/rtl/source/communication/uart_master.v(line number: 287)] Instance 'uart_master_u2/par_data_out[12]' of 'bmsWIDEDFFCPE' unit is dangling and will be cleaned.
W: Public-4008: [C:/CPLD/pango/2_Tieta_Feiteng/Tieta_Feiteng_1001_PGC7KD69MBG400/rtl/source/communication/uart_master.v(line number: 287)] Instance 'uart_master_u2/par_data_out[13]' of 'bmsWIDEDFFCPE' unit is dangling and will be cleaned.
W: Public-4008: [C:/CPLD/pango/2_Tieta_Feiteng/Tieta_Feiteng_1001_PGC7KD69MBG400/rtl/source/communication/uart_master.v(line number: 287)] Instance 'uart_master_u2/par_data_out[14]' of 'bmsWIDEDFFCPE' unit is dangling and will be cleaned.
W: Public-4008: [C:/CPLD/pango/2_Tieta_Feiteng/Tieta_Feiteng_1001_PGC7KD69MBG400/rtl/source/communication/uart_master.v(line number: 287)] Instance 'uart_master_u2/par_data_out[15]' of 'bmsWIDEDFFCPE' unit is dangling and will be cleaned.
W: Public-4008: [C:/CPLD/pango/2_Tieta_Feiteng/Tieta_Feiteng_1001_PGC7KD69MBG400/rtl/source/communication/uart_master.v(line number: 224)] Instance 'uart_master_u2/reg_par_data_out[11]' of 'bmsWIDEDFFRSE' unit is dangling and will be cleaned.
W: Public-4008: [C:/CPLD/pango/2_Tieta_Feiteng/Tieta_Feiteng_1001_PGC7KD69MBG400/rtl/source/communication/uart_master.v(line number: 224)] Instance 'uart_master_u2/reg_par_data_out[12]' of 'bmsWIDEDFFRSE' unit is dangling and will be cleaned.
W: Public-4008: [C:/CPLD/pango/2_Tieta_Feiteng/Tieta_Feiteng_1001_PGC7KD69MBG400/rtl/source/communication/uart_master.v(line number: 224)] Instance 'uart_master_u2/reg_par_data_out[13]' of 'bmsWIDEDFFRSE' unit is dangling and will be cleaned.
W: Public-4008: [C:/CPLD/pango/2_Tieta_Feiteng/Tieta_Feiteng_1001_PGC7KD69MBG400/rtl/source/communication/uart_master.v(line number: 224)] Instance 'uart_master_u2/reg_par_data_out[14]' of 'bmsWIDEDFFRSE' unit is dangling and will be cleaned.
W: Public-4008: [C:/CPLD/pango/2_Tieta_Feiteng/Tieta_Feiteng_1001_PGC7KD69MBG400/rtl/source/communication/uart_master.v(line number: 224)] Instance 'uart_master_u2/reg_par_data_out[15]' of 'bmsWIDEDFFRSE' unit is dangling and will be cleaned.
W: Public-4008: [C:/CPLD/pango/2_Tieta_Feiteng/Tieta_Feiteng_1001_PGC7KD69MBG400/rtl/source/communication/uart_master.v(line number: 224)] Instance 'uart_master_u2/reg_par_data_out[16]' of 'bmsWIDEDFFRSE' unit is dangling and will be cleaned.
W: Public-4008: [C:/CPLD/pango/2_Tieta_Feiteng/Tieta_Feiteng_1001_PGC7KD69MBG400/rtl/source/communication/uart_master.v(line number: 224)] Instance 'uart_master_u2/reg_par_data_out[17]' of 'bmsWIDEDFFRSE' unit is dangling and will be cleaned.
W: Public-4008: [C:/CPLD/pango/2_Tieta_Feiteng/Tieta_Feiteng_1001_PGC7KD69MBG400/rtl/source/communication/uart_master.v(line number: 224)] Instance 'uart_master_u2/reg_par_data_out[18]' of 'bmsWIDEDFFRSE' unit is dangling and will be cleaned.
W: Public-4008: [C:/CPLD/pango/2_Tieta_Feiteng/Tieta_Feiteng_1001_PGC7KD69MBG400/rtl/source/communication/uart_master.v(line number: 99)] Instance 'uart_master_u2/wait_time[2]' of 'bmsWIDEDFFCPE' unit is dangling and will be cleaned.
W: Public-4008: [C:/CPLD/pango/2_Tieta_Feiteng/Tieta_Feiteng_1001_PGC7KD69MBG400/rtl/source/communication/uart_master.v(line number: 99)] Instance 'uart_master_u2/wait_time[3]' of 'bmsWIDEDFFCPE' unit is dangling and will be cleaned.
W: Public-4008: [C:/CPLD/pango/2_Tieta_Feiteng/Tieta_Feiteng_1001_PGC7KD69MBG400/rtl/source/communication/uart_master.v(line number: 99)] Instance 'uart_master_u2/wait_time[4]' of 'bmsWIDEDFFCPE' unit is dangling and will be cleaned.
W: Public-4008: [C:/CPLD/pango/2_Tieta_Feiteng/Tieta_Feiteng_1001_PGC7KD69MBG400/rtl/source/i2c/bmc_cpld_i2c_ram.v(line number: 1107)] Instance 'bmc_cpld_i2c_ram_u0/r_reg_001D[0]' of 'bmsWIDEDFFCPE' unit is dangling and will be cleaned.
W: Public-4008: [C:/CPLD/pango/2_Tieta_Feiteng/Tieta_Feiteng_1001_PGC7KD69MBG400/rtl/source/i2c/bmc_cpld_i2c_ram.v(line number: 1107)] Instance 'bmc_cpld_i2c_ram_u0/r_reg_001D[1]' of 'bmsWIDEDFFCPE' unit is dangling and will be cleaned.
W: Public-4008: [C:/CPLD/pango/2_Tieta_Feiteng/Tieta_Feiteng_1001_PGC7KD69MBG400/rtl/source/i2c/bmc_cpld_i2c_ram.v(line number: 1107)] Instance 'bmc_cpld_i2c_ram_u0/r_reg_001D[2]' of 'bmsWIDEDFFCPE' unit is dangling and will be cleaned.
W: Public-4008: [C:/CPLD/pango/2_Tieta_Feiteng/Tieta_Feiteng_1001_PGC7KD69MBG400/rtl/source/i2c/bmc_cpld_i2c_ram.v(line number: 1107)] Instance 'bmc_cpld_i2c_ram_u0/r_reg_001D[3]' of 'bmsWIDEDFFCPE' unit is dangling and will be cleaned.
W: Public-4008: [C:/CPLD/pango/2_Tieta_Feiteng/Tieta_Feiteng_1001_PGC7KD69MBG400/rtl/source/i2c/bmc_cpld_i2c_ram.v(line number: 1107)] Instance 'bmc_cpld_i2c_ram_u0/r_reg_001D[4]' of 'bmsWIDEDFFCPE' unit is dangling and will be cleaned.
W: Public-4008: [C:/CPLD/pango/2_Tieta_Feiteng/Tieta_Feiteng_1001_PGC7KD69MBG400/rtl/source/i2c/bmc_cpld_i2c_ram.v(line number: 1107)] Instance 'bmc_cpld_i2c_ram_u0/r_reg_001D[5]' of 'bmsWIDEDFFCPE' unit is dangling and will be cleaned.
W: Public-4008: [C:/CPLD/pango/2_Tieta_Feiteng/Tieta_Feiteng_1001_PGC7KD69MBG400/rtl/source/i2c/bmc_cpld_i2c_ram.v(line number: 1107)] Instance 'bmc_cpld_i2c_ram_u0/r_reg_001D[7]' of 'bmsWIDEDFFCPE' unit is dangling and will be cleaned.
W: Public-4008: [C:/CPLD/pango/2_Tieta_Feiteng/Tieta_Feiteng_1001_PGC7KD69MBG400/rtl/source/i2c/bmc_cpld_i2c_ram.v(line number: 1218)] Instance 'bmc_cpld_i2c_ram_u0/r_reg_002A[4]' of 'bmsWIDEDFFCPE' unit is dangling and will be cleaned.
W: Public-4008: [C:/CPLD/pango/2_Tieta_Feiteng/Tieta_Feiteng_1001_PGC7KD69MBG400/rtl/source/i2c/bmc_cpld_i2c_ram.v(line number: 1218)] Instance 'bmc_cpld_i2c_ram_u0/r_reg_002A[5]' of 'bmsWIDEDFFCPE' unit is dangling and will be cleaned.
W: Public-4008: [C:/CPLD/pango/2_Tieta_Feiteng/Tieta_Feiteng_1001_PGC7KD69MBG400/rtl/source/i2c/bmc_cpld_i2c_ram.v(line number: 1218)] Instance 'bmc_cpld_i2c_ram_u0/r_reg_002A[6]' of 'bmsWIDEDFFCPE' unit is dangling and will be cleaned.
W: Public-4008: [C:/CPLD/pango/2_Tieta_Feiteng/Tieta_Feiteng_1001_PGC7KD69MBG400/rtl/source/i2c/bmc_cpld_i2c_ram.v(line number: 1218)] Instance 'bmc_cpld_i2c_ram_u0/r_reg_002A[7]' of 'bmsWIDEDFFCPE' unit is dangling and will be cleaned.
W: Public-4008: [C:/CPLD/pango/2_Tieta_Feiteng/Tieta_Feiteng_1001_PGC7KD69MBG400/rtl/source/i2c/bmc_cpld_i2c_ram.v(line number: 941)] Instance 'bmc_cpld_i2c_ram_u0/r_reg_0003[1]' of 'bmsWIDEDFFCPE' unit is dangling and will be cleaned.
W: Public-4008: [C:/CPLD/pango/2_Tieta_Feiteng/Tieta_Feiteng_1001_PGC7KD69MBG400/rtl/source/i2c/bmc_cpld_i2c_ram.v(line number: 941)] Instance 'bmc_cpld_i2c_ram_u0/r_reg_0003[2]' of 'bmsWIDEDFFCPE' unit is dangling and will be cleaned.
W: Public-4008: [C:/CPLD/pango/2_Tieta_Feiteng/Tieta_Feiteng_1001_PGC7KD69MBG400/rtl/source/i2c/bmc_cpld_i2c_ram.v(line number: 941)] Instance 'bmc_cpld_i2c_ram_u0/r_reg_0003[3]' of 'bmsWIDEDFFCPE' unit is dangling and will be cleaned.
W: Public-4008: [C:/CPLD/pango/2_Tieta_Feiteng/Tieta_Feiteng_1001_PGC7KD69MBG400/rtl/source/i2c/bmc_cpld_i2c_ram.v(line number: 941)] Instance 'bmc_cpld_i2c_ram_u0/r_reg_0003[7]' of 'bmsWIDEDFFCPE' unit is dangling and will be cleaned.
W: Public-4008: [C:/CPLD/pango/2_Tieta_Feiteng/Tieta_Feiteng_1001_PGC7KD69MBG400/rtl/source/i2c/bmc_cpld_i2c_ram.v(line number: 951)] Instance 'bmc_cpld_i2c_ram_u0/r_reg_0004[0]' of 'bmsWIDEDFFCPE' unit is dangling and will be cleaned.
W: Public-4008: [C:/CPLD/pango/2_Tieta_Feiteng/Tieta_Feiteng_1001_PGC7KD69MBG400/rtl/source/i2c/bmc_cpld_i2c_ram.v(line number: 951)] Instance 'bmc_cpld_i2c_ram_u0/r_reg_0004[5]' of 'bmsWIDEDFFCPE' unit is dangling and will be cleaned.
W: Public-4008: [C:/CPLD/pango/2_Tieta_Feiteng/Tieta_Feiteng_1001_PGC7KD69MBG400/rtl/source/i2c/bmc_cpld_i2c_ram.v(line number: 951)] Instance 'bmc_cpld_i2c_ram_u0/r_reg_0004[7]' of 'bmsWIDEDFFCPE' unit is dangling and will be cleaned.
W: Public-4008: [C:/CPLD/pango/2_Tieta_Feiteng/Tieta_Feiteng_1001_PGC7KD69MBG400/rtl/source/i2c/bmc_cpld_i2c_ram.v(line number: 961)] Instance 'bmc_cpld_i2c_ram_u0/r_reg_0005[0]' of 'bmsWIDEDFFCPE' unit is dangling and will be cleaned.
W: Public-4008: [C:/CPLD/pango/2_Tieta_Feiteng/Tieta_Feiteng_1001_PGC7KD69MBG400/rtl/source/i2c/bmc_cpld_i2c_ram.v(line number: 961)] Instance 'bmc_cpld_i2c_ram_u0/r_reg_0005[1]' of 'bmsWIDEDFFCPE' unit is dangling and will be cleaned.
W: Public-4008: [C:/CPLD/pango/2_Tieta_Feiteng/Tieta_Feiteng_1001_PGC7KD69MBG400/rtl/source/i2c/bmc_cpld_i2c_ram.v(line number: 961)] Instance 'bmc_cpld_i2c_ram_u0/r_reg_0005[2]' of 'bmsWIDEDFFCPE' unit is dangling and will be cleaned.
W: Public-4008: [C:/CPLD/pango/2_Tieta_Feiteng/Tieta_Feiteng_1001_PGC7KD69MBG400/rtl/source/i2c/bmc_cpld_i2c_ram.v(line number: 961)] Instance 'bmc_cpld_i2c_ram_u0/r_reg_0005[3]' of 'bmsWIDEDFFCPE' unit is dangling and will be cleaned.
W: Public-4008: [C:/CPLD/pango/2_Tieta_Feiteng/Tieta_Feiteng_1001_PGC7KD69MBG400/rtl/source/i2c/bmc_cpld_i2c_ram.v(line number: 961)] Instance 'bmc_cpld_i2c_ram_u0/r_reg_0005[4]' of 'bmsWIDEDFFCPE' unit is dangling and will be cleaned.
W: Public-4008: [C:/CPLD/pango/2_Tieta_Feiteng/Tieta_Feiteng_1001_PGC7KD69MBG400/rtl/source/i2c/bmc_cpld_i2c_ram.v(line number: 961)] Instance 'bmc_cpld_i2c_ram_u0/r_reg_0005[5]' of 'bmsWIDEDFFCPE' unit is dangling and will be cleaned.
W: Public-4008: [C:/CPLD/pango/2_Tieta_Feiteng/Tieta_Feiteng_1001_PGC7KD69MBG400/rtl/source/i2c/bmc_cpld_i2c_ram.v(line number: 961)] Instance 'bmc_cpld_i2c_ram_u0/r_reg_0005[6]' of 'bmsWIDEDFFCPE' unit is dangling and will be cleaned.
W: Public-4008: [C:/CPLD/pango/2_Tieta_Feiteng/Tieta_Feiteng_1001_PGC7KD69MBG400/rtl/source/i2c/bmc_cpld_i2c_ram.v(line number: 971)] Instance 'bmc_cpld_i2c_ram_u0/r_reg_0006[2]' of 'bmsWIDEDFFCPE' unit is dangling and will be cleaned.
W: Public-4008: [C:/CPLD/pango/2_Tieta_Feiteng/Tieta_Feiteng_1001_PGC7KD69MBG400/rtl/source/i2c/bmc_cpld_i2c_ram.v(line number: 971)] Instance 'bmc_cpld_i2c_ram_u0/r_reg_0006[4]' of 'bmsWIDEDFFCPE' unit is dangling and will be cleaned.
W: Public-4008: [C:/CPLD/pango/2_Tieta_Feiteng/Tieta_Feiteng_1001_PGC7KD69MBG400/rtl/source/i2c/bmc_cpld_i2c_ram.v(line number: 971)] Instance 'bmc_cpld_i2c_ram_u0/r_reg_0006[5]' of 'bmsWIDEDFFCPE' unit is dangling and will be cleaned.
W: Public-4008: [C:/CPLD/pango/2_Tieta_Feiteng/Tieta_Feiteng_1001_PGC7KD69MBG400/rtl/source/i2c/bmc_cpld_i2c_ram.v(line number: 971)] Instance 'bmc_cpld_i2c_ram_u0/r_reg_0006[6]' of 'bmsWIDEDFFCPE' unit is dangling and will be cleaned.
W: Public-4008: [C:/CPLD/pango/2_Tieta_Feiteng/Tieta_Feiteng_1001_PGC7KD69MBG400/rtl/source/i2c/bmc_cpld_i2c_ram.v(line number: 971)] Instance 'bmc_cpld_i2c_ram_u0/r_reg_0006[7]' of 'bmsWIDEDFFCPE' unit is dangling and will be cleaned.
W: Public-4008: [C:/CPLD/pango/2_Tieta_Feiteng/Tieta_Feiteng_1001_PGC7KD69MBG400/rtl/source/i2c/bmc_cpld_i2c_ram.v(line number: 981)] Instance 'bmc_cpld_i2c_ram_u0/r_reg_0007[4]' of 'bmsWIDEDFFCPE' unit is dangling and will be cleaned.
W: Public-4008: [C:/CPLD/pango/2_Tieta_Feiteng/Tieta_Feiteng_1001_PGC7KD69MBG400/rtl/source/i2c/bmc_cpld_i2c_ram.v(line number: 981)] Instance 'bmc_cpld_i2c_ram_u0/r_reg_0007[5]' of 'bmsWIDEDFFCPE' unit is dangling and will be cleaned.
W: Public-4008: [C:/CPLD/pango/2_Tieta_Feiteng/Tieta_Feiteng_1001_PGC7KD69MBG400/rtl/source/i2c/bmc_cpld_i2c_ram.v(line number: 991)] Instance 'bmc_cpld_i2c_ram_u0/r_reg_0008[0]' of 'bmsWIDEDFFCPE' unit is dangling and will be cleaned.
W: Public-4008: [C:/CPLD/pango/2_Tieta_Feiteng/Tieta_Feiteng_1001_PGC7KD69MBG400/rtl/source/i2c/bmc_cpld_i2c_ram.v(line number: 991)] Instance 'bmc_cpld_i2c_ram_u0/r_reg_0008[1]' of 'bmsWIDEDFFCPE' unit is dangling and will be cleaned.
W: Public-4008: [C:/CPLD/pango/2_Tieta_Feiteng/Tieta_Feiteng_1001_PGC7KD69MBG400/rtl/source/i2c/bmc_cpld_i2c_ram.v(line number: 991)] Instance 'bmc_cpld_i2c_ram_u0/r_reg_0008[2]' of 'bmsWIDEDFFCPE' unit is dangling and will be cleaned.
W: Public-4008: [C:/CPLD/pango/2_Tieta_Feiteng/Tieta_Feiteng_1001_PGC7KD69MBG400/rtl/source/i2c/bmc_cpld_i2c_ram.v(line number: 991)] Instance 'bmc_cpld_i2c_ram_u0/r_reg_0008[3]' of 'bmsWIDEDFFCPE' unit is dangling and will be cleaned.
W: Public-4008: [C:/CPLD/pango/2_Tieta_Feiteng/Tieta_Feiteng_1001_PGC7KD69MBG400/rtl/source/i2c/bmc_cpld_i2c_ram.v(line number: 991)] Instance 'bmc_cpld_i2c_ram_u0/r_reg_0008[4]' of 'bmsWIDEDFFCPE' unit is dangling and will be cleaned.
W: Public-4008: [C:/CPLD/pango/2_Tieta_Feiteng/Tieta_Feiteng_1001_PGC7KD69MBG400/rtl/source/i2c/bmc_cpld_i2c_ram.v(line number: 991)] Instance 'bmc_cpld_i2c_ram_u0/r_reg_0008[5]' of 'bmsWIDEDFFCPE' unit is dangling and will be cleaned.
W: Public-4008: [C:/CPLD/pango/2_Tieta_Feiteng/Tieta_Feiteng_1001_PGC7KD69MBG400/rtl/source/i2c/bmc_cpld_i2c_ram.v(line number: 1037)] Instance 'bmc_cpld_i2c_ram_u0/r_reg_0010[0]' of 'bmsWIDEDFFCPE' unit is dangling and will be cleaned.
W: Public-4008: [C:/CPLD/pango/2_Tieta_Feiteng/Tieta_Feiteng_1001_PGC7KD69MBG400/rtl/source/i2c/bmc_cpld_i2c_ram.v(line number: 1037)] Instance 'bmc_cpld_i2c_ram_u0/r_reg_0010[1]' of 'bmsWIDEDFFCPE' unit is dangling and will be cleaned.
W: Public-4008: [C:/CPLD/pango/2_Tieta_Feiteng/Tieta_Feiteng_1001_PGC7KD69MBG400/rtl/source/i2c/bmc_cpld_i2c_ram.v(line number: 1037)] Instance 'bmc_cpld_i2c_ram_u0/r_reg_0010[2]' of 'bmsWIDEDFFCPE' unit is dangling and will be cleaned.
W: Public-4008: [C:/CPLD/pango/2_Tieta_Feiteng/Tieta_Feiteng_1001_PGC7KD69MBG400/rtl/source/i2c/bmc_cpld_i2c_ram.v(line number: 1037)] Instance 'bmc_cpld_i2c_ram_u0/r_reg_0010[5]' of 'bmsWIDEDFFCPE' unit is dangling and will be cleaned.
W: Public-4008: [C:/CPLD/pango/2_Tieta_Feiteng/Tieta_Feiteng_1001_PGC7KD69MBG400/rtl/source/i2c/bmc_cpld_i2c_ram.v(line number: 1037)] Instance 'bmc_cpld_i2c_ram_u0/r_reg_0010[6]' of 'bmsWIDEDFFCPE' unit is dangling and will be cleaned.
W: Public-4008: [C:/CPLD/pango/2_Tieta_Feiteng/Tieta_Feiteng_1001_PGC7KD69MBG400/rtl/source/i2c/bmc_cpld_i2c_ram.v(line number: 1037)] Instance 'bmc_cpld_i2c_ram_u0/r_reg_0010[7]' of 'bmsWIDEDFFCPE' unit is dangling and will be cleaned.
W: Public-4008: [C:/CPLD/pango/2_Tieta_Feiteng/Tieta_Feiteng_1001_PGC7KD69MBG400/rtl/source/i2c/bmc_cpld_i2c_ram.v(line number: 1057)] Instance 'bmc_cpld_i2c_ram_u0/r_reg_0013[0]' of 'bmsWIDEDFFCPE' unit is dangling and will be cleaned.
W: Public-4008: [C:/CPLD/pango/2_Tieta_Feiteng/Tieta_Feiteng_1001_PGC7KD69MBG400/rtl/source/i2c/bmc_cpld_i2c_ram.v(line number: 1057)] Instance 'bmc_cpld_i2c_ram_u0/r_reg_0013[1]' of 'bmsWIDEDFFCPE' unit is dangling and will be cleaned.
W: Public-4008: [C:/CPLD/pango/2_Tieta_Feiteng/Tieta_Feiteng_1001_PGC7KD69MBG400/rtl/source/i2c/bmc_cpld_i2c_ram.v(line number: 1057)] Instance 'bmc_cpld_i2c_ram_u0/r_reg_0013[2]' of 'bmsWIDEDFFCPE' unit is dangling and will be cleaned.
W: Public-4008: [C:/CPLD/pango/2_Tieta_Feiteng/Tieta_Feiteng_1001_PGC7KD69MBG400/rtl/source/i2c/bmc_cpld_i2c_ram.v(line number: 1057)] Instance 'bmc_cpld_i2c_ram_u0/r_reg_0013[3]' of 'bmsWIDEDFFCPE' unit is dangling and will be cleaned.
W: Public-4008: [C:/CPLD/pango/2_Tieta_Feiteng/Tieta_Feiteng_1001_PGC7KD69MBG400/rtl/source/i2c/bmc_cpld_i2c_ram.v(line number: 1057)] Instance 'bmc_cpld_i2c_ram_u0/r_reg_0013[4]' of 'bmsWIDEDFFCPE' unit is dangling and will be cleaned.
W: Public-4008: [C:/CPLD/pango/2_Tieta_Feiteng/Tieta_Feiteng_1001_PGC7KD69MBG400/rtl/source/i2c/bmc_cpld_i2c_ram.v(line number: 1057)] Instance 'bmc_cpld_i2c_ram_u0/r_reg_0013[5]' of 'bmsWIDEDFFCPE' unit is dangling and will be cleaned.
W: Public-4008: [C:/CPLD/pango/2_Tieta_Feiteng/Tieta_Feiteng_1001_PGC7KD69MBG400/rtl/source/i2c/bmc_cpld_i2c_ram.v(line number: 1057)] Instance 'bmc_cpld_i2c_ram_u0/r_reg_0013[7]' of 'bmsWIDEDFFCPE' unit is dangling and will be cleaned.
W: Public-4008: [C:/CPLD/pango/2_Tieta_Feiteng/Tieta_Feiteng_1001_PGC7KD69MBG400/rtl/source/i2c/bmc_cpld_i2c_ram.v(line number: 1067)] Instance 'bmc_cpld_i2c_ram_u0/r_reg_0016[0]' of 'bmsWIDEDFFCPE' unit is dangling and will be cleaned.
W: Public-4008: [C:/CPLD/pango/2_Tieta_Feiteng/Tieta_Feiteng_1001_PGC7KD69MBG400/rtl/source/i2c/bmc_cpld_i2c_ram.v(line number: 1067)] Instance 'bmc_cpld_i2c_ram_u0/r_reg_0016[1]' of 'bmsWIDEDFFCPE' unit is dangling and will be cleaned.
W: Public-4008: [C:/CPLD/pango/2_Tieta_Feiteng/Tieta_Feiteng_1001_PGC7KD69MBG400/rtl/source/i2c/bmc_cpld_i2c_ram.v(line number: 1067)] Instance 'bmc_cpld_i2c_ram_u0/r_reg_0016[2]' of 'bmsWIDEDFFCPE' unit is dangling and will be cleaned.
W: Public-4008: [C:/CPLD/pango/2_Tieta_Feiteng/Tieta_Feiteng_1001_PGC7KD69MBG400/rtl/source/i2c/bmc_cpld_i2c_ram.v(line number: 1067)] Instance 'bmc_cpld_i2c_ram_u0/r_reg_0016[3]' of 'bmsWIDEDFFCPE' unit is dangling and will be cleaned.
W: Public-4008: [C:/CPLD/pango/2_Tieta_Feiteng/Tieta_Feiteng_1001_PGC7KD69MBG400/rtl/source/i2c/bmc_cpld_i2c_ram.v(line number: 1067)] Instance 'bmc_cpld_i2c_ram_u0/r_reg_0016[4]' of 'bmsWIDEDFFCPE' unit is dangling and will be cleaned.
W: Public-4008: [C:/CPLD/pango/2_Tieta_Feiteng/Tieta_Feiteng_1001_PGC7KD69MBG400/rtl/source/i2c/bmc_cpld_i2c_ram.v(line number: 1067)] Instance 'bmc_cpld_i2c_ram_u0/r_reg_0016[5]' of 'bmsWIDEDFFCPE' unit is dangling and will be cleaned.
W: Public-4008: [C:/CPLD/pango/2_Tieta_Feiteng/Tieta_Feiteng_1001_PGC7KD69MBG400/rtl/source/i2c/bmc_cpld_i2c_ram.v(line number: 1128)] Instance 'bmc_cpld_i2c_ram_u0/r_reg_0021[4]' of 'bmsWIDEDFFCPE' unit is dangling and will be cleaned.
W: Public-4008: [C:/CPLD/pango/2_Tieta_Feiteng/Tieta_Feiteng_1001_PGC7KD69MBG400/rtl/source/i2c/bmc_cpld_i2c_ram.v(line number: 1128)] Instance 'bmc_cpld_i2c_ram_u0/r_reg_0021[5]' of 'bmsWIDEDFFCPE' unit is dangling and will be cleaned.
W: Public-4008: [C:/CPLD/pango/2_Tieta_Feiteng/Tieta_Feiteng_1001_PGC7KD69MBG400/rtl/source/i2c/bmc_cpld_i2c_ram.v(line number: 1128)] Instance 'bmc_cpld_i2c_ram_u0/r_reg_0021[6]' of 'bmsWIDEDFFCPE' unit is dangling and will be cleaned.
W: Public-4008: [C:/CPLD/pango/2_Tieta_Feiteng/Tieta_Feiteng_1001_PGC7KD69MBG400/rtl/source/i2c/bmc_cpld_i2c_ram.v(line number: 1128)] Instance 'bmc_cpld_i2c_ram_u0/r_reg_0021[7]' of 'bmsWIDEDFFCPE' unit is dangling and will be cleaned.
W: Public-4008: [C:/CPLD/pango/2_Tieta_Feiteng/Tieta_Feiteng_1001_PGC7KD69MBG400/rtl/source/pwrseq/pwrseq_master.v(line number: 690)] Instance 'pwrseq_master_inst/state_reg[1]' of 'bmsWIDEDFFCPE' unit is dangling and will be cleaned.
W: Public-4008: [C:/CPLD/pango/2_Tieta_Feiteng/Tieta_Feiteng_1001_PGC7KD69MBG400/rtl/source/pwrseq/pwrseq_master.v(line number: 690)] Instance 'pwrseq_master_inst/state_reg[3]' of 'bmsWIDEDFFCPE' unit is dangling and will be cleaned.
W: Public-4008: [C:/CPLD/pango/2_Tieta_Feiteng/Tieta_Feiteng_1001_PGC7KD69MBG400/rtl/source/pwrseq/pwrseq_master.v(line number: 690)] Instance 'pwrseq_master_inst/state_reg[30]' of 'bmsWIDEDFFCPE' unit is dangling and will be cleaned.
W: Public-4008: [C:/CPLD/pango/2_Tieta_Feiteng/Tieta_Feiteng_1001_PGC7KD69MBG400/rtl/source/pwrseq/pwrseq_master.v(line number: 690)] Instance 'pwrseq_master_inst/state_reg[31]' of 'bmsWIDEDFFCPE' unit is dangling and will be cleaned.
W: Public-4008: [C:/CPLD/pango/2_Tieta_Feiteng/Tieta_Feiteng_1001_PGC7KD69MBG400/rtl/source/pwrseq/pwrseq_master.v(line number: 234)] Instance 'pwrseq_master_inst/power_seq_sm_last[5]' of 'bmsWIDEDFFCPE' unit is dangling and will be cleaned.
W: Public-4008: [C:/CPLD/pango/2_Tieta_Feiteng/Tieta_Feiteng_1001_PGC7KD69MBG400/rtl/source/pwrseq/pwrseq_slave.v(line number: 1542)] Instance 'pwrseq_slave_inst/pwrseq_sm_fault_det[5]' of 'bmsWIDEDFFCPE' unit is dangling and will be cleaned.
W: Public-4008: [C:/CPLD/pango/2_Tieta_Feiteng/Tieta_Feiteng_1001_PGC7KD69MBG400/rtl/source/communication/uart_master.v(line number: 287)] Instance 'uart_master_u1/par_data_out[8]' of 'bmsWIDEDFFCPE' unit is dangling and will be cleaned.
W: Public-4008: [C:/CPLD/pango/2_Tieta_Feiteng/Tieta_Feiteng_1001_PGC7KD69MBG400/rtl/source/communication/uart_master.v(line number: 287)] Instance 'uart_master_u1/par_data_out[9]' of 'bmsWIDEDFFCPE' unit is dangling and will be cleaned.
W: Public-4008: [C:/CPLD/pango/2_Tieta_Feiteng/Tieta_Feiteng_1001_PGC7KD69MBG400/rtl/source/communication/uart_master.v(line number: 287)] Instance 'uart_master_u1/par_data_out[10]' of 'bmsWIDEDFFCPE' unit is dangling and will be cleaned.
W: Public-4008: [C:/CPLD/pango/2_Tieta_Feiteng/Tieta_Feiteng_1001_PGC7KD69MBG400/rtl/source/communication/uart_master.v(line number: 287)] Instance 'uart_master_u1/par_data_out[11]' of 'bmsWIDEDFFCPE' unit is dangling and will be cleaned.
W: Public-4008: [C:/CPLD/pango/2_Tieta_Feiteng/Tieta_Feiteng_1001_PGC7KD69MBG400/rtl/source/communication/uart_master.v(line number: 287)] Instance 'uart_master_u1/par_data_out[12]' of 'bmsWIDEDFFCPE' unit is dangling and will be cleaned.
W: Public-4008: [C:/CPLD/pango/2_Tieta_Feiteng/Tieta_Feiteng_1001_PGC7KD69MBG400/rtl/source/communication/uart_master.v(line number: 287)] Instance 'uart_master_u1/par_data_out[13]' of 'bmsWIDEDFFCPE' unit is dangling and will be cleaned.
W: Public-4008: [C:/CPLD/pango/2_Tieta_Feiteng/Tieta_Feiteng_1001_PGC7KD69MBG400/rtl/source/communication/uart_master.v(line number: 287)] Instance 'uart_master_u1/par_data_out[14]' of 'bmsWIDEDFFCPE' unit is dangling and will be cleaned.
W: Public-4008: [C:/CPLD/pango/2_Tieta_Feiteng/Tieta_Feiteng_1001_PGC7KD69MBG400/rtl/source/communication/uart_master.v(line number: 287)] Instance 'uart_master_u1/par_data_out[15]' of 'bmsWIDEDFFCPE' unit is dangling and will be cleaned.
W: Public-4008: [C:/CPLD/pango/2_Tieta_Feiteng/Tieta_Feiteng_1001_PGC7KD69MBG400/rtl/source/communication/uart_master.v(line number: 224)] Instance 'uart_master_u1/reg_par_data_out[11]' of 'bmsWIDEDFFRSE' unit is dangling and will be cleaned.
W: Public-4008: [C:/CPLD/pango/2_Tieta_Feiteng/Tieta_Feiteng_1001_PGC7KD69MBG400/rtl/source/communication/uart_master.v(line number: 224)] Instance 'uart_master_u1/reg_par_data_out[12]' of 'bmsWIDEDFFRSE' unit is dangling and will be cleaned.
W: Public-4008: [C:/CPLD/pango/2_Tieta_Feiteng/Tieta_Feiteng_1001_PGC7KD69MBG400/rtl/source/communication/uart_master.v(line number: 224)] Instance 'uart_master_u1/reg_par_data_out[13]' of 'bmsWIDEDFFRSE' unit is dangling and will be cleaned.
W: Public-4008: [C:/CPLD/pango/2_Tieta_Feiteng/Tieta_Feiteng_1001_PGC7KD69MBG400/rtl/source/communication/uart_master.v(line number: 224)] Instance 'uart_master_u1/reg_par_data_out[14]' of 'bmsWIDEDFFRSE' unit is dangling and will be cleaned.
W: Public-4008: [C:/CPLD/pango/2_Tieta_Feiteng/Tieta_Feiteng_1001_PGC7KD69MBG400/rtl/source/communication/uart_master.v(line number: 224)] Instance 'uart_master_u1/reg_par_data_out[15]' of 'bmsWIDEDFFRSE' unit is dangling and will be cleaned.
W: Public-4008: [C:/CPLD/pango/2_Tieta_Feiteng/Tieta_Feiteng_1001_PGC7KD69MBG400/rtl/source/communication/uart_master.v(line number: 224)] Instance 'uart_master_u1/reg_par_data_out[16]' of 'bmsWIDEDFFRSE' unit is dangling and will be cleaned.
W: Public-4008: [C:/CPLD/pango/2_Tieta_Feiteng/Tieta_Feiteng_1001_PGC7KD69MBG400/rtl/source/communication/uart_master.v(line number: 224)] Instance 'uart_master_u1/reg_par_data_out[17]' of 'bmsWIDEDFFRSE' unit is dangling and will be cleaned.
W: Public-4008: [C:/CPLD/pango/2_Tieta_Feiteng/Tieta_Feiteng_1001_PGC7KD69MBG400/rtl/source/communication/uart_master.v(line number: 224)] Instance 'uart_master_u1/reg_par_data_out[18]' of 'bmsWIDEDFFRSE' unit is dangling and will be cleaned.
I: Removed bmsWIDEDFFCPE inst pon_reset_inst/reset2_reg[0] that is redundant to pon_reset_inst/reset1_reg[0]
I: Removed bmsWIDEDFFCPE inst pon_reset_inst/reset2_reg[1] that is redundant to pon_reset_inst/reset1_reg[1]
I: Removed bmsWIDEDFFCPE inst pon_reset_inst/reset2_reg[2] that is redundant to pon_reset_inst/reset1_reg[2]
I: Removed GTP_DFF_PE inst uart_master_u2/curr_state_reg[0] that is redundant to uart_master_u1/curr_state_reg[0]
W: Adm-4082: [C:/CPLD/pango/2_Tieta_Feiteng/Tieta_Feiteng_1001_PGC7KD69MBG400/rtl/source/pwrseq/psu.v(line number: 175)] Removed GTP_DFF_CE inst psu_inst/brownout_fault that is stuck at constant 0.
Executing : tech-mapping phase 1 successfully. Time elapsed: 0.435s wall, 0.406s user + 0.016s system = 0.422s CPU (97.0%)

Start tech-mapping phase 2.
Executing : tech-mapping phase 2 successfully. Time elapsed: 2.885s wall, 2.656s user + 0.234s system = 2.891s CPU (100.2%)

Start tech-optimization.
I: Flop bmc_cpld_i2c_ram_u0/i2c_slave_bmc_u0/i2c_slave_basic0_u0/r_sda_en is being inverted and renamed to bmc_cpld_i2c_ram_u0/i2c_slave_bmc_u0/i2c_slave_basic0_u0/r_sda_en_inv_1.
Executing : tech-optimization successfully. Time elapsed: 0.442s wall, 0.563s user + 0.016s system = 0.578s CPU (130.9%)

Start phys-optimization.
Executing : phys-optimization successfully. Time elapsed: 0.000s wall, 0.000s user + 0.000s system = 0.000s CPU (n/a%)

Start restore-hierarchy.
Executing : restore-hierarchy successfully. Time elapsed: 0.289s wall, 0.297s user + 0.000s system = 0.297s CPU (102.9%)


Cell Usage:
GTP_DFF                      12 uses
GTP_DFF_C                   386 uses
GTP_DFF_CE                 1728 uses
GTP_DFF_E                    31 uses
GTP_DFF_P                   265 uses
GTP_DFF_PE                   84 uses
GTP_DFF_R                     2 uses
GTP_DLATCH                   16 uses
GTP_DLATCH_C                  1 use
GTP_GRS                       1 use
GTP_INV                       5 uses
GTP_LUT1                     30 uses
GTP_LUT2                    176 uses
GTP_LUT3                    290 uses
GTP_LUT4                    889 uses
GTP_LUT5                    521 uses
GTP_LUT5CARRY               264 uses
GTP_LUT5M                   153 uses
GTP_MUX2LUT6                 49 uses
GTP_MUX2LUT7                  9 uses
GTP_PLL_E2                    1 use

I/O ports: 308
GTP_INBUF                 192 uses
GTP_IOBUF                   3 uses
GTP_OUTBUF                 87 uses
GTP_OUTBUFT                26 uses

Mapping Summary:
Total LUTs: 2323 of 5920 (39.24%)
	LUTs as dram: 0 of 3552 (0.00%)
	LUTs as logic: 2323
Total Registers: 2508 of 8880 (28.24%)
Total Latches: 17

DRM9K:
Total DRM9Ks = 0 of 26 (0.00%)

Total I/O ports = 308 of 336 (91.67%)


Overview of Control Sets:

Number of unique control sets : 183

Histogram:
**************************************************************
  Fanout      | Count    | Sync Set/Reset    Async Set/Reset
--------------------------------------------------------------
  [0, 2)      | 11       | 1                 10
  [2, 4)      | 112      | 2                 110
  [4, 6)      | 9        | 0                 9
  [6, 8)      | 7        | 0                 7
  [8, 10)     | 22       | 0                 22
  [10, 12)    | 7        | 0                 7
  [12, 14)    | 1        | 1                 0
  [14, 16)    | 3        | 2                 1
  [16, Inf)   | 11       | 0                 11
--------------------------------------------------------------
  The maximum fanout: 552
==============================================================

Flip-Flop Distribution:
************************************************************************
  Clock Enable    Sync Set/Reset    Async Set/Reset    Total Registers
------------------------------------------------------------------------
  NO              NO                NO                 12
  NO              NO                YES                651
  NO              YES               NO                 2
  YES             NO                NO                 31
  YES             NO                YES                1812
  YES             YES               NO                 0
========================================================================

Latch Distribution:
************************************************
  Gate Enable    Preset/Clear    Total Latches
************************************************
  NO             NO              16
  NO             YES             1
  YES            NO              0
  YES            YES             0
************************************************

Design 'Tieta_Feiteng_1001_top' has been successfully synthesized to architecture-specific objects.
Saving design to DB.
Action synthesize: Export DB successfully.
Saving design to Tieta_Feiteng_1001_top_syn.vm
Constructing timing graph ...
Timing graph has been constructed successfully
W: STA-3011: Clock pin 'bmc_cpld_i2c_ram_u0/i2c_slave_bmc_u0/w_i2c_command[0]/G' (GTP_DLATCH.G) has no clock, timing propagation is disabled at the pin.
W: STA-3011: Clock pin 'bmc_cpld_i2c_ram_u0/i2c_slave_bmc_u0/w_i2c_command[1]/G' (GTP_DLATCH.G) has no clock, timing propagation is disabled at the pin.
W: STA-3011: Clock pin 'bmc_cpld_i2c_ram_u0/i2c_slave_bmc_u0/w_i2c_command[2]/G' (GTP_DLATCH.G) has no clock, timing propagation is disabled at the pin.
W: STA-3011: Clock pin 'bmc_cpld_i2c_ram_u0/i2c_slave_bmc_u0/w_i2c_command[3]/G' (GTP_DLATCH.G) has no clock, timing propagation is disabled at the pin.
W: STA-3011: Clock pin 'bmc_cpld_i2c_ram_u0/i2c_slave_bmc_u0/w_i2c_command[4]/G' (GTP_DLATCH.G) has no clock, timing propagation is disabled at the pin.
W: STA-3011: Clock pin 'bmc_cpld_i2c_ram_u0/i2c_slave_bmc_u0/w_i2c_command[5]/G' (GTP_DLATCH.G) has no clock, timing propagation is disabled at the pin.
W: STA-3011: Clock pin 'bmc_cpld_i2c_ram_u0/i2c_slave_bmc_u0/w_i2c_command[6]/G' (GTP_DLATCH.G) has no clock, timing propagation is disabled at the pin.
W: STA-3011: Clock pin 'bmc_cpld_i2c_ram_u0/i2c_slave_bmc_u0/w_i2c_command[7]/G' (GTP_DLATCH.G) has no clock, timing propagation is disabled at the pin.
W: STA-3011: Clock pin 'bmc_cpld_i2c_ram_u0/i2c_slave_bmc_u0/w_i2c_command[8]/G' (GTP_DLATCH.G) has no clock, timing propagation is disabled at the pin.
W: STA-3011: Clock pin 'bmc_cpld_i2c_ram_u0/i2c_slave_bmc_u0/w_i2c_command[9]/G' (GTP_DLATCH.G) has no clock, timing propagation is disabled at the pin.
W: STA-3011: Clock pin 'bmc_cpld_i2c_ram_u0/i2c_slave_bmc_u0/w_i2c_command[10]/G' (GTP_DLATCH.G) has no clock, timing propagation is disabled at the pin.
W: STA-3011: Clock pin 'bmc_cpld_i2c_ram_u0/i2c_slave_bmc_u0/w_i2c_command[11]/G' (GTP_DLATCH.G) has no clock, timing propagation is disabled at the pin.
W: STA-3011: Clock pin 'bmc_cpld_i2c_ram_u0/i2c_slave_bmc_u0/w_i2c_command[12]/G' (GTP_DLATCH.G) has no clock, timing propagation is disabled at the pin.
W: STA-3011: Clock pin 'bmc_cpld_i2c_ram_u0/i2c_slave_bmc_u0/w_i2c_command[13]/G' (GTP_DLATCH.G) has no clock, timing propagation is disabled at the pin.
W: STA-3011: Clock pin 'bmc_cpld_i2c_ram_u0/i2c_slave_bmc_u0/w_i2c_command[14]/G' (GTP_DLATCH.G) has no clock, timing propagation is disabled at the pin.
W: STA-3011: Clock pin 'bmc_cpld_i2c_ram_u0/i2c_slave_bmc_u0/w_i2c_command[15]/G' (GTP_DLATCH.G) has no clock, timing propagation is disabled at the pin.
W: STA-3011: Clock pin 'genblk1[0].fan_pwm_tach_m/o_fan_tach0_cnt[0]/CLK' (GTP_DFF_C.CLK) has no clock, timing propagation is disabled at the pin.
W: STA-3011: Clock pin 'genblk1[0].fan_pwm_tach_m/o_fan_tach0_cnt[1]/CLK' (GTP_DFF_C.CLK) has no clock, timing propagation is disabled at the pin.
W: STA-3011: Clock pin 'genblk1[0].fan_pwm_tach_m/o_fan_tach0_cnt[2]/CLK' (GTP_DFF_C.CLK) has no clock, timing propagation is disabled at the pin.
W: STA-3011: Clock pin 'genblk1[0].fan_pwm_tach_m/o_fan_tach0_cnt[3]/CLK' (GTP_DFF_C.CLK) has no clock, timing propagation is disabled at the pin.
W: STA-3011: Clock pin 'genblk1[0].fan_pwm_tach_m/o_fan_tach0_cnt[4]/CLK' (GTP_DFF_C.CLK) has no clock, timing propagation is disabled at the pin.
W: STA-3011: Clock pin 'genblk1[0].fan_pwm_tach_m/o_fan_tach0_cnt[5]/CLK' (GTP_DFF_C.CLK) has no clock, timing propagation is disabled at the pin.
W: STA-3011: Clock pin 'genblk1[0].fan_pwm_tach_m/o_fan_tach0_cnt[6]/CLK' (GTP_DFF_C.CLK) has no clock, timing propagation is disabled at the pin.
W: STA-3011: Clock pin 'genblk1[0].fan_pwm_tach_m/o_fan_tach0_cnt[7]/CLK' (GTP_DFF_C.CLK) has no clock, timing propagation is disabled at the pin.
W: STA-3011: Clock pin 'genblk1[0].fan_pwm_tach_m/o_fan_tach0_cnt[8]/CLK' (GTP_DFF_C.CLK) has no clock, timing propagation is disabled at the pin.
W: STA-3011: Clock pin 'genblk1[0].fan_pwm_tach_m/o_fan_tach0_cnt[9]/CLK' (GTP_DFF_C.CLK) has no clock, timing propagation is disabled at the pin.
W: STA-3011: Clock pin 'genblk1[0].fan_pwm_tach_m/o_fan_tach0_cnt[10]/CLK' (GTP_DFF_C.CLK) has no clock, timing propagation is disabled at the pin.
W: STA-3011: Clock pin 'genblk1[0].fan_pwm_tach_m/o_fan_tach1_cnt[0]/CLK' (GTP_DFF_C.CLK) has no clock, timing propagation is disabled at the pin.
W: STA-3011: Clock pin 'genblk1[0].fan_pwm_tach_m/o_fan_tach1_cnt[1]/CLK' (GTP_DFF_C.CLK) has no clock, timing propagation is disabled at the pin.
W: STA-3011: Clock pin 'genblk1[0].fan_pwm_tach_m/o_fan_tach1_cnt[2]/CLK' (GTP_DFF_C.CLK) has no clock, timing propagation is disabled at the pin.
W: STA-3011: Clock pin 'genblk1[0].fan_pwm_tach_m/o_fan_tach1_cnt[3]/CLK' (GTP_DFF_C.CLK) has no clock, timing propagation is disabled at the pin.
W: STA-3011: Clock pin 'genblk1[0].fan_pwm_tach_m/o_fan_tach1_cnt[4]/CLK' (GTP_DFF_C.CLK) has no clock, timing propagation is disabled at the pin.
W: STA-3011: Clock pin 'genblk1[0].fan_pwm_tach_m/o_fan_tach1_cnt[5]/CLK' (GTP_DFF_C.CLK) has no clock, timing propagation is disabled at the pin.
W: STA-3011: Clock pin 'genblk1[0].fan_pwm_tach_m/o_fan_tach1_cnt[6]/CLK' (GTP_DFF_C.CLK) has no clock, timing propagation is disabled at the pin.
W: STA-3011: Clock pin 'genblk1[0].fan_pwm_tach_m/o_fan_tach1_cnt[7]/CLK' (GTP_DFF_C.CLK) has no clock, timing propagation is disabled at the pin.
W: STA-3011: Clock pin 'genblk1[0].fan_pwm_tach_m/o_fan_tach1_cnt[8]/CLK' (GTP_DFF_C.CLK) has no clock, timing propagation is disabled at the pin.
W: STA-3011: Clock pin 'genblk1[0].fan_pwm_tach_m/o_fan_tach1_cnt[9]/CLK' (GTP_DFF_C.CLK) has no clock, timing propagation is disabled at the pin.
W: STA-3011: Clock pin 'genblk1[0].fan_pwm_tach_m/o_fan_tach1_cnt[10]/CLK' (GTP_DFF_C.CLK) has no clock, timing propagation is disabled at the pin.
W: STA-3011: Clock pin 'genblk1[1].fan_pwm_tach_m/o_fan_tach0_cnt[0]/CLK' (GTP_DFF_C.CLK) has no clock, timing propagation is disabled at the pin.
W: STA-3011: Clock pin 'genblk1[1].fan_pwm_tach_m/o_fan_tach0_cnt[1]/CLK' (GTP_DFF_C.CLK) has no clock, timing propagation is disabled at the pin.
W: STA-3011: Clock pin 'genblk1[1].fan_pwm_tach_m/o_fan_tach0_cnt[2]/CLK' (GTP_DFF_C.CLK) has no clock, timing propagation is disabled at the pin.
W: STA-3011: Clock pin 'genblk1[1].fan_pwm_tach_m/o_fan_tach0_cnt[3]/CLK' (GTP_DFF_C.CLK) has no clock, timing propagation is disabled at the pin.
W: STA-3011: Clock pin 'genblk1[1].fan_pwm_tach_m/o_fan_tach0_cnt[4]/CLK' (GTP_DFF_C.CLK) has no clock, timing propagation is disabled at the pin.
W: STA-3011: Clock pin 'genblk1[1].fan_pwm_tach_m/o_fan_tach0_cnt[5]/CLK' (GTP_DFF_C.CLK) has no clock, timing propagation is disabled at the pin.
W: STA-3011: Clock pin 'genblk1[1].fan_pwm_tach_m/o_fan_tach0_cnt[6]/CLK' (GTP_DFF_C.CLK) has no clock, timing propagation is disabled at the pin.
W: STA-3011: Clock pin 'genblk1[1].fan_pwm_tach_m/o_fan_tach0_cnt[7]/CLK' (GTP_DFF_C.CLK) has no clock, timing propagation is disabled at the pin.
W: STA-3011: Clock pin 'genblk1[1].fan_pwm_tach_m/o_fan_tach0_cnt[8]/CLK' (GTP_DFF_C.CLK) has no clock, timing propagation is disabled at the pin.
W: STA-3011: Clock pin 'genblk1[1].fan_pwm_tach_m/o_fan_tach0_cnt[9]/CLK' (GTP_DFF_C.CLK) has no clock, timing propagation is disabled at the pin.
W: STA-3011: Clock pin 'genblk1[1].fan_pwm_tach_m/o_fan_tach0_cnt[10]/CLK' (GTP_DFF_C.CLK) has no clock, timing propagation is disabled at the pin.
W: STA-3011: Clock pin 'genblk1[1].fan_pwm_tach_m/o_fan_tach1_cnt[0]/CLK' (GTP_DFF_C.CLK) has no clock, timing propagation is disabled at the pin.
W: STA-3011: Clock pin 'genblk1[1].fan_pwm_tach_m/o_fan_tach1_cnt[1]/CLK' (GTP_DFF_C.CLK) has no clock, timing propagation is disabled at the pin.
W: STA-3011: Clock pin 'genblk1[1].fan_pwm_tach_m/o_fan_tach1_cnt[2]/CLK' (GTP_DFF_C.CLK) has no clock, timing propagation is disabled at the pin.
W: STA-3011: Clock pin 'genblk1[1].fan_pwm_tach_m/o_fan_tach1_cnt[3]/CLK' (GTP_DFF_C.CLK) has no clock, timing propagation is disabled at the pin.
W: STA-3011: Clock pin 'genblk1[1].fan_pwm_tach_m/o_fan_tach1_cnt[4]/CLK' (GTP_DFF_C.CLK) has no clock, timing propagation is disabled at the pin.
W: STA-3011: Clock pin 'genblk1[1].fan_pwm_tach_m/o_fan_tach1_cnt[5]/CLK' (GTP_DFF_C.CLK) has no clock, timing propagation is disabled at the pin.
W: STA-3011: Clock pin 'genblk1[1].fan_pwm_tach_m/o_fan_tach1_cnt[6]/CLK' (GTP_DFF_C.CLK) has no clock, timing propagation is disabled at the pin.
W: STA-3011: Clock pin 'genblk1[1].fan_pwm_tach_m/o_fan_tach1_cnt[7]/CLK' (GTP_DFF_C.CLK) has no clock, timing propagation is disabled at the pin.
W: STA-3011: Clock pin 'genblk1[1].fan_pwm_tach_m/o_fan_tach1_cnt[8]/CLK' (GTP_DFF_C.CLK) has no clock, timing propagation is disabled at the pin.
W: STA-3011: Clock pin 'genblk1[1].fan_pwm_tach_m/o_fan_tach1_cnt[9]/CLK' (GTP_DFF_C.CLK) has no clock, timing propagation is disabled at the pin.
W: STA-3011: Clock pin 'genblk1[1].fan_pwm_tach_m/o_fan_tach1_cnt[10]/CLK' (GTP_DFF_C.CLK) has no clock, timing propagation is disabled at the pin.
W: STA-3011: Clock pin 'power_on_off/G' (GTP_DLATCH_C.G) has no clock, timing propagation is disabled at the pin.
W: Timing-4086: Port 'io_BMC_I2C9_PAL_M_SDA1_R' is not constrained, it is treated as combinational input.
W: Timing-4087: Port 'io_BMC_I2C9_PAL_M_SDA1_R' is not constrained, it is treated as combinational output.
W: Timing-4086: Port 'io_PAL_BP1_PWR_ON_R' is not constrained, it is treated as combinational input.
W: Timing-4087: Port 'io_PAL_BP1_PWR_ON_R' is not constrained, it is treated as combinational output.
W: Timing-4086: Port 'io_PAL_BP2_PWR_ON_R' is not constrained, it is treated as combinational input.
W: Timing-4087: Port 'io_PAL_BP2_PWR_ON_R' is not constrained, it is treated as combinational output.
W: Timing-4087: Port 'o_BIOS0_RST_N_R' is not constrained, it is treated as combinational output.
W: Timing-4087: Port 'o_BIOS1_RST_N_R' is not constrained, it is treated as combinational output.
W: Timing-4087: Port 'o_CK440_SS_EN_R' is not constrained, it is treated as combinational output.
W: Timing-4087: Port 'o_CPLD_M_S_EXCHANGE_S1_R' is not constrained, it is treated as combinational output.
W: Timing-4087: Port 'o_CPLD_M_S_EXCHANGE_S3_R' is not constrained, it is treated as combinational output.
W: Timing-4087: Port 'o_CPLD_M_S_EXCHANGE_S4_R' is not constrained, it is treated as combinational output.
W: Timing-4087: Port 'o_CPLD_M_S_EXCHANGE_S5_R' is not constrained, it is treated as combinational output.
W: Timing-4087: Port 'o_CPLD_M_S_SGPIO1_CLK_R' is not constrained, it is treated as combinational output.
W: Timing-4087: Port 'o_CPLD_M_S_SGPIO1_LD_N_R' is not constrained, it is treated as combinational output.
W: Timing-4087: Port 'o_CPLD_M_S_SGPIO1_MOSI_R' is not constrained, it is treated as combinational output.
W: Timing-4087: Port 'o_CPLD_M_S_SGPIO_CLK_R' is not constrained, it is treated as combinational output.
W: Timing-4087: Port 'o_CPLD_M_S_SGPIO_LD_N_R' is not constrained, it is treated as combinational output.
W: Timing-4087: Port 'o_CPLD_M_S_SGPIO_MOSI_R' is not constrained, it is treated as combinational output.
W: Timing-4087: Port 'o_CPU0_D0_SE_RECOVERY_R' is not constrained, it is treated as combinational output.
W: Timing-4087: Port 'o_CPU0_D0_SOFT_SHUTDOWN_INT_N' is not constrained, it is treated as combinational output.
W: Timing-4087: Port 'o_CPU0_D1_SE_RECOVERY_R' is not constrained, it is treated as combinational output.
W: Timing-4087: Port 'o_CPU0_D1_SPI0_CS' is not constrained, it is treated as combinational output.
W: Timing-4087: Port 'o_CPU0_D1_SPI0_MOSI' is not constrained, it is treated as combinational output.
W: Timing-4087: Port 'o_CPU0_D1_SPI0_SCK' is not constrained, it is treated as combinational output.
W: Timing-4087: Port 'o_CPU0_D0123_SOCKET_ID_R' is not constrained, it is treated as combinational output.
W: Timing-4087: Port 'o_CPU0_I2C_TRAN_EN_R' is not constrained, it is treated as combinational output.
W: Timing-4087: Port 'o_CPU0_PE2_RST_N_R' is not constrained, it is treated as combinational output.
W: Timing-4087: Port 'o_CPU0_PE3_RST_N_R' is not constrained, it is treated as combinational output.
W: Timing-4087: Port 'o_CPU0_POR_N_R' is not constrained, it is treated as combinational output.
W: Timing-4087: Port 'o_CPU0_SB_EN_R' is not constrained, it is treated as combinational output.
W: Timing-4087: Port 'o_CPU1_D0_SE_RECOVERY_R' is not constrained, it is treated as combinational output.
W: Timing-4087: Port 'o_CPU1_D0_SOFT_SHUTDOWN_INT_N' is not constrained, it is treated as combinational output.
W: Timing-4087: Port 'o_CPU1_D1_SE_RECOVERY_R' is not constrained, it is treated as combinational output.
W: Timing-4087: Port 'o_CPU1_D0123_SOCKET_ID_R' is not constrained, it is treated as combinational output.
W: Timing-4087: Port 'o_CPU1_I2C_TRAN_EN_R' is not constrained, it is treated as combinational output.
W: Timing-4087: Port 'o_CPU1_PE1_RST_N_R' is not constrained, it is treated as combinational output.
W: Timing-4087: Port 'o_CPU1_PE2_RST_N_R' is not constrained, it is treated as combinational output.
W: Timing-4087: Port 'o_CPU1_POR_N_R' is not constrained, it is treated as combinational output.
W: Timing-4087: Port 'o_CPU1_SB_EN_R' is not constrained, it is treated as combinational output.
W: Timing-4087: Port 'o_FT_CPU0_SCP_BOOT_FROM_FLASH_R' is not constrained, it is treated as combinational output.
W: Timing-4087: Port 'o_FT_CPU1_SCP_BOOT_FROM_FLASH_R' is not constrained, it is treated as combinational output.
W: Timing-4087: Port 'o_P1V8_STBY_CPLD_EN_R' is not constrained, it is treated as combinational output.
W: Timing-4087: Port 'o_P5V_USB_MB_DOWN_EN_R' is not constrained, it is treated as combinational output.
W: Timing-4087: Port 'o_P5V_USB_MB_UP_EN_R' is not constrained, it is treated as combinational output.
W: Timing-4087: Port 'o_PAL_88SE9230_RST_N_R' is not constrained, it is treated as combinational output.
W: Timing-4087: Port 'o_PAL_BMC_PERST_N_R' is not constrained, it is treated as combinational output.
W: Timing-4087: Port 'o_PAL_BMC_SRST_R' is not constrained, it is treated as combinational output.
W: Timing-4087: Port 'o_PAL_CK440_PWRDN_N_R' is not constrained, it is treated as combinational output.
W: Timing-4087: Port 'o_PAL_CPU0_D0_VPH_1V8_EN' is not constrained, it is treated as combinational output.
W: Timing-4087: Port 'o_PAL_CPU0_D0_VP_0V9_EN' is not constrained, it is treated as combinational output.
W: Timing-4087: Port 'o_PAL_CPU0_D1_VPH_1V8_EN' is not constrained, it is treated as combinational output.
W: Timing-4087: Port 'o_PAL_CPU0_D1_VP_0V9_EN' is not constrained, it is treated as combinational output.
W: Timing-4087: Port 'o_PAL_CPU0_DDR_VDD_EN_R' is not constrained, it is treated as combinational output.
W: Timing-4087: Port 'o_PAL_CPU0_NVME_ALERT_N_R' is not constrained, it is treated as combinational output.
W: Timing-4087: Port 'o_PAL_CPU0_P1V8_EN_R' is not constrained, it is treated as combinational output.
W: Timing-4087: Port 'o_PAL_CPU0_PLL_P1V8_EN_R' is not constrained, it is treated as combinational output.
W: Timing-4087: Port 'o_PAL_CPU0_VDDQ_EN_R' is not constrained, it is treated as combinational output.
W: Timing-4087: Port 'o_PAL_CPU0_VDD_CORE_EN_R' is not constrained, it is treated as combinational output.
W: Timing-4087: Port 'o_PAL_CPU0_VR8_RESET_R' is not constrained, it is treated as combinational output.
W: Timing-4087: Port 'o_PAL_CPU0_VR_SELECT_N_R' is not constrained, it is treated as combinational output.
W: Timing-4087: Port 'o_PAL_CPU1_D0_VPH_1V8_EN' is not constrained, it is treated as combinational output.
W: Timing-4087: Port 'o_PAL_CPU1_D0_VP_0V9_EN' is not constrained, it is treated as combinational output.
W: Timing-4087: Port 'o_PAL_CPU1_D1_VPH_1V8_EN' is not constrained, it is treated as combinational output.
W: Timing-4087: Port 'o_PAL_CPU1_D1_VP_0V9_EN' is not constrained, it is treated as combinational output.
W: Timing-4087: Port 'o_PAL_CPU1_DDR_VDD_EN_R' is not constrained, it is treated as combinational output.
W: Timing-4087: Port 'o_PAL_CPU1_NVME_ALERT_N_R' is not constrained, it is treated as combinational output.
W: Timing-4087: Port 'o_PAL_CPU1_P1V8_EN_R' is not constrained, it is treated as combinational output.
W: Timing-4087: Port 'o_PAL_CPU1_PLL_P1V8_EN_R' is not constrained, it is treated as combinational output.
W: Timing-4087: Port 'o_PAL_CPU1_VDDQ_EN_R' is not constrained, it is treated as combinational output.
W: Timing-4087: Port 'o_PAL_CPU1_VDD_CORE_EN_R' is not constrained, it is treated as combinational output.
W: Timing-4087: Port 'o_PAL_CPU1_VR8_RESET_R' is not constrained, it is treated as combinational output.
W: Timing-4087: Port 'o_PAL_CPU1_VR_SELECT_N_R' is not constrained, it is treated as combinational output.
W: Timing-4087: Port 'o_PAL_DPLL_GPIO0_R' is not constrained, it is treated as combinational output.
W: Timing-4087: Port 'o_PAL_DPLL_GPIO1_R' is not constrained, it is treated as combinational output.
W: Timing-4087: Port 'o_PAL_DPLL_INIT_R' is not constrained, it is treated as combinational output.
W: Timing-4087: Port 'o_PAL_DPLL_RESET_R' is not constrained, it is treated as combinational output.
W: Timing-4087: Port 'o_PAL_FAN0_PWM_R' is not constrained, it is treated as combinational output.
W: Timing-4087: Port 'o_PAL_FAN1_PWM_R' is not constrained, it is treated as combinational output.
W: Timing-4087: Port 'o_PAL_FAN2_PWM_R' is not constrained, it is treated as combinational output.
W: Timing-4087: Port 'o_PAL_FAN3_PWM_R' is not constrained, it is treated as combinational output.
W: Timing-4087: Port 'o_PAL_FAN_FAIL_LED0_R' is not constrained, it is treated as combinational output.
W: Timing-4087: Port 'o_PAL_FAN_FAIL_LED1_R' is not constrained, it is treated as combinational output.
W: Timing-4087: Port 'o_PAL_FAN_FAIL_LED2_R' is not constrained, it is treated as combinational output.
W: Timing-4087: Port 'o_PAL_FAN_FAIL_LED3_R' is not constrained, it is treated as combinational output.
W: Timing-4087: Port 'o_PAL_FAN_NRML_LED0_R' is not constrained, it is treated as combinational output.
W: Timing-4087: Port 'o_PAL_FAN_NRML_LED1_R' is not constrained, it is treated as combinational output.
W: Timing-4087: Port 'o_PAL_FAN_NRML_LED2_R' is not constrained, it is treated as combinational output.
W: Timing-4087: Port 'o_PAL_FAN_NRML_LED3_R' is not constrained, it is treated as combinational output.
W: Timing-4087: Port 'o_PAL_P3V3_STBY_RST_R' is not constrained, it is treated as combinational output.
W: Timing-4087: Port 'o_PAL_P5V_STBY_EN_R' is not constrained, it is treated as combinational output.
W: Timing-4087: Port 'o_PAL_P12V_CPU0_VIN_EN_R' is not constrained, it is treated as combinational output.
W: Timing-4087: Port 'o_PAL_P12V_CPU1_VIN_EN_R' is not constrained, it is treated as combinational output.
W: Timing-4087: Port 'o_PAL_P12V_DISCHARGE_R' is not constrained, it is treated as combinational output.
W: Timing-4087: Port 'o_PAL_P12V_FAN0_EN_R' is not constrained, it is treated as combinational output.
W: Timing-4087: Port 'o_PAL_P12V_FAN1_EN_R' is not constrained, it is treated as combinational output.
W: Timing-4087: Port 'o_PAL_P12V_FAN2_EN_R' is not constrained, it is treated as combinational output.
W: Timing-4087: Port 'o_PAL_P12V_FAN3_EN_R' is not constrained, it is treated as combinational output.
W: Timing-4087: Port 'o_PAL_P12V_RISER1_VIN_EN_R' is not constrained, it is treated as combinational output.
W: Timing-4087: Port 'o_PAL_P12V_RISER2_VIN_EN_R' is not constrained, it is treated as combinational output.
W: Timing-4087: Port 'o_PAL_PS1_P12V_ON_R' is not constrained, it is treated as combinational output.
W: Timing-4087: Port 'o_PAL_PS2_P12V_ON_R' is not constrained, it is treated as combinational output.
W: Timing-4087: Port 'o_PAL_PVCC_HPMOS_CPU_EN_R' is not constrained, it is treated as combinational output.
W: Timing-4087: Port 'o_PAL_PWR_LOM_EN_R' is not constrained, it is treated as combinational output.
W: Timing-4087: Port 'o_PAL_REAT_BP_EFUSE_EN_R' is not constrained, it is treated as combinational output.
W: Timing-4087: Port 'o_PAL_RISER1_PWR_EN_R' is not constrained, it is treated as combinational output.
W: Timing-4087: Port 'o_PAL_RISER2_PWR_EN_R' is not constrained, it is treated as combinational output.
W: Timing-4087: Port 'o_PAL_RISER2_SELECT' is not constrained, it is treated as combinational output.
W: Timing-4087: Port 'o_PAL_RISER2_SWITCH_EN' is not constrained, it is treated as combinational output.
W: Timing-4087: Port 'o_PAL_RST_CPU0_VPP_N_R' is not constrained, it is treated as combinational output.
W: Timing-4087: Port 'o_PAL_RST_CPU1_VPP_N_R' is not constrained, it is treated as combinational output.
W: Timing-4087: Port 'o_PAL_RTC_SELECT_N' is not constrained, it is treated as combinational output.
W: Timing-4087: Port 'o_PAL_SYS_EEPROM_BYPASS_N_R' is not constrained, it is treated as combinational output.
W: Timing-4087: Port 'o_PAL_UPD_VCC_3V3_EN_R' is not constrained, it is treated as combinational output.
W: Timing-4087: Port 'o_PAL_VCC_1V1_EN_R' is not constrained, it is treated as combinational output.
W: Timing-4087: Port 'o_PAL_WX1860_NRST_R' is not constrained, it is treated as combinational output.
W: Timing-4087: Port 'o_PAL_WX1860_PERST_R' is not constrained, it is treated as combinational output.
W: Timing-4087: Port 'o_PWR_88SE9230_P1V0_EN_R' is not constrained, it is treated as combinational output.
W: Timing-4087: Port 'o_PWR_88SE9230_P1V8_EN_R' is not constrained, it is treated as combinational output.
W: Timing-4086: Port 'i_BMC_I2C9_PAL_M_SCL1_R' is not constrained, it is treated as combinational input.
W: Timing-4086: Port 'i_CPLD_M_S_EXCHANGE_S2_R' is not constrained, it is treated as combinational input.
W: Timing-4086: Port 'i_CPLD_M_S_SGPIO_MISO' is not constrained, it is treated as combinational input.
W: Timing-4086: Port 'i_CPU0_D0_BIOS_OVER' is not constrained, it is treated as combinational input.
W: Timing-4086: Port 'i_CPU0_RST_VPP_I2C_N' is not constrained, it is treated as combinational input.
W: Timing-4086: Port 'i_CPU0_VR8_CAT_FLT' is not constrained, it is treated as combinational input.
W: Timing-4086: Port 'i_CPU0_VR_ALERT_N_R' is not constrained, it is treated as combinational input.
W: Timing-4086: Port 'i_CPU1_D0_BIOS_OVER' is not constrained, it is treated as combinational input.
W: Timing-4086: Port 'i_CPU1_RST_VPP_I2C_N' is not constrained, it is treated as combinational input.
W: Timing-4086: Port 'i_CPU1_VR8_CAT_FLT' is not constrained, it is treated as combinational input.
W: Timing-4086: Port 'i_CPU1_VR_ALERT_N_R' is not constrained, it is treated as combinational input.
W: Timing-4086: Port 'i_FAN_TACH_4_D' is not constrained, it is treated as combinational input.
W: Timing-4086: Port 'i_FAN_TACH_5_D' is not constrained, it is treated as combinational input.
W: Timing-4086: Port 'i_FAN_TACH_6_D' is not constrained, it is treated as combinational input.
W: Timing-4086: Port 'i_FAN_TACH_7_D' is not constrained, it is treated as combinational input.
W: Timing-4086: Port 'i_FRONT_PAL_INTRUDER' is not constrained, it is treated as combinational input.
W: Timing-4086: Port 'i_INTRUDER_CABLE_INST_N' is not constrained, it is treated as combinational input.
W: Timing-4086: Port 'i_PAL_BMCUID_BUTTON_R' is not constrained, it is treated as combinational input.
W: Timing-4086: Port 'i_PAL_BP1_CPU_1P2P' is not constrained, it is treated as combinational input.
W: Timing-4086: Port 'i_PAL_BP1_PRSNT_N' is not constrained, it is treated as combinational input.
W: Timing-4086: Port 'i_PAL_BP2_CPU_1P2P' is not constrained, it is treated as combinational input.
W: Timing-4086: Port 'i_PAL_BP2_PRSNT_N' is not constrained, it is treated as combinational input.
W: Timing-4086: Port 'i_PAL_CPU0_D0_VPH_1V8_PG' is not constrained, it is treated as combinational input.
W: Timing-4086: Port 'i_PAL_CPU0_D0_VP_0V9_PG' is not constrained, it is treated as combinational input.
W: Timing-4086: Port 'i_PAL_CPU0_D1_VPH_1V8_PG' is not constrained, it is treated as combinational input.
W: Timing-4086: Port 'i_PAL_CPU0_D1_VP_0V9_PG' is not constrained, it is treated as combinational input.
W: Timing-4086: Port 'i_PAL_CPU0_DDR_VDD_PG' is not constrained, it is treated as combinational input.
W: Timing-4086: Port 'i_PAL_CPU0_P1V8_PG' is not constrained, it is treated as combinational input.
W: Timing-4086: Port 'i_PAL_CPU0_PLL_P1V8_PG' is not constrained, it is treated as combinational input.
W: Timing-4086: Port 'i_PAL_CPU0_VDDQ_P1V1_PG' is not constrained, it is treated as combinational input.
W: Timing-4086: Port 'i_PAL_CPU0_VDD_VCORE_P0V8_PG' is not constrained, it is treated as combinational input.
W: Timing-4086: Port 'i_PAL_CPU1_D0_VPH_1V8_PG' is not constrained, it is treated as combinational input.
W: Timing-4086: Port 'i_PAL_CPU1_D0_VP_0V9_PG' is not constrained, it is treated as combinational input.
W: Timing-4086: Port 'i_PAL_CPU1_D1_VPH_1V8_PG' is not constrained, it is treated as combinational input.
W: Timing-4086: Port 'i_PAL_CPU1_D1_VP_0V9_PG' is not constrained, it is treated as combinational input.
W: Timing-4086: Port 'i_PAL_CPU1_DDR_VDD_PG' is not constrained, it is treated as combinational input.
W: Timing-4086: Port 'i_PAL_CPU1_P1V8_PG' is not constrained, it is treated as combinational input.
W: Timing-4086: Port 'i_PAL_CPU1_PLL_P1V8_PG' is not constrained, it is treated as combinational input.
W: Timing-4086: Port 'i_PAL_CPU1_VDDQ_P1V1_PG' is not constrained, it is treated as combinational input.
W: Timing-4086: Port 'i_PAL_CPU1_VDD_VCORE_P0V8_PG' is not constrained, it is treated as combinational input.
W: Timing-4086: Port 'i_PAL_P3V3_STBY_PGD' is not constrained, it is treated as combinational input.
W: Timing-4086: Port 'i_PAL_P5V_STBY_PGD' is not constrained, it is treated as combinational input.
W: Timing-4086: Port 'i_PAL_P12V_CPU0_VIN_PG' is not constrained, it is treated as combinational input.
W: Timing-4086: Port 'i_PAL_P12V_CPU1_VIN_PG' is not constrained, it is treated as combinational input.
W: Timing-4086: Port 'i_PAL_P12V_FAN0_PG' is not constrained, it is treated as combinational input.
W: Timing-4086: Port 'i_PAL_P12V_FAN1_PG' is not constrained, it is treated as combinational input.
W: Timing-4086: Port 'i_PAL_P12V_FAN2_PG' is not constrained, it is treated as combinational input.
W: Timing-4086: Port 'i_PAL_P12V_FAN3_PG' is not constrained, it is treated as combinational input.
W: Timing-4086: Port 'i_PAL_PS1_ACFAIL' is not constrained, it is treated as combinational input.
W: Timing-4086: Port 'i_PAL_PS1_DCOK' is not constrained, it is treated as combinational input.
W: Timing-4086: Port 'i_PAL_PS1_PRSNT' is not constrained, it is treated as combinational input.
W: Timing-4086: Port 'i_PAL_PS1_SMB_ALERT_TO_FPGA' is not constrained, it is treated as combinational input.
W: Timing-4086: Port 'i_PAL_PS2_ACFAIL' is not constrained, it is treated as combinational input.
W: Timing-4086: Port 'i_PAL_PS2_DCOK' is not constrained, it is treated as combinational input.
W: Timing-4086: Port 'i_PAL_PS2_PRSNT' is not constrained, it is treated as combinational input.
W: Timing-4086: Port 'i_PAL_PS2_SMB_ALERT_TO_FPGA' is not constrained, it is treated as combinational input.
W: Timing-4086: Port 'i_PAL_REAT_BP_EFUSE_PG' is not constrained, it is treated as combinational input.
W: Timing-4086: Port 'i_PAL_RTC_INTB' is not constrained, it is treated as combinational input.
W: Timing-4086: Port 'i_PAL_VCC_1V1_PG' is not constrained, it is treated as combinational input.
W: Timing-4086: Port 'i_SMB_PEHP_CPU0_3V3_ALERT_N' is not constrained, it is treated as combinational input.
W: Timing-4086: Port 'i_SMB_PEHP_CPU1_3V3_ALERT_N' is not constrained, it is treated as combinational input.
Action synthesize: Real time elapsed is 0h:0m:12s
Action synthesize: CPU time elapsed is 0h:0m:10s
Action synthesize: Process CPU time elapsed is 0h:0m:11s
Action synthesize: Peak memory pool usage is 286 MB

Current time: Fri Mar  6 14:40:46 2026
