#Build: Fabric Compiler 2024.2-SP1.2, Build 187561, May 22 18:16 2025
#Install: C:\studyware\pango\PDS_2024.2-SP1.2-ads\bin
#Application name: pds_shell.exe
#OS: Windows 10 10.0.18363
#Hostname: z02665mj
Generated by Fabric Compiler (version 2024.2-SP1.2 build 187561) at Fri Mar 27 20:06:31 2026
Parameters for debugging are loaded as follows:
License checkout: fabric_ads from C:/studyware/pango/PDS_2024.2-SP1.2-ads/license/new_pds_6805cabd4893.lic
Compiling verification operator library.
Compiling common defs.
Loading technology operator library.
Compiling technology operator library.
Compiling technology operator (valence) library.
Reading design from compile DB
Reading design from compile DB successfully.
Elaborate the liberty model.
I: Multithreading enabled for Timing using a maximum of 4 processes.
Constraint check start.
Compiling prim grid devices.
Compiling place grid timing.
Building architecture model.
Loading device packaging model.
Building architecture floorplan logic view.
W: ConstraintEditor-4026: [C:/CPLD/pango/2_Tieta_Feiteng/Tieta_Feiteng_1001_PGC7KD69MBG400/prj/Tieta_M/Tieta_M.fdc(line number: 623)] Parse file warning: PAP_IO_STANDARD is already defined in p:o_CPU0_D1_SE_RECOVERY_R, new value LVCMOS33 will overwrite the current value.
W: ConstraintEditor-4042: Port 'p:io_BMC_I2C9_PAL_M_SDA1_R' lacks attribute 'PAP_IO_DRIVE', it's better to set the attribute for port.
W: ConstraintEditor-4042: Port 'p:io_BMC_I2C9_PAL_M_SDA1_R' lacks attribute 'PAP_IO_SLEW', it's better to set the attribute for port.
W: ConstraintEditor-4042: Port 'p:io_BMC_I2C9_PAL_M_SDA1_R' lacks attribute 'BUS_KEEPER', it's better to set the attribute for port.
W: ConstraintEditor-4042: Port 'p:io_PAL_BP1_PWR_ON_R' lacks attribute 'PAP_IO_DRIVE', it's better to set the attribute for port.
W: ConstraintEditor-4042: Port 'p:io_PAL_BP1_PWR_ON_R' lacks attribute 'PAP_IO_SLEW', it's better to set the attribute for port.
W: ConstraintEditor-4042: Port 'p:io_PAL_BP1_PWR_ON_R' lacks attribute 'BUS_KEEPER', it's better to set the attribute for port.
W: ConstraintEditor-4042: Port 'p:io_PAL_BP2_PWR_ON_R' lacks attribute 'PAP_IO_DRIVE', it's better to set the attribute for port.
W: ConstraintEditor-4042: Port 'p:io_PAL_BP2_PWR_ON_R' lacks attribute 'PAP_IO_SLEW', it's better to set the attribute for port.
W: ConstraintEditor-4042: Port 'p:io_PAL_BP2_PWR_ON_R' lacks attribute 'BUS_KEEPER', it's better to set the attribute for port.
W: ConstraintEditor-4042: Port 'p:o_BIOS0_RST_N_R' lacks attribute 'PAP_IO_DRIVE', it's better to set the attribute for port.
W: ConstraintEditor-4042: Port 'p:o_BIOS0_RST_N_R' lacks attribute 'PAP_IO_SLEW', it's better to set the attribute for port.
W: ConstraintEditor-4042: Port 'p:o_BIOS0_RST_N_R' lacks attribute 'BUS_KEEPER', it's better to set the attribute for port.
W: ConstraintEditor-4042: Port 'p:o_BIOS1_RST_N_R' lacks attribute 'PAP_IO_DRIVE', it's better to set the attribute for port.
W: ConstraintEditor-4042: Port 'p:o_BIOS1_RST_N_R' lacks attribute 'PAP_IO_SLEW', it's better to set the attribute for port.
W: ConstraintEditor-4042: Port 'p:o_BIOS1_RST_N_R' lacks attribute 'BUS_KEEPER', it's better to set the attribute for port.
W: ConstraintEditor-4042: Port 'p:o_CK440_SS_EN_R' lacks attribute 'PAP_IO_DRIVE', it's better to set the attribute for port.
W: ConstraintEditor-4042: Port 'p:o_CK440_SS_EN_R' lacks attribute 'PAP_IO_SLEW', it's better to set the attribute for port.
W: ConstraintEditor-4042: Port 'p:o_CK440_SS_EN_R' lacks attribute 'BUS_KEEPER', it's better to set the attribute for port.
W: ConstraintEditor-4042: Port 'p:o_CPLD_M_S_EXCHANGE_S1_R' lacks attribute 'PAP_IO_DRIVE', it's better to set the attribute for port.
W: ConstraintEditor-4042: Port 'p:o_CPLD_M_S_EXCHANGE_S1_R' lacks attribute 'PAP_IO_SLEW', it's better to set the attribute for port.
W: ConstraintEditor-4042: Port 'p:o_CPLD_M_S_EXCHANGE_S1_R' lacks attribute 'BUS_KEEPER', it's better to set the attribute for port.
W: ConstraintEditor-4042: Port 'p:o_CPLD_M_S_EXCHANGE_S3_R' lacks attribute 'PAP_IO_DRIVE', it's better to set the attribute for port.
W: ConstraintEditor-4042: Port 'p:o_CPLD_M_S_EXCHANGE_S3_R' lacks attribute 'PAP_IO_SLEW', it's better to set the attribute for port.
W: ConstraintEditor-4042: Port 'p:o_CPLD_M_S_EXCHANGE_S3_R' lacks attribute 'BUS_KEEPER', it's better to set the attribute for port.
W: ConstraintEditor-4042: Port 'p:o_CPLD_M_S_EXCHANGE_S4_R' lacks attribute 'PAP_IO_DRIVE', it's better to set the attribute for port.
W: ConstraintEditor-4042: Port 'p:o_CPLD_M_S_EXCHANGE_S4_R' lacks attribute 'PAP_IO_SLEW', it's better to set the attribute for port.
W: ConstraintEditor-4042: Port 'p:o_CPLD_M_S_EXCHANGE_S4_R' lacks attribute 'BUS_KEEPER', it's better to set the attribute for port.
W: ConstraintEditor-4042: Port 'p:o_CPLD_M_S_EXCHANGE_S5_R' lacks attribute 'PAP_IO_DRIVE', it's better to set the attribute for port.
W: ConstraintEditor-4042: Port 'p:o_CPLD_M_S_EXCHANGE_S5_R' lacks attribute 'PAP_IO_SLEW', it's better to set the attribute for port.
W: ConstraintEditor-4042: Port 'p:o_CPLD_M_S_EXCHANGE_S5_R' lacks attribute 'BUS_KEEPER', it's better to set the attribute for port.
W: ConstraintEditor-4042: Port 'p:o_CPLD_M_S_SGPIO1_CLK_R' lacks attribute 'PAP_IO_DRIVE', it's better to set the attribute for port.
W: ConstraintEditor-4042: Port 'p:o_CPLD_M_S_SGPIO1_CLK_R' lacks attribute 'PAP_IO_SLEW', it's better to set the attribute for port.
W: ConstraintEditor-4042: Port 'p:o_CPLD_M_S_SGPIO1_CLK_R' lacks attribute 'BUS_KEEPER', it's better to set the attribute for port.
W: ConstraintEditor-4042: Port 'p:o_CPLD_M_S_SGPIO1_LD_N_R' lacks attribute 'PAP_IO_DRIVE', it's better to set the attribute for port.
W: ConstraintEditor-4042: Port 'p:o_CPLD_M_S_SGPIO1_LD_N_R' lacks attribute 'PAP_IO_SLEW', it's better to set the attribute for port.
W: ConstraintEditor-4042: Port 'p:o_CPLD_M_S_SGPIO1_LD_N_R' lacks attribute 'BUS_KEEPER', it's better to set the attribute for port.
W: ConstraintEditor-4042: Port 'p:o_CPLD_M_S_SGPIO1_MOSI_R' lacks attribute 'PAP_IO_DRIVE', it's better to set the attribute for port.
W: ConstraintEditor-4042: Port 'p:o_CPLD_M_S_SGPIO1_MOSI_R' lacks attribute 'PAP_IO_SLEW', it's better to set the attribute for port.
W: ConstraintEditor-4042: Port 'p:o_CPLD_M_S_SGPIO1_MOSI_R' lacks attribute 'BUS_KEEPER', it's better to set the attribute for port.
W: ConstraintEditor-4042: Port 'p:o_CPLD_M_S_SGPIO_CLK_R' lacks attribute 'PAP_IO_DRIVE', it's better to set the attribute for port.
W: ConstraintEditor-4042: Port 'p:o_CPLD_M_S_SGPIO_CLK_R' lacks attribute 'PAP_IO_SLEW', it's better to set the attribute for port.
W: ConstraintEditor-4042: Port 'p:o_CPLD_M_S_SGPIO_CLK_R' lacks attribute 'BUS_KEEPER', it's better to set the attribute for port.
W: ConstraintEditor-4042: Port 'p:o_CPLD_M_S_SGPIO_LD_N_R' lacks attribute 'PAP_IO_DRIVE', it's better to set the attribute for port.
W: ConstraintEditor-4042: Port 'p:o_CPLD_M_S_SGPIO_LD_N_R' lacks attribute 'PAP_IO_SLEW', it's better to set the attribute for port.
W: ConstraintEditor-4042: Port 'p:o_CPLD_M_S_SGPIO_LD_N_R' lacks attribute 'BUS_KEEPER', it's better to set the attribute for port.
W: ConstraintEditor-4042: Port 'p:o_CPLD_M_S_SGPIO_MOSI_R' lacks attribute 'PAP_IO_DRIVE', it's better to set the attribute for port.
W: ConstraintEditor-4042: Port 'p:o_CPLD_M_S_SGPIO_MOSI_R' lacks attribute 'PAP_IO_SLEW', it's better to set the attribute for port.
W: ConstraintEditor-4042: Port 'p:o_CPLD_M_S_SGPIO_MOSI_R' lacks attribute 'BUS_KEEPER', it's better to set the attribute for port.
W: ConstraintEditor-4042: Port 'p:o_CPU0_D0_SE_RECOVERY_R' lacks attribute 'PAP_IO_DRIVE', it's better to set the attribute for port.
W: ConstraintEditor-4042: Port 'p:o_CPU0_D0_SE_RECOVERY_R' lacks attribute 'PAP_IO_SLEW', it's better to set the attribute for port.
W: ConstraintEditor-4042: Port 'p:o_CPU0_D0_SE_RECOVERY_R' lacks attribute 'BUS_KEEPER', it's better to set the attribute for port.
W: ConstraintEditor-4042: Port 'p:o_CPU0_D0_SOFT_SHUTDOWN_INT_N' lacks attribute 'PAP_IO_DRIVE', it's better to set the attribute for port.
W: ConstraintEditor-4042: Port 'p:o_CPU0_D0_SOFT_SHUTDOWN_INT_N' lacks attribute 'PAP_IO_SLEW', it's better to set the attribute for port.
W: ConstraintEditor-4042: Port 'p:o_CPU0_D0_SOFT_SHUTDOWN_INT_N' lacks attribute 'BUS_KEEPER', it's better to set the attribute for port.
W: ConstraintEditor-4042: Port 'p:o_CPU0_D1_SE_RECOVERY_R' lacks attribute 'PAP_IO_DRIVE', it's better to set the attribute for port.
W: ConstraintEditor-4042: Port 'p:o_CPU0_D1_SE_RECOVERY_R' lacks attribute 'PAP_IO_SLEW', it's better to set the attribute for port.
W: ConstraintEditor-4042: Port 'p:o_CPU0_D1_SE_RECOVERY_R' lacks attribute 'BUS_KEEPER', it's better to set the attribute for port.
W: ConstraintEditor-4042: Port 'p:o_CPU0_D0123_SOCKET_ID_R' lacks attribute 'PAP_IO_DRIVE', it's better to set the attribute for port.
W: ConstraintEditor-4042: Port 'p:o_CPU0_D0123_SOCKET_ID_R' lacks attribute 'PAP_IO_SLEW', it's better to set the attribute for port.
W: ConstraintEditor-4042: Port 'p:o_CPU0_D0123_SOCKET_ID_R' lacks attribute 'BUS_KEEPER', it's better to set the attribute for port.
W: ConstraintEditor-4042: Port 'p:o_CPU0_I2C_TRAN_EN_R' lacks attribute 'PAP_IO_DRIVE', it's better to set the attribute for port.
W: ConstraintEditor-4042: Port 'p:o_CPU0_I2C_TRAN_EN_R' lacks attribute 'PAP_IO_SLEW', it's better to set the attribute for port.
W: ConstraintEditor-4042: Port 'p:o_CPU0_I2C_TRAN_EN_R' lacks attribute 'BUS_KEEPER', it's better to set the attribute for port.
W: ConstraintEditor-4042: Port 'p:o_CPU0_PE2_RST_N_R' lacks attribute 'PAP_IO_DRIVE', it's better to set the attribute for port.
W: ConstraintEditor-4042: Port 'p:o_CPU0_PE2_RST_N_R' lacks attribute 'PAP_IO_SLEW', it's better to set the attribute for port.
W: ConstraintEditor-4042: Port 'p:o_CPU0_PE2_RST_N_R' lacks attribute 'BUS_KEEPER', it's better to set the attribute for port.
W: ConstraintEditor-4042: Port 'p:o_CPU0_PE3_RST_N_R' lacks attribute 'PAP_IO_DRIVE', it's better to set the attribute for port.
W: ConstraintEditor-4042: Port 'p:o_CPU0_PE3_RST_N_R' lacks attribute 'PAP_IO_SLEW', it's better to set the attribute for port.
W: ConstraintEditor-4042: Port 'p:o_CPU0_PE3_RST_N_R' lacks attribute 'BUS_KEEPER', it's better to set the attribute for port.
W: ConstraintEditor-4042: Port 'p:o_CPU0_POR_N_R' lacks attribute 'PAP_IO_DRIVE', it's better to set the attribute for port.
W: ConstraintEditor-4042: Port 'p:o_CPU0_POR_N_R' lacks attribute 'PAP_IO_SLEW', it's better to set the attribute for port.
W: ConstraintEditor-4042: Port 'p:o_CPU0_POR_N_R' lacks attribute 'BUS_KEEPER', it's better to set the attribute for port.
W: ConstraintEditor-4042: Port 'p:o_CPU1_D0_SE_RECOVERY_R' lacks attribute 'PAP_IO_DRIVE', it's better to set the attribute for port.
W: ConstraintEditor-4042: Port 'p:o_CPU1_D0_SE_RECOVERY_R' lacks attribute 'PAP_IO_SLEW', it's better to set the attribute for port.
W: ConstraintEditor-4042: Port 'p:o_CPU1_D0_SE_RECOVERY_R' lacks attribute 'BUS_KEEPER', it's better to set the attribute for port.
W: ConstraintEditor-4042: Port 'p:o_CPU1_D0_SOFT_SHUTDOWN_INT_N' lacks attribute 'PAP_IO_DRIVE', it's better to set the attribute for port.
W: ConstraintEditor-4042: Port 'p:o_CPU1_D0_SOFT_SHUTDOWN_INT_N' lacks attribute 'PAP_IO_SLEW', it's better to set the attribute for port.
W: ConstraintEditor-4042: Port 'p:o_CPU1_D0_SOFT_SHUTDOWN_INT_N' lacks attribute 'BUS_KEEPER', it's better to set the attribute for port.
W: ConstraintEditor-4042: Port 'p:o_CPU1_D1_SE_RECOVERY_R' lacks attribute 'PAP_IO_DRIVE', it's better to set the attribute for port.
W: ConstraintEditor-4042: Port 'p:o_CPU1_D1_SE_RECOVERY_R' lacks attribute 'PAP_IO_SLEW', it's better to set the attribute for port.
W: ConstraintEditor-4042: Port 'p:o_CPU1_D1_SE_RECOVERY_R' lacks attribute 'BUS_KEEPER', it's better to set the attribute for port.
W: ConstraintEditor-4042: Port 'p:o_CPU1_D0123_SOCKET_ID_R' lacks attribute 'PAP_IO_DRIVE', it's better to set the attribute for port.
W: ConstraintEditor-4042: Port 'p:o_CPU1_D0123_SOCKET_ID_R' lacks attribute 'PAP_IO_SLEW', it's better to set the attribute for port.
W: ConstraintEditor-4042: Port 'p:o_CPU1_D0123_SOCKET_ID_R' lacks attribute 'BUS_KEEPER', it's better to set the attribute for port.
W: ConstraintEditor-4042: Port 'p:o_CPU1_I2C_TRAN_EN_R' lacks attribute 'PAP_IO_DRIVE', it's better to set the attribute for port.
W: ConstraintEditor-4042: Port 'p:o_CPU1_I2C_TRAN_EN_R' lacks attribute 'PAP_IO_SLEW', it's better to set the attribute for port.
W: ConstraintEditor-4042: Port 'p:o_CPU1_I2C_TRAN_EN_R' lacks attribute 'BUS_KEEPER', it's better to set the attribute for port.
W: ConstraintEditor-4042: Port 'p:o_CPU1_PE1_RST_N_R' lacks attribute 'PAP_IO_DRIVE', it's better to set the attribute for port.
W: ConstraintEditor-4042: Port 'p:o_CPU1_PE1_RST_N_R' lacks attribute 'PAP_IO_SLEW', it's better to set the attribute for port.
W: ConstraintEditor-4042: Port 'p:o_CPU1_PE1_RST_N_R' lacks attribute 'BUS_KEEPER', it's better to set the attribute for port.
W: ConstraintEditor-4042: Port 'p:o_CPU1_PE2_RST_N_R' lacks attribute 'PAP_IO_DRIVE', it's better to set the attribute for port.
W: ConstraintEditor-4042: Port 'p:o_CPU1_PE2_RST_N_R' lacks attribute 'PAP_IO_SLEW', it's better to set the attribute for port.
W: ConstraintEditor-4042: Port 'p:o_CPU1_PE2_RST_N_R' lacks attribute 'BUS_KEEPER', it's better to set the attribute for port.
W: ConstraintEditor-4042: Port 'p:o_CPU1_POR_N_R' lacks attribute 'PAP_IO_DRIVE', it's better to set the attribute for port.
W: ConstraintEditor-4042: Port 'p:o_CPU1_POR_N_R' lacks attribute 'PAP_IO_SLEW', it's better to set the attribute for port.
W: ConstraintEditor-4042: Port 'p:o_CPU1_POR_N_R' lacks attribute 'BUS_KEEPER', it's better to set the attribute for port.
W: ConstraintEditor-4042: Port 'p:o_P1V8_STBY_CPLD_EN_R' lacks attribute 'PAP_IO_DRIVE', it's better to set the attribute for port.
W: ConstraintEditor-4042: Port 'p:o_P1V8_STBY_CPLD_EN_R' lacks attribute 'PAP_IO_SLEW', it's better to set the attribute for port.
W: ConstraintEditor-4042: Port 'p:o_P1V8_STBY_CPLD_EN_R' lacks attribute 'BUS_KEEPER', it's better to set the attribute for port.
W: ConstraintEditor-4042: Port 'p:o_P5V_USB_MB_DOWN_EN_R' lacks attribute 'PAP_IO_DRIVE', it's better to set the attribute for port.
W: ConstraintEditor-4042: Port 'p:o_P5V_USB_MB_DOWN_EN_R' lacks attribute 'PAP_IO_SLEW', it's better to set the attribute for port.
W: ConstraintEditor-4042: Port 'p:o_P5V_USB_MB_DOWN_EN_R' lacks attribute 'BUS_KEEPER', it's better to set the attribute for port.
W: ConstraintEditor-4042: Port 'p:o_P5V_USB_MB_UP_EN_R' lacks attribute 'PAP_IO_DRIVE', it's better to set the attribute for port.
W: ConstraintEditor-4042: Port 'p:o_P5V_USB_MB_UP_EN_R' lacks attribute 'PAP_IO_SLEW', it's better to set the attribute for port.
W: ConstraintEditor-4042: Port 'p:o_P5V_USB_MB_UP_EN_R' lacks attribute 'BUS_KEEPER', it's better to set the attribute for port.
W: ConstraintEditor-4042: Port 'p:o_PAL_88SE9230_RST_N_R' lacks attribute 'PAP_IO_DRIVE', it's better to set the attribute for port.
W: ConstraintEditor-4042: Port 'p:o_PAL_88SE9230_RST_N_R' lacks attribute 'PAP_IO_SLEW', it's better to set the attribute for port.
W: ConstraintEditor-4042: Port 'p:o_PAL_88SE9230_RST_N_R' lacks attribute 'BUS_KEEPER', it's better to set the attribute for port.
W: ConstraintEditor-4042: Port 'p:o_PAL_BMC_PERST_N_R' lacks attribute 'PAP_IO_DRIVE', it's better to set the attribute for port.
W: ConstraintEditor-4042: Port 'p:o_PAL_BMC_PERST_N_R' lacks attribute 'PAP_IO_SLEW', it's better to set the attribute for port.
W: ConstraintEditor-4042: Port 'p:o_PAL_BMC_PERST_N_R' lacks attribute 'BUS_KEEPER', it's better to set the attribute for port.
W: ConstraintEditor-4042: Port 'p:o_PAL_BMC_SRST_R' lacks attribute 'PAP_IO_DRIVE', it's better to set the attribute for port.
W: ConstraintEditor-4042: Port 'p:o_PAL_BMC_SRST_R' lacks attribute 'PAP_IO_SLEW', it's better to set the attribute for port.
W: ConstraintEditor-4042: Port 'p:o_PAL_BMC_SRST_R' lacks attribute 'BUS_KEEPER', it's better to set the attribute for port.
W: ConstraintEditor-4042: Port 'p:o_PAL_CK440_PWRDN_N_R' lacks attribute 'PAP_IO_DRIVE', it's better to set the attribute for port.
W: ConstraintEditor-4042: Port 'p:o_PAL_CK440_PWRDN_N_R' lacks attribute 'PAP_IO_SLEW', it's better to set the attribute for port.
W: ConstraintEditor-4042: Port 'p:o_PAL_CK440_PWRDN_N_R' lacks attribute 'BUS_KEEPER', it's better to set the attribute for port.
W: ConstraintEditor-4042: Port 'p:o_PAL_CPU0_D0_VPH_1V8_EN' lacks attribute 'PAP_IO_DRIVE', it's better to set the attribute for port.
W: ConstraintEditor-4042: Port 'p:o_PAL_CPU0_D0_VPH_1V8_EN' lacks attribute 'PAP_IO_SLEW', it's better to set the attribute for port.
W: ConstraintEditor-4042: Port 'p:o_PAL_CPU0_D0_VPH_1V8_EN' lacks attribute 'BUS_KEEPER', it's better to set the attribute for port.
W: ConstraintEditor-4042: Port 'p:o_PAL_CPU0_D0_VP_0V9_EN' lacks attribute 'PAP_IO_DRIVE', it's better to set the attribute for port.
W: ConstraintEditor-4042: Port 'p:o_PAL_CPU0_D0_VP_0V9_EN' lacks attribute 'PAP_IO_SLEW', it's better to set the attribute for port.
W: ConstraintEditor-4042: Port 'p:o_PAL_CPU0_D0_VP_0V9_EN' lacks attribute 'BUS_KEEPER', it's better to set the attribute for port.
W: ConstraintEditor-4042: Port 'p:o_PAL_CPU0_D1_VPH_1V8_EN' lacks attribute 'PAP_IO_DRIVE', it's better to set the attribute for port.
W: ConstraintEditor-4042: Port 'p:o_PAL_CPU0_D1_VPH_1V8_EN' lacks attribute 'PAP_IO_SLEW', it's better to set the attribute for port.
W: ConstraintEditor-4042: Port 'p:o_PAL_CPU0_D1_VPH_1V8_EN' lacks attribute 'BUS_KEEPER', it's better to set the attribute for port.
W: ConstraintEditor-4042: Port 'p:o_PAL_CPU0_D1_VP_0V9_EN' lacks attribute 'PAP_IO_DRIVE', it's better to set the attribute for port.
W: ConstraintEditor-4042: Port 'p:o_PAL_CPU0_D1_VP_0V9_EN' lacks attribute 'PAP_IO_SLEW', it's better to set the attribute for port.
W: ConstraintEditor-4042: Port 'p:o_PAL_CPU0_D1_VP_0V9_EN' lacks attribute 'BUS_KEEPER', it's better to set the attribute for port.
W: ConstraintEditor-4042: Port 'p:o_PAL_CPU0_DDR_VDD_EN_R' lacks attribute 'PAP_IO_DRIVE', it's better to set the attribute for port.
W: ConstraintEditor-4042: Port 'p:o_PAL_CPU0_DDR_VDD_EN_R' lacks attribute 'PAP_IO_SLEW', it's better to set the attribute for port.
W: ConstraintEditor-4042: Port 'p:o_PAL_CPU0_DDR_VDD_EN_R' lacks attribute 'BUS_KEEPER', it's better to set the attribute for port.
W: ConstraintEditor-4042: Port 'p:o_PAL_CPU0_NVME_ALERT_N_R' lacks attribute 'PAP_IO_DRIVE', it's better to set the attribute for port.
W: ConstraintEditor-4042: Port 'p:o_PAL_CPU0_NVME_ALERT_N_R' lacks attribute 'PAP_IO_SLEW', it's better to set the attribute for port.
W: ConstraintEditor-4042: Port 'p:o_PAL_CPU0_NVME_ALERT_N_R' lacks attribute 'BUS_KEEPER', it's better to set the attribute for port.
W: ConstraintEditor-4042: Port 'p:o_PAL_CPU0_P1V8_EN_R' lacks attribute 'PAP_IO_DRIVE', it's better to set the attribute for port.
W: ConstraintEditor-4042: Port 'p:o_PAL_CPU0_P1V8_EN_R' lacks attribute 'PAP_IO_SLEW', it's better to set the attribute for port.
W: ConstraintEditor-4042: Port 'p:o_PAL_CPU0_P1V8_EN_R' lacks attribute 'BUS_KEEPER', it's better to set the attribute for port.
W: ConstraintEditor-4042: Port 'p:o_PAL_CPU0_PLL_P1V8_EN_R' lacks attribute 'PAP_IO_DRIVE', it's better to set the attribute for port.
W: ConstraintEditor-4042: Port 'p:o_PAL_CPU0_PLL_P1V8_EN_R' lacks attribute 'PAP_IO_SLEW', it's better to set the attribute for port.
W: ConstraintEditor-4042: Port 'p:o_PAL_CPU0_PLL_P1V8_EN_R' lacks attribute 'BUS_KEEPER', it's better to set the attribute for port.
W: ConstraintEditor-4042: Port 'p:o_PAL_CPU0_VDDQ_EN_R' lacks attribute 'PAP_IO_DRIVE', it's better to set the attribute for port.
W: ConstraintEditor-4042: Port 'p:o_PAL_CPU0_VDDQ_EN_R' lacks attribute 'PAP_IO_SLEW', it's better to set the attribute for port.
W: ConstraintEditor-4042: Port 'p:o_PAL_CPU0_VDDQ_EN_R' lacks attribute 'BUS_KEEPER', it's better to set the attribute for port.
W: ConstraintEditor-4042: Port 'p:o_PAL_CPU0_VDD_CORE_EN_R' lacks attribute 'PAP_IO_DRIVE', it's better to set the attribute for port.
W: ConstraintEditor-4042: Port 'p:o_PAL_CPU0_VDD_CORE_EN_R' lacks attribute 'PAP_IO_SLEW', it's better to set the attribute for port.
W: ConstraintEditor-4042: Port 'p:o_PAL_CPU0_VDD_CORE_EN_R' lacks attribute 'BUS_KEEPER', it's better to set the attribute for port.
W: ConstraintEditor-4042: Port 'p:o_PAL_CPU0_VR8_RESET_R' lacks attribute 'PAP_IO_DRIVE', it's better to set the attribute for port.
W: ConstraintEditor-4042: Port 'p:o_PAL_CPU0_VR8_RESET_R' lacks attribute 'PAP_IO_SLEW', it's better to set the attribute for port.
W: ConstraintEditor-4042: Port 'p:o_PAL_CPU0_VR8_RESET_R' lacks attribute 'BUS_KEEPER', it's better to set the attribute for port.
W: ConstraintEditor-4042: Port 'p:o_PAL_CPU0_VR_SELECT_N_R' lacks attribute 'PAP_IO_DRIVE', it's better to set the attribute for port.
W: ConstraintEditor-4042: Port 'p:o_PAL_CPU0_VR_SELECT_N_R' lacks attribute 'PAP_IO_SLEW', it's better to set the attribute for port.
W: ConstraintEditor-4042: Port 'p:o_PAL_CPU0_VR_SELECT_N_R' lacks attribute 'BUS_KEEPER', it's better to set the attribute for port.
W: ConstraintEditor-4042: Port 'p:o_PAL_CPU1_D0_VPH_1V8_EN' lacks attribute 'PAP_IO_DRIVE', it's better to set the attribute for port.
W: ConstraintEditor-4042: Port 'p:o_PAL_CPU1_D0_VPH_1V8_EN' lacks attribute 'PAP_IO_SLEW', it's better to set the attribute for port.
W: ConstraintEditor-4042: Port 'p:o_PAL_CPU1_D0_VPH_1V8_EN' lacks attribute 'BUS_KEEPER', it's better to set the attribute for port.
W: ConstraintEditor-4042: Port 'p:o_PAL_CPU1_D0_VP_0V9_EN' lacks attribute 'PAP_IO_DRIVE', it's better to set the attribute for port.
W: ConstraintEditor-4042: Port 'p:o_PAL_CPU1_D0_VP_0V9_EN' lacks attribute 'PAP_IO_SLEW', it's better to set the attribute for port.
W: ConstraintEditor-4042: Port 'p:o_PAL_CPU1_D0_VP_0V9_EN' lacks attribute 'BUS_KEEPER', it's better to set the attribute for port.
W: ConstraintEditor-4042: Port 'p:o_PAL_CPU1_D1_VPH_1V8_EN' lacks attribute 'PAP_IO_DRIVE', it's better to set the attribute for port.
W: ConstraintEditor-4042: Port 'p:o_PAL_CPU1_D1_VPH_1V8_EN' lacks attribute 'PAP_IO_SLEW', it's better to set the attribute for port.
W: ConstraintEditor-4042: Port 'p:o_PAL_CPU1_D1_VPH_1V8_EN' lacks attribute 'BUS_KEEPER', it's better to set the attribute for port.
W: ConstraintEditor-4042: Port 'p:o_PAL_CPU1_D1_VP_0V9_EN' lacks attribute 'PAP_IO_DRIVE', it's better to set the attribute for port.
W: ConstraintEditor-4042: Port 'p:o_PAL_CPU1_D1_VP_0V9_EN' lacks attribute 'PAP_IO_SLEW', it's better to set the attribute for port.
W: ConstraintEditor-4042: Port 'p:o_PAL_CPU1_D1_VP_0V9_EN' lacks attribute 'BUS_KEEPER', it's better to set the attribute for port.
W: ConstraintEditor-4042: Port 'p:o_PAL_CPU1_DDR_VDD_EN_R' lacks attribute 'PAP_IO_DRIVE', it's better to set the attribute for port.
W: ConstraintEditor-4042: Port 'p:o_PAL_CPU1_DDR_VDD_EN_R' lacks attribute 'PAP_IO_SLEW', it's better to set the attribute for port.
W: ConstraintEditor-4042: Port 'p:o_PAL_CPU1_DDR_VDD_EN_R' lacks attribute 'BUS_KEEPER', it's better to set the attribute for port.
W: ConstraintEditor-4042: Port 'p:o_PAL_CPU1_NVME_ALERT_N_R' lacks attribute 'PAP_IO_DRIVE', it's better to set the attribute for port.
W: ConstraintEditor-4042: Port 'p:o_PAL_CPU1_NVME_ALERT_N_R' lacks attribute 'PAP_IO_SLEW', it's better to set the attribute for port.
W: ConstraintEditor-4042: Port 'p:o_PAL_CPU1_NVME_ALERT_N_R' lacks attribute 'BUS_KEEPER', it's better to set the attribute for port.
W: ConstraintEditor-4042: Port 'p:o_PAL_CPU1_P1V8_EN_R' lacks attribute 'PAP_IO_DRIVE', it's better to set the attribute for port.
W: ConstraintEditor-4042: Port 'p:o_PAL_CPU1_P1V8_EN_R' lacks attribute 'PAP_IO_SLEW', it's better to set the attribute for port.
W: ConstraintEditor-4042: Port 'p:o_PAL_CPU1_P1V8_EN_R' lacks attribute 'BUS_KEEPER', it's better to set the attribute for port.
W: ConstraintEditor-4042: Port 'p:o_PAL_CPU1_PLL_P1V8_EN_R' lacks attribute 'PAP_IO_DRIVE', it's better to set the attribute for port.
W: ConstraintEditor-4042: Port 'p:o_PAL_CPU1_PLL_P1V8_EN_R' lacks attribute 'PAP_IO_SLEW', it's better to set the attribute for port.
W: ConstraintEditor-4042: Port 'p:o_PAL_CPU1_PLL_P1V8_EN_R' lacks attribute 'BUS_KEEPER', it's better to set the attribute for port.
W: ConstraintEditor-4042: Port 'p:o_PAL_CPU1_VDDQ_EN_R' lacks attribute 'PAP_IO_DRIVE', it's better to set the attribute for port.
W: ConstraintEditor-4042: Port 'p:o_PAL_CPU1_VDDQ_EN_R' lacks attribute 'PAP_IO_SLEW', it's better to set the attribute for port.
W: ConstraintEditor-4042: Port 'p:o_PAL_CPU1_VDDQ_EN_R' lacks attribute 'BUS_KEEPER', it's better to set the attribute for port.
W: ConstraintEditor-4042: Port 'p:o_PAL_CPU1_VDD_CORE_EN_R' lacks attribute 'PAP_IO_DRIVE', it's better to set the attribute for port.
W: ConstraintEditor-4042: Port 'p:o_PAL_CPU1_VDD_CORE_EN_R' lacks attribute 'PAP_IO_SLEW', it's better to set the attribute for port.
W: ConstraintEditor-4042: Port 'p:o_PAL_CPU1_VDD_CORE_EN_R' lacks attribute 'BUS_KEEPER', it's better to set the attribute for port.
W: ConstraintEditor-4042: Port 'p:o_PAL_CPU1_VR8_RESET_R' lacks attribute 'PAP_IO_DRIVE', it's better to set the attribute for port.
W: ConstraintEditor-4042: Port 'p:o_PAL_CPU1_VR8_RESET_R' lacks attribute 'PAP_IO_SLEW', it's better to set the attribute for port.
W: ConstraintEditor-4042: Port 'p:o_PAL_CPU1_VR8_RESET_R' lacks attribute 'BUS_KEEPER', it's better to set the attribute for port.
W: ConstraintEditor-4042: Port 'p:o_PAL_CPU1_VR_SELECT_N_R' lacks attribute 'PAP_IO_DRIVE', it's better to set the attribute for port.
W: ConstraintEditor-4042: Port 'p:o_PAL_CPU1_VR_SELECT_N_R' lacks attribute 'PAP_IO_SLEW', it's better to set the attribute for port.
W: ConstraintEditor-4042: Port 'p:o_PAL_CPU1_VR_SELECT_N_R' lacks attribute 'BUS_KEEPER', it's better to set the attribute for port.
W: ConstraintEditor-4042: Port 'p:o_PAL_DPLL_GPIO0_R' lacks attribute 'PAP_IO_DRIVE', it's better to set the attribute for port.
W: ConstraintEditor-4042: Port 'p:o_PAL_DPLL_GPIO0_R' lacks attribute 'PAP_IO_SLEW', it's better to set the attribute for port.
W: ConstraintEditor-4042: Port 'p:o_PAL_DPLL_GPIO0_R' lacks attribute 'BUS_KEEPER', it's better to set the attribute for port.
W: ConstraintEditor-4042: Port 'p:o_PAL_DPLL_GPIO1_R' lacks attribute 'PAP_IO_DRIVE', it's better to set the attribute for port.
W: ConstraintEditor-4042: Port 'p:o_PAL_DPLL_GPIO1_R' lacks attribute 'PAP_IO_SLEW', it's better to set the attribute for port.
W: ConstraintEditor-4042: Port 'p:o_PAL_DPLL_GPIO1_R' lacks attribute 'BUS_KEEPER', it's better to set the attribute for port.
W: ConstraintEditor-4042: Port 'p:o_PAL_DPLL_INIT_R' lacks attribute 'PAP_IO_DRIVE', it's better to set the attribute for port.
W: ConstraintEditor-4042: Port 'p:o_PAL_DPLL_INIT_R' lacks attribute 'PAP_IO_SLEW', it's better to set the attribute for port.
W: ConstraintEditor-4042: Port 'p:o_PAL_DPLL_INIT_R' lacks attribute 'BUS_KEEPER', it's better to set the attribute for port.
W: ConstraintEditor-4042: Port 'p:o_PAL_DPLL_RESET_R' lacks attribute 'PAP_IO_DRIVE', it's better to set the attribute for port.
W: ConstraintEditor-4042: Port 'p:o_PAL_DPLL_RESET_R' lacks attribute 'PAP_IO_SLEW', it's better to set the attribute for port.
W: ConstraintEditor-4042: Port 'p:o_PAL_DPLL_RESET_R' lacks attribute 'BUS_KEEPER', it's better to set the attribute for port.
W: ConstraintEditor-4042: Port 'p:o_PAL_FAN0_PWM_R' lacks attribute 'PAP_IO_DRIVE', it's better to set the attribute for port.
W: ConstraintEditor-4042: Port 'p:o_PAL_FAN0_PWM_R' lacks attribute 'PAP_IO_SLEW', it's better to set the attribute for port.
W: ConstraintEditor-4042: Port 'p:o_PAL_FAN0_PWM_R' lacks attribute 'BUS_KEEPER', it's better to set the attribute for port.
W: ConstraintEditor-4042: Port 'p:o_PAL_FAN1_PWM_R' lacks attribute 'PAP_IO_DRIVE', it's better to set the attribute for port.
W: ConstraintEditor-4042: Port 'p:o_PAL_FAN1_PWM_R' lacks attribute 'PAP_IO_SLEW', it's better to set the attribute for port.
W: ConstraintEditor-4042: Port 'p:o_PAL_FAN1_PWM_R' lacks attribute 'BUS_KEEPER', it's better to set the attribute for port.
W: ConstraintEditor-4042: Port 'p:o_PAL_FAN2_PWM_R' lacks attribute 'PAP_IO_DRIVE', it's better to set the attribute for port.
W: ConstraintEditor-4042: Port 'p:o_PAL_FAN2_PWM_R' lacks attribute 'PAP_IO_SLEW', it's better to set the attribute for port.
W: ConstraintEditor-4042: Port 'p:o_PAL_FAN2_PWM_R' lacks attribute 'BUS_KEEPER', it's better to set the attribute for port.
W: ConstraintEditor-4042: Port 'p:o_PAL_FAN3_PWM_R' lacks attribute 'PAP_IO_DRIVE', it's better to set the attribute for port.
W: ConstraintEditor-4042: Port 'p:o_PAL_FAN3_PWM_R' lacks attribute 'PAP_IO_SLEW', it's better to set the attribute for port.
W: ConstraintEditor-4042: Port 'p:o_PAL_FAN3_PWM_R' lacks attribute 'BUS_KEEPER', it's better to set the attribute for port.
W: ConstraintEditor-4042: Port 'p:o_PAL_FAN_FAIL_LED0_R' lacks attribute 'PAP_IO_DRIVE', it's better to set the attribute for port.
W: ConstraintEditor-4042: Port 'p:o_PAL_FAN_FAIL_LED0_R' lacks attribute 'PAP_IO_SLEW', it's better to set the attribute for port.
W: ConstraintEditor-4042: Port 'p:o_PAL_FAN_FAIL_LED0_R' lacks attribute 'BUS_KEEPER', it's better to set the attribute for port.
W: ConstraintEditor-4042: Port 'p:o_PAL_FAN_FAIL_LED1_R' lacks attribute 'PAP_IO_DRIVE', it's better to set the attribute for port.
W: ConstraintEditor-4042: Port 'p:o_PAL_FAN_FAIL_LED1_R' lacks attribute 'PAP_IO_SLEW', it's better to set the attribute for port.
W: ConstraintEditor-4042: Port 'p:o_PAL_FAN_FAIL_LED1_R' lacks attribute 'BUS_KEEPER', it's better to set the attribute for port.
W: ConstraintEditor-4042: Port 'p:o_PAL_FAN_FAIL_LED2_R' lacks attribute 'PAP_IO_DRIVE', it's better to set the attribute for port.
W: ConstraintEditor-4042: Port 'p:o_PAL_FAN_FAIL_LED2_R' lacks attribute 'PAP_IO_SLEW', it's better to set the attribute for port.
W: ConstraintEditor-4042: Port 'p:o_PAL_FAN_FAIL_LED2_R' lacks attribute 'BUS_KEEPER', it's better to set the attribute for port.
W: ConstraintEditor-4042: Port 'p:o_PAL_FAN_FAIL_LED3_R' lacks attribute 'PAP_IO_DRIVE', it's better to set the attribute for port.
W: ConstraintEditor-4042: Port 'p:o_PAL_FAN_FAIL_LED3_R' lacks attribute 'PAP_IO_SLEW', it's better to set the attribute for port.
W: ConstraintEditor-4042: Port 'p:o_PAL_FAN_FAIL_LED3_R' lacks attribute 'BUS_KEEPER', it's better to set the attribute for port.
W: ConstraintEditor-4042: Port 'p:o_PAL_FAN_NRML_LED0_R' lacks attribute 'PAP_IO_DRIVE', it's better to set the attribute for port.
W: ConstraintEditor-4042: Port 'p:o_PAL_FAN_NRML_LED0_R' lacks attribute 'PAP_IO_SLEW', it's better to set the attribute for port.
W: ConstraintEditor-4042: Port 'p:o_PAL_FAN_NRML_LED0_R' lacks attribute 'BUS_KEEPER', it's better to set the attribute for port.
W: ConstraintEditor-4042: Port 'p:o_PAL_FAN_NRML_LED1_R' lacks attribute 'PAP_IO_DRIVE', it's better to set the attribute for port.
W: ConstraintEditor-4042: Port 'p:o_PAL_FAN_NRML_LED1_R' lacks attribute 'PAP_IO_SLEW', it's better to set the attribute for port.
W: ConstraintEditor-4042: Port 'p:o_PAL_FAN_NRML_LED1_R' lacks attribute 'BUS_KEEPER', it's better to set the attribute for port.
W: ConstraintEditor-4042: Port 'p:o_PAL_FAN_NRML_LED2_R' lacks attribute 'PAP_IO_DRIVE', it's better to set the attribute for port.
W: ConstraintEditor-4042: Port 'p:o_PAL_FAN_NRML_LED2_R' lacks attribute 'PAP_IO_SLEW', it's better to set the attribute for port.
W: ConstraintEditor-4042: Port 'p:o_PAL_FAN_NRML_LED2_R' lacks attribute 'BUS_KEEPER', it's better to set the attribute for port.
W: ConstraintEditor-4042: Port 'p:o_PAL_FAN_NRML_LED3_R' lacks attribute 'PAP_IO_DRIVE', it's better to set the attribute for port.
W: ConstraintEditor-4042: Port 'p:o_PAL_FAN_NRML_LED3_R' lacks attribute 'PAP_IO_SLEW', it's better to set the attribute for port.
W: ConstraintEditor-4042: Port 'p:o_PAL_FAN_NRML_LED3_R' lacks attribute 'BUS_KEEPER', it's better to set the attribute for port.
W: ConstraintEditor-4042: Port 'p:o_PAL_P3V3_STBY_RST_R' lacks attribute 'PAP_IO_DRIVE', it's better to set the attribute for port.
W: ConstraintEditor-4042: Port 'p:o_PAL_P3V3_STBY_RST_R' lacks attribute 'PAP_IO_SLEW', it's better to set the attribute for port.
W: ConstraintEditor-4042: Port 'p:o_PAL_P3V3_STBY_RST_R' lacks attribute 'BUS_KEEPER', it's better to set the attribute for port.
W: ConstraintEditor-4042: Port 'p:o_PAL_P5V_STBY_EN_R' lacks attribute 'PAP_IO_DRIVE', it's better to set the attribute for port.
W: ConstraintEditor-4042: Port 'p:o_PAL_P5V_STBY_EN_R' lacks attribute 'PAP_IO_SLEW', it's better to set the attribute for port.
W: ConstraintEditor-4042: Port 'p:o_PAL_P5V_STBY_EN_R' lacks attribute 'BUS_KEEPER', it's better to set the attribute for port.
W: ConstraintEditor-4042: Port 'p:o_PAL_P12V_CPU0_VIN_EN_R' lacks attribute 'PAP_IO_DRIVE', it's better to set the attribute for port.
W: ConstraintEditor-4042: Port 'p:o_PAL_P12V_CPU0_VIN_EN_R' lacks attribute 'PAP_IO_SLEW', it's better to set the attribute for port.
W: ConstraintEditor-4042: Port 'p:o_PAL_P12V_CPU0_VIN_EN_R' lacks attribute 'BUS_KEEPER', it's better to set the attribute for port.
W: ConstraintEditor-4042: Port 'p:o_PAL_P12V_CPU1_VIN_EN_R' lacks attribute 'PAP_IO_DRIVE', it's better to set the attribute for port.
W: ConstraintEditor-4042: Port 'p:o_PAL_P12V_CPU1_VIN_EN_R' lacks attribute 'PAP_IO_SLEW', it's better to set the attribute for port.
W: ConstraintEditor-4042: Port 'p:o_PAL_P12V_CPU1_VIN_EN_R' lacks attribute 'BUS_KEEPER', it's better to set the attribute for port.
W: ConstraintEditor-4042: Port 'p:o_PAL_P12V_DISCHARGE_R' lacks attribute 'PAP_IO_DRIVE', it's better to set the attribute for port.
W: ConstraintEditor-4042: Port 'p:o_PAL_P12V_DISCHARGE_R' lacks attribute 'PAP_IO_SLEW', it's better to set the attribute for port.
W: ConstraintEditor-4042: Port 'p:o_PAL_P12V_DISCHARGE_R' lacks attribute 'BUS_KEEPER', it's better to set the attribute for port.
W: ConstraintEditor-4042: Port 'p:o_PAL_P12V_FAN0_EN_R' lacks attribute 'PAP_IO_DRIVE', it's better to set the attribute for port.
W: ConstraintEditor-4042: Port 'p:o_PAL_P12V_FAN0_EN_R' lacks attribute 'PAP_IO_SLEW', it's better to set the attribute for port.
W: ConstraintEditor-4042: Port 'p:o_PAL_P12V_FAN0_EN_R' lacks attribute 'BUS_KEEPER', it's better to set the attribute for port.
W: ConstraintEditor-4042: Port 'p:o_PAL_P12V_FAN1_EN_R' lacks attribute 'PAP_IO_DRIVE', it's better to set the attribute for port.
W: ConstraintEditor-4042: Port 'p:o_PAL_P12V_FAN1_EN_R' lacks attribute 'PAP_IO_SLEW', it's better to set the attribute for port.
W: ConstraintEditor-4042: Port 'p:o_PAL_P12V_FAN1_EN_R' lacks attribute 'BUS_KEEPER', it's better to set the attribute for port.
W: ConstraintEditor-4042: Port 'p:o_PAL_P12V_FAN2_EN_R' lacks attribute 'PAP_IO_DRIVE', it's better to set the attribute for port.
W: ConstraintEditor-4042: Port 'p:o_PAL_P12V_FAN2_EN_R' lacks attribute 'PAP_IO_SLEW', it's better to set the attribute for port.
W: ConstraintEditor-4042: Port 'p:o_PAL_P12V_FAN2_EN_R' lacks attribute 'BUS_KEEPER', it's better to set the attribute for port.
W: ConstraintEditor-4042: Port 'p:o_PAL_P12V_FAN3_EN_R' lacks attribute 'PAP_IO_DRIVE', it's better to set the attribute for port.
W: ConstraintEditor-4042: Port 'p:o_PAL_P12V_FAN3_EN_R' lacks attribute 'PAP_IO_SLEW', it's better to set the attribute for port.
W: ConstraintEditor-4042: Port 'p:o_PAL_P12V_FAN3_EN_R' lacks attribute 'BUS_KEEPER', it's better to set the attribute for port.
W: ConstraintEditor-4042: Port 'p:o_PAL_P12V_RISER1_VIN_EN_R' lacks attribute 'PAP_IO_DRIVE', it's better to set the attribute for port.
W: ConstraintEditor-4042: Port 'p:o_PAL_P12V_RISER1_VIN_EN_R' lacks attribute 'PAP_IO_SLEW', it's better to set the attribute for port.
W: ConstraintEditor-4042: Port 'p:o_PAL_P12V_RISER1_VIN_EN_R' lacks attribute 'BUS_KEEPER', it's better to set the attribute for port.
W: ConstraintEditor-4042: Port 'p:o_PAL_P12V_RISER2_VIN_EN_R' lacks attribute 'PAP_IO_DRIVE', it's better to set the attribute for port.
W: ConstraintEditor-4042: Port 'p:o_PAL_P12V_RISER2_VIN_EN_R' lacks attribute 'PAP_IO_SLEW', it's better to set the attribute for port.
W: ConstraintEditor-4042: Port 'p:o_PAL_P12V_RISER2_VIN_EN_R' lacks attribute 'BUS_KEEPER', it's better to set the attribute for port.
W: ConstraintEditor-4042: Port 'p:o_PAL_PS1_P12V_ON_R' lacks attribute 'PAP_IO_DRIVE', it's better to set the attribute for port.
W: ConstraintEditor-4042: Port 'p:o_PAL_PS1_P12V_ON_R' lacks attribute 'PAP_IO_SLEW', it's better to set the attribute for port.
W: ConstraintEditor-4042: Port 'p:o_PAL_PS1_P12V_ON_R' lacks attribute 'BUS_KEEPER', it's better to set the attribute for port.
W: ConstraintEditor-4042: Port 'p:o_PAL_PS2_P12V_ON_R' lacks attribute 'PAP_IO_DRIVE', it's better to set the attribute for port.
W: ConstraintEditor-4042: Port 'p:o_PAL_PS2_P12V_ON_R' lacks attribute 'PAP_IO_SLEW', it's better to set the attribute for port.
W: ConstraintEditor-4042: Port 'p:o_PAL_PS2_P12V_ON_R' lacks attribute 'BUS_KEEPER', it's better to set the attribute for port.
W: ConstraintEditor-4042: Port 'p:o_PAL_PVCC_HPMOS_CPU_EN_R' lacks attribute 'PAP_IO_DRIVE', it's better to set the attribute for port.
W: ConstraintEditor-4042: Port 'p:o_PAL_PVCC_HPMOS_CPU_EN_R' lacks attribute 'PAP_IO_SLEW', it's better to set the attribute for port.
W: ConstraintEditor-4042: Port 'p:o_PAL_PVCC_HPMOS_CPU_EN_R' lacks attribute 'BUS_KEEPER', it's better to set the attribute for port.
W: ConstraintEditor-4042: Port 'p:o_PAL_PWR_LOM_EN_R' lacks attribute 'PAP_IO_DRIVE', it's better to set the attribute for port.
W: ConstraintEditor-4042: Port 'p:o_PAL_PWR_LOM_EN_R' lacks attribute 'PAP_IO_SLEW', it's better to set the attribute for port.
W: ConstraintEditor-4042: Port 'p:o_PAL_PWR_LOM_EN_R' lacks attribute 'BUS_KEEPER', it's better to set the attribute for port.
W: ConstraintEditor-4042: Port 'p:o_PAL_REAT_BP_EFUSE_EN_R' lacks attribute 'PAP_IO_DRIVE', it's better to set the attribute for port.
W: ConstraintEditor-4042: Port 'p:o_PAL_REAT_BP_EFUSE_EN_R' lacks attribute 'PAP_IO_SLEW', it's better to set the attribute for port.
W: ConstraintEditor-4042: Port 'p:o_PAL_REAT_BP_EFUSE_EN_R' lacks attribute 'BUS_KEEPER', it's better to set the attribute for port.
W: ConstraintEditor-4042: Port 'p:o_PAL_RISER1_PWR_EN_R' lacks attribute 'PAP_IO_DRIVE', it's better to set the attribute for port.
W: ConstraintEditor-4042: Port 'p:o_PAL_RISER1_PWR_EN_R' lacks attribute 'PAP_IO_SLEW', it's better to set the attribute for port.
W: ConstraintEditor-4042: Port 'p:o_PAL_RISER1_PWR_EN_R' lacks attribute 'BUS_KEEPER', it's better to set the attribute for port.
W: ConstraintEditor-4042: Port 'p:o_PAL_RISER2_PWR_EN_R' lacks attribute 'PAP_IO_DRIVE', it's better to set the attribute for port.
W: ConstraintEditor-4042: Port 'p:o_PAL_RISER2_PWR_EN_R' lacks attribute 'PAP_IO_SLEW', it's better to set the attribute for port.
W: ConstraintEditor-4042: Port 'p:o_PAL_RISER2_PWR_EN_R' lacks attribute 'BUS_KEEPER', it's better to set the attribute for port.
W: ConstraintEditor-4042: Port 'p:o_PAL_RISER2_SWITCH_EN' lacks attribute 'PAP_IO_DRIVE', it's better to set the attribute for port.
W: ConstraintEditor-4042: Port 'p:o_PAL_RISER2_SWITCH_EN' lacks attribute 'PAP_IO_SLEW', it's better to set the attribute for port.
W: ConstraintEditor-4042: Port 'p:o_PAL_RISER2_SWITCH_EN' lacks attribute 'BUS_KEEPER', it's better to set the attribute for port.
W: ConstraintEditor-4042: Port 'p:o_PAL_RST_CPU0_VPP_N_R' lacks attribute 'PAP_IO_DRIVE', it's better to set the attribute for port.
W: ConstraintEditor-4042: Port 'p:o_PAL_RST_CPU0_VPP_N_R' lacks attribute 'PAP_IO_SLEW', it's better to set the attribute for port.
W: ConstraintEditor-4042: Port 'p:o_PAL_RST_CPU0_VPP_N_R' lacks attribute 'BUS_KEEPER', it's better to set the attribute for port.
W: ConstraintEditor-4042: Port 'p:o_PAL_RST_CPU1_VPP_N_R' lacks attribute 'PAP_IO_DRIVE', it's better to set the attribute for port.
W: ConstraintEditor-4042: Port 'p:o_PAL_RST_CPU1_VPP_N_R' lacks attribute 'PAP_IO_SLEW', it's better to set the attribute for port.
W: ConstraintEditor-4042: Port 'p:o_PAL_RST_CPU1_VPP_N_R' lacks attribute 'BUS_KEEPER', it's better to set the attribute for port.
W: ConstraintEditor-4042: Port 'p:o_PAL_RTC_SELECT_N' lacks attribute 'PAP_IO_DRIVE', it's better to set the attribute for port.
W: ConstraintEditor-4042: Port 'p:o_PAL_RTC_SELECT_N' lacks attribute 'PAP_IO_SLEW', it's better to set the attribute for port.
W: ConstraintEditor-4042: Port 'p:o_PAL_RTC_SELECT_N' lacks attribute 'BUS_KEEPER', it's better to set the attribute for port.
W: ConstraintEditor-4042: Port 'p:o_PAL_SYS_EEPROM_BYPASS_N_R' lacks attribute 'PAP_IO_DRIVE', it's better to set the attribute for port.
W: ConstraintEditor-4042: Port 'p:o_PAL_SYS_EEPROM_BYPASS_N_R' lacks attribute 'PAP_IO_SLEW', it's better to set the attribute for port.
W: ConstraintEditor-4042: Port 'p:o_PAL_SYS_EEPROM_BYPASS_N_R' lacks attribute 'BUS_KEEPER', it's better to set the attribute for port.
W: ConstraintEditor-4042: Port 'p:o_PAL_UPD_VCC_3V3_EN_R' lacks attribute 'PAP_IO_DRIVE', it's better to set the attribute for port.
W: ConstraintEditor-4042: Port 'p:o_PAL_UPD_VCC_3V3_EN_R' lacks attribute 'PAP_IO_SLEW', it's better to set the attribute for port.
W: ConstraintEditor-4042: Port 'p:o_PAL_UPD_VCC_3V3_EN_R' lacks attribute 'BUS_KEEPER', it's better to set the attribute for port.
W: ConstraintEditor-4042: Port 'p:o_PAL_VCC_1V1_EN_R' lacks attribute 'PAP_IO_DRIVE', it's better to set the attribute for port.
W: ConstraintEditor-4042: Port 'p:o_PAL_VCC_1V1_EN_R' lacks attribute 'PAP_IO_SLEW', it's better to set the attribute for port.
W: ConstraintEditor-4042: Port 'p:o_PAL_VCC_1V1_EN_R' lacks attribute 'BUS_KEEPER', it's better to set the attribute for port.
W: ConstraintEditor-4042: Port 'p:o_PAL_WX1860_NRST_R' lacks attribute 'PAP_IO_DRIVE', it's better to set the attribute for port.
W: ConstraintEditor-4042: Port 'p:o_PAL_WX1860_NRST_R' lacks attribute 'PAP_IO_SLEW', it's better to set the attribute for port.
W: ConstraintEditor-4042: Port 'p:o_PAL_WX1860_NRST_R' lacks attribute 'BUS_KEEPER', it's better to set the attribute for port.
W: ConstraintEditor-4042: Port 'p:o_PAL_WX1860_PERST_R' lacks attribute 'PAP_IO_DRIVE', it's better to set the attribute for port.
W: ConstraintEditor-4042: Port 'p:o_PAL_WX1860_PERST_R' lacks attribute 'PAP_IO_SLEW', it's better to set the attribute for port.
W: ConstraintEditor-4042: Port 'p:o_PAL_WX1860_PERST_R' lacks attribute 'BUS_KEEPER', it's better to set the attribute for port.
W: ConstraintEditor-4042: Port 'p:o_PWR_88SE9230_P1V0_EN_R' lacks attribute 'PAP_IO_DRIVE', it's better to set the attribute for port.
W: ConstraintEditor-4042: Port 'p:o_PWR_88SE9230_P1V0_EN_R' lacks attribute 'PAP_IO_SLEW', it's better to set the attribute for port.
W: ConstraintEditor-4042: Port 'p:o_PWR_88SE9230_P1V0_EN_R' lacks attribute 'BUS_KEEPER', it's better to set the attribute for port.
W: ConstraintEditor-4042: Port 'p:o_PWR_88SE9230_P1V8_EN_R' lacks attribute 'PAP_IO_DRIVE', it's better to set the attribute for port.
W: ConstraintEditor-4042: Port 'p:o_PWR_88SE9230_P1V8_EN_R' lacks attribute 'PAP_IO_SLEW', it's better to set the attribute for port.
W: ConstraintEditor-4042: Port 'p:o_PWR_88SE9230_P1V8_EN_R' lacks attribute 'BUS_KEEPER', it's better to set the attribute for port.
W: ConstraintEditor-4042: Port 'p:o_CPU0_D1_SPI0_CS' lacks attribute 'PAP_IO_DRIVE', it's better to set the attribute for port.
W: ConstraintEditor-4042: Port 'p:o_CPU0_D1_SPI0_CS' lacks attribute 'PAP_IO_SLEW', it's better to set the attribute for port.
W: ConstraintEditor-4042: Port 'p:o_CPU0_D1_SPI0_CS' lacks attribute 'BUS_KEEPER', it's better to set the attribute for port.
W: ConstraintEditor-4042: Port 'p:o_CPU0_D1_SPI0_MOSI' lacks attribute 'PAP_IO_DRIVE', it's better to set the attribute for port.
W: ConstraintEditor-4042: Port 'p:o_CPU0_D1_SPI0_MOSI' lacks attribute 'PAP_IO_SLEW', it's better to set the attribute for port.
W: ConstraintEditor-4042: Port 'p:o_CPU0_D1_SPI0_MOSI' lacks attribute 'BUS_KEEPER', it's better to set the attribute for port.
W: ConstraintEditor-4042: Port 'p:o_CPU0_D1_SPI0_SCK' lacks attribute 'PAP_IO_DRIVE', it's better to set the attribute for port.
W: ConstraintEditor-4042: Port 'p:o_CPU0_D1_SPI0_SCK' lacks attribute 'PAP_IO_SLEW', it's better to set the attribute for port.
W: ConstraintEditor-4042: Port 'p:o_CPU0_D1_SPI0_SCK' lacks attribute 'BUS_KEEPER', it's better to set the attribute for port.
W: ConstraintEditor-4042: Port 'p:o_CPU0_SB_EN_R' lacks attribute 'PAP_IO_DRIVE', it's better to set the attribute for port.
W: ConstraintEditor-4042: Port 'p:o_CPU0_SB_EN_R' lacks attribute 'PAP_IO_SLEW', it's better to set the attribute for port.
W: ConstraintEditor-4042: Port 'p:o_CPU0_SB_EN_R' lacks attribute 'BUS_KEEPER', it's better to set the attribute for port.
W: ConstraintEditor-4042: Port 'p:o_CPU1_SB_EN_R' lacks attribute 'PAP_IO_DRIVE', it's better to set the attribute for port.
W: ConstraintEditor-4042: Port 'p:o_CPU1_SB_EN_R' lacks attribute 'PAP_IO_SLEW', it's better to set the attribute for port.
W: ConstraintEditor-4042: Port 'p:o_CPU1_SB_EN_R' lacks attribute 'BUS_KEEPER', it's better to set the attribute for port.
W: ConstraintEditor-4042: Port 'p:o_FT_CPU0_SCP_BOOT_FROM_FLASH_R' lacks attribute 'PAP_IO_DRIVE', it's better to set the attribute for port.
W: ConstraintEditor-4042: Port 'p:o_FT_CPU0_SCP_BOOT_FROM_FLASH_R' lacks attribute 'PAP_IO_SLEW', it's better to set the attribute for port.
W: ConstraintEditor-4042: Port 'p:o_FT_CPU0_SCP_BOOT_FROM_FLASH_R' lacks attribute 'BUS_KEEPER', it's better to set the attribute for port.
W: ConstraintEditor-4042: Port 'p:o_FT_CPU1_SCP_BOOT_FROM_FLASH_R' lacks attribute 'PAP_IO_DRIVE', it's better to set the attribute for port.
W: ConstraintEditor-4042: Port 'p:o_FT_CPU1_SCP_BOOT_FROM_FLASH_R' lacks attribute 'PAP_IO_SLEW', it's better to set the attribute for port.
W: ConstraintEditor-4042: Port 'p:o_FT_CPU1_SCP_BOOT_FROM_FLASH_R' lacks attribute 'BUS_KEEPER', it's better to set the attribute for port.
W: ConstraintEditor-4042: Port 'p:o_PAL_RISER2_SELECT' lacks attribute 'PAP_IO_DRIVE', it's better to set the attribute for port.
W: ConstraintEditor-4042: Port 'p:o_PAL_RISER2_SELECT' lacks attribute 'PAP_IO_SLEW', it's better to set the attribute for port.
W: ConstraintEditor-4042: Port 'p:o_PAL_RISER2_SELECT' lacks attribute 'BUS_KEEPER', it's better to set the attribute for port.
Found 0 error(s), 0 critical warning(s), 349 warning(s), out of 1428 constraint(s), you can contact with C:/CPLD/pango/2_Tieta_Feiteng/Tieta_Feiteng_1001_PGC7KD69MBG400/prj/Tieta_M/synthesize/constraint_check.ccr for more detail information.
Constraint check end.
Total time(hh:mm:ss) of constraint check : 00:00:01
C: SDC-2025: Clock source 'n:timer_gen_inst/clk_2p5hz' need a clock constraint, please use 'create_clock' or 'create_generate_clock' to generate.
C: SDC-2025: Clock source 'n:genblk1[3].fan_pwm_tach_m/Edge_Detect_u1/r_signal_a' need a clock constraint, please use 'create_clock' or 'create_generate_clock' to generate.
C: SDC-2025: Clock source 'n:genblk1[3].fan_pwm_tach_m/Edge_Detect_u1/r_signal_b' need a clock constraint, please use 'create_clock' or 'create_generate_clock' to generate.
C: SDC-2025: Clock source 'n:genblk1[2].fan_pwm_tach_m/Edge_Detect_u1/r_signal_a' need a clock constraint, please use 'create_clock' or 'create_generate_clock' to generate.
C: SDC-2025: Clock source 'n:genblk1[2].fan_pwm_tach_m/Edge_Detect_u1/r_signal_b' need a clock constraint, please use 'create_clock' or 'create_generate_clock' to generate.
C: SDC-2025: Clock source 'n:genblk1[1].fan_pwm_tach_m/Edge_Detect_u1/r_signal_a' need a clock constraint, please use 'create_clock' or 'create_generate_clock' to generate.
C: SDC-2025: Clock source 'n:genblk1[1].fan_pwm_tach_m/Edge_Detect_u1/r_signal_b' need a clock constraint, please use 'create_clock' or 'create_generate_clock' to generate.
C: SDC-2025: Clock source 'n:genblk1[0].fan_pwm_tach_m/Edge_Detect_u1/r_signal_a' need a clock constraint, please use 'create_clock' or 'create_generate_clock' to generate.
C: SDC-2025: Clock source 'n:genblk1[0].fan_pwm_tach_m/Edge_Detect_u1/r_signal_b' need a clock constraint, please use 'create_clock' or 'create_generate_clock' to generate.
Start pre-mapping.
W: Adm-4083: [C:/CPLD/pango/2_Tieta_Feiteng/Tieta_Feiteng_1001_PGC7KD69MBG400/rtl/source/Tieta_Feiteng_1001_top.v(line number: 2800)] Removed bmsWIDEDFFCPE inst count[29:0] at 29 that is stuck at constant 0.
I: Constant propagation done on count[29:0] (bmsWIDEDFFCPE).
W: Adm-4083: [C:/CPLD/pango/2_Tieta_Feiteng/Tieta_Feiteng_1001_PGC7KD69MBG400/rtl/source/Tieta_Feiteng_1001_top.v(line number: 2773)] Removed bmsWIDEDFFCPE inst counts[29:0] at 28 that is stuck at constant 0.
W: Adm-4083: [C:/CPLD/pango/2_Tieta_Feiteng/Tieta_Feiteng_1001_PGC7KD69MBG400/rtl/source/Tieta_Feiteng_1001_top.v(line number: 2773)] Removed bmsWIDEDFFCPE inst counts[29:0] at 29 that is stuck at constant 0.
I: Constant propagation done on counts[29:0] (bmsWIDEDFFCPE).
I: Removed edge_delay_1 hier-inst power_supply_on_check_inst that is redundant to p12v_stby_en_check_inst
I: Removed edge_delay_1 hier-inst p3v3_stby_bp_en_check_inst that is redundant to cpupwrok_en_check_inst
I: Removed edge_delay_1 hier-inst p3v3_stby_en_check_inst that is redundant to cpupwrok_en_check_inst
I: Constant propagation done on N1119_7 (bmsREDOR).
I: Constant propagation done on UID_Function_u0/N21 (bmsREDAND).
I: Constant propagation done on UID_Function_u0/N84 (bmsREDAND).
I: Constant propagation done on UID_Function_u0/N120 (bmsREDAND).
I: Constant propagation done on UID_Function_u0/N258 (bmsREDAND).
I: Constant propagation done on UID_Function_u0/N261 (bmsREDAND).
I: Constant propagation done on UID_Function_u0/N263 (bmsREDAND).
W: Adm-4083: [C:/CPLD/pango/2_Tieta_Feiteng/Tieta_Feiteng_1001_PGC7KD69MBG400/rtl/source/common/UID_Function.v(line number: 146)] Removed bmsWIDEDFFPATCE inst r_cnt_pulse_set[9:0] at 5 that is stuck at constant 0.
W: Adm-4083: [C:/CPLD/pango/2_Tieta_Feiteng/Tieta_Feiteng_1001_PGC7KD69MBG400/rtl/source/common/UID_Function.v(line number: 146)] Removed bmsWIDEDFFPATCE inst r_cnt_pulse_set[9:0] at 6 that is stuck at constant 0.
I: Constant propagation done on UID_Function_u0/r_cnt_pulse_set[9:0] (bmsWIDEDFFPATCE).
W: Adm-4083: [C:/CPLD/pango/2_Tieta_Feiteng/Tieta_Feiteng_1001_PGC7KD69MBG400/rtl/source/common/UID_Function.v(line number: 114)] Removed bmsWIDEDFFPATCE inst r_uid_status[7:0] at 0 that is stuck at constant 0.
W: Adm-4083: [C:/CPLD/pango/2_Tieta_Feiteng/Tieta_Feiteng_1001_PGC7KD69MBG400/rtl/source/common/UID_Function.v(line number: 114)] Removed bmsWIDEDFFPATCE inst r_uid_status[7:0] at 1 that is stuck at constant 0.
W: Adm-4083: [C:/CPLD/pango/2_Tieta_Feiteng/Tieta_Feiteng_1001_PGC7KD69MBG400/rtl/source/common/UID_Function.v(line number: 114)] Removed bmsWIDEDFFPATCE inst r_uid_status[7:0] at 2 that is stuck at constant 0.
W: Adm-4083: [C:/CPLD/pango/2_Tieta_Feiteng/Tieta_Feiteng_1001_PGC7KD69MBG400/rtl/source/common/UID_Function.v(line number: 114)] Removed bmsWIDEDFFPATCE inst r_uid_status[7:0] at 3 that is stuck at constant 0.
W: Adm-4083: [C:/CPLD/pango/2_Tieta_Feiteng/Tieta_Feiteng_1001_PGC7KD69MBG400/rtl/source/common/UID_Function.v(line number: 114)] Removed bmsWIDEDFFPATCE inst r_uid_status[7:0] at 4 that is stuck at constant 0.
W: Adm-4083: [C:/CPLD/pango/2_Tieta_Feiteng/Tieta_Feiteng_1001_PGC7KD69MBG400/rtl/source/common/UID_Function.v(line number: 114)] Removed bmsWIDEDFFPATCE inst r_uid_status[7:0] at 5 that is stuck at constant 0.
W: Adm-4083: [C:/CPLD/pango/2_Tieta_Feiteng/Tieta_Feiteng_1001_PGC7KD69MBG400/rtl/source/common/UID_Function.v(line number: 114)] Removed bmsWIDEDFFPATCE inst r_uid_status[7:0] at 6 that is stuck at constant 0.
W: Adm-4083: [C:/CPLD/pango/2_Tieta_Feiteng/Tieta_Feiteng_1001_PGC7KD69MBG400/rtl/source/common/UID_Function.v(line number: 114)] Removed bmsWIDEDFFPATCE inst r_uid_status[7:0] at 7 that is stuck at constant 0.
W: Adm-4083: [C:/CPLD/pango/2_Tieta_Feiteng/Tieta_Feiteng_1001_PGC7KD69MBG400/rtl/source/common/UID_Function.v(line number: 146)] Removed bmsWIDEDFFPATCE inst r_cnt_pulse_set[9:0] at 0 that is stuck at constant 0.
W: Adm-4083: [C:/CPLD/pango/2_Tieta_Feiteng/Tieta_Feiteng_1001_PGC7KD69MBG400/rtl/source/common/UID_Function.v(line number: 146)] Removed bmsWIDEDFFPATCE inst r_cnt_pulse_set[9:0] at 1 that is stuck at constant 0.
W: Adm-4083: [C:/CPLD/pango/2_Tieta_Feiteng/Tieta_Feiteng_1001_PGC7KD69MBG400/rtl/source/common/UID_Function.v(line number: 146)] Removed bmsWIDEDFFPATCE inst r_cnt_pulse_set[9:0] at 7 that is stuck at constant 0.
W: Adm-4083: [C:/CPLD/pango/2_Tieta_Feiteng/Tieta_Feiteng_1001_PGC7KD69MBG400/rtl/source/common/UID_Function.v(line number: 146)] Removed bmsWIDEDFFPATCE inst r_cnt_pulse_set[9:0] at 8 that is stuck at constant 0.
W: Adm-4082: [C:/CPLD/pango/2_Tieta_Feiteng/Tieta_Feiteng_1001_PGC7KD69MBG400/rtl/source/common/edge_detect.v(line number: 40)] Removed bmsWIDEDFFCPE inst r_signal_a that is stuck at constant 1.
W: Adm-4082: [C:/CPLD/pango/2_Tieta_Feiteng/Tieta_Feiteng_1001_PGC7KD69MBG400/rtl/source/common/edge_detect.v(line number: 40)] Removed bmsWIDEDFFCPE inst r_signal_b that is stuck at constant 1.
W: Adm-4083: [C:/CPLD/pango/2_Tieta_Feiteng/Tieta_Feiteng_1001_PGC7KD69MBG400/rtl/source/common/lowpass_filter.v(line number: 57)] Removed bmsWIDEDFFCPE inst r_data[3:0] at 0 that is stuck at constant 0.
W: Adm-4083: [C:/CPLD/pango/2_Tieta_Feiteng/Tieta_Feiteng_1001_PGC7KD69MBG400/rtl/source/common/lowpass_filter.v(line number: 57)] Removed bmsWIDEDFFCPE inst r_data[3:0] at 1 that is stuck at constant 0.
W: Adm-4083: [C:/CPLD/pango/2_Tieta_Feiteng/Tieta_Feiteng_1001_PGC7KD69MBG400/rtl/source/common/lowpass_filter.v(line number: 57)] Removed bmsWIDEDFFCPE inst r_data[3:0] at 2 that is stuck at constant 0.
W: Adm-4083: [C:/CPLD/pango/2_Tieta_Feiteng/Tieta_Feiteng_1001_PGC7KD69MBG400/rtl/source/common/lowpass_filter.v(line number: 57)] Removed bmsWIDEDFFCPE inst r_data[3:0] at 3 that is stuck at constant 0.
W: Adm-4082: [C:/CPLD/pango/2_Tieta_Feiteng/Tieta_Feiteng_1001_PGC7KD69MBG400/rtl/source/common/lowpass_filter.v(line number: 67)] Removed bmsWIDEDFFCPE inst r_data_out that is stuck at constant 1.
W: Adm-4082: [C:/CPLD/pango/2_Tieta_Feiteng/Tieta_Feiteng_1001_PGC7KD69MBG400/rtl/source/common/synclib.v(line number: 282)] Removed bmsWIDEDFFCPE inst mInst[4].nxt_s1[4] that is stuck at constant 0.
W: Adm-4082: [C:/CPLD/pango/2_Tieta_Feiteng/Tieta_Feiteng_1001_PGC7KD69MBG400/rtl/source/common/synclib.v(line number: 282)] Removed bmsWIDEDFFCPE inst mInst[5].nxt_s1[5] that is stuck at constant 0.
W: Adm-4082: [C:/CPLD/pango/2_Tieta_Feiteng/Tieta_Feiteng_1001_PGC7KD69MBG400/rtl/source/common/synclib.v(line number: 282)] Removed bmsWIDEDFFCPE inst mInst[6].nxt_s1[6] that is stuck at constant 0.
W: Adm-4082: [C:/CPLD/pango/2_Tieta_Feiteng/Tieta_Feiteng_1001_PGC7KD69MBG400/rtl/source/common/synclib.v(line number: 282)] Removed bmsWIDEDFFCPE inst mInst[7].nxt_s1[7] that is stuck at constant 0.
W: Adm-4082: [C:/CPLD/pango/2_Tieta_Feiteng/Tieta_Feiteng_1001_PGC7KD69MBG400/rtl/source/common/synclib.v(line number: 282)] Removed bmsWIDEDFFCPE inst mInst[8].nxt_s1[8] that is stuck at constant 0.
W: Adm-4082: [C:/CPLD/pango/2_Tieta_Feiteng/Tieta_Feiteng_1001_PGC7KD69MBG400/rtl/source/common/synclib.v(line number: 282)] Removed bmsWIDEDFFCPE inst mInst[9].nxt_s1[9] that is stuck at constant 0.
W: Adm-4082: [C:/CPLD/pango/2_Tieta_Feiteng/Tieta_Feiteng_1001_PGC7KD69MBG400/rtl/source/common/synclib.v(line number: 282)] Removed bmsWIDEDFFCPE inst mInst[10].nxt_s1[10] that is stuck at constant 0.
W: Adm-4082: [C:/CPLD/pango/2_Tieta_Feiteng/Tieta_Feiteng_1001_PGC7KD69MBG400/rtl/source/common/synclib.v(line number: 282)] Removed bmsWIDEDFFCPE inst mInst[11].nxt_s1[11] that is stuck at constant 0.
W: Adm-4082: [C:/CPLD/pango/2_Tieta_Feiteng/Tieta_Feiteng_1001_PGC7KD69MBG400/rtl/source/common/synclib.v(line number: 282)] Removed bmsWIDEDFFCPE inst mInst[4].nxt[4] that is stuck at constant 0.
W: Adm-4082: [C:/CPLD/pango/2_Tieta_Feiteng/Tieta_Feiteng_1001_PGC7KD69MBG400/rtl/source/common/synclib.v(line number: 282)] Removed bmsWIDEDFFCPE inst mInst[5].nxt[5] that is stuck at constant 0.
W: Adm-4082: [C:/CPLD/pango/2_Tieta_Feiteng/Tieta_Feiteng_1001_PGC7KD69MBG400/rtl/source/common/synclib.v(line number: 282)] Removed bmsWIDEDFFCPE inst mInst[6].nxt[6] that is stuck at constant 0.
W: Adm-4082: [C:/CPLD/pango/2_Tieta_Feiteng/Tieta_Feiteng_1001_PGC7KD69MBG400/rtl/source/common/synclib.v(line number: 282)] Removed bmsWIDEDFFCPE inst mInst[7].nxt[7] that is stuck at constant 0.
W: Adm-4082: [C:/CPLD/pango/2_Tieta_Feiteng/Tieta_Feiteng_1001_PGC7KD69MBG400/rtl/source/common/synclib.v(line number: 282)] Removed bmsWIDEDFFCPE inst mInst[8].nxt[8] that is stuck at constant 0.
W: Adm-4082: [C:/CPLD/pango/2_Tieta_Feiteng/Tieta_Feiteng_1001_PGC7KD69MBG400/rtl/source/common/synclib.v(line number: 282)] Removed bmsWIDEDFFCPE inst mInst[9].nxt[9] that is stuck at constant 0.
W: Adm-4082: [C:/CPLD/pango/2_Tieta_Feiteng/Tieta_Feiteng_1001_PGC7KD69MBG400/rtl/source/common/synclib.v(line number: 282)] Removed bmsWIDEDFFCPE inst mInst[10].nxt[10] that is stuck at constant 0.
W: Adm-4082: [C:/CPLD/pango/2_Tieta_Feiteng/Tieta_Feiteng_1001_PGC7KD69MBG400/rtl/source/common/synclib.v(line number: 282)] Removed bmsWIDEDFFCPE inst mInst[11].nxt[11] that is stuck at constant 0.
W: Adm-4082: [C:/CPLD/pango/2_Tieta_Feiteng/Tieta_Feiteng_1001_PGC7KD69MBG400/rtl/source/common/synclib.v(line number: 282)] Removed bmsWIDEDFFCPE inst mInst[4].out_i[4] that is stuck at constant 0.
W: Adm-4082: [C:/CPLD/pango/2_Tieta_Feiteng/Tieta_Feiteng_1001_PGC7KD69MBG400/rtl/source/common/synclib.v(line number: 282)] Removed bmsWIDEDFFCPE inst mInst[5].out_i[5] that is stuck at constant 0.
W: Adm-4082: [C:/CPLD/pango/2_Tieta_Feiteng/Tieta_Feiteng_1001_PGC7KD69MBG400/rtl/source/common/synclib.v(line number: 282)] Removed bmsWIDEDFFCPE inst mInst[6].out_i[6] that is stuck at constant 0.
W: Adm-4082: [C:/CPLD/pango/2_Tieta_Feiteng/Tieta_Feiteng_1001_PGC7KD69MBG400/rtl/source/common/synclib.v(line number: 282)] Removed bmsWIDEDFFCPE inst mInst[7].out_i[7] that is stuck at constant 0.
W: Adm-4082: [C:/CPLD/pango/2_Tieta_Feiteng/Tieta_Feiteng_1001_PGC7KD69MBG400/rtl/source/common/synclib.v(line number: 282)] Removed bmsWIDEDFFCPE inst mInst[8].out_i[8] that is stuck at constant 0.
W: Adm-4082: [C:/CPLD/pango/2_Tieta_Feiteng/Tieta_Feiteng_1001_PGC7KD69MBG400/rtl/source/common/synclib.v(line number: 282)] Removed bmsWIDEDFFCPE inst mInst[9].out_i[9] that is stuck at constant 0.
W: Adm-4082: [C:/CPLD/pango/2_Tieta_Feiteng/Tieta_Feiteng_1001_PGC7KD69MBG400/rtl/source/common/synclib.v(line number: 282)] Removed bmsWIDEDFFCPE inst mInst[10].out_i[10] that is stuck at constant 0.
W: Adm-4082: [C:/CPLD/pango/2_Tieta_Feiteng/Tieta_Feiteng_1001_PGC7KD69MBG400/rtl/source/common/synclib.v(line number: 282)] Removed bmsWIDEDFFCPE inst mInst[11].out_i[11] that is stuck at constant 0.
W: Adm-4082: [C:/CPLD/pango/2_Tieta_Feiteng/Tieta_Feiteng_1001_PGC7KD69MBG400/rtl/source/common/synclib.v(line number: 367)] Removed bmsWIDEDFFCPE inst mInst[13].nxt_s1[13] that is stuck at constant 1.
W: Adm-4082: [C:/CPLD/pango/2_Tieta_Feiteng/Tieta_Feiteng_1001_PGC7KD69MBG400/rtl/source/common/synclib.v(line number: 367)] Removed bmsWIDEDFFCPE inst mInst[13].nxt[13] that is stuck at constant 1.
W: Adm-4082: [C:/CPLD/pango/2_Tieta_Feiteng/Tieta_Feiteng_1001_PGC7KD69MBG400/rtl/source/common/synclib.v(line number: 367)] Removed bmsWIDEDFFCPE inst mInst[13].out_i[13] that is stuck at constant 1.
I: Removed bmsWIDEDFFCPE inst mInst[5].nxt_s1[5] that is redundant to mInst[0].nxt_s1[0]
I: Removed bmsWIDEDFFCPE inst mInst[5].nxt[5] that is redundant to mInst[0].nxt[0]
I: Removed bmsWIDEDFFCPE inst mInst[21].nxt_s1[21] that is redundant to mInst[2].nxt_s1[2]
I: Removed bmsWIDEDFFCPE inst mInst[22].nxt_s1[22] that is redundant to mInst[2].nxt_s1[2]
I: Removed bmsWIDEDFFCPE inst mInst[23].nxt_s1[23] that is redundant to mInst[2].nxt_s1[2]
I: Removed bmsWIDEDFFCPE inst mInst[24].nxt_s1[24] that is redundant to mInst[2].nxt_s1[2]
I: Removed bmsWIDEDFFCPE inst mInst[25].nxt_s1[25] that is redundant to mInst[2].nxt_s1[2]
I: Removed bmsWIDEDFFCPE inst mInst[26].nxt_s1[26] that is redundant to mInst[2].nxt_s1[2]
I: Removed bmsWIDEDFFCPE inst mInst[27].nxt_s1[27] that is redundant to mInst[2].nxt_s1[2]
I: Removed bmsWIDEDFFCPE inst mInst[28].nxt_s1[28] that is redundant to mInst[2].nxt_s1[2]
I: Removed bmsWIDEDFFCPE inst mInst[29].nxt_s1[29] that is redundant to mInst[2].nxt_s1[2]
I: Removed bmsWIDEDFFCPE inst mInst[30].nxt_s1[30] that is redundant to mInst[2].nxt_s1[2]
I: Removed bmsWIDEDFFCPE inst mInst[31].nxt_s1[31] that is redundant to mInst[2].nxt_s1[2]
I: Removed bmsWIDEDFFCPE inst mInst[32].nxt_s1[32] that is redundant to mInst[2].nxt_s1[2]
I: Removed bmsWIDEDFFCPE inst mInst[21].nxt[21] that is redundant to mInst[2].nxt[2]
I: Removed bmsWIDEDFFCPE inst mInst[22].nxt[22] that is redundant to mInst[2].nxt[2]
I: Removed bmsWIDEDFFCPE inst mInst[23].nxt[23] that is redundant to mInst[2].nxt[2]
I: Removed bmsWIDEDFFCPE inst mInst[24].nxt[24] that is redundant to mInst[2].nxt[2]
I: Removed bmsWIDEDFFCPE inst mInst[25].nxt[25] that is redundant to mInst[2].nxt[2]
I: Removed bmsWIDEDFFCPE inst mInst[26].nxt[26] that is redundant to mInst[2].nxt[2]
I: Removed bmsWIDEDFFCPE inst mInst[27].nxt[27] that is redundant to mInst[2].nxt[2]
I: Removed bmsWIDEDFFCPE inst mInst[28].nxt[28] that is redundant to mInst[2].nxt[2]
I: Removed bmsWIDEDFFCPE inst mInst[29].nxt[29] that is redundant to mInst[2].nxt[2]
I: Removed bmsWIDEDFFCPE inst mInst[30].nxt[30] that is redundant to mInst[2].nxt[2]
I: Removed bmsWIDEDFFCPE inst mInst[31].nxt[31] that is redundant to mInst[2].nxt[2]
I: Removed bmsWIDEDFFCPE inst mInst[32].nxt[32] that is redundant to mInst[2].nxt[2]
I: Removed bmsWIDEDFFCPE inst mInst[42].nxt_s1[42] that is redundant to mInst[41].nxt_s1[41]
I: Removed bmsWIDEDFFCPE inst mInst[42].nxt[42] that is redundant to mInst[41].nxt[41]
W: Adm-4083: [C:/CPLD/pango/2_Tieta_Feiteng/Tieta_Feiteng_1001_PGC7KD69MBG400/rtl/source/common/led_blink_code.v(line number: 178)] Removed bmsWIDEDFFCPE inst events[10:0] at 1 that is stuck at constant 0.
W: Adm-4083: [C:/CPLD/pango/2_Tieta_Feiteng/Tieta_Feiteng_1001_PGC7KD69MBG400/rtl/source/common/led_blink_code.v(line number: 178)] Removed bmsWIDEDFFCPE inst events[10:0] at 2 that is stuck at constant 0.
W: Adm-4083: [C:/CPLD/pango/2_Tieta_Feiteng/Tieta_Feiteng_1001_PGC7KD69MBG400/rtl/source/common/led_blink_code.v(line number: 178)] Removed bmsWIDEDFFCPE inst events[10:0] at 3 that is stuck at constant 0.
W: Adm-4083: [C:/CPLD/pango/2_Tieta_Feiteng/Tieta_Feiteng_1001_PGC7KD69MBG400/rtl/source/common/led_blink_code.v(line number: 178)] Removed bmsWIDEDFFCPE inst events[10:0] at 4 that is stuck at constant 0.
W: Adm-4083: [C:/CPLD/pango/2_Tieta_Feiteng/Tieta_Feiteng_1001_PGC7KD69MBG400/rtl/source/common/led_blink_code.v(line number: 178)] Removed bmsWIDEDFFCPE inst events[10:0] at 5 that is stuck at constant 0.
W: Adm-4083: [C:/CPLD/pango/2_Tieta_Feiteng/Tieta_Feiteng_1001_PGC7KD69MBG400/rtl/source/common/led_blink_code.v(line number: 178)] Removed bmsWIDEDFFCPE inst events[10:0] at 6 that is stuck at constant 0.
W: Adm-4083: [C:/CPLD/pango/2_Tieta_Feiteng/Tieta_Feiteng_1001_PGC7KD69MBG400/rtl/source/common/led_blink_code.v(line number: 178)] Removed bmsWIDEDFFCPE inst events[10:0] at 7 that is stuck at constant 0.
W: Adm-4083: [C:/CPLD/pango/2_Tieta_Feiteng/Tieta_Feiteng_1001_PGC7KD69MBG400/rtl/source/common/led_blink_code.v(line number: 178)] Removed bmsWIDEDFFCPE inst events[10:0] at 8 that is stuck at constant 0.
W: Adm-4083: [C:/CPLD/pango/2_Tieta_Feiteng/Tieta_Feiteng_1001_PGC7KD69MBG400/rtl/source/common/led_blink_code.v(line number: 189)] Removed bmsWIDEDFFCPE inst threshold[3:0] at 2 that is stuck at constant 0.
W: Adm-4083: [C:/CPLD/pango/2_Tieta_Feiteng/Tieta_Feiteng_1001_PGC7KD69MBG400/rtl/source/pwrseq/psu.v(line number: 96)] Removed bmsWIDEDFFCPE inst cur_ps_enable[1:0] at 0 that is stuck at constant 0.
W: Adm-4083: [C:/CPLD/pango/2_Tieta_Feiteng/Tieta_Feiteng_1001_PGC7KD69MBG400/rtl/source/pwrseq/psu.v(line number: 96)] Removed bmsWIDEDFFCPE inst cur_ps_enable[1:0] at 1 that is stuck at constant 0.
W: Adm-4083: [C:/CPLD/pango/2_Tieta_Feiteng/Tieta_Feiteng_1001_PGC7KD69MBG400/rtl/source/pwrseq/psu.v(line number: 133)] Removed bmsWIDEDFFCPE inst in_service[1:0] at 0 that is stuck at constant 0.
W: Adm-4083: [C:/CPLD/pango/2_Tieta_Feiteng/Tieta_Feiteng_1001_PGC7KD69MBG400/rtl/source/pwrseq/psu.v(line number: 133)] Removed bmsWIDEDFFCPE inst in_service[1:0] at 1 that is stuck at constant 0.
W: Adm-4083: [C:/CPLD/pango/2_Tieta_Feiteng/Tieta_Feiteng_1001_PGC7KD69MBG400/rtl/source/pwrseq/psu.v(line number: 108)] Removed bmsWIDEDFFCPE inst ps_on_n[1:0] at 0 that is stuck at constant 0.
W: Adm-4083: [C:/CPLD/pango/2_Tieta_Feiteng/Tieta_Feiteng_1001_PGC7KD69MBG400/rtl/source/pwrseq/psu.v(line number: 108)] Removed bmsWIDEDFFCPE inst ps_on_n[1:0] at 1 that is stuck at constant 0.
W: Adm-4082: [C:/CPLD/pango/2_Tieta_Feiteng/Tieta_Feiteng_1001_PGC7KD69MBG400/rtl/source/common/pwrcap_pwrbtn_led.v(line number: 87)] Removed bmsWIDEDFFCPE inst pwrcap_grn that is stuck at constant 0.
W: Adm-4082: [C:/CPLD/pango/2_Tieta_Feiteng/Tieta_Feiteng_1001_PGC7KD69MBG400/rtl/source/common/pwrcap_pwrbtn_led.v(line number: 99)] Removed bmsWIDEDFFCPE inst pwrcap_amb that is stuck at constant 0.
W: Adm-4082: [C:/CPLD/pango/2_Tieta_Feiteng/Tieta_Feiteng_1001_PGC7KD69MBG400/rtl/source/pwrseq/pwrseq_slave.v(line number: 1664)] Removed bmsWIDEDFFCPE inst any_non_recov_fault that is stuck at constant 0.
W: Adm-4083: [C:/CPLD/pango/2_Tieta_Feiteng/Tieta_Feiteng_1001_PGC7KD69MBG400/rtl/source/common/synclib.v(line number: 135)] Removed bmsWIDEDFFCPE inst ff_s1[4:0] at 2 that is stuck at constant 0.
W: Adm-4083: [C:/CPLD/pango/2_Tieta_Feiteng/Tieta_Feiteng_1001_PGC7KD69MBG400/rtl/source/common/synclib.v(line number: 135)] Removed bmsWIDEDFFCPE inst dout[4:0] at 2 that is stuck at constant 0.
W: Adm-4083: [C:/CPLD/pango/2_Tieta_Feiteng/Tieta_Feiteng_1001_PGC7KD69MBG400/rtl/source/common/system_reset.v(line number: 155)] Removed bmsWIDEDFFCPE inst hsb_rst_count[1:0] at 0 that is stuck at constant 0.
W: Adm-4083: [C:/CPLD/pango/2_Tieta_Feiteng/Tieta_Feiteng_1001_PGC7KD69MBG400/rtl/source/common/system_reset.v(line number: 155)] Removed bmsWIDEDFFCPE inst hsb_rst_count[1:0] at 1 that is stuck at constant 0.
W: Adm-4082: [C:/CPLD/pango/2_Tieta_Feiteng/Tieta_Feiteng_1001_PGC7KD69MBG400/rtl/source/common/system_reset.v(line number: 155)] Removed bmsWIDEDFFCPE inst hsb_fail_n that is stuck at constant 1.
W: Adm-4083: [C:/CPLD/pango/2_Tieta_Feiteng/Tieta_Feiteng_1001_PGC7KD69MBG400/rtl/source/common/system_reset.v(line number: 120)] Removed bmsWIDEDFFCPE inst bootnext_count[4:0] at 0 that is stuck at constant 0.
W: Adm-4083: [C:/CPLD/pango/2_Tieta_Feiteng/Tieta_Feiteng_1001_PGC7KD69MBG400/rtl/source/common/system_reset.v(line number: 120)] Removed bmsWIDEDFFCPE inst bootnext_count[4:0] at 1 that is stuck at constant 0.
W: Adm-4083: [C:/CPLD/pango/2_Tieta_Feiteng/Tieta_Feiteng_1001_PGC7KD69MBG400/rtl/source/common/system_reset.v(line number: 120)] Removed bmsWIDEDFFCPE inst bootnext_count[4:0] at 2 that is stuck at constant 0.
W: Adm-4083: [C:/CPLD/pango/2_Tieta_Feiteng/Tieta_Feiteng_1001_PGC7KD69MBG400/rtl/source/common/system_reset.v(line number: 120)] Removed bmsWIDEDFFCPE inst bootnext_count[4:0] at 3 that is stuck at constant 0.
W: Adm-4083: [C:/CPLD/pango/2_Tieta_Feiteng/Tieta_Feiteng_1001_PGC7KD69MBG400/rtl/source/common/system_reset.v(line number: 120)] Removed bmsWIDEDFFCPE inst bootnext_count[4:0] at 4 that is stuck at constant 0.
W: Adm-4082: [C:/CPLD/pango/2_Tieta_Feiteng/Tieta_Feiteng_1001_PGC7KD69MBG400/rtl/source/common/system_reset.v(line number: 120)] Removed bmsWIDEDFFCPE inst hsb_reset that is stuck at constant 0.
W: Adm-4083: [C:/CPLD/pango/2_Tieta_Feiteng/Tieta_Feiteng_1001_PGC7KD69MBG400/rtl/source/common/thermal.v(line number: 58)] Removed bmsWIDEDFFCPE inst qual_cpu_vr_hot_n[1:0] at 0 that is stuck at constant 0.
W: Adm-4083: [C:/CPLD/pango/2_Tieta_Feiteng/Tieta_Feiteng_1001_PGC7KD69MBG400/rtl/source/common/thermal.v(line number: 58)] Removed bmsWIDEDFFCPE inst qual_cpu_vr_hot_n[1:0] at 1 that is stuck at constant 0.
W: Adm-4083: [C:/CPLD/pango/2_Tieta_Feiteng/Tieta_Feiteng_1001_PGC7KD69MBG400/rtl/source/common/thermal.v(line number: 58)] Removed bmsWIDEDFFCPE inst qual_mem_vr_hot_n[3:0] at 0 that is stuck at constant 0.
W: Adm-4083: [C:/CPLD/pango/2_Tieta_Feiteng/Tieta_Feiteng_1001_PGC7KD69MBG400/rtl/source/common/thermal.v(line number: 58)] Removed bmsWIDEDFFCPE inst qual_mem_vr_hot_n[3:0] at 1 that is stuck at constant 0.
W: Adm-4083: [C:/CPLD/pango/2_Tieta_Feiteng/Tieta_Feiteng_1001_PGC7KD69MBG400/rtl/source/common/thermal.v(line number: 58)] Removed bmsWIDEDFFCPE inst qual_mem_vr_hot_n[3:0] at 2 that is stuck at constant 0.
W: Adm-4083: [C:/CPLD/pango/2_Tieta_Feiteng/Tieta_Feiteng_1001_PGC7KD69MBG400/rtl/source/common/thermal.v(line number: 58)] Removed bmsWIDEDFFCPE inst qual_mem_vr_hot_n[3:0] at 3 that is stuck at constant 0.
W: Adm-4083: [C:/CPLD/pango/2_Tieta_Feiteng/Tieta_Feiteng_1001_PGC7KD69MBG400/rtl/source/common/thermal.v(line number: 58)] Removed bmsWIDEDFFCPE inst qual_cpu_ab_alert[1:0] at 0 that is stuck at constant 0.
W: Adm-4083: [C:/CPLD/pango/2_Tieta_Feiteng/Tieta_Feiteng_1001_PGC7KD69MBG400/rtl/source/common/thermal.v(line number: 58)] Removed bmsWIDEDFFCPE inst qual_cpu_ab_alert[1:0] at 1 that is stuck at constant 0.
W: Adm-4083: [C:/CPLD/pango/2_Tieta_Feiteng/Tieta_Feiteng_1001_PGC7KD69MBG400/rtl/source/common/thermal.v(line number: 58)] Removed bmsWIDEDFFCPE inst qual_cpu_cd_alert[1:0] at 0 that is stuck at constant 0.
W: Adm-4083: [C:/CPLD/pango/2_Tieta_Feiteng/Tieta_Feiteng_1001_PGC7KD69MBG400/rtl/source/common/thermal.v(line number: 58)] Removed bmsWIDEDFFCPE inst qual_cpu_cd_alert[1:0] at 1 that is stuck at constant 0.
W: Adm-4082: [C:/CPLD/pango/2_Tieta_Feiteng/Tieta_Feiteng_1001_PGC7KD69MBG400/rtl/source/common/thermal.v(line number: 89)] Removed bmsWIDEDFFCPE inst sensor_thermtrip that is stuck at constant 0.
I: Encoding type of FSM 'r_flag_uid_fsm[7:0]' is: original.
I: Encoding table of FSM 'r_flag_uid_fsm[7:0]':
I: from  UID_Function_u0/r_flag_uid[7] UID_Function_u0/r_flag_uid[6] UID_Function_u0/r_flag_uid[5] UID_Function_u0/r_flag_uid[4] UID_Function_u0/r_flag_uid[3] UID_Function_u0/r_flag_uid[2] UID_Function_u0/r_flag_uid[1] UID_Function_u0/r_flag_uid[0]
I: to  UID_Function_u0/r_flag_uid_reg[7] UID_Function_u0/r_flag_uid_reg[6] UID_Function_u0/r_flag_uid_reg[5] UID_Function_u0/r_flag_uid_reg[4] UID_Function_u0/r_flag_uid_reg[3] UID_Function_u0/r_flag_uid_reg[2] UID_Function_u0/r_flag_uid_reg[1] UID_Function_u0/r_flag_uid_reg[0]
I: 00000000 => 00000000
I: 00000001 => 00000001
I: 11111111 => 11111111
I: Encoding type of FSM 'r_I2C_state_fsm[4:0]' is: onehot.
I: Encoding table of FSM 'r_I2C_state_fsm[4:0]':
I: from  bmc_cpld_i2c_ram_u0/i2c_slave_bmc_u0/i2c_slave_basic0_u0/r_I2C_state[4] bmc_cpld_i2c_ram_u0/i2c_slave_bmc_u0/i2c_slave_basic0_u0/r_I2C_state[3] bmc_cpld_i2c_ram_u0/i2c_slave_bmc_u0/i2c_slave_basic0_u0/r_I2C_state[2] bmc_cpld_i2c_ram_u0/i2c_slave_bmc_u0/i2c_slave_basic0_u0/r_I2C_state[1] bmc_cpld_i2c_ram_u0/i2c_slave_bmc_u0/i2c_slave_basic0_u0/r_I2C_state[0]
I: to  bmc_cpld_i2c_ram_u0/i2c_slave_bmc_u0/i2c_slave_basic0_u0/r_I2C_state_reg[19] bmc_cpld_i2c_ram_u0/i2c_slave_bmc_u0/i2c_slave_basic0_u0/r_I2C_state_reg[18] bmc_cpld_i2c_ram_u0/i2c_slave_bmc_u0/i2c_slave_basic0_u0/r_I2C_state_reg[17] bmc_cpld_i2c_ram_u0/i2c_slave_bmc_u0/i2c_slave_basic0_u0/r_I2C_state_reg[16] bmc_cpld_i2c_ram_u0/i2c_slave_bmc_u0/i2c_slave_basic0_u0/r_I2C_state_reg[15] bmc_cpld_i2c_ram_u0/i2c_slave_bmc_u0/i2c_slave_basic0_u0/r_I2C_state_reg[14] bmc_cpld_i2c_ram_u0/i2c_slave_bmc_u0/i2c_slave_basic0_u0/r_I2C_state_reg[13] bmc_cpld_i2c_ram_u0/i2c_slave_bmc_u0/i2c_slave_basic0_u0/r_I2C_state_reg[12] bmc_cpld_i2c_ram_u0/i2c_slave_bmc_u0/i2c_slave_basic0_u0/r_I2C_state_reg[11] bmc_cpld_i2c_ram_u0/i2c_slave_bmc_u0/i2c_slave_basic0_u0/r_I2C_state_reg[10] bmc_cpld_i2c_ram_u0/i2c_slave_bmc_u0/i2c_slave_basic0_u0/r_I2C_state_reg[9] bmc_cpld_i2c_ram_u0/i2c_slave_bmc_u0/i2c_slave_basic0_u0/r_I2C_state_reg[8] bmc_cpld_i2c_ram_u0/i2c_slave_bmc_u0/i2c_slave_basic0_u0/r_I2C_state_reg[7] bmc_cpld_i2c_ram_u0/i2c_slave_bmc_u0/i2c_slave_basic0_u0/r_I2C_state_reg[6] bmc_cpld_i2c_ram_u0/i2c_slave_bmc_u0/i2c_slave_basic0_u0/r_I2C_state_reg[5] bmc_cpld_i2c_ram_u0/i2c_slave_bmc_u0/i2c_slave_basic0_u0/r_I2C_state_reg[4] bmc_cpld_i2c_ram_u0/i2c_slave_bmc_u0/i2c_slave_basic0_u0/r_I2C_state_reg[3] bmc_cpld_i2c_ram_u0/i2c_slave_bmc_u0/i2c_slave_basic0_u0/r_I2C_state_reg[2] bmc_cpld_i2c_ram_u0/i2c_slave_bmc_u0/i2c_slave_basic0_u0/r_I2C_state_reg[1] bmc_cpld_i2c_ram_u0/i2c_slave_bmc_u0/i2c_slave_basic0_u0/r_I2C_state_reg[0]
I: 00000 => 00000000000000000001
I: 00001 => 00000000000000000010
I: 00010 => 00000000000000000100
I: 00011 => 00000000000000001000
I: 00100 => 00000000000000010000
I: 00101 => 00000000000000100000
I: 00110 => 00000000000001000000
I: 00111 => 00000000000010000000
I: 01000 => 00000000000100000000
I: 01001 => 00000000001000000000
I: 01010 => 00000000010000000000
I: 01011 => 00000000100000000000
I: 01100 => 00000001000000000000
I: 01101 => 00000010000000000000
I: 01110 => 00000100000000000000
I: 01111 => 00001000000000000000
I: 10000 => 00010000000000000000
I: 10001 => 00100000000000000000
I: 10010 => 01000000000000000000
I: 10011 => 10000000000000000000
I: Encoding type of FSM 'curr_state_fsm[2:0]' is: onehot.
I: Encoding table of FSM 'curr_state_fsm[2:0]':
I: from  uart_master_u1/curr_state[2] uart_master_u1/curr_state[1] uart_master_u1/curr_state[0]
I: to  uart_master_u1/curr_state_reg[7] uart_master_u1/curr_state_reg[6] uart_master_u1/curr_state_reg[5] uart_master_u1/curr_state_reg[4] uart_master_u1/curr_state_reg[3] uart_master_u1/curr_state_reg[2] uart_master_u1/curr_state_reg[1] uart_master_u1/curr_state_reg[0]
I: 000 => 00000001
I: 001 => 00000010
I: 010 => 00000100
I: 011 => 00001000
I: 100 => 00010000
I: 101 => 00100000
I: 110 => 01000000
I: 111 => 10000000
W: Public-4008: [C:/CPLD/pango/2_Tieta_Feiteng/Tieta_Feiteng_1001_PGC7KD69MBG400/rtl/source/common/synclib.v(line number: 282)] Instance 'db_bp_pgood_fault/cnt[8][2:0]' of 'bmsWIDEDFFCPE' unit is dangling and will be cleaned.
W: Public-4008: [C:/CPLD/pango/2_Tieta_Feiteng/Tieta_Feiteng_1001_PGC7KD69MBG400/rtl/source/common/synclib.v(line number: 282)] Instance 'db_bp_pgood_fault/cnt[9][2:0]' of 'bmsWIDEDFFCPE' unit is dangling and will be cleaned.
W: Public-4008: [C:/CPLD/pango/2_Tieta_Feiteng/Tieta_Feiteng_1001_PGC7KD69MBG400/rtl/source/common/synclib.v(line number: 282)] Instance 'db_bp_pgood_fault/cnt[11][2:0]' of 'bmsWIDEDFFCPE' unit is dangling and will be cleaned.
W: Public-4008: [C:/CPLD/pango/2_Tieta_Feiteng/Tieta_Feiteng_1001_PGC7KD69MBG400/rtl/source/common/synclib.v(line number: 282)] Instance 'db_bp_pgood_fault/cnt[5][2:0]' of 'bmsWIDEDFFCPE' unit is dangling and will be cleaned.
W: Public-4008: [C:/CPLD/pango/2_Tieta_Feiteng/Tieta_Feiteng_1001_PGC7KD69MBG400/rtl/source/common/synclib.v(line number: 282)] Instance 'db_bp_pgood_fault/cnt[10][2:0]' of 'bmsWIDEDFFCPE' unit is dangling and will be cleaned.
W: Public-4008: [C:/CPLD/pango/2_Tieta_Feiteng/Tieta_Feiteng_1001_PGC7KD69MBG400/rtl/source/common/synclib.v(line number: 282)] Instance 'db_bp_pgood_fault/cnt[4][2:0]' of 'bmsWIDEDFFCPE' unit is dangling and will be cleaned.
W: Public-4008: [C:/CPLD/pango/2_Tieta_Feiteng/Tieta_Feiteng_1001_PGC7KD69MBG400/rtl/source/common/synclib.v(line number: 282)] Instance 'db_bp_pgood_fault/cnt[6][2:0]' of 'bmsWIDEDFFCPE' unit is dangling and will be cleaned.
W: Public-4008: [C:/CPLD/pango/2_Tieta_Feiteng/Tieta_Feiteng_1001_PGC7KD69MBG400/rtl/source/common/synclib.v(line number: 282)] Instance 'db_bp_pgood_fault/cnt[7][2:0]' of 'bmsWIDEDFFCPE' unit is dangling and will be cleaned.
W: Public-4008: [C:/CPLD/pango/2_Tieta_Feiteng/Tieta_Feiteng_1001_PGC7KD69MBG400/rtl/source/common/synclib.v(line number: 367)] Instance 'db_inst_cpu_rail/cnt[13][2:0]' of 'bmsWIDEDFFCPE' unit is dangling and will be cleaned.
I: Encoding type of FSM 'state_fsm[1:0]' is: original.
I: Encoding table of FSM 'state_fsm[1:0]':
I: from  led_blink_code_inst/state[1] led_blink_code_inst/state[0]
I: to  led_blink_code_inst/state_reg[1] led_blink_code_inst/state_reg[0]
I: 00 => 00
I: 01 => 01
I: 10 => 10
I: 11 => 11
I: Encoding type of FSM 'curr_state_fsm[2:0]' is: onehot.
I: Encoding table of FSM 'curr_state_fsm[2:0]':
I: from  uart_master_u2/curr_state[2] uart_master_u2/curr_state[1] uart_master_u2/curr_state[0]
I: to  uart_master_u2/curr_state_reg[7] uart_master_u2/curr_state_reg[6] uart_master_u2/curr_state_reg[5] uart_master_u2/curr_state_reg[4] uart_master_u2/curr_state_reg[3] uart_master_u2/curr_state_reg[2] uart_master_u2/curr_state_reg[1] uart_master_u2/curr_state_reg[0]
I: 000 => 00000001
I: 001 => 00000010
I: 010 => 00000100
I: 011 => 00001000
I: 100 => 00010000
I: 101 => 00100000
I: 110 => 01000000
I: 111 => 10000000
I: Encoding type of FSM 'state_fsm[5:0]' is: onehot.
I: Encoding table of FSM 'state_fsm[5:0]':
I: from  pwrseq_master_inst/state[5] pwrseq_master_inst/state[4] pwrseq_master_inst/state[3] pwrseq_master_inst/state[2] pwrseq_master_inst/state[1] pwrseq_master_inst/state[0]
I: to  pwrseq_master_inst/state_reg[31] pwrseq_master_inst/state_reg[30] pwrseq_master_inst/state_reg[29] pwrseq_master_inst/state_reg[28] pwrseq_master_inst/state_reg[27] pwrseq_master_inst/state_reg[26] pwrseq_master_inst/state_reg[25] pwrseq_master_inst/state_reg[24] pwrseq_master_inst/state_reg[23] pwrseq_master_inst/state_reg[22] pwrseq_master_inst/state_reg[21] pwrseq_master_inst/state_reg[20] pwrseq_master_inst/state_reg[19] pwrseq_master_inst/state_reg[18] pwrseq_master_inst/state_reg[17] pwrseq_master_inst/state_reg[16] pwrseq_master_inst/state_reg[15] pwrseq_master_inst/state_reg[14] pwrseq_master_inst/state_reg[13] pwrseq_master_inst/state_reg[12] pwrseq_master_inst/state_reg[11] pwrseq_master_inst/state_reg[10] pwrseq_master_inst/state_reg[9] pwrseq_master_inst/state_reg[8] pwrseq_master_inst/state_reg[7] pwrseq_master_inst/state_reg[6] pwrseq_master_inst/state_reg[5] pwrseq_master_inst/state_reg[4] pwrseq_master_inst/state_reg[3] pwrseq_master_inst/state_reg[2] pwrseq_master_inst/state_reg[1] pwrseq_master_inst/state_reg[0]
I: 000000 => 00000000000000000000000000000001
I: 000001 => 00000000000000000000000000000010
I: 000010 => 00000000000000000000000000000100
I: 000011 => 00000000000000000000000000001000
I: 000100 => 00000000000000000000000000010000
I: 000101 => 00000000000000000000000000100000
I: 000110 => 00000000000000000000000001000000
I: 000111 => 00000000000000000000000010000000
I: 001000 => 00000000000000000000000100000000
I: 001001 => 00000000000000000000001000000000
I: 001010 => 00000000000000000000010000000000
I: 001011 => 00000000000000000000100000000000
I: 001100 => 00000000000000000001000000000000
I: 001101 => 00000000000000000010000000000000
I: 001110 => 00000000000000000100000000000000
I: 001111 => 00000000000000001000000000000000
I: 010000 => 00000000000000010000000000000000
I: 010001 => 00000000000000100000000000000000
I: 010010 => 00000000000001000000000000000000
I: 010011 => 00000000000010000000000000000000
I: 010100 => 00000000000100000000000000000000
I: 010101 => 00000000001000000000000000000000
I: 010110 => 00000000010000000000000000000000
I: 010111 => 00000000100000000000000000000000
I: 011000 => 00000001000000000000000000000000
I: 011001 => 00000010000000000000000000000000
I: 011010 => 00000100000000000000000000000000
I: 011011 => 00001000000000000000000000000000
I: 011100 => 00010000000000000000000000000000
I: 011101 => 00100000000000000000000000000000
I: 011110 => 01000000000000000000000000000000
I: 011111 => 10000000000000000000000000000000
I: Removed bmsREDOR inst N577 that is redundant to N187_0
I: Removed bmsREDOR inst N222_0 that is redundant to N187_0
I: Removed bmsREDOR inst N229_0 that is redundant to N187_0
I: Removed bmsREDOR inst off_state_2 that is redundant to N187_0
I: CounterOpt reduce bits [4:2] of wait_time[4:0] to const.
I: CounterOpt reduce bits [4:2] of wait_time[4:0] to const.
W: Adm-4019: [C:/CPLD/pango/2_Tieta_Feiteng/Tieta_Feiteng_1001_PGC7KD69MBG400/rtl/source/common/UID_Function.v(line number: 353)] Unable to further flatten instance 'lowpass_filter_U1'. The design is empty.
W: Public-4008: [C:/CPLD/pango/2_Tieta_Feiteng/Tieta_Feiteng_1001_PGC7KD69MBG400/rtl/source/pwrseq/fault_detectB_chklive.v(line number: 69)] Instance 'pwrseq_slave_inst/p3v3_fault_det_inst/any_vrm_fault' of 'bmsWIDEDFFCPE' unit is dangling and will be cleaned.
W: Adm-4083: [C:/CPLD/pango/2_Tieta_Feiteng/Tieta_Feiteng_1001_PGC7KD69MBG400/rtl/source/communication/uart_master.v(line number: 99)] Removed bmsWIDEDFFCPE inst wait_time[4:0] at 2 that is stuck at constant 0.
W: Adm-4083: [C:/CPLD/pango/2_Tieta_Feiteng/Tieta_Feiteng_1001_PGC7KD69MBG400/rtl/source/communication/uart_master.v(line number: 99)] Removed bmsWIDEDFFCPE inst wait_time[4:0] at 2 that is stuck at constant 0.
W: Adm-4083: [C:/CPLD/pango/2_Tieta_Feiteng/Tieta_Feiteng_1001_PGC7KD69MBG400/rtl/source/pwrseq/pwrseq_master.v(line number: 239)] Removed bmsWIDEDFFCPE inst power_seq_sm_last[5:0] at 5 that is stuck at constant 0.
Executing : pre-mapping successfully. Time elapsed: 1.465s wall, 1.234s user + 0.031s system = 1.266s CPU (86.4%)

Start mod-gen.
W: Public-4008: [C:/CPLD/pango/2_Tieta_Feiteng/Tieta_Feiteng_1001_PGC7KD69MBG400/rtl/source/Tieta_Feiteng_1001_top.v(line number: 3014)] Instance 'db_i_cpu_pcie_rst' of 'bmsWIDEDFFCPE' unit is dangling and will be cleaned.
W: Public-4008: [C:/CPLD/pango/2_Tieta_Feiteng/Tieta_Feiteng_1001_PGC7KD69MBG400/rtl/source/common/pwrcap_pwrbtn_led.v(line number: 49)] Instance 'pwrcap_inst/pwrcap_pwrbtn_led_inst/pwrbtn_amb' of 'bmsWIDEDFFCPE' unit is dangling and will be cleaned.
W: Public-4008: [C:/CPLD/pango/2_Tieta_Feiteng/Tieta_Feiteng_1001_PGC7KD69MBG400/rtl/source/common/pwrcap_pwrbtn_led.v(line number: 49)] Instance 'pwrcap_inst/pwrcap_pwrbtn_led_inst/pwrbtn_grn' of 'bmsWIDEDFFCPE' unit is dangling and will be cleaned.
W: Public-4008: [C:/CPLD/pango/2_Tieta_Feiteng/Tieta_Feiteng_1001_PGC7KD69MBG400/rtl/source/common/thermal.v(line number: 89)] Instance 'thermal_inst/cpu_thermtrip_r[1:0]' of 'bmsWIDEDFFCPE' unit is dangling and will be cleaned.
W: Public-4008: [C:/CPLD/pango/2_Tieta_Feiteng/Tieta_Feiteng_1001_PGC7KD69MBG400/rtl/source/common/Edge_Detect1.v(line number: 40)] Instance 'Edge_Detect_u3/r_signal_a' of 'bmsWIDEDFFCPE' unit is dangling and will be cleaned.
W: Public-4008: [C:/CPLD/pango/2_Tieta_Feiteng/Tieta_Feiteng_1001_PGC7KD69MBG400/rtl/source/common/Edge_Detect1.v(line number: 40)] Instance 'Edge_Detect_u3/r_signal_b' of 'bmsWIDEDFFCPE' unit is dangling and will be cleaned.
W: Public-4008: [C:/CPLD/pango/2_Tieta_Feiteng/Tieta_Feiteng_1001_PGC7KD69MBG400/rtl/source/common/timer_gen_50mhz.v(line number: 148)] Instance 'timer_gen_inst/clk_16khz' of 'bmsWIDEDFFCPE' unit is dangling and will be cleaned.
W: Public-4008: [C:/CPLD/pango/2_Tieta_Feiteng/Tieta_Feiteng_1001_PGC7KD69MBG400/rtl/source/common/timer_gen_50mhz.v(line number: 98)] Instance 'timer_gen_inst/t2ms' of 'bmsWIDEDFFCPE' unit is dangling and will be cleaned.
W: Public-4008: [C:/CPLD/pango/2_Tieta_Feiteng/Tieta_Feiteng_1001_PGC7KD69MBG400/rtl/source/common/timer_gen_50mhz.v(line number: 98)] Instance 'timer_gen_inst/t2us' of 'bmsWIDEDFFCPE' unit is dangling and will be cleaned.
W: Public-4008: [C:/CPLD/pango/2_Tieta_Feiteng/Tieta_Feiteng_1001_PGC7KD69MBG400/rtl/source/common/timer_gen_50mhz.v(line number: 98)] Instance 'timer_gen_inst/t8s' of 'bmsWIDEDFFCPE' unit is dangling and will be cleaned.
W: Public-4008: [C:/CPLD/pango/2_Tieta_Feiteng/Tieta_Feiteng_1001_PGC7KD69MBG400/rtl/source/common/timer_gen_50mhz.v(line number: 98)] Instance 'timer_gen_inst/t8us' of 'bmsWIDEDFFCPE' unit is dangling and will be cleaned.
W: Public-4008: [C:/CPLD/pango/2_Tieta_Feiteng/Tieta_Feiteng_1001_PGC7KD69MBG400/rtl/source/common/timer_gen_50mhz.v(line number: 98)] Instance 'timer_gen_inst/t16ms' of 'bmsWIDEDFFCPE' unit is dangling and will be cleaned.
W: Public-4008: [C:/CPLD/pango/2_Tieta_Feiteng/Tieta_Feiteng_1001_PGC7KD69MBG400/rtl/source/common/timer_gen_50mhz.v(line number: 98)] Instance 'timer_gen_inst/t32us' of 'bmsWIDEDFFCPE' unit is dangling and will be cleaned.
W: Public-4008: [C:/CPLD/pango/2_Tieta_Feiteng/Tieta_Feiteng_1001_PGC7KD69MBG400/rtl/source/common/timer_gen_50mhz.v(line number: 56)] Instance 'timer_gen_inst/t40ns' of 'bmsWIDEDFFCPE' unit is dangling and will be cleaned.
W: Public-4008: [C:/CPLD/pango/2_Tieta_Feiteng/Tieta_Feiteng_1001_PGC7KD69MBG400/rtl/source/common/timer_gen_50mhz.v(line number: 56)] Instance 'timer_gen_inst/t160ns' of 'bmsWIDEDFFCPE' unit is dangling and will be cleaned.
W: Public-4008: [C:/CPLD/pango/2_Tieta_Feiteng/Tieta_Feiteng_1001_PGC7KD69MBG400/rtl/source/common/edge_detect.v(line number: 54)] Instance 'UID_Function_u0/Edge_Detect_U1/r_signal_c' of 'bmsWIDEDFFCPE' unit is dangling and will be cleaned.
W: Public-4008: [C:/CPLD/pango/2_Tieta_Feiteng/Tieta_Feiteng_1001_PGC7KD69MBG400/rtl/source/common/edge_detect.v(line number: 54)] Instance 'UID_Function_u0/Edge_Detect_U1/r_signal_d' of 'bmsWIDEDFFCPE' unit is dangling and will be cleaned.
W: Public-4008: [C:/CPLD/pango/2_Tieta_Feiteng/Tieta_Feiteng_1001_PGC7KD69MBG400/rtl/source/common/UID_Function.v(line number: 171)] Instance 'UID_Function_u0/r_uid_act_st[7:0]' of 'bmsWIDEDFFCPE' unit is dangling and will be cleaned.
W: Public-4008: [C:/CPLD/pango/2_Tieta_Feiteng/Tieta_Feiteng_1001_PGC7KD69MBG400/rtl/source/common/UID_Function.v(line number: 171)] Instance 'UID_Function_u0/r_BMC_UID_CPLD_N' of 'bmsWIDEDFFCPE' unit is dangling and will be cleaned.
W: Public-4008: [C:/CPLD/pango/2_Tieta_Feiteng/Tieta_Feiteng_1001_PGC7KD69MBG400/rtl/source/common/UID_Function.v(line number: 160)] Instance 'UID_Function_u0/r_pulse_nHz' of 'bmsWIDEDFFCPE' unit is dangling and will be cleaned.
W: Public-4008: [C:/CPLD/pango/2_Tieta_Feiteng/Tieta_Feiteng_1001_PGC7KD69MBG400/rtl/source/common/UID_Function.v(line number: 125)] Instance 'UID_Function_u0/r_cnt_pulse[8:0]' of 'bmsWIDEDFFCPE' unit is dangling and will be cleaned.
W: Public-4008: [C:/CPLD/pango/2_Tieta_Feiteng/Tieta_Feiteng_1001_PGC7KD69MBG400/rtl/source/common/UID_Function.v(line number: 146)] Instance 'UID_Function_u0/r_cnt_pulse_set[9:0]' of 'bmsWIDEDFFPATCE' unit is dangling and will be cleaned.
W: Public-4008: [C:/CPLD/pango/2_Tieta_Feiteng/Tieta_Feiteng_1001_PGC7KD69MBG400/rtl/source/common/UID_Function.v(line number: 171)] Instance 'UID_Function_u0/r_flag_uid_reg' of 'bmsWIDEDFFPATCE' unit is dangling and will be cleaned.
W: Public-4008: [C:/CPLD/pango/2_Tieta_Feiteng/Tieta_Feiteng_1001_PGC7KD69MBG400/rtl/source/common/edge_detect.v(line number: 54)] Instance 'UID_Function_u0/Edge_Detect_U0/r_signal_c' of 'bmsWIDEDFFCPE' unit is dangling and will be cleaned.
W: Public-4008: [C:/CPLD/pango/2_Tieta_Feiteng/Tieta_Feiteng_1001_PGC7KD69MBG400/rtl/source/common/edge_detect.v(line number: 54)] Instance 'UID_Function_u0/Edge_Detect_U0/r_signal_d' of 'bmsWIDEDFFCPE' unit is dangling and will be cleaned.
W: Public-4008: [C:/CPLD/pango/2_Tieta_Feiteng/Tieta_Feiteng_1001_PGC7KD69MBG400/rtl/source/common/edge_detect.v(line number: 54)] Instance 'UID_Function_u0/Edge_Detect_U2/r_signal_c' of 'bmsWIDEDFFCPE' unit is dangling and will be cleaned.
W: Public-4008: [C:/CPLD/pango/2_Tieta_Feiteng/Tieta_Feiteng_1001_PGC7KD69MBG400/rtl/source/common/edge_detect.v(line number: 54)] Instance 'UID_Function_u0/Edge_Detect_U2/r_signal_d' of 'bmsWIDEDFFCPE' unit is dangling and will be cleaned.
W: Public-4008: [C:/CPLD/pango/2_Tieta_Feiteng/Tieta_Feiteng_1001_PGC7KD69MBG400/rtl/source/communication/uart_master.v(line number: 287)] Instance 'uart_master_u1/error_flag' of 'bmsWIDEDFFCPE' unit is dangling and will be cleaned.
W: Public-4008: [C:/CPLD/pango/2_Tieta_Feiteng/Tieta_Feiteng_1001_PGC7KD69MBG400/rtl/source/common/synclib.v(line number: 367)] Instance 'db_inst_button/cnt[0][1:0]' of 'bmsWIDEDFFCPE' unit is dangling and will be cleaned.
W: Public-4008: [C:/CPLD/pango/2_Tieta_Feiteng/Tieta_Feiteng_1001_PGC7KD69MBG400/rtl/source/common/synclib.v(line number: 367)] Instance 'db_inst_button/cnt[1][1:0]' of 'bmsWIDEDFFCPE' unit is dangling and will be cleaned.
W: Public-4008: [C:/CPLD/pango/2_Tieta_Feiteng/Tieta_Feiteng_1001_PGC7KD69MBG400/rtl/source/common/synclib.v(line number: 367)] Instance 'db_inst_button/cnt[2][1:0]' of 'bmsWIDEDFFCPE' unit is dangling and will be cleaned.
W: Public-4008: [C:/CPLD/pango/2_Tieta_Feiteng/Tieta_Feiteng_1001_PGC7KD69MBG400/rtl/source/common/synclib.v(line number: 367)] Instance 'db_inst_button/cnt[3][1:0]' of 'bmsWIDEDFFCPE' unit is dangling and will be cleaned.
W: Public-4008: [C:/CPLD/pango/2_Tieta_Feiteng/Tieta_Feiteng_1001_PGC7KD69MBG400/rtl/source/common/synclib.v(line number: 367)] Instance 'db_inst_button/cnt[4][1:0]' of 'bmsWIDEDFFCPE' unit is dangling and will be cleaned.
W: Public-4008: [C:/CPLD/pango/2_Tieta_Feiteng/Tieta_Feiteng_1001_PGC7KD69MBG400/rtl/source/common/synclib.v(line number: 367)] Instance 'db_inst_button/cnt[5][1:0]' of 'bmsWIDEDFFCPE' unit is dangling and will be cleaned.
W: Public-4008: [C:/CPLD/pango/2_Tieta_Feiteng/Tieta_Feiteng_1001_PGC7KD69MBG400/rtl/source/common/synclib.v(line number: 367)] Instance 'db_inst_button/cnt[6][1:0]' of 'bmsWIDEDFFCPE' unit is dangling and will be cleaned.
W: Public-4008: [C:/CPLD/pango/2_Tieta_Feiteng/Tieta_Feiteng_1001_PGC7KD69MBG400/rtl/source/common/synclib.v(line number: 367)] Instance 'db_inst_button/cnt[7][1:0]' of 'bmsWIDEDFFCPE' unit is dangling and will be cleaned.
W: Public-4008: [C:/CPLD/pango/2_Tieta_Feiteng/Tieta_Feiteng_1001_PGC7KD69MBG400/rtl/source/common/synclib.v(line number: 367)] Instance 'db_inst_button/cnt[8][1:0]' of 'bmsWIDEDFFCPE' unit is dangling and will be cleaned.
W: Public-4008: [C:/CPLD/pango/2_Tieta_Feiteng/Tieta_Feiteng_1001_PGC7KD69MBG400/rtl/source/common/synclib.v(line number: 367)] Instance 'db_inst_button/cnt[9][1:0]' of 'bmsWIDEDFFCPE' unit is dangling and will be cleaned.
W: Public-4008: [C:/CPLD/pango/2_Tieta_Feiteng/Tieta_Feiteng_1001_PGC7KD69MBG400/rtl/source/common/synclib.v(line number: 367)] Instance 'db_inst_button/cnt[10][1:0]' of 'bmsWIDEDFFCPE' unit is dangling and will be cleaned.
W: Public-4008: [C:/CPLD/pango/2_Tieta_Feiteng/Tieta_Feiteng_1001_PGC7KD69MBG400/rtl/source/common/synclib.v(line number: 367)] Instance 'db_inst_button/cnt[11][1:0]' of 'bmsWIDEDFFCPE' unit is dangling and will be cleaned.
W: Public-4008: [C:/CPLD/pango/2_Tieta_Feiteng/Tieta_Feiteng_1001_PGC7KD69MBG400/rtl/source/common/synclib.v(line number: 367)] Instance 'db_inst_button/cnt[12][1:0]' of 'bmsWIDEDFFCPE' unit is dangling and will be cleaned.
W: Public-4008: [C:/CPLD/pango/2_Tieta_Feiteng/Tieta_Feiteng_1001_PGC7KD69MBG400/rtl/source/common/synclib.v(line number: 367)] Instance 'db_inst_button/cnt[13][1:0]' of 'bmsWIDEDFFCPE' unit is dangling and will be cleaned.
W: Public-4008: [C:/CPLD/pango/2_Tieta_Feiteng/Tieta_Feiteng_1001_PGC7KD69MBG400/rtl/source/common/synclib.v(line number: 367)] Instance 'db_inst_button/cnt[14][1:0]' of 'bmsWIDEDFFCPE' unit is dangling and will be cleaned.
W: Public-4008: [C:/CPLD/pango/2_Tieta_Feiteng/Tieta_Feiteng_1001_PGC7KD69MBG400/rtl/source/common/synclib.v(line number: 367)] Instance 'db_inst_button/cnt[15][1:0]' of 'bmsWIDEDFFCPE' unit is dangling and will be cleaned.
W: Public-4008: [C:/CPLD/pango/2_Tieta_Feiteng/Tieta_Feiteng_1001_PGC7KD69MBG400/rtl/source/common/synclib.v(line number: 367)] Instance 'db_inst_button/cnt[18][1:0]' of 'bmsWIDEDFFCPE' unit is dangling and will be cleaned.
W: Public-4008: [C:/CPLD/pango/2_Tieta_Feiteng/Tieta_Feiteng_1001_PGC7KD69MBG400/rtl/source/common/synclib.v(line number: 367)] Instance 'db_inst_button/cnt[20][1:0]' of 'bmsWIDEDFFCPE' unit is dangling and will be cleaned.
W: Public-4008: [C:/CPLD/pango/2_Tieta_Feiteng/Tieta_Feiteng_1001_PGC7KD69MBG400/rtl/source/common/synclib.v(line number: 367)] Instance 'db_inst_button/cnt[21][1:0]' of 'bmsWIDEDFFCPE' unit is dangling and will be cleaned.
W: Public-4008: [C:/CPLD/pango/2_Tieta_Feiteng/Tieta_Feiteng_1001_PGC7KD69MBG400/rtl/source/common/synclib.v(line number: 367)] Instance 'db_inst_button/cnt[23][1:0]' of 'bmsWIDEDFFCPE' unit is dangling and will be cleaned.
W: Public-4008: [C:/CPLD/pango/2_Tieta_Feiteng/Tieta_Feiteng_1001_PGC7KD69MBG400/rtl/source/common/synclib.v(line number: 367)] Instance 'db_inst_button/mInst[0].nxt[0]' of 'bmsWIDEDFFCPE' unit is dangling and will be cleaned.
W: Public-4008: [C:/CPLD/pango/2_Tieta_Feiteng/Tieta_Feiteng_1001_PGC7KD69MBG400/rtl/source/common/synclib.v(line number: 367)] Instance 'db_inst_button/mInst[0].nxt_s1[0]' of 'bmsWIDEDFFCPE' unit is dangling and will be cleaned.
W: Public-4008: [C:/CPLD/pango/2_Tieta_Feiteng/Tieta_Feiteng_1001_PGC7KD69MBG400/rtl/source/common/synclib.v(line number: 367)] Instance 'db_inst_button/mInst[0].out_i[0]' of 'bmsWIDEDFFCPE' unit is dangling and will be cleaned.
W: Public-4008: [C:/CPLD/pango/2_Tieta_Feiteng/Tieta_Feiteng_1001_PGC7KD69MBG400/rtl/source/common/synclib.v(line number: 367)] Instance 'db_inst_button/mInst[1].nxt[1]' of 'bmsWIDEDFFCPE' unit is dangling and will be cleaned.
W: Public-4008: [C:/CPLD/pango/2_Tieta_Feiteng/Tieta_Feiteng_1001_PGC7KD69MBG400/rtl/source/common/synclib.v(line number: 367)] Instance 'db_inst_button/mInst[1].nxt_s1[1]' of 'bmsWIDEDFFCPE' unit is dangling and will be cleaned.
W: Public-4008: [C:/CPLD/pango/2_Tieta_Feiteng/Tieta_Feiteng_1001_PGC7KD69MBG400/rtl/source/common/synclib.v(line number: 367)] Instance 'db_inst_button/mInst[1].out_i[1]' of 'bmsWIDEDFFCPE' unit is dangling and will be cleaned.
W: Public-4008: [C:/CPLD/pango/2_Tieta_Feiteng/Tieta_Feiteng_1001_PGC7KD69MBG400/rtl/source/common/synclib.v(line number: 367)] Instance 'db_inst_button/mInst[2].nxt[2]' of 'bmsWIDEDFFCPE' unit is dangling and will be cleaned.
W: Public-4008: [C:/CPLD/pango/2_Tieta_Feiteng/Tieta_Feiteng_1001_PGC7KD69MBG400/rtl/source/common/synclib.v(line number: 367)] Instance 'db_inst_button/mInst[2].nxt_s1[2]' of 'bmsWIDEDFFCPE' unit is dangling and will be cleaned.
W: Public-4008: [C:/CPLD/pango/2_Tieta_Feiteng/Tieta_Feiteng_1001_PGC7KD69MBG400/rtl/source/common/synclib.v(line number: 367)] Instance 'db_inst_button/mInst[2].out_i[2]' of 'bmsWIDEDFFCPE' unit is dangling and will be cleaned.
W: Public-4008: [C:/CPLD/pango/2_Tieta_Feiteng/Tieta_Feiteng_1001_PGC7KD69MBG400/rtl/source/common/synclib.v(line number: 367)] Instance 'db_inst_button/mInst[3].nxt[3]' of 'bmsWIDEDFFCPE' unit is dangling and will be cleaned.
W: Public-4008: [C:/CPLD/pango/2_Tieta_Feiteng/Tieta_Feiteng_1001_PGC7KD69MBG400/rtl/source/common/synclib.v(line number: 367)] Instance 'db_inst_button/mInst[3].nxt_s1[3]' of 'bmsWIDEDFFCPE' unit is dangling and will be cleaned.
W: Public-4008: [C:/CPLD/pango/2_Tieta_Feiteng/Tieta_Feiteng_1001_PGC7KD69MBG400/rtl/source/common/synclib.v(line number: 367)] Instance 'db_inst_button/mInst[3].out_i[3]' of 'bmsWIDEDFFCPE' unit is dangling and will be cleaned.
W: Public-4008: [C:/CPLD/pango/2_Tieta_Feiteng/Tieta_Feiteng_1001_PGC7KD69MBG400/rtl/source/common/synclib.v(line number: 367)] Instance 'db_inst_button/mInst[4].nxt[4]' of 'bmsWIDEDFFCPE' unit is dangling and will be cleaned.
W: Public-4008: [C:/CPLD/pango/2_Tieta_Feiteng/Tieta_Feiteng_1001_PGC7KD69MBG400/rtl/source/common/synclib.v(line number: 367)] Instance 'db_inst_button/mInst[4].nxt_s1[4]' of 'bmsWIDEDFFCPE' unit is dangling and will be cleaned.
W: Public-4008: [C:/CPLD/pango/2_Tieta_Feiteng/Tieta_Feiteng_1001_PGC7KD69MBG400/rtl/source/common/synclib.v(line number: 367)] Instance 'db_inst_button/mInst[4].out_i[4]' of 'bmsWIDEDFFCPE' unit is dangling and will be cleaned.
W: Public-4008: [C:/CPLD/pango/2_Tieta_Feiteng/Tieta_Feiteng_1001_PGC7KD69MBG400/rtl/source/common/synclib.v(line number: 367)] Instance 'db_inst_button/mInst[5].nxt[5]' of 'bmsWIDEDFFCPE' unit is dangling and will be cleaned.
W: Public-4008: [C:/CPLD/pango/2_Tieta_Feiteng/Tieta_Feiteng_1001_PGC7KD69MBG400/rtl/source/common/synclib.v(line number: 367)] Instance 'db_inst_button/mInst[5].nxt_s1[5]' of 'bmsWIDEDFFCPE' unit is dangling and will be cleaned.
W: Public-4008: [C:/CPLD/pango/2_Tieta_Feiteng/Tieta_Feiteng_1001_PGC7KD69MBG400/rtl/source/common/synclib.v(line number: 367)] Instance 'db_inst_button/mInst[5].out_i[5]' of 'bmsWIDEDFFCPE' unit is dangling and will be cleaned.
W: Public-4008: [C:/CPLD/pango/2_Tieta_Feiteng/Tieta_Feiteng_1001_PGC7KD69MBG400/rtl/source/common/synclib.v(line number: 367)] Instance 'db_inst_button/mInst[6].nxt[6]' of 'bmsWIDEDFFCPE' unit is dangling and will be cleaned.
W: Public-4008: [C:/CPLD/pango/2_Tieta_Feiteng/Tieta_Feiteng_1001_PGC7KD69MBG400/rtl/source/common/synclib.v(line number: 367)] Instance 'db_inst_button/mInst[6].nxt_s1[6]' of 'bmsWIDEDFFCPE' unit is dangling and will be cleaned.
W: Public-4008: [C:/CPLD/pango/2_Tieta_Feiteng/Tieta_Feiteng_1001_PGC7KD69MBG400/rtl/source/common/synclib.v(line number: 367)] Instance 'db_inst_button/mInst[6].out_i[6]' of 'bmsWIDEDFFCPE' unit is dangling and will be cleaned.
W: Public-4008: [C:/CPLD/pango/2_Tieta_Feiteng/Tieta_Feiteng_1001_PGC7KD69MBG400/rtl/source/common/synclib.v(line number: 367)] Instance 'db_inst_button/mInst[7].nxt[7]' of 'bmsWIDEDFFCPE' unit is dangling and will be cleaned.
W: Public-4008: [C:/CPLD/pango/2_Tieta_Feiteng/Tieta_Feiteng_1001_PGC7KD69MBG400/rtl/source/common/synclib.v(line number: 367)] Instance 'db_inst_button/mInst[7].nxt_s1[7]' of 'bmsWIDEDFFCPE' unit is dangling and will be cleaned.
W: Public-4008: [C:/CPLD/pango/2_Tieta_Feiteng/Tieta_Feiteng_1001_PGC7KD69MBG400/rtl/source/common/synclib.v(line number: 367)] Instance 'db_inst_button/mInst[7].out_i[7]' of 'bmsWIDEDFFCPE' unit is dangling and will be cleaned.
W: Public-4008: [C:/CPLD/pango/2_Tieta_Feiteng/Tieta_Feiteng_1001_PGC7KD69MBG400/rtl/source/common/synclib.v(line number: 367)] Instance 'db_inst_button/mInst[8].nxt[8]' of 'bmsWIDEDFFCPE' unit is dangling and will be cleaned.
W: Public-4008: [C:/CPLD/pango/2_Tieta_Feiteng/Tieta_Feiteng_1001_PGC7KD69MBG400/rtl/source/common/synclib.v(line number: 367)] Instance 'db_inst_button/mInst[8].nxt_s1[8]' of 'bmsWIDEDFFCPE' unit is dangling and will be cleaned.
W: Public-4008: [C:/CPLD/pango/2_Tieta_Feiteng/Tieta_Feiteng_1001_PGC7KD69MBG400/rtl/source/common/synclib.v(line number: 367)] Instance 'db_inst_button/mInst[8].out_i[8]' of 'bmsWIDEDFFCPE' unit is dangling and will be cleaned.
W: Public-4008: [C:/CPLD/pango/2_Tieta_Feiteng/Tieta_Feiteng_1001_PGC7KD69MBG400/rtl/source/common/synclib.v(line number: 367)] Instance 'db_inst_button/mInst[9].nxt[9]' of 'bmsWIDEDFFCPE' unit is dangling and will be cleaned.
W: Public-4008: [C:/CPLD/pango/2_Tieta_Feiteng/Tieta_Feiteng_1001_PGC7KD69MBG400/rtl/source/common/synclib.v(line number: 367)] Instance 'db_inst_button/mInst[9].nxt_s1[9]' of 'bmsWIDEDFFCPE' unit is dangling and will be cleaned.
W: Public-4008: [C:/CPLD/pango/2_Tieta_Feiteng/Tieta_Feiteng_1001_PGC7KD69MBG400/rtl/source/common/synclib.v(line number: 367)] Instance 'db_inst_button/mInst[9].out_i[9]' of 'bmsWIDEDFFCPE' unit is dangling and will be cleaned.
W: Public-4008: [C:/CPLD/pango/2_Tieta_Feiteng/Tieta_Feiteng_1001_PGC7KD69MBG400/rtl/source/common/synclib.v(line number: 367)] Instance 'db_inst_button/mInst[10].nxt[10]' of 'bmsWIDEDFFCPE' unit is dangling and will be cleaned.
W: Public-4008: [C:/CPLD/pango/2_Tieta_Feiteng/Tieta_Feiteng_1001_PGC7KD69MBG400/rtl/source/common/synclib.v(line number: 367)] Instance 'db_inst_button/mInst[10].nxt_s1[10]' of 'bmsWIDEDFFCPE' unit is dangling and will be cleaned.
W: Public-4008: [C:/CPLD/pango/2_Tieta_Feiteng/Tieta_Feiteng_1001_PGC7KD69MBG400/rtl/source/common/synclib.v(line number: 367)] Instance 'db_inst_button/mInst[10].out_i[10]' of 'bmsWIDEDFFCPE' unit is dangling and will be cleaned.
W: Public-4008: [C:/CPLD/pango/2_Tieta_Feiteng/Tieta_Feiteng_1001_PGC7KD69MBG400/rtl/source/common/synclib.v(line number: 367)] Instance 'db_inst_button/mInst[11].nxt[11]' of 'bmsWIDEDFFCPE' unit is dangling and will be cleaned.
W: Public-4008: [C:/CPLD/pango/2_Tieta_Feiteng/Tieta_Feiteng_1001_PGC7KD69MBG400/rtl/source/common/synclib.v(line number: 367)] Instance 'db_inst_button/mInst[11].nxt_s1[11]' of 'bmsWIDEDFFCPE' unit is dangling and will be cleaned.
W: Public-4008: [C:/CPLD/pango/2_Tieta_Feiteng/Tieta_Feiteng_1001_PGC7KD69MBG400/rtl/source/common/synclib.v(line number: 367)] Instance 'db_inst_button/mInst[11].out_i[11]' of 'bmsWIDEDFFCPE' unit is dangling and will be cleaned.
W: Public-4008: [C:/CPLD/pango/2_Tieta_Feiteng/Tieta_Feiteng_1001_PGC7KD69MBG400/rtl/source/common/synclib.v(line number: 367)] Instance 'db_inst_button/mInst[12].nxt[12]' of 'bmsWIDEDFFCPE' unit is dangling and will be cleaned.
W: Public-4008: [C:/CPLD/pango/2_Tieta_Feiteng/Tieta_Feiteng_1001_PGC7KD69MBG400/rtl/source/common/synclib.v(line number: 367)] Instance 'db_inst_button/mInst[12].nxt_s1[12]' of 'bmsWIDEDFFCPE' unit is dangling and will be cleaned.
W: Public-4008: [C:/CPLD/pango/2_Tieta_Feiteng/Tieta_Feiteng_1001_PGC7KD69MBG400/rtl/source/common/synclib.v(line number: 367)] Instance 'db_inst_button/mInst[12].out_i[12]' of 'bmsWIDEDFFCPE' unit is dangling and will be cleaned.
W: Public-4008: [C:/CPLD/pango/2_Tieta_Feiteng/Tieta_Feiteng_1001_PGC7KD69MBG400/rtl/source/common/synclib.v(line number: 367)] Instance 'db_inst_button/mInst[13].nxt[13]' of 'bmsWIDEDFFCPE' unit is dangling and will be cleaned.
W: Public-4008: [C:/CPLD/pango/2_Tieta_Feiteng/Tieta_Feiteng_1001_PGC7KD69MBG400/rtl/source/common/synclib.v(line number: 367)] Instance 'db_inst_button/mInst[13].nxt_s1[13]' of 'bmsWIDEDFFCPE' unit is dangling and will be cleaned.
W: Public-4008: [C:/CPLD/pango/2_Tieta_Feiteng/Tieta_Feiteng_1001_PGC7KD69MBG400/rtl/source/common/synclib.v(line number: 367)] Instance 'db_inst_button/mInst[13].out_i[13]' of 'bmsWIDEDFFCPE' unit is dangling and will be cleaned.
W: Public-4008: [C:/CPLD/pango/2_Tieta_Feiteng/Tieta_Feiteng_1001_PGC7KD69MBG400/rtl/source/common/synclib.v(line number: 367)] Instance 'db_inst_button/mInst[14].nxt[14]' of 'bmsWIDEDFFCPE' unit is dangling and will be cleaned.
W: Public-4008: [C:/CPLD/pango/2_Tieta_Feiteng/Tieta_Feiteng_1001_PGC7KD69MBG400/rtl/source/common/synclib.v(line number: 367)] Instance 'db_inst_button/mInst[14].nxt_s1[14]' of 'bmsWIDEDFFCPE' unit is dangling and will be cleaned.
W: Public-4008: [C:/CPLD/pango/2_Tieta_Feiteng/Tieta_Feiteng_1001_PGC7KD69MBG400/rtl/source/common/synclib.v(line number: 367)] Instance 'db_inst_button/mInst[14].out_i[14]' of 'bmsWIDEDFFCPE' unit is dangling and will be cleaned.
W: Public-4008: [C:/CPLD/pango/2_Tieta_Feiteng/Tieta_Feiteng_1001_PGC7KD69MBG400/rtl/source/common/synclib.v(line number: 367)] Instance 'db_inst_button/mInst[15].nxt[15]' of 'bmsWIDEDFFCPE' unit is dangling and will be cleaned.
W: Public-4008: [C:/CPLD/pango/2_Tieta_Feiteng/Tieta_Feiteng_1001_PGC7KD69MBG400/rtl/source/common/synclib.v(line number: 367)] Instance 'db_inst_button/mInst[15].nxt_s1[15]' of 'bmsWIDEDFFCPE' unit is dangling and will be cleaned.
W: Public-4008: [C:/CPLD/pango/2_Tieta_Feiteng/Tieta_Feiteng_1001_PGC7KD69MBG400/rtl/source/common/synclib.v(line number: 367)] Instance 'db_inst_button/mInst[15].out_i[15]' of 'bmsWIDEDFFCPE' unit is dangling and will be cleaned.
W: Public-4008: [C:/CPLD/pango/2_Tieta_Feiteng/Tieta_Feiteng_1001_PGC7KD69MBG400/rtl/source/common/synclib.v(line number: 367)] Instance 'db_inst_button/mInst[18].nxt[18]' of 'bmsWIDEDFFCPE' unit is dangling and will be cleaned.
W: Public-4008: [C:/CPLD/pango/2_Tieta_Feiteng/Tieta_Feiteng_1001_PGC7KD69MBG400/rtl/source/common/synclib.v(line number: 367)] Instance 'db_inst_button/mInst[18].nxt_s1[18]' of 'bmsWIDEDFFCPE' unit is dangling and will be cleaned.
W: Public-4008: [C:/CPLD/pango/2_Tieta_Feiteng/Tieta_Feiteng_1001_PGC7KD69MBG400/rtl/source/common/synclib.v(line number: 367)] Instance 'db_inst_button/mInst[18].out_i[18]' of 'bmsWIDEDFFCPE' unit is dangling and will be cleaned.
W: Public-4008: [C:/CPLD/pango/2_Tieta_Feiteng/Tieta_Feiteng_1001_PGC7KD69MBG400/rtl/source/common/synclib.v(line number: 367)] Instance 'db_inst_button/mInst[20].nxt[20]' of 'bmsWIDEDFFCPE' unit is dangling and will be cleaned.
W: Public-4008: [C:/CPLD/pango/2_Tieta_Feiteng/Tieta_Feiteng_1001_PGC7KD69MBG400/rtl/source/common/synclib.v(line number: 367)] Instance 'db_inst_button/mInst[20].nxt_s1[20]' of 'bmsWIDEDFFCPE' unit is dangling and will be cleaned.
W: Public-4008: [C:/CPLD/pango/2_Tieta_Feiteng/Tieta_Feiteng_1001_PGC7KD69MBG400/rtl/source/common/synclib.v(line number: 367)] Instance 'db_inst_button/mInst[20].out_i[20]' of 'bmsWIDEDFFCPE' unit is dangling and will be cleaned.
W: Public-4008: [C:/CPLD/pango/2_Tieta_Feiteng/Tieta_Feiteng_1001_PGC7KD69MBG400/rtl/source/common/synclib.v(line number: 367)] Instance 'db_inst_button/mInst[21].nxt[21]' of 'bmsWIDEDFFCPE' unit is dangling and will be cleaned.
W: Public-4008: [C:/CPLD/pango/2_Tieta_Feiteng/Tieta_Feiteng_1001_PGC7KD69MBG400/rtl/source/common/synclib.v(line number: 367)] Instance 'db_inst_button/mInst[21].nxt_s1[21]' of 'bmsWIDEDFFCPE' unit is dangling and will be cleaned.
W: Public-4008: [C:/CPLD/pango/2_Tieta_Feiteng/Tieta_Feiteng_1001_PGC7KD69MBG400/rtl/source/common/synclib.v(line number: 367)] Instance 'db_inst_button/mInst[21].out_i[21]' of 'bmsWIDEDFFCPE' unit is dangling and will be cleaned.
W: Public-4008: [C:/CPLD/pango/2_Tieta_Feiteng/Tieta_Feiteng_1001_PGC7KD69MBG400/rtl/source/common/synclib.v(line number: 367)] Instance 'db_inst_button/mInst[23].nxt[23]' of 'bmsWIDEDFFCPE' unit is dangling and will be cleaned.
W: Public-4008: [C:/CPLD/pango/2_Tieta_Feiteng/Tieta_Feiteng_1001_PGC7KD69MBG400/rtl/source/common/synclib.v(line number: 367)] Instance 'db_inst_button/mInst[23].nxt_s1[23]' of 'bmsWIDEDFFCPE' unit is dangling and will be cleaned.
W: Public-4008: [C:/CPLD/pango/2_Tieta_Feiteng/Tieta_Feiteng_1001_PGC7KD69MBG400/rtl/source/common/synclib.v(line number: 367)] Instance 'db_inst_button/mInst[23].out_i[23]' of 'bmsWIDEDFFCPE' unit is dangling and will be cleaned.
W: Public-4008: [C:/CPLD/pango/2_Tieta_Feiteng/Tieta_Feiteng_1001_PGC7KD69MBG400/rtl/source/common/synclib.v(line number: 367)] Instance 'db_inst_cpu_rail/mInst[43].nxt[43]' of 'bmsWIDEDFFCPE' unit is dangling and will be cleaned.
W: Public-4008: [C:/CPLD/pango/2_Tieta_Feiteng/Tieta_Feiteng_1001_PGC7KD69MBG400/rtl/source/common/synclib.v(line number: 367)] Instance 'db_inst_cpu_rail/mInst[6].nxt[6]' of 'bmsWIDEDFFCPE' unit is dangling and will be cleaned.
W: Public-4008: [C:/CPLD/pango/2_Tieta_Feiteng/Tieta_Feiteng_1001_PGC7KD69MBG400/rtl/source/common/synclib.v(line number: 367)] Instance 'db_inst_cpu_rail/mInst[6].nxt_s1[6]' of 'bmsWIDEDFFCPE' unit is dangling and will be cleaned.
W: Public-4008: [C:/CPLD/pango/2_Tieta_Feiteng/Tieta_Feiteng_1001_PGC7KD69MBG400/rtl/source/common/synclib.v(line number: 367)] Instance 'db_inst_cpu_rail/mInst[6].out_i[6]' of 'bmsWIDEDFFCPE' unit is dangling and will be cleaned.
W: Public-4008: [C:/CPLD/pango/2_Tieta_Feiteng/Tieta_Feiteng_1001_PGC7KD69MBG400/rtl/source/common/synclib.v(line number: 367)] Instance 'db_inst_cpu_rail/mInst[12].nxt[12]' of 'bmsWIDEDFFCPE' unit is dangling and will be cleaned.
W: Public-4008: [C:/CPLD/pango/2_Tieta_Feiteng/Tieta_Feiteng_1001_PGC7KD69MBG400/rtl/source/common/synclib.v(line number: 367)] Instance 'db_inst_cpu_rail/mInst[12].nxt_s1[12]' of 'bmsWIDEDFFCPE' unit is dangling and will be cleaned.
W: Public-4008: [C:/CPLD/pango/2_Tieta_Feiteng/Tieta_Feiteng_1001_PGC7KD69MBG400/rtl/source/common/synclib.v(line number: 367)] Instance 'db_inst_cpu_rail/mInst[12].out_i[12]' of 'bmsWIDEDFFCPE' unit is dangling and will be cleaned.
W: Public-4008: [C:/CPLD/pango/2_Tieta_Feiteng/Tieta_Feiteng_1001_PGC7KD69MBG400/rtl/source/common/synclib.v(line number: 367)] Instance 'db_inst_cpu_rail/mInst[43].out_i[43]' of 'bmsWIDEDFFCPE' unit is dangling and will be cleaned.
W: Public-4008: [C:/CPLD/pango/2_Tieta_Feiteng/Tieta_Feiteng_1001_PGC7KD69MBG400/rtl/source/common/synclib.v(line number: 367)] Instance 'db_inst_cpu_rail/mInst[31].nxt[31]' of 'bmsWIDEDFFCPE' unit is dangling and will be cleaned.
W: Public-4008: [C:/CPLD/pango/2_Tieta_Feiteng/Tieta_Feiteng_1001_PGC7KD69MBG400/rtl/source/common/synclib.v(line number: 367)] Instance 'db_inst_cpu_rail/mInst[31].nxt_s1[31]' of 'bmsWIDEDFFCPE' unit is dangling and will be cleaned.
W: Public-4008: [C:/CPLD/pango/2_Tieta_Feiteng/Tieta_Feiteng_1001_PGC7KD69MBG400/rtl/source/common/synclib.v(line number: 367)] Instance 'db_inst_cpu_rail/mInst[31].out_i[31]' of 'bmsWIDEDFFCPE' unit is dangling and will be cleaned.
W: Public-4008: [C:/CPLD/pango/2_Tieta_Feiteng/Tieta_Feiteng_1001_PGC7KD69MBG400/rtl/source/common/synclib.v(line number: 367)] Instance 'db_inst_cpu_rail/mInst[32].nxt[32]' of 'bmsWIDEDFFCPE' unit is dangling and will be cleaned.
W: Public-4008: [C:/CPLD/pango/2_Tieta_Feiteng/Tieta_Feiteng_1001_PGC7KD69MBG400/rtl/source/common/synclib.v(line number: 367)] Instance 'db_inst_cpu_rail/mInst[32].nxt_s1[32]' of 'bmsWIDEDFFCPE' unit is dangling and will be cleaned.
W: Public-4008: [C:/CPLD/pango/2_Tieta_Feiteng/Tieta_Feiteng_1001_PGC7KD69MBG400/rtl/source/common/synclib.v(line number: 367)] Instance 'db_inst_cpu_rail/mInst[32].out_i[32]' of 'bmsWIDEDFFCPE' unit is dangling and will be cleaned.
W: Public-4008: [C:/CPLD/pango/2_Tieta_Feiteng/Tieta_Feiteng_1001_PGC7KD69MBG400/rtl/source/common/synclib.v(line number: 367)] Instance 'db_inst_cpu_rail/mInst[1].nxt[1]' of 'bmsWIDEDFFCPE' unit is dangling and will be cleaned.
W: Public-4008: [C:/CPLD/pango/2_Tieta_Feiteng/Tieta_Feiteng_1001_PGC7KD69MBG400/rtl/source/common/synclib.v(line number: 367)] Instance 'db_inst_cpu_rail/mInst[1].nxt_s1[1]' of 'bmsWIDEDFFCPE' unit is dangling and will be cleaned.
W: Public-4008: [C:/CPLD/pango/2_Tieta_Feiteng/Tieta_Feiteng_1001_PGC7KD69MBG400/rtl/source/common/synclib.v(line number: 367)] Instance 'db_inst_cpu_rail/mInst[1].out_i[1]' of 'bmsWIDEDFFCPE' unit is dangling and will be cleaned.
W: Public-4008: [C:/CPLD/pango/2_Tieta_Feiteng/Tieta_Feiteng_1001_PGC7KD69MBG400/rtl/source/common/synclib.v(line number: 367)] Instance 'db_inst_cpu_rail/mInst[2].nxt[2]' of 'bmsWIDEDFFCPE' unit is dangling and will be cleaned.
W: Public-4008: [C:/CPLD/pango/2_Tieta_Feiteng/Tieta_Feiteng_1001_PGC7KD69MBG400/rtl/source/common/synclib.v(line number: 367)] Instance 'db_inst_cpu_rail/mInst[2].nxt_s1[2]' of 'bmsWIDEDFFCPE' unit is dangling and will be cleaned.
W: Public-4008: [C:/CPLD/pango/2_Tieta_Feiteng/Tieta_Feiteng_1001_PGC7KD69MBG400/rtl/source/common/synclib.v(line number: 367)] Instance 'db_inst_cpu_rail/mInst[2].out_i[2]' of 'bmsWIDEDFFCPE' unit is dangling and will be cleaned.
W: Public-4008: [C:/CPLD/pango/2_Tieta_Feiteng/Tieta_Feiteng_1001_PGC7KD69MBG400/rtl/source/common/synclib.v(line number: 367)] Instance 'db_inst_cpu_rail/mInst[3].nxt[3]' of 'bmsWIDEDFFCPE' unit is dangling and will be cleaned.
W: Public-4008: [C:/CPLD/pango/2_Tieta_Feiteng/Tieta_Feiteng_1001_PGC7KD69MBG400/rtl/source/common/synclib.v(line number: 367)] Instance 'db_inst_cpu_rail/mInst[3].nxt_s1[3]' of 'bmsWIDEDFFCPE' unit is dangling and will be cleaned.
W: Public-4008: [C:/CPLD/pango/2_Tieta_Feiteng/Tieta_Feiteng_1001_PGC7KD69MBG400/rtl/source/common/synclib.v(line number: 367)] Instance 'db_inst_cpu_rail/mInst[3].out_i[3]' of 'bmsWIDEDFFCPE' unit is dangling and will be cleaned.
W: Public-4008: [C:/CPLD/pango/2_Tieta_Feiteng/Tieta_Feiteng_1001_PGC7KD69MBG400/rtl/source/common/synclib.v(line number: 367)] Instance 'db_inst_cpu_rail/mInst[4].nxt[4]' of 'bmsWIDEDFFCPE' unit is dangling and will be cleaned.
W: Public-4008: [C:/CPLD/pango/2_Tieta_Feiteng/Tieta_Feiteng_1001_PGC7KD69MBG400/rtl/source/common/synclib.v(line number: 367)] Instance 'db_inst_cpu_rail/mInst[4].nxt_s1[4]' of 'bmsWIDEDFFCPE' unit is dangling and will be cleaned.
W: Public-4008: [C:/CPLD/pango/2_Tieta_Feiteng/Tieta_Feiteng_1001_PGC7KD69MBG400/rtl/source/common/synclib.v(line number: 367)] Instance 'db_inst_cpu_rail/mInst[4].out_i[4]' of 'bmsWIDEDFFCPE' unit is dangling and will be cleaned.
W: Public-4008: [C:/CPLD/pango/2_Tieta_Feiteng/Tieta_Feiteng_1001_PGC7KD69MBG400/rtl/source/common/synclib.v(line number: 367)] Instance 'db_inst_cpu_rail/cnt[1][2:0]' of 'bmsWIDEDFFCPE' unit is dangling and will be cleaned.
W: Public-4008: [C:/CPLD/pango/2_Tieta_Feiteng/Tieta_Feiteng_1001_PGC7KD69MBG400/rtl/source/common/synclib.v(line number: 367)] Instance 'db_inst_cpu_rail/cnt[2][2:0]' of 'bmsWIDEDFFCPE' unit is dangling and will be cleaned.
W: Public-4008: [C:/CPLD/pango/2_Tieta_Feiteng/Tieta_Feiteng_1001_PGC7KD69MBG400/rtl/source/common/synclib.v(line number: 367)] Instance 'db_inst_cpu_rail/cnt[3][2:0]' of 'bmsWIDEDFFCPE' unit is dangling and will be cleaned.
W: Public-4008: [C:/CPLD/pango/2_Tieta_Feiteng/Tieta_Feiteng_1001_PGC7KD69MBG400/rtl/source/common/synclib.v(line number: 367)] Instance 'db_inst_cpu_rail/cnt[4][2:0]' of 'bmsWIDEDFFCPE' unit is dangling and will be cleaned.
W: Public-4008: [C:/CPLD/pango/2_Tieta_Feiteng/Tieta_Feiteng_1001_PGC7KD69MBG400/rtl/source/common/synclib.v(line number: 367)] Instance 'db_inst_cpu_rail/cnt[6][2:0]' of 'bmsWIDEDFFCPE' unit is dangling and will be cleaned.
W: Public-4008: [C:/CPLD/pango/2_Tieta_Feiteng/Tieta_Feiteng_1001_PGC7KD69MBG400/rtl/source/common/synclib.v(line number: 367)] Instance 'db_inst_cpu_rail/cnt[12][2:0]' of 'bmsWIDEDFFCPE' unit is dangling and will be cleaned.
W: Public-4008: [C:/CPLD/pango/2_Tieta_Feiteng/Tieta_Feiteng_1001_PGC7KD69MBG400/rtl/source/common/synclib.v(line number: 367)] Instance 'db_inst_cpu_rail/cnt[31][2:0]' of 'bmsWIDEDFFCPE' unit is dangling and will be cleaned.
W: Public-4008: [C:/CPLD/pango/2_Tieta_Feiteng/Tieta_Feiteng_1001_PGC7KD69MBG400/rtl/source/common/synclib.v(line number: 367)] Instance 'db_inst_cpu_rail/cnt[32][2:0]' of 'bmsWIDEDFFCPE' unit is dangling and will be cleaned.
W: Public-4008: [C:/CPLD/pango/2_Tieta_Feiteng/Tieta_Feiteng_1001_PGC7KD69MBG400/rtl/source/common/synclib.v(line number: 367)] Instance 'db_inst_cpu_rail/cnt[43][2:0]' of 'bmsWIDEDFFCPE' unit is dangling and will be cleaned.
W: Public-4008: [C:/CPLD/pango/2_Tieta_Feiteng/Tieta_Feiteng_1001_PGC7KD69MBG400/rtl/source/common/synclib.v(line number: 367)] Instance 'db_inst_cpu_rail/mInst[43].nxt_s1[43]' of 'bmsWIDEDFFCPE' unit is dangling and will be cleaned.
W: Public-4008: [C:/CPLD/pango/2_Tieta_Feiteng/Tieta_Feiteng_1001_PGC7KD69MBG400/rtl/source/common/synclib.v(line number: 367)] Instance 'db_inst_cpu_rst_rail/mInst[8].out_i[8]' of 'bmsWIDEDFFCPE' unit is dangling and will be cleaned.
W: Public-4008: [C:/CPLD/pango/2_Tieta_Feiteng/Tieta_Feiteng_1001_PGC7KD69MBG400/rtl/source/common/synclib.v(line number: 367)] Instance 'db_inst_cpu_rst_rail/mInst[17].nxt_s1[17]' of 'bmsWIDEDFFCPE' unit is dangling and will be cleaned.
W: Public-4008: [C:/CPLD/pango/2_Tieta_Feiteng/Tieta_Feiteng_1001_PGC7KD69MBG400/rtl/source/common/synclib.v(line number: 367)] Instance 'db_inst_cpu_rst_rail/mInst[5].nxt_s1[5]' of 'bmsWIDEDFFCPE' unit is dangling and will be cleaned.
W: Public-4008: [C:/CPLD/pango/2_Tieta_Feiteng/Tieta_Feiteng_1001_PGC7KD69MBG400/rtl/source/common/synclib.v(line number: 367)] Instance 'db_inst_cpu_rst_rail/mInst[9].nxt[9]' of 'bmsWIDEDFFCPE' unit is dangling and will be cleaned.
W: Public-4008: [C:/CPLD/pango/2_Tieta_Feiteng/Tieta_Feiteng_1001_PGC7KD69MBG400/rtl/source/common/synclib.v(line number: 367)] Instance 'db_inst_cpu_rst_rail/mInst[17].out_i[17]' of 'bmsWIDEDFFCPE' unit is dangling and will be cleaned.
W: Public-4008: [C:/CPLD/pango/2_Tieta_Feiteng/Tieta_Feiteng_1001_PGC7KD69MBG400/rtl/source/common/synclib.v(line number: 367)] Instance 'db_inst_cpu_rst_rail/mInst[5].out_i[5]' of 'bmsWIDEDFFCPE' unit is dangling and will be cleaned.
W: Public-4008: [C:/CPLD/pango/2_Tieta_Feiteng/Tieta_Feiteng_1001_PGC7KD69MBG400/rtl/source/common/synclib.v(line number: 367)] Instance 'db_inst_cpu_rst_rail/mInst[9].nxt_s1[9]' of 'bmsWIDEDFFCPE' unit is dangling and will be cleaned.
W: Public-4008: [C:/CPLD/pango/2_Tieta_Feiteng/Tieta_Feiteng_1001_PGC7KD69MBG400/rtl/source/common/synclib.v(line number: 367)] Instance 'db_inst_cpu_rst_rail/mInst[18].nxt[18]' of 'bmsWIDEDFFCPE' unit is dangling and will be cleaned.
W: Public-4008: [C:/CPLD/pango/2_Tieta_Feiteng/Tieta_Feiteng_1001_PGC7KD69MBG400/rtl/source/common/synclib.v(line number: 367)] Instance 'db_inst_cpu_rst_rail/mInst[6].nxt[6]' of 'bmsWIDEDFFCPE' unit is dangling and will be cleaned.
W: Public-4008: [C:/CPLD/pango/2_Tieta_Feiteng/Tieta_Feiteng_1001_PGC7KD69MBG400/rtl/source/common/synclib.v(line number: 367)] Instance 'db_inst_cpu_rst_rail/mInst[9].out_i[9]' of 'bmsWIDEDFFCPE' unit is dangling and will be cleaned.
W: Public-4008: [C:/CPLD/pango/2_Tieta_Feiteng/Tieta_Feiteng_1001_PGC7KD69MBG400/rtl/source/common/synclib.v(line number: 367)] Instance 'db_inst_cpu_rst_rail/mInst[18].nxt_s1[18]' of 'bmsWIDEDFFCPE' unit is dangling and will be cleaned.
W: Public-4008: [C:/CPLD/pango/2_Tieta_Feiteng/Tieta_Feiteng_1001_PGC7KD69MBG400/rtl/source/common/synclib.v(line number: 367)] Instance 'db_inst_cpu_rst_rail/mInst[6].nxt_s1[6]' of 'bmsWIDEDFFCPE' unit is dangling and will be cleaned.
W: Public-4008: [C:/CPLD/pango/2_Tieta_Feiteng/Tieta_Feiteng_1001_PGC7KD69MBG400/rtl/source/common/synclib.v(line number: 367)] Instance 'db_inst_cpu_rst_rail/mInst[10].nxt[10]' of 'bmsWIDEDFFCPE' unit is dangling and will be cleaned.
W: Public-4008: [C:/CPLD/pango/2_Tieta_Feiteng/Tieta_Feiteng_1001_PGC7KD69MBG400/rtl/source/common/synclib.v(line number: 367)] Instance 'db_inst_cpu_rst_rail/mInst[18].out_i[18]' of 'bmsWIDEDFFCPE' unit is dangling and will be cleaned.
W: Public-4008: [C:/CPLD/pango/2_Tieta_Feiteng/Tieta_Feiteng_1001_PGC7KD69MBG400/rtl/source/common/synclib.v(line number: 367)] Instance 'db_inst_cpu_rst_rail/mInst[6].out_i[6]' of 'bmsWIDEDFFCPE' unit is dangling and will be cleaned.
W: Public-4008: [C:/CPLD/pango/2_Tieta_Feiteng/Tieta_Feiteng_1001_PGC7KD69MBG400/rtl/source/common/synclib.v(line number: 367)] Instance 'db_inst_cpu_rst_rail/mInst[10].nxt_s1[10]' of 'bmsWIDEDFFCPE' unit is dangling and will be cleaned.
W: Public-4008: [C:/CPLD/pango/2_Tieta_Feiteng/Tieta_Feiteng_1001_PGC7KD69MBG400/rtl/source/common/synclib.v(line number: 367)] Instance 'db_inst_cpu_rst_rail/mInst[19].nxt[19]' of 'bmsWIDEDFFCPE' unit is dangling and will be cleaned.
W: Public-4008: [C:/CPLD/pango/2_Tieta_Feiteng/Tieta_Feiteng_1001_PGC7KD69MBG400/rtl/source/common/synclib.v(line number: 367)] Instance 'db_inst_cpu_rst_rail/mInst[7].nxt[7]' of 'bmsWIDEDFFCPE' unit is dangling and will be cleaned.
W: Public-4008: [C:/CPLD/pango/2_Tieta_Feiteng/Tieta_Feiteng_1001_PGC7KD69MBG400/rtl/source/common/synclib.v(line number: 367)] Instance 'db_inst_cpu_rst_rail/mInst[10].out_i[10]' of 'bmsWIDEDFFCPE' unit is dangling and will be cleaned.
W: Public-4008: [C:/CPLD/pango/2_Tieta_Feiteng/Tieta_Feiteng_1001_PGC7KD69MBG400/rtl/source/common/synclib.v(line number: 367)] Instance 'db_inst_cpu_rst_rail/mInst[19].nxt_s1[19]' of 'bmsWIDEDFFCPE' unit is dangling and will be cleaned.
W: Public-4008: [C:/CPLD/pango/2_Tieta_Feiteng/Tieta_Feiteng_1001_PGC7KD69MBG400/rtl/source/common/synclib.v(line number: 367)] Instance 'db_inst_cpu_rst_rail/mInst[7].nxt_s1[7]' of 'bmsWIDEDFFCPE' unit is dangling and will be cleaned.
W: Public-4008: [C:/CPLD/pango/2_Tieta_Feiteng/Tieta_Feiteng_1001_PGC7KD69MBG400/rtl/source/common/synclib.v(line number: 367)] Instance 'db_inst_cpu_rst_rail/mInst[11].nxt[11]' of 'bmsWIDEDFFCPE' unit is dangling and will be cleaned.
W: Public-4008: [C:/CPLD/pango/2_Tieta_Feiteng/Tieta_Feiteng_1001_PGC7KD69MBG400/rtl/source/common/synclib.v(line number: 367)] Instance 'db_inst_cpu_rst_rail/mInst[19].out_i[19]' of 'bmsWIDEDFFCPE' unit is dangling and will be cleaned.
W: Public-4008: [C:/CPLD/pango/2_Tieta_Feiteng/Tieta_Feiteng_1001_PGC7KD69MBG400/rtl/source/common/synclib.v(line number: 367)] Instance 'db_inst_cpu_rst_rail/mInst[7].out_i[7]' of 'bmsWIDEDFFCPE' unit is dangling and will be cleaned.
W: Public-4008: [C:/CPLD/pango/2_Tieta_Feiteng/Tieta_Feiteng_1001_PGC7KD69MBG400/rtl/source/common/synclib.v(line number: 367)] Instance 'db_inst_cpu_rst_rail/mInst[11].nxt_s1[11]' of 'bmsWIDEDFFCPE' unit is dangling and will be cleaned.
W: Public-4008: [C:/CPLD/pango/2_Tieta_Feiteng/Tieta_Feiteng_1001_PGC7KD69MBG400/rtl/source/common/synclib.v(line number: 367)] Instance 'db_inst_cpu_rst_rail/mInst[20].nxt[20]' of 'bmsWIDEDFFCPE' unit is dangling and will be cleaned.
W: Public-4008: [C:/CPLD/pango/2_Tieta_Feiteng/Tieta_Feiteng_1001_PGC7KD69MBG400/rtl/source/common/synclib.v(line number: 367)] Instance 'db_inst_cpu_rst_rail/mInst[8].nxt[8]' of 'bmsWIDEDFFCPE' unit is dangling and will be cleaned.
W: Public-4008: [C:/CPLD/pango/2_Tieta_Feiteng/Tieta_Feiteng_1001_PGC7KD69MBG400/rtl/source/common/synclib.v(line number: 367)] Instance 'db_inst_cpu_rst_rail/mInst[11].out_i[11]' of 'bmsWIDEDFFCPE' unit is dangling and will be cleaned.
W: Public-4008: [C:/CPLD/pango/2_Tieta_Feiteng/Tieta_Feiteng_1001_PGC7KD69MBG400/rtl/source/common/synclib.v(line number: 367)] Instance 'db_inst_cpu_rst_rail/mInst[20].nxt_s1[20]' of 'bmsWIDEDFFCPE' unit is dangling and will be cleaned.
W: Public-4008: [C:/CPLD/pango/2_Tieta_Feiteng/Tieta_Feiteng_1001_PGC7KD69MBG400/rtl/source/common/synclib.v(line number: 367)] Instance 'db_inst_cpu_rst_rail/mInst[8].nxt_s1[8]' of 'bmsWIDEDFFCPE' unit is dangling and will be cleaned.
W: Public-4008: [C:/CPLD/pango/2_Tieta_Feiteng/Tieta_Feiteng_1001_PGC7KD69MBG400/rtl/source/common/synclib.v(line number: 367)] Instance 'db_inst_cpu_rst_rail/mInst[12].nxt[12]' of 'bmsWIDEDFFCPE' unit is dangling and will be cleaned.
W: Public-4008: [C:/CPLD/pango/2_Tieta_Feiteng/Tieta_Feiteng_1001_PGC7KD69MBG400/rtl/source/common/synclib.v(line number: 367)] Instance 'db_inst_cpu_rst_rail/mInst[20].out_i[20]' of 'bmsWIDEDFFCPE' unit is dangling and will be cleaned.
W: Public-4008: [C:/CPLD/pango/2_Tieta_Feiteng/Tieta_Feiteng_1001_PGC7KD69MBG400/rtl/source/common/synclib.v(line number: 367)] Instance 'db_inst_cpu_rst_rail/mInst[0].nxt[0]' of 'bmsWIDEDFFCPE' unit is dangling and will be cleaned.
W: Public-4008: [C:/CPLD/pango/2_Tieta_Feiteng/Tieta_Feiteng_1001_PGC7KD69MBG400/rtl/source/common/synclib.v(line number: 367)] Instance 'db_inst_cpu_rst_rail/mInst[12].nxt_s1[12]' of 'bmsWIDEDFFCPE' unit is dangling and will be cleaned.
W: Public-4008: [C:/CPLD/pango/2_Tieta_Feiteng/Tieta_Feiteng_1001_PGC7KD69MBG400/rtl/source/common/synclib.v(line number: 367)] Instance 'db_inst_cpu_rst_rail/mInst[21].nxt[21]' of 'bmsWIDEDFFCPE' unit is dangling and will be cleaned.
W: Public-4008: [C:/CPLD/pango/2_Tieta_Feiteng/Tieta_Feiteng_1001_PGC7KD69MBG400/rtl/source/common/synclib.v(line number: 367)] Instance 'db_inst_cpu_rst_rail/mInst[0].nxt_s1[0]' of 'bmsWIDEDFFCPE' unit is dangling and will be cleaned.
W: Public-4008: [C:/CPLD/pango/2_Tieta_Feiteng/Tieta_Feiteng_1001_PGC7KD69MBG400/rtl/source/common/synclib.v(line number: 367)] Instance 'db_inst_cpu_rst_rail/mInst[12].out_i[12]' of 'bmsWIDEDFFCPE' unit is dangling and will be cleaned.
W: Public-4008: [C:/CPLD/pango/2_Tieta_Feiteng/Tieta_Feiteng_1001_PGC7KD69MBG400/rtl/source/common/synclib.v(line number: 367)] Instance 'db_inst_cpu_rst_rail/mInst[21].nxt_s1[21]' of 'bmsWIDEDFFCPE' unit is dangling and will be cleaned.
W: Public-4008: [C:/CPLD/pango/2_Tieta_Feiteng/Tieta_Feiteng_1001_PGC7KD69MBG400/rtl/source/common/synclib.v(line number: 367)] Instance 'db_inst_cpu_rst_rail/mInst[0].out_i[0]' of 'bmsWIDEDFFCPE' unit is dangling and will be cleaned.
W: Public-4008: [C:/CPLD/pango/2_Tieta_Feiteng/Tieta_Feiteng_1001_PGC7KD69MBG400/rtl/source/common/synclib.v(line number: 367)] Instance 'db_inst_cpu_rst_rail/mInst[13].nxt[13]' of 'bmsWIDEDFFCPE' unit is dangling and will be cleaned.
W: Public-4008: [C:/CPLD/pango/2_Tieta_Feiteng/Tieta_Feiteng_1001_PGC7KD69MBG400/rtl/source/common/synclib.v(line number: 367)] Instance 'db_inst_cpu_rst_rail/mInst[21].out_i[21]' of 'bmsWIDEDFFCPE' unit is dangling and will be cleaned.
W: Public-4008: [C:/CPLD/pango/2_Tieta_Feiteng/Tieta_Feiteng_1001_PGC7KD69MBG400/rtl/source/common/synclib.v(line number: 367)] Instance 'db_inst_cpu_rst_rail/mInst[1].nxt[1]' of 'bmsWIDEDFFCPE' unit is dangling and will be cleaned.
W: Public-4008: [C:/CPLD/pango/2_Tieta_Feiteng/Tieta_Feiteng_1001_PGC7KD69MBG400/rtl/source/common/synclib.v(line number: 367)] Instance 'db_inst_cpu_rst_rail/mInst[13].nxt_s1[13]' of 'bmsWIDEDFFCPE' unit is dangling and will be cleaned.
W: Public-4008: [C:/CPLD/pango/2_Tieta_Feiteng/Tieta_Feiteng_1001_PGC7KD69MBG400/rtl/source/common/synclib.v(line number: 367)] Instance 'db_inst_cpu_rst_rail/mInst[22].nxt[22]' of 'bmsWIDEDFFCPE' unit is dangling and will be cleaned.
W: Public-4008: [C:/CPLD/pango/2_Tieta_Feiteng/Tieta_Feiteng_1001_PGC7KD69MBG400/rtl/source/common/synclib.v(line number: 367)] Instance 'db_inst_cpu_rst_rail/mInst[1].nxt_s1[1]' of 'bmsWIDEDFFCPE' unit is dangling and will be cleaned.
W: Public-4008: [C:/CPLD/pango/2_Tieta_Feiteng/Tieta_Feiteng_1001_PGC7KD69MBG400/rtl/source/common/synclib.v(line number: 367)] Instance 'db_inst_cpu_rst_rail/mInst[13].out_i[13]' of 'bmsWIDEDFFCPE' unit is dangling and will be cleaned.
W: Public-4008: [C:/CPLD/pango/2_Tieta_Feiteng/Tieta_Feiteng_1001_PGC7KD69MBG400/rtl/source/common/synclib.v(line number: 367)] Instance 'db_inst_cpu_rst_rail/mInst[22].nxt_s1[22]' of 'bmsWIDEDFFCPE' unit is dangling and will be cleaned.
W: Public-4008: [C:/CPLD/pango/2_Tieta_Feiteng/Tieta_Feiteng_1001_PGC7KD69MBG400/rtl/source/common/synclib.v(line number: 367)] Instance 'db_inst_cpu_rst_rail/mInst[1].out_i[1]' of 'bmsWIDEDFFCPE' unit is dangling and will be cleaned.
W: Public-4008: [C:/CPLD/pango/2_Tieta_Feiteng/Tieta_Feiteng_1001_PGC7KD69MBG400/rtl/source/common/synclib.v(line number: 367)] Instance 'db_inst_cpu_rst_rail/mInst[14].nxt[14]' of 'bmsWIDEDFFCPE' unit is dangling and will be cleaned.
W: Public-4008: [C:/CPLD/pango/2_Tieta_Feiteng/Tieta_Feiteng_1001_PGC7KD69MBG400/rtl/source/common/synclib.v(line number: 367)] Instance 'db_inst_cpu_rst_rail/mInst[22].out_i[22]' of 'bmsWIDEDFFCPE' unit is dangling and will be cleaned.
W: Public-4008: [C:/CPLD/pango/2_Tieta_Feiteng/Tieta_Feiteng_1001_PGC7KD69MBG400/rtl/source/common/synclib.v(line number: 367)] Instance 'db_inst_cpu_rst_rail/mInst[2].nxt[2]' of 'bmsWIDEDFFCPE' unit is dangling and will be cleaned.
W: Public-4008: [C:/CPLD/pango/2_Tieta_Feiteng/Tieta_Feiteng_1001_PGC7KD69MBG400/rtl/source/common/synclib.v(line number: 367)] Instance 'db_inst_cpu_rst_rail/mInst[14].nxt_s1[14]' of 'bmsWIDEDFFCPE' unit is dangling and will be cleaned.
W: Public-4008: [C:/CPLD/pango/2_Tieta_Feiteng/Tieta_Feiteng_1001_PGC7KD69MBG400/rtl/source/common/synclib.v(line number: 367)] Instance 'db_inst_cpu_rst_rail/mInst[23].nxt[23]' of 'bmsWIDEDFFCPE' unit is dangling and will be cleaned.
W: Public-4008: [C:/CPLD/pango/2_Tieta_Feiteng/Tieta_Feiteng_1001_PGC7KD69MBG400/rtl/source/common/synclib.v(line number: 367)] Instance 'db_inst_cpu_rst_rail/mInst[2].nxt_s1[2]' of 'bmsWIDEDFFCPE' unit is dangling and will be cleaned.
W: Public-4008: [C:/CPLD/pango/2_Tieta_Feiteng/Tieta_Feiteng_1001_PGC7KD69MBG400/rtl/source/common/synclib.v(line number: 367)] Instance 'db_inst_cpu_rst_rail/mInst[14].out_i[14]' of 'bmsWIDEDFFCPE' unit is dangling and will be cleaned.
W: Public-4008: [C:/CPLD/pango/2_Tieta_Feiteng/Tieta_Feiteng_1001_PGC7KD69MBG400/rtl/source/common/synclib.v(line number: 367)] Instance 'db_inst_cpu_rst_rail/mInst[23].nxt_s1[23]' of 'bmsWIDEDFFCPE' unit is dangling and will be cleaned.
W: Public-4008: [C:/CPLD/pango/2_Tieta_Feiteng/Tieta_Feiteng_1001_PGC7KD69MBG400/rtl/source/common/synclib.v(line number: 367)] Instance 'db_inst_cpu_rst_rail/mInst[2].out_i[2]' of 'bmsWIDEDFFCPE' unit is dangling and will be cleaned.
W: Public-4008: [C:/CPLD/pango/2_Tieta_Feiteng/Tieta_Feiteng_1001_PGC7KD69MBG400/rtl/source/common/synclib.v(line number: 367)] Instance 'db_inst_cpu_rst_rail/mInst[15].nxt[15]' of 'bmsWIDEDFFCPE' unit is dangling and will be cleaned.
W: Public-4008: [C:/CPLD/pango/2_Tieta_Feiteng/Tieta_Feiteng_1001_PGC7KD69MBG400/rtl/source/common/synclib.v(line number: 367)] Instance 'db_inst_cpu_rst_rail/mInst[23].out_i[23]' of 'bmsWIDEDFFCPE' unit is dangling and will be cleaned.
W: Public-4008: [C:/CPLD/pango/2_Tieta_Feiteng/Tieta_Feiteng_1001_PGC7KD69MBG400/rtl/source/common/synclib.v(line number: 367)] Instance 'db_inst_cpu_rst_rail/mInst[3].nxt[3]' of 'bmsWIDEDFFCPE' unit is dangling and will be cleaned.
W: Public-4008: [C:/CPLD/pango/2_Tieta_Feiteng/Tieta_Feiteng_1001_PGC7KD69MBG400/rtl/source/common/synclib.v(line number: 367)] Instance 'db_inst_cpu_rst_rail/mInst[15].nxt_s1[15]' of 'bmsWIDEDFFCPE' unit is dangling and will be cleaned.
W: Public-4008: [C:/CPLD/pango/2_Tieta_Feiteng/Tieta_Feiteng_1001_PGC7KD69MBG400/rtl/source/common/synclib.v(line number: 367)] Instance 'db_inst_cpu_rst_rail/mInst[3].nxt_s1[3]' of 'bmsWIDEDFFCPE' unit is dangling and will be cleaned.
W: Public-4008: [C:/CPLD/pango/2_Tieta_Feiteng/Tieta_Feiteng_1001_PGC7KD69MBG400/rtl/source/common/synclib.v(line number: 367)] Instance 'db_inst_cpu_rst_rail/mInst[15].out_i[15]' of 'bmsWIDEDFFCPE' unit is dangling and will be cleaned.
W: Public-4008: [C:/CPLD/pango/2_Tieta_Feiteng/Tieta_Feiteng_1001_PGC7KD69MBG400/rtl/source/common/synclib.v(line number: 367)] Instance 'db_inst_cpu_rst_rail/mInst[3].out_i[3]' of 'bmsWIDEDFFCPE' unit is dangling and will be cleaned.
W: Public-4008: [C:/CPLD/pango/2_Tieta_Feiteng/Tieta_Feiteng_1001_PGC7KD69MBG400/rtl/source/common/synclib.v(line number: 367)] Instance 'db_inst_cpu_rst_rail/mInst[16].nxt[16]' of 'bmsWIDEDFFCPE' unit is dangling and will be cleaned.
W: Public-4008: [C:/CPLD/pango/2_Tieta_Feiteng/Tieta_Feiteng_1001_PGC7KD69MBG400/rtl/source/common/synclib.v(line number: 367)] Instance 'db_inst_cpu_rst_rail/mInst[4].nxt[4]' of 'bmsWIDEDFFCPE' unit is dangling and will be cleaned.
W: Public-4008: [C:/CPLD/pango/2_Tieta_Feiteng/Tieta_Feiteng_1001_PGC7KD69MBG400/rtl/source/common/synclib.v(line number: 367)] Instance 'db_inst_cpu_rst_rail/mInst[16].nxt_s1[16]' of 'bmsWIDEDFFCPE' unit is dangling and will be cleaned.
W: Public-4008: [C:/CPLD/pango/2_Tieta_Feiteng/Tieta_Feiteng_1001_PGC7KD69MBG400/rtl/source/common/synclib.v(line number: 367)] Instance 'db_inst_cpu_rst_rail/mInst[4].nxt_s1[4]' of 'bmsWIDEDFFCPE' unit is dangling and will be cleaned.
W: Public-4008: [C:/CPLD/pango/2_Tieta_Feiteng/Tieta_Feiteng_1001_PGC7KD69MBG400/rtl/source/common/synclib.v(line number: 367)] Instance 'db_inst_cpu_rst_rail/mInst[16].out_i[16]' of 'bmsWIDEDFFCPE' unit is dangling and will be cleaned.
W: Public-4008: [C:/CPLD/pango/2_Tieta_Feiteng/Tieta_Feiteng_1001_PGC7KD69MBG400/rtl/source/common/synclib.v(line number: 367)] Instance 'db_inst_cpu_rst_rail/mInst[4].out_i[4]' of 'bmsWIDEDFFCPE' unit is dangling and will be cleaned.
W: Public-4008: [C:/CPLD/pango/2_Tieta_Feiteng/Tieta_Feiteng_1001_PGC7KD69MBG400/rtl/source/common/synclib.v(line number: 367)] Instance 'db_inst_cpu_rst_rail/mInst[17].nxt[17]' of 'bmsWIDEDFFCPE' unit is dangling and will be cleaned.
W: Public-4008: [C:/CPLD/pango/2_Tieta_Feiteng/Tieta_Feiteng_1001_PGC7KD69MBG400/rtl/source/common/synclib.v(line number: 367)] Instance 'db_inst_cpu_rst_rail/mInst[5].nxt[5]' of 'bmsWIDEDFFCPE' unit is dangling and will be cleaned.
W: Public-4008: [C:/CPLD/pango/2_Tieta_Feiteng/Tieta_Feiteng_1001_PGC7KD69MBG400/rtl/source/common/synclib.v(line number: 367)] Instance 'db_inst_cpu_rst_rail/cnt[0][2:0]' of 'bmsWIDEDFFCPE' unit is dangling and will be cleaned.
W: Public-4008: [C:/CPLD/pango/2_Tieta_Feiteng/Tieta_Feiteng_1001_PGC7KD69MBG400/rtl/source/common/synclib.v(line number: 367)] Instance 'db_inst_cpu_rst_rail/cnt[1][2:0]' of 'bmsWIDEDFFCPE' unit is dangling and will be cleaned.
W: Public-4008: [C:/CPLD/pango/2_Tieta_Feiteng/Tieta_Feiteng_1001_PGC7KD69MBG400/rtl/source/common/synclib.v(line number: 367)] Instance 'db_inst_cpu_rst_rail/cnt[2][2:0]' of 'bmsWIDEDFFCPE' unit is dangling and will be cleaned.
W: Public-4008: [C:/CPLD/pango/2_Tieta_Feiteng/Tieta_Feiteng_1001_PGC7KD69MBG400/rtl/source/common/synclib.v(line number: 367)] Instance 'db_inst_cpu_rst_rail/cnt[3][2:0]' of 'bmsWIDEDFFCPE' unit is dangling and will be cleaned.
W: Public-4008: [C:/CPLD/pango/2_Tieta_Feiteng/Tieta_Feiteng_1001_PGC7KD69MBG400/rtl/source/common/synclib.v(line number: 367)] Instance 'db_inst_cpu_rst_rail/cnt[4][2:0]' of 'bmsWIDEDFFCPE' unit is dangling and will be cleaned.
W: Public-4008: [C:/CPLD/pango/2_Tieta_Feiteng/Tieta_Feiteng_1001_PGC7KD69MBG400/rtl/source/common/synclib.v(line number: 367)] Instance 'db_inst_cpu_rst_rail/cnt[5][2:0]' of 'bmsWIDEDFFCPE' unit is dangling and will be cleaned.
W: Public-4008: [C:/CPLD/pango/2_Tieta_Feiteng/Tieta_Feiteng_1001_PGC7KD69MBG400/rtl/source/common/synclib.v(line number: 367)] Instance 'db_inst_cpu_rst_rail/cnt[6][2:0]' of 'bmsWIDEDFFCPE' unit is dangling and will be cleaned.
W: Public-4008: [C:/CPLD/pango/2_Tieta_Feiteng/Tieta_Feiteng_1001_PGC7KD69MBG400/rtl/source/common/synclib.v(line number: 367)] Instance 'db_inst_cpu_rst_rail/cnt[7][2:0]' of 'bmsWIDEDFFCPE' unit is dangling and will be cleaned.
W: Public-4008: [C:/CPLD/pango/2_Tieta_Feiteng/Tieta_Feiteng_1001_PGC7KD69MBG400/rtl/source/common/synclib.v(line number: 367)] Instance 'db_inst_cpu_rst_rail/cnt[8][2:0]' of 'bmsWIDEDFFCPE' unit is dangling and will be cleaned.
W: Public-4008: [C:/CPLD/pango/2_Tieta_Feiteng/Tieta_Feiteng_1001_PGC7KD69MBG400/rtl/source/common/synclib.v(line number: 367)] Instance 'db_inst_cpu_rst_rail/cnt[9][2:0]' of 'bmsWIDEDFFCPE' unit is dangling and will be cleaned.
W: Public-4008: [C:/CPLD/pango/2_Tieta_Feiteng/Tieta_Feiteng_1001_PGC7KD69MBG400/rtl/source/common/synclib.v(line number: 367)] Instance 'db_inst_cpu_rst_rail/cnt[10][2:0]' of 'bmsWIDEDFFCPE' unit is dangling and will be cleaned.
W: Public-4008: [C:/CPLD/pango/2_Tieta_Feiteng/Tieta_Feiteng_1001_PGC7KD69MBG400/rtl/source/common/synclib.v(line number: 367)] Instance 'db_inst_cpu_rst_rail/cnt[11][2:0]' of 'bmsWIDEDFFCPE' unit is dangling and will be cleaned.
W: Public-4008: [C:/CPLD/pango/2_Tieta_Feiteng/Tieta_Feiteng_1001_PGC7KD69MBG400/rtl/source/common/synclib.v(line number: 367)] Instance 'db_inst_cpu_rst_rail/cnt[12][2:0]' of 'bmsWIDEDFFCPE' unit is dangling and will be cleaned.
W: Public-4008: [C:/CPLD/pango/2_Tieta_Feiteng/Tieta_Feiteng_1001_PGC7KD69MBG400/rtl/source/common/synclib.v(line number: 367)] Instance 'db_inst_cpu_rst_rail/cnt[13][2:0]' of 'bmsWIDEDFFCPE' unit is dangling and will be cleaned.
W: Public-4008: [C:/CPLD/pango/2_Tieta_Feiteng/Tieta_Feiteng_1001_PGC7KD69MBG400/rtl/source/common/synclib.v(line number: 367)] Instance 'db_inst_cpu_rst_rail/cnt[14][2:0]' of 'bmsWIDEDFFCPE' unit is dangling and will be cleaned.
W: Public-4008: [C:/CPLD/pango/2_Tieta_Feiteng/Tieta_Feiteng_1001_PGC7KD69MBG400/rtl/source/common/synclib.v(line number: 367)] Instance 'db_inst_cpu_rst_rail/cnt[15][2:0]' of 'bmsWIDEDFFCPE' unit is dangling and will be cleaned.
W: Public-4008: [C:/CPLD/pango/2_Tieta_Feiteng/Tieta_Feiteng_1001_PGC7KD69MBG400/rtl/source/common/synclib.v(line number: 367)] Instance 'db_inst_cpu_rst_rail/cnt[16][2:0]' of 'bmsWIDEDFFCPE' unit is dangling and will be cleaned.
W: Public-4008: [C:/CPLD/pango/2_Tieta_Feiteng/Tieta_Feiteng_1001_PGC7KD69MBG400/rtl/source/common/synclib.v(line number: 367)] Instance 'db_inst_cpu_rst_rail/cnt[17][2:0]' of 'bmsWIDEDFFCPE' unit is dangling and will be cleaned.
W: Public-4008: [C:/CPLD/pango/2_Tieta_Feiteng/Tieta_Feiteng_1001_PGC7KD69MBG400/rtl/source/common/synclib.v(line number: 367)] Instance 'db_inst_cpu_rst_rail/cnt[18][2:0]' of 'bmsWIDEDFFCPE' unit is dangling and will be cleaned.
W: Public-4008: [C:/CPLD/pango/2_Tieta_Feiteng/Tieta_Feiteng_1001_PGC7KD69MBG400/rtl/source/common/synclib.v(line number: 367)] Instance 'db_inst_cpu_rst_rail/cnt[19][2:0]' of 'bmsWIDEDFFCPE' unit is dangling and will be cleaned.
W: Public-4008: [C:/CPLD/pango/2_Tieta_Feiteng/Tieta_Feiteng_1001_PGC7KD69MBG400/rtl/source/common/synclib.v(line number: 367)] Instance 'db_inst_cpu_rst_rail/cnt[20][2:0]' of 'bmsWIDEDFFCPE' unit is dangling and will be cleaned.
W: Public-4008: [C:/CPLD/pango/2_Tieta_Feiteng/Tieta_Feiteng_1001_PGC7KD69MBG400/rtl/source/common/synclib.v(line number: 367)] Instance 'db_inst_cpu_rst_rail/cnt[21][2:0]' of 'bmsWIDEDFFCPE' unit is dangling and will be cleaned.
W: Public-4008: [C:/CPLD/pango/2_Tieta_Feiteng/Tieta_Feiteng_1001_PGC7KD69MBG400/rtl/source/common/synclib.v(line number: 367)] Instance 'db_inst_cpu_rst_rail/cnt[22][2:0]' of 'bmsWIDEDFFCPE' unit is dangling and will be cleaned.
W: Public-4008: [C:/CPLD/pango/2_Tieta_Feiteng/Tieta_Feiteng_1001_PGC7KD69MBG400/rtl/source/common/synclib.v(line number: 367)] Instance 'db_inst_cpu_rst_rail/cnt[23][2:0]' of 'bmsWIDEDFFCPE' unit is dangling and will be cleaned.
W: Public-4008: [C:/CPLD/pango/2_Tieta_Feiteng/Tieta_Feiteng_1001_PGC7KD69MBG400/rtl/source/common/synclib.v(line number: 367)] Instance 'db_inst_prsnt/cnt[1][1:0]' of 'bmsWIDEDFFCPE' unit is dangling and will be cleaned.
W: Public-4008: [C:/CPLD/pango/2_Tieta_Feiteng/Tieta_Feiteng_1001_PGC7KD69MBG400/rtl/source/common/synclib.v(line number: 367)] Instance 'db_inst_prsnt/cnt[2][1:0]' of 'bmsWIDEDFFCPE' unit is dangling and will be cleaned.
W: Public-4008: [C:/CPLD/pango/2_Tieta_Feiteng/Tieta_Feiteng_1001_PGC7KD69MBG400/rtl/source/common/synclib.v(line number: 367)] Instance 'db_inst_prsnt/cnt[21][1:0]' of 'bmsWIDEDFFCPE' unit is dangling and will be cleaned.
W: Public-4008: [C:/CPLD/pango/2_Tieta_Feiteng/Tieta_Feiteng_1001_PGC7KD69MBG400/rtl/source/common/synclib.v(line number: 367)] Instance 'db_inst_prsnt/cnt[22][1:0]' of 'bmsWIDEDFFCPE' unit is dangling and will be cleaned.
W: Public-4008: [C:/CPLD/pango/2_Tieta_Feiteng/Tieta_Feiteng_1001_PGC7KD69MBG400/rtl/source/common/synclib.v(line number: 367)] Instance 'db_inst_prsnt/cnt[23][1:0]' of 'bmsWIDEDFFCPE' unit is dangling and will be cleaned.
W: Public-4008: [C:/CPLD/pango/2_Tieta_Feiteng/Tieta_Feiteng_1001_PGC7KD69MBG400/rtl/source/common/synclib.v(line number: 367)] Instance 'db_inst_prsnt/cnt[24][1:0]' of 'bmsWIDEDFFCPE' unit is dangling and will be cleaned.
W: Public-4008: [C:/CPLD/pango/2_Tieta_Feiteng/Tieta_Feiteng_1001_PGC7KD69MBG400/rtl/source/common/synclib.v(line number: 367)] Instance 'db_inst_prsnt/cnt[25][1:0]' of 'bmsWIDEDFFCPE' unit is dangling and will be cleaned.
W: Public-4008: [C:/CPLD/pango/2_Tieta_Feiteng/Tieta_Feiteng_1001_PGC7KD69MBG400/rtl/source/common/synclib.v(line number: 367)] Instance 'db_inst_prsnt/cnt[26][1:0]' of 'bmsWIDEDFFCPE' unit is dangling and will be cleaned.
W: Public-4008: [C:/CPLD/pango/2_Tieta_Feiteng/Tieta_Feiteng_1001_PGC7KD69MBG400/rtl/source/common/synclib.v(line number: 367)] Instance 'db_inst_prsnt/cnt[27][1:0]' of 'bmsWIDEDFFCPE' unit is dangling and will be cleaned.
W: Public-4008: [C:/CPLD/pango/2_Tieta_Feiteng/Tieta_Feiteng_1001_PGC7KD69MBG400/rtl/source/common/synclib.v(line number: 367)] Instance 'db_inst_prsnt/cnt[28][1:0]' of 'bmsWIDEDFFCPE' unit is dangling and will be cleaned.
W: Public-4008: [C:/CPLD/pango/2_Tieta_Feiteng/Tieta_Feiteng_1001_PGC7KD69MBG400/rtl/source/common/synclib.v(line number: 367)] Instance 'db_inst_prsnt/cnt[29][1:0]' of 'bmsWIDEDFFCPE' unit is dangling and will be cleaned.
W: Public-4008: [C:/CPLD/pango/2_Tieta_Feiteng/Tieta_Feiteng_1001_PGC7KD69MBG400/rtl/source/common/synclib.v(line number: 367)] Instance 'db_inst_prsnt/cnt[30][1:0]' of 'bmsWIDEDFFCPE' unit is dangling and will be cleaned.
W: Public-4008: [C:/CPLD/pango/2_Tieta_Feiteng/Tieta_Feiteng_1001_PGC7KD69MBG400/rtl/source/common/synclib.v(line number: 367)] Instance 'db_inst_prsnt/cnt[31][1:0]' of 'bmsWIDEDFFCPE' unit is dangling and will be cleaned.
W: Public-4008: [C:/CPLD/pango/2_Tieta_Feiteng/Tieta_Feiteng_1001_PGC7KD69MBG400/rtl/source/common/synclib.v(line number: 367)] Instance 'db_inst_prsnt/cnt[32][1:0]' of 'bmsWIDEDFFCPE' unit is dangling and will be cleaned.
W: Public-4008: [C:/CPLD/pango/2_Tieta_Feiteng/Tieta_Feiteng_1001_PGC7KD69MBG400/rtl/source/common/synclib.v(line number: 367)] Instance 'db_inst_prsnt/mInst[21].out_i[21]' of 'bmsWIDEDFFCPE' unit is dangling and will be cleaned.
W: Public-4008: [C:/CPLD/pango/2_Tieta_Feiteng/Tieta_Feiteng_1001_PGC7KD69MBG400/rtl/source/common/synclib.v(line number: 367)] Instance 'db_inst_prsnt/mInst[22].out_i[22]' of 'bmsWIDEDFFCPE' unit is dangling and will be cleaned.
W: Public-4008: [C:/CPLD/pango/2_Tieta_Feiteng/Tieta_Feiteng_1001_PGC7KD69MBG400/rtl/source/common/synclib.v(line number: 367)] Instance 'db_inst_prsnt/mInst[23].out_i[23]' of 'bmsWIDEDFFCPE' unit is dangling and will be cleaned.
W: Public-4008: [C:/CPLD/pango/2_Tieta_Feiteng/Tieta_Feiteng_1001_PGC7KD69MBG400/rtl/source/common/synclib.v(line number: 367)] Instance 'db_inst_prsnt/mInst[24].out_i[24]' of 'bmsWIDEDFFCPE' unit is dangling and will be cleaned.
W: Public-4008: [C:/CPLD/pango/2_Tieta_Feiteng/Tieta_Feiteng_1001_PGC7KD69MBG400/rtl/source/common/synclib.v(line number: 367)] Instance 'db_inst_prsnt/mInst[25].out_i[25]' of 'bmsWIDEDFFCPE' unit is dangling and will be cleaned.
W: Public-4008: [C:/CPLD/pango/2_Tieta_Feiteng/Tieta_Feiteng_1001_PGC7KD69MBG400/rtl/source/common/synclib.v(line number: 367)] Instance 'db_inst_prsnt/mInst[26].out_i[26]' of 'bmsWIDEDFFCPE' unit is dangling and will be cleaned.
W: Public-4008: [C:/CPLD/pango/2_Tieta_Feiteng/Tieta_Feiteng_1001_PGC7KD69MBG400/rtl/source/common/synclib.v(line number: 367)] Instance 'db_inst_prsnt/mInst[27].out_i[27]' of 'bmsWIDEDFFCPE' unit is dangling and will be cleaned.
W: Public-4008: [C:/CPLD/pango/2_Tieta_Feiteng/Tieta_Feiteng_1001_PGC7KD69MBG400/rtl/source/common/synclib.v(line number: 367)] Instance 'db_inst_prsnt/mInst[28].out_i[28]' of 'bmsWIDEDFFCPE' unit is dangling and will be cleaned.
W: Public-4008: [C:/CPLD/pango/2_Tieta_Feiteng/Tieta_Feiteng_1001_PGC7KD69MBG400/rtl/source/common/synclib.v(line number: 367)] Instance 'db_inst_prsnt/mInst[29].out_i[29]' of 'bmsWIDEDFFCPE' unit is dangling and will be cleaned.
W: Public-4008: [C:/CPLD/pango/2_Tieta_Feiteng/Tieta_Feiteng_1001_PGC7KD69MBG400/rtl/source/common/synclib.v(line number: 367)] Instance 'db_inst_prsnt/mInst[30].out_i[30]' of 'bmsWIDEDFFCPE' unit is dangling and will be cleaned.
W: Public-4008: [C:/CPLD/pango/2_Tieta_Feiteng/Tieta_Feiteng_1001_PGC7KD69MBG400/rtl/source/common/synclib.v(line number: 367)] Instance 'db_inst_prsnt/mInst[31].out_i[31]' of 'bmsWIDEDFFCPE' unit is dangling and will be cleaned.
W: Public-4008: [C:/CPLD/pango/2_Tieta_Feiteng/Tieta_Feiteng_1001_PGC7KD69MBG400/rtl/source/common/synclib.v(line number: 367)] Instance 'db_inst_prsnt/mInst[32].out_i[32]' of 'bmsWIDEDFFCPE' unit is dangling and will be cleaned.
W: Public-4008: [C:/CPLD/pango/2_Tieta_Feiteng/Tieta_Feiteng_1001_PGC7KD69MBG400/rtl/source/common/synclib.v(line number: 367)] Instance 'db_inst_prsnt/mInst[1].nxt[1]' of 'bmsWIDEDFFCPE' unit is dangling and will be cleaned.
W: Public-4008: [C:/CPLD/pango/2_Tieta_Feiteng/Tieta_Feiteng_1001_PGC7KD69MBG400/rtl/source/common/synclib.v(line number: 367)] Instance 'db_inst_prsnt/mInst[1].nxt_s1[1]' of 'bmsWIDEDFFCPE' unit is dangling and will be cleaned.
W: Public-4008: [C:/CPLD/pango/2_Tieta_Feiteng/Tieta_Feiteng_1001_PGC7KD69MBG400/rtl/source/common/synclib.v(line number: 367)] Instance 'db_inst_prsnt/mInst[1].out_i[1]' of 'bmsWIDEDFFCPE' unit is dangling and will be cleaned.
W: Public-4008: [C:/CPLD/pango/2_Tieta_Feiteng/Tieta_Feiteng_1001_PGC7KD69MBG400/rtl/source/common/synclib.v(line number: 367)] Instance 'db_inst_prsnt/mInst[2].nxt[2]' of 'bmsWIDEDFFCPE' unit is dangling and will be cleaned.
W: Public-4008: [C:/CPLD/pango/2_Tieta_Feiteng/Tieta_Feiteng_1001_PGC7KD69MBG400/rtl/source/common/synclib.v(line number: 367)] Instance 'db_inst_prsnt/mInst[2].nxt_s1[2]' of 'bmsWIDEDFFCPE' unit is dangling and will be cleaned.
W: Public-4008: [C:/CPLD/pango/2_Tieta_Feiteng/Tieta_Feiteng_1001_PGC7KD69MBG400/rtl/source/common/synclib.v(line number: 367)] Instance 'db_inst_prsnt/mInst[2].out_i[2]' of 'bmsWIDEDFFCPE' unit is dangling and will be cleaned.
W: Public-4008: [C:/CPLD/pango/2_Tieta_Feiteng/Tieta_Feiteng_1001_PGC7KD69MBG400/rtl/source/common/synclib.v(line number: 367)] Instance 'db_unused/mInst[25].out_i[25]' of 'bmsWIDEDFFCPE' unit is dangling and will be cleaned.
W: Public-4008: [C:/CPLD/pango/2_Tieta_Feiteng/Tieta_Feiteng_1001_PGC7KD69MBG400/rtl/source/common/synclib.v(line number: 367)] Instance 'db_unused/mInst[40].out_i[40]' of 'bmsWIDEDFFCPE' unit is dangling and will be cleaned.
W: Public-4008: [C:/CPLD/pango/2_Tieta_Feiteng/Tieta_Feiteng_1001_PGC7KD69MBG400/rtl/source/common/synclib.v(line number: 367)] Instance 'db_unused/mInst[26].nxt[26]' of 'bmsWIDEDFFCPE' unit is dangling and will be cleaned.
W: Public-4008: [C:/CPLD/pango/2_Tieta_Feiteng/Tieta_Feiteng_1001_PGC7KD69MBG400/rtl/source/common/synclib.v(line number: 367)] Instance 'db_unused/mInst[41].nxt_s1[41]' of 'bmsWIDEDFFCPE' unit is dangling and will be cleaned.
W: Public-4008: [C:/CPLD/pango/2_Tieta_Feiteng/Tieta_Feiteng_1001_PGC7KD69MBG400/rtl/source/common/synclib.v(line number: 367)] Instance 'db_unused/mInst[41].out_i[41]' of 'bmsWIDEDFFCPE' unit is dangling and will be cleaned.
W: Public-4008: [C:/CPLD/pango/2_Tieta_Feiteng/Tieta_Feiteng_1001_PGC7KD69MBG400/rtl/source/common/synclib.v(line number: 367)] Instance 'db_unused/mInst[41].nxt[41]' of 'bmsWIDEDFFCPE' unit is dangling and will be cleaned.
W: Public-4008: [C:/CPLD/pango/2_Tieta_Feiteng/Tieta_Feiteng_1001_PGC7KD69MBG400/rtl/source/common/synclib.v(line number: 367)] Instance 'db_unused/mInst[11].out_i[11]' of 'bmsWIDEDFFCPE' unit is dangling and will be cleaned.
W: Public-4008: [C:/CPLD/pango/2_Tieta_Feiteng/Tieta_Feiteng_1001_PGC7KD69MBG400/rtl/source/common/synclib.v(line number: 367)] Instance 'db_unused/mInst[26].nxt_s1[26]' of 'bmsWIDEDFFCPE' unit is dangling and will be cleaned.
W: Public-4008: [C:/CPLD/pango/2_Tieta_Feiteng/Tieta_Feiteng_1001_PGC7KD69MBG400/rtl/source/common/synclib.v(line number: 367)] Instance 'db_unused/mInst[8].nxt_s1[8]' of 'bmsWIDEDFFCPE' unit is dangling and will be cleaned.
W: Public-4008: [C:/CPLD/pango/2_Tieta_Feiteng/Tieta_Feiteng_1001_PGC7KD69MBG400/rtl/source/common/synclib.v(line number: 367)] Instance 'db_unused/mInst[12].nxt[12]' of 'bmsWIDEDFFCPE' unit is dangling and will be cleaned.
W: Public-4008: [C:/CPLD/pango/2_Tieta_Feiteng/Tieta_Feiteng_1001_PGC7KD69MBG400/rtl/source/common/synclib.v(line number: 367)] Instance 'db_unused/mInst[26].out_i[26]' of 'bmsWIDEDFFCPE' unit is dangling and will be cleaned.
W: Public-4008: [C:/CPLD/pango/2_Tieta_Feiteng/Tieta_Feiteng_1001_PGC7KD69MBG400/rtl/source/common/synclib.v(line number: 367)] Instance 'db_unused/mInst[8].out_i[8]' of 'bmsWIDEDFFCPE' unit is dangling and will be cleaned.
W: Public-4008: [C:/CPLD/pango/2_Tieta_Feiteng/Tieta_Feiteng_1001_PGC7KD69MBG400/rtl/source/common/synclib.v(line number: 367)] Instance 'db_unused/mInst[12].nxt_s1[12]' of 'bmsWIDEDFFCPE' unit is dangling and will be cleaned.
W: Public-4008: [C:/CPLD/pango/2_Tieta_Feiteng/Tieta_Feiteng_1001_PGC7KD69MBG400/rtl/source/common/synclib.v(line number: 367)] Instance 'db_unused/mInst[27].nxt[27]' of 'bmsWIDEDFFCPE' unit is dangling and will be cleaned.
W: Public-4008: [C:/CPLD/pango/2_Tieta_Feiteng/Tieta_Feiteng_1001_PGC7KD69MBG400/rtl/source/common/synclib.v(line number: 367)] Instance 'db_unused/mInst[9].nxt[9]' of 'bmsWIDEDFFCPE' unit is dangling and will be cleaned.
W: Public-4008: [C:/CPLD/pango/2_Tieta_Feiteng/Tieta_Feiteng_1001_PGC7KD69MBG400/rtl/source/common/synclib.v(line number: 367)] Instance 'db_unused/mInst[12].out_i[12]' of 'bmsWIDEDFFCPE' unit is dangling and will be cleaned.
W: Public-4008: [C:/CPLD/pango/2_Tieta_Feiteng/Tieta_Feiteng_1001_PGC7KD69MBG400/rtl/source/common/synclib.v(line number: 367)] Instance 'db_unused/mInst[27].nxt_s1[27]' of 'bmsWIDEDFFCPE' unit is dangling and will be cleaned.
W: Public-4008: [C:/CPLD/pango/2_Tieta_Feiteng/Tieta_Feiteng_1001_PGC7KD69MBG400/rtl/source/common/synclib.v(line number: 367)] Instance 'db_unused/mInst[9].nxt_s1[9]' of 'bmsWIDEDFFCPE' unit is dangling and will be cleaned.
W: Public-4008: [C:/CPLD/pango/2_Tieta_Feiteng/Tieta_Feiteng_1001_PGC7KD69MBG400/rtl/source/common/synclib.v(line number: 367)] Instance 'db_unused/mInst[13].nxt[13]' of 'bmsWIDEDFFCPE' unit is dangling and will be cleaned.
W: Public-4008: [C:/CPLD/pango/2_Tieta_Feiteng/Tieta_Feiteng_1001_PGC7KD69MBG400/rtl/source/common/synclib.v(line number: 367)] Instance 'db_unused/mInst[27].out_i[27]' of 'bmsWIDEDFFCPE' unit is dangling and will be cleaned.
W: Public-4008: [C:/CPLD/pango/2_Tieta_Feiteng/Tieta_Feiteng_1001_PGC7KD69MBG400/rtl/source/common/synclib.v(line number: 367)] Instance 'db_unused/mInst[9].out_i[9]' of 'bmsWIDEDFFCPE' unit is dangling and will be cleaned.
W: Public-4008: [C:/CPLD/pango/2_Tieta_Feiteng/Tieta_Feiteng_1001_PGC7KD69MBG400/rtl/source/common/synclib.v(line number: 367)] Instance 'db_unused/mInst[13].nxt_s1[13]' of 'bmsWIDEDFFCPE' unit is dangling and will be cleaned.
W: Public-4008: [C:/CPLD/pango/2_Tieta_Feiteng/Tieta_Feiteng_1001_PGC7KD69MBG400/rtl/source/common/synclib.v(line number: 367)] Instance 'db_unused/mInst[28].nxt[28]' of 'bmsWIDEDFFCPE' unit is dangling and will be cleaned.
W: Public-4008: [C:/CPLD/pango/2_Tieta_Feiteng/Tieta_Feiteng_1001_PGC7KD69MBG400/rtl/source/common/synclib.v(line number: 367)] Instance 'db_unused/mInst[10].nxt[10]' of 'bmsWIDEDFFCPE' unit is dangling and will be cleaned.
W: Public-4008: [C:/CPLD/pango/2_Tieta_Feiteng/Tieta_Feiteng_1001_PGC7KD69MBG400/rtl/source/common/synclib.v(line number: 367)] Instance 'db_unused/mInst[13].out_i[13]' of 'bmsWIDEDFFCPE' unit is dangling and will be cleaned.
W: Public-4008: [C:/CPLD/pango/2_Tieta_Feiteng/Tieta_Feiteng_1001_PGC7KD69MBG400/rtl/source/common/synclib.v(line number: 367)] Instance 'db_unused/mInst[28].nxt_s1[28]' of 'bmsWIDEDFFCPE' unit is dangling and will be cleaned.
W: Public-4008: [C:/CPLD/pango/2_Tieta_Feiteng/Tieta_Feiteng_1001_PGC7KD69MBG400/rtl/source/common/synclib.v(line number: 367)] Instance 'db_unused/mInst[10].nxt_s1[10]' of 'bmsWIDEDFFCPE' unit is dangling and will be cleaned.
W: Public-4008: [C:/CPLD/pango/2_Tieta_Feiteng/Tieta_Feiteng_1001_PGC7KD69MBG400/rtl/source/common/synclib.v(line number: 367)] Instance 'db_unused/mInst[14].nxt[14]' of 'bmsWIDEDFFCPE' unit is dangling and will be cleaned.
W: Public-4008: [C:/CPLD/pango/2_Tieta_Feiteng/Tieta_Feiteng_1001_PGC7KD69MBG400/rtl/source/common/synclib.v(line number: 367)] Instance 'db_unused/mInst[28].out_i[28]' of 'bmsWIDEDFFCPE' unit is dangling and will be cleaned.
W: Public-4008: [C:/CPLD/pango/2_Tieta_Feiteng/Tieta_Feiteng_1001_PGC7KD69MBG400/rtl/source/common/synclib.v(line number: 367)] Instance 'db_unused/mInst[10].out_i[10]' of 'bmsWIDEDFFCPE' unit is dangling and will be cleaned.
W: Public-4008: [C:/CPLD/pango/2_Tieta_Feiteng/Tieta_Feiteng_1001_PGC7KD69MBG400/rtl/source/common/synclib.v(line number: 367)] Instance 'db_unused/mInst[14].nxt_s1[14]' of 'bmsWIDEDFFCPE' unit is dangling and will be cleaned.
W: Public-4008: [C:/CPLD/pango/2_Tieta_Feiteng/Tieta_Feiteng_1001_PGC7KD69MBG400/rtl/source/common/synclib.v(line number: 367)] Instance 'db_unused/mInst[29].nxt[29]' of 'bmsWIDEDFFCPE' unit is dangling and will be cleaned.
W: Public-4008: [C:/CPLD/pango/2_Tieta_Feiteng/Tieta_Feiteng_1001_PGC7KD69MBG400/rtl/source/common/synclib.v(line number: 367)] Instance 'db_unused/mInst[11].nxt[11]' of 'bmsWIDEDFFCPE' unit is dangling and will be cleaned.
W: Public-4008: [C:/CPLD/pango/2_Tieta_Feiteng/Tieta_Feiteng_1001_PGC7KD69MBG400/rtl/source/common/synclib.v(line number: 367)] Instance 'db_unused/mInst[14].out_i[14]' of 'bmsWIDEDFFCPE' unit is dangling and will be cleaned.
W: Public-4008: [C:/CPLD/pango/2_Tieta_Feiteng/Tieta_Feiteng_1001_PGC7KD69MBG400/rtl/source/common/synclib.v(line number: 367)] Instance 'db_unused/mInst[29].nxt_s1[29]' of 'bmsWIDEDFFCPE' unit is dangling and will be cleaned.
W: Public-4008: [C:/CPLD/pango/2_Tieta_Feiteng/Tieta_Feiteng_1001_PGC7KD69MBG400/rtl/source/common/synclib.v(line number: 367)] Instance 'db_unused/mInst[11].nxt_s1[11]' of 'bmsWIDEDFFCPE' unit is dangling and will be cleaned.
W: Public-4008: [C:/CPLD/pango/2_Tieta_Feiteng/Tieta_Feiteng_1001_PGC7KD69MBG400/rtl/source/common/synclib.v(line number: 367)] Instance 'db_unused/mInst[15].nxt[15]' of 'bmsWIDEDFFCPE' unit is dangling and will be cleaned.
W: Public-4008: [C:/CPLD/pango/2_Tieta_Feiteng/Tieta_Feiteng_1001_PGC7KD69MBG400/rtl/source/common/synclib.v(line number: 367)] Instance 'db_unused/mInst[29].out_i[29]' of 'bmsWIDEDFFCPE' unit is dangling and will be cleaned.
W: Public-4008: [C:/CPLD/pango/2_Tieta_Feiteng/Tieta_Feiteng_1001_PGC7KD69MBG400/rtl/source/common/synclib.v(line number: 367)] Instance 'db_unused/mInst[15].nxt_s1[15]' of 'bmsWIDEDFFCPE' unit is dangling and will be cleaned.
W: Public-4008: [C:/CPLD/pango/2_Tieta_Feiteng/Tieta_Feiteng_1001_PGC7KD69MBG400/rtl/source/common/synclib.v(line number: 367)] Instance 'db_unused/mInst[30].nxt[30]' of 'bmsWIDEDFFCPE' unit is dangling and will be cleaned.
W: Public-4008: [C:/CPLD/pango/2_Tieta_Feiteng/Tieta_Feiteng_1001_PGC7KD69MBG400/rtl/source/common/synclib.v(line number: 367)] Instance 'db_unused/mInst[15].out_i[15]' of 'bmsWIDEDFFCPE' unit is dangling and will be cleaned.
W: Public-4008: [C:/CPLD/pango/2_Tieta_Feiteng/Tieta_Feiteng_1001_PGC7KD69MBG400/rtl/source/common/synclib.v(line number: 367)] Instance 'db_unused/mInst[30].nxt_s1[30]' of 'bmsWIDEDFFCPE' unit is dangling and will be cleaned.
W: Public-4008: [C:/CPLD/pango/2_Tieta_Feiteng/Tieta_Feiteng_1001_PGC7KD69MBG400/rtl/source/common/synclib.v(line number: 367)] Instance 'db_unused/mInst[16].nxt[16]' of 'bmsWIDEDFFCPE' unit is dangling and will be cleaned.
W: Public-4008: [C:/CPLD/pango/2_Tieta_Feiteng/Tieta_Feiteng_1001_PGC7KD69MBG400/rtl/source/common/synclib.v(line number: 367)] Instance 'db_unused/mInst[30].out_i[30]' of 'bmsWIDEDFFCPE' unit is dangling and will be cleaned.
W: Public-4008: [C:/CPLD/pango/2_Tieta_Feiteng/Tieta_Feiteng_1001_PGC7KD69MBG400/rtl/source/common/synclib.v(line number: 367)] Instance 'db_unused/mInst[16].nxt_s1[16]' of 'bmsWIDEDFFCPE' unit is dangling and will be cleaned.
W: Public-4008: [C:/CPLD/pango/2_Tieta_Feiteng/Tieta_Feiteng_1001_PGC7KD69MBG400/rtl/source/common/synclib.v(line number: 367)] Instance 'db_unused/mInst[16].out_i[16]' of 'bmsWIDEDFFCPE' unit is dangling and will be cleaned.
W: Public-4008: [C:/CPLD/pango/2_Tieta_Feiteng/Tieta_Feiteng_1001_PGC7KD69MBG400/rtl/source/common/synclib.v(line number: 367)] Instance 'db_unused/mInst[42].out_i[42]' of 'bmsWIDEDFFCPE' unit is dangling and will be cleaned.
W: Public-4008: [C:/CPLD/pango/2_Tieta_Feiteng/Tieta_Feiteng_1001_PGC7KD69MBG400/rtl/source/common/synclib.v(line number: 367)] Instance 'db_unused/mInst[17].nxt[17]' of 'bmsWIDEDFFCPE' unit is dangling and will be cleaned.
W: Public-4008: [C:/CPLD/pango/2_Tieta_Feiteng/Tieta_Feiteng_1001_PGC7KD69MBG400/rtl/source/common/synclib.v(line number: 367)] Instance 'db_unused/mInst[0].nxt[0]' of 'bmsWIDEDFFCPE' unit is dangling and will be cleaned.
W: Public-4008: [C:/CPLD/pango/2_Tieta_Feiteng/Tieta_Feiteng_1001_PGC7KD69MBG400/rtl/source/common/synclib.v(line number: 367)] Instance 'db_unused/mInst[17].nxt_s1[17]' of 'bmsWIDEDFFCPE' unit is dangling and will be cleaned.
W: Public-4008: [C:/CPLD/pango/2_Tieta_Feiteng/Tieta_Feiteng_1001_PGC7KD69MBG400/rtl/source/common/synclib.v(line number: 367)] Instance 'db_unused/mInst[0].nxt_s1[0]' of 'bmsWIDEDFFCPE' unit is dangling and will be cleaned.
W: Public-4008: [C:/CPLD/pango/2_Tieta_Feiteng/Tieta_Feiteng_1001_PGC7KD69MBG400/rtl/source/common/synclib.v(line number: 367)] Instance 'db_unused/mInst[17].out_i[17]' of 'bmsWIDEDFFCPE' unit is dangling and will be cleaned.
W: Public-4008: [C:/CPLD/pango/2_Tieta_Feiteng/Tieta_Feiteng_1001_PGC7KD69MBG400/rtl/source/common/synclib.v(line number: 367)] Instance 'db_unused/mInst[0].out_i[0]' of 'bmsWIDEDFFCPE' unit is dangling and will be cleaned.
W: Public-4008: [C:/CPLD/pango/2_Tieta_Feiteng/Tieta_Feiteng_1001_PGC7KD69MBG400/rtl/source/common/synclib.v(line number: 367)] Instance 'db_unused/mInst[18].nxt[18]' of 'bmsWIDEDFFCPE' unit is dangling and will be cleaned.
W: Public-4008: [C:/CPLD/pango/2_Tieta_Feiteng/Tieta_Feiteng_1001_PGC7KD69MBG400/rtl/source/common/synclib.v(line number: 367)] Instance 'db_unused/mInst[1].nxt[1]' of 'bmsWIDEDFFCPE' unit is dangling and will be cleaned.
W: Public-4008: [C:/CPLD/pango/2_Tieta_Feiteng/Tieta_Feiteng_1001_PGC7KD69MBG400/rtl/source/common/synclib.v(line number: 367)] Instance 'db_unused/mInst[18].nxt_s1[18]' of 'bmsWIDEDFFCPE' unit is dangling and will be cleaned.
W: Public-4008: [C:/CPLD/pango/2_Tieta_Feiteng/Tieta_Feiteng_1001_PGC7KD69MBG400/rtl/source/common/synclib.v(line number: 367)] Instance 'db_unused/mInst[33].nxt[33]' of 'bmsWIDEDFFCPE' unit is dangling and will be cleaned.
W: Public-4008: [C:/CPLD/pango/2_Tieta_Feiteng/Tieta_Feiteng_1001_PGC7KD69MBG400/rtl/source/common/synclib.v(line number: 367)] Instance 'db_unused/mInst[1].nxt_s1[1]' of 'bmsWIDEDFFCPE' unit is dangling and will be cleaned.
W: Public-4008: [C:/CPLD/pango/2_Tieta_Feiteng/Tieta_Feiteng_1001_PGC7KD69MBG400/rtl/source/common/synclib.v(line number: 367)] Instance 'db_unused/mInst[18].out_i[18]' of 'bmsWIDEDFFCPE' unit is dangling and will be cleaned.
W: Public-4008: [C:/CPLD/pango/2_Tieta_Feiteng/Tieta_Feiteng_1001_PGC7KD69MBG400/rtl/source/common/synclib.v(line number: 367)] Instance 'db_unused/mInst[33].nxt_s1[33]' of 'bmsWIDEDFFCPE' unit is dangling and will be cleaned.
W: Public-4008: [C:/CPLD/pango/2_Tieta_Feiteng/Tieta_Feiteng_1001_PGC7KD69MBG400/rtl/source/common/synclib.v(line number: 367)] Instance 'db_unused/mInst[1].out_i[1]' of 'bmsWIDEDFFCPE' unit is dangling and will be cleaned.
W: Public-4008: [C:/CPLD/pango/2_Tieta_Feiteng/Tieta_Feiteng_1001_PGC7KD69MBG400/rtl/source/common/synclib.v(line number: 367)] Instance 'db_unused/mInst[19].nxt[19]' of 'bmsWIDEDFFCPE' unit is dangling and will be cleaned.
W: Public-4008: [C:/CPLD/pango/2_Tieta_Feiteng/Tieta_Feiteng_1001_PGC7KD69MBG400/rtl/source/common/synclib.v(line number: 367)] Instance 'db_unused/mInst[33].out_i[33]' of 'bmsWIDEDFFCPE' unit is dangling and will be cleaned.
W: Public-4008: [C:/CPLD/pango/2_Tieta_Feiteng/Tieta_Feiteng_1001_PGC7KD69MBG400/rtl/source/common/synclib.v(line number: 367)] Instance 'db_unused/mInst[2].nxt[2]' of 'bmsWIDEDFFCPE' unit is dangling and will be cleaned.
W: Public-4008: [C:/CPLD/pango/2_Tieta_Feiteng/Tieta_Feiteng_1001_PGC7KD69MBG400/rtl/source/common/synclib.v(line number: 367)] Instance 'db_unused/mInst[19].nxt_s1[19]' of 'bmsWIDEDFFCPE' unit is dangling and will be cleaned.
W: Public-4008: [C:/CPLD/pango/2_Tieta_Feiteng/Tieta_Feiteng_1001_PGC7KD69MBG400/rtl/source/common/synclib.v(line number: 367)] Instance 'db_unused/mInst[34].nxt[34]' of 'bmsWIDEDFFCPE' unit is dangling and will be cleaned.
W: Public-4008: [C:/CPLD/pango/2_Tieta_Feiteng/Tieta_Feiteng_1001_PGC7KD69MBG400/rtl/source/common/synclib.v(line number: 367)] Instance 'db_unused/mInst[2].nxt_s1[2]' of 'bmsWIDEDFFCPE' unit is dangling and will be cleaned.
W: Public-4008: [C:/CPLD/pango/2_Tieta_Feiteng/Tieta_Feiteng_1001_PGC7KD69MBG400/rtl/source/common/synclib.v(line number: 367)] Instance 'db_unused/mInst[19].out_i[19]' of 'bmsWIDEDFFCPE' unit is dangling and will be cleaned.
W: Public-4008: [C:/CPLD/pango/2_Tieta_Feiteng/Tieta_Feiteng_1001_PGC7KD69MBG400/rtl/source/common/synclib.v(line number: 367)] Instance 'db_unused/mInst[34].nxt_s1[34]' of 'bmsWIDEDFFCPE' unit is dangling and will be cleaned.
W: Public-4008: [C:/CPLD/pango/2_Tieta_Feiteng/Tieta_Feiteng_1001_PGC7KD69MBG400/rtl/source/common/synclib.v(line number: 367)] Instance 'db_unused/mInst[2].out_i[2]' of 'bmsWIDEDFFCPE' unit is dangling and will be cleaned.
W: Public-4008: [C:/CPLD/pango/2_Tieta_Feiteng/Tieta_Feiteng_1001_PGC7KD69MBG400/rtl/source/common/synclib.v(line number: 367)] Instance 'db_unused/mInst[20].nxt[20]' of 'bmsWIDEDFFCPE' unit is dangling and will be cleaned.
W: Public-4008: [C:/CPLD/pango/2_Tieta_Feiteng/Tieta_Feiteng_1001_PGC7KD69MBG400/rtl/source/common/synclib.v(line number: 367)] Instance 'db_unused/mInst[34].out_i[34]' of 'bmsWIDEDFFCPE' unit is dangling and will be cleaned.
W: Public-4008: [C:/CPLD/pango/2_Tieta_Feiteng/Tieta_Feiteng_1001_PGC7KD69MBG400/rtl/source/common/synclib.v(line number: 367)] Instance 'db_unused/mInst[3].nxt[3]' of 'bmsWIDEDFFCPE' unit is dangling and will be cleaned.
W: Public-4008: [C:/CPLD/pango/2_Tieta_Feiteng/Tieta_Feiteng_1001_PGC7KD69MBG400/rtl/source/common/synclib.v(line number: 367)] Instance 'db_unused/mInst[20].nxt_s1[20]' of 'bmsWIDEDFFCPE' unit is dangling and will be cleaned.
W: Public-4008: [C:/CPLD/pango/2_Tieta_Feiteng/Tieta_Feiteng_1001_PGC7KD69MBG400/rtl/source/common/synclib.v(line number: 367)] Instance 'db_unused/mInst[35].nxt[35]' of 'bmsWIDEDFFCPE' unit is dangling and will be cleaned.
W: Public-4008: [C:/CPLD/pango/2_Tieta_Feiteng/Tieta_Feiteng_1001_PGC7KD69MBG400/rtl/source/common/synclib.v(line number: 367)] Instance 'db_unused/mInst[3].nxt_s1[3]' of 'bmsWIDEDFFCPE' unit is dangling and will be cleaned.
W: Public-4008: [C:/CPLD/pango/2_Tieta_Feiteng/Tieta_Feiteng_1001_PGC7KD69MBG400/rtl/source/common/synclib.v(line number: 367)] Instance 'db_unused/mInst[20].out_i[20]' of 'bmsWIDEDFFCPE' unit is dangling and will be cleaned.
W: Public-4008: [C:/CPLD/pango/2_Tieta_Feiteng/Tieta_Feiteng_1001_PGC7KD69MBG400/rtl/source/common/synclib.v(line number: 367)] Instance 'db_unused/mInst[35].nxt_s1[35]' of 'bmsWIDEDFFCPE' unit is dangling and will be cleaned.
W: Public-4008: [C:/CPLD/pango/2_Tieta_Feiteng/Tieta_Feiteng_1001_PGC7KD69MBG400/rtl/source/common/synclib.v(line number: 367)] Instance 'db_unused/mInst[3].out_i[3]' of 'bmsWIDEDFFCPE' unit is dangling and will be cleaned.
W: Public-4008: [C:/CPLD/pango/2_Tieta_Feiteng/Tieta_Feiteng_1001_PGC7KD69MBG400/rtl/source/common/synclib.v(line number: 367)] Instance 'db_unused/mInst[21].nxt[21]' of 'bmsWIDEDFFCPE' unit is dangling and will be cleaned.
W: Public-4008: [C:/CPLD/pango/2_Tieta_Feiteng/Tieta_Feiteng_1001_PGC7KD69MBG400/rtl/source/common/synclib.v(line number: 367)] Instance 'db_unused/mInst[35].out_i[35]' of 'bmsWIDEDFFCPE' unit is dangling and will be cleaned.
W: Public-4008: [C:/CPLD/pango/2_Tieta_Feiteng/Tieta_Feiteng_1001_PGC7KD69MBG400/rtl/source/common/synclib.v(line number: 367)] Instance 'db_unused/mInst[4].nxt[4]' of 'bmsWIDEDFFCPE' unit is dangling and will be cleaned.
W: Public-4008: [C:/CPLD/pango/2_Tieta_Feiteng/Tieta_Feiteng_1001_PGC7KD69MBG400/rtl/source/common/synclib.v(line number: 367)] Instance 'db_unused/mInst[21].nxt_s1[21]' of 'bmsWIDEDFFCPE' unit is dangling and will be cleaned.
W: Public-4008: [C:/CPLD/pango/2_Tieta_Feiteng/Tieta_Feiteng_1001_PGC7KD69MBG400/rtl/source/common/synclib.v(line number: 367)] Instance 'db_unused/mInst[36].nxt[36]' of 'bmsWIDEDFFCPE' unit is dangling and will be cleaned.
W: Public-4008: [C:/CPLD/pango/2_Tieta_Feiteng/Tieta_Feiteng_1001_PGC7KD69MBG400/rtl/source/common/synclib.v(line number: 367)] Instance 'db_unused/mInst[4].nxt_s1[4]' of 'bmsWIDEDFFCPE' unit is dangling and will be cleaned.
W: Public-4008: [C:/CPLD/pango/2_Tieta_Feiteng/Tieta_Feiteng_1001_PGC7KD69MBG400/rtl/source/common/synclib.v(line number: 367)] Instance 'db_unused/mInst[21].out_i[21]' of 'bmsWIDEDFFCPE' unit is dangling and will be cleaned.
W: Public-4008: [C:/CPLD/pango/2_Tieta_Feiteng/Tieta_Feiteng_1001_PGC7KD69MBG400/rtl/source/common/synclib.v(line number: 367)] Instance 'db_unused/mInst[36].nxt_s1[36]' of 'bmsWIDEDFFCPE' unit is dangling and will be cleaned.
W: Public-4008: [C:/CPLD/pango/2_Tieta_Feiteng/Tieta_Feiteng_1001_PGC7KD69MBG400/rtl/source/common/synclib.v(line number: 367)] Instance 'db_unused/mInst[4].out_i[4]' of 'bmsWIDEDFFCPE' unit is dangling and will be cleaned.
W: Public-4008: [C:/CPLD/pango/2_Tieta_Feiteng/Tieta_Feiteng_1001_PGC7KD69MBG400/rtl/source/common/synclib.v(line number: 367)] Instance 'db_unused/mInst[22].nxt[22]' of 'bmsWIDEDFFCPE' unit is dangling and will be cleaned.
W: Public-4008: [C:/CPLD/pango/2_Tieta_Feiteng/Tieta_Feiteng_1001_PGC7KD69MBG400/rtl/source/common/synclib.v(line number: 367)] Instance 'db_unused/mInst[36].out_i[36]' of 'bmsWIDEDFFCPE' unit is dangling and will be cleaned.
W: Public-4008: [C:/CPLD/pango/2_Tieta_Feiteng/Tieta_Feiteng_1001_PGC7KD69MBG400/rtl/source/common/synclib.v(line number: 367)] Instance 'db_unused/mInst[5].nxt[5]' of 'bmsWIDEDFFCPE' unit is dangling and will be cleaned.
W: Public-4008: [C:/CPLD/pango/2_Tieta_Feiteng/Tieta_Feiteng_1001_PGC7KD69MBG400/rtl/source/common/synclib.v(line number: 367)] Instance 'db_unused/mInst[22].nxt_s1[22]' of 'bmsWIDEDFFCPE' unit is dangling and will be cleaned.
W: Public-4008: [C:/CPLD/pango/2_Tieta_Feiteng/Tieta_Feiteng_1001_PGC7KD69MBG400/rtl/source/common/synclib.v(line number: 367)] Instance 'db_unused/mInst[37].nxt[37]' of 'bmsWIDEDFFCPE' unit is dangling and will be cleaned.
W: Public-4008: [C:/CPLD/pango/2_Tieta_Feiteng/Tieta_Feiteng_1001_PGC7KD69MBG400/rtl/source/common/synclib.v(line number: 367)] Instance 'db_unused/mInst[5].nxt_s1[5]' of 'bmsWIDEDFFCPE' unit is dangling and will be cleaned.
W: Public-4008: [C:/CPLD/pango/2_Tieta_Feiteng/Tieta_Feiteng_1001_PGC7KD69MBG400/rtl/source/common/synclib.v(line number: 367)] Instance 'db_unused/mInst[22].out_i[22]' of 'bmsWIDEDFFCPE' unit is dangling and will be cleaned.
W: Public-4008: [C:/CPLD/pango/2_Tieta_Feiteng/Tieta_Feiteng_1001_PGC7KD69MBG400/rtl/source/common/synclib.v(line number: 367)] Instance 'db_unused/mInst[37].nxt_s1[37]' of 'bmsWIDEDFFCPE' unit is dangling and will be cleaned.
W: Public-4008: [C:/CPLD/pango/2_Tieta_Feiteng/Tieta_Feiteng_1001_PGC7KD69MBG400/rtl/source/common/synclib.v(line number: 367)] Instance 'db_unused/mInst[5].out_i[5]' of 'bmsWIDEDFFCPE' unit is dangling and will be cleaned.
W: Public-4008: [C:/CPLD/pango/2_Tieta_Feiteng/Tieta_Feiteng_1001_PGC7KD69MBG400/rtl/source/common/synclib.v(line number: 367)] Instance 'db_unused/mInst[23].nxt[23]' of 'bmsWIDEDFFCPE' unit is dangling and will be cleaned.
W: Public-4008: [C:/CPLD/pango/2_Tieta_Feiteng/Tieta_Feiteng_1001_PGC7KD69MBG400/rtl/source/common/synclib.v(line number: 367)] Instance 'db_unused/mInst[37].out_i[37]' of 'bmsWIDEDFFCPE' unit is dangling and will be cleaned.
W: Public-4008: [C:/CPLD/pango/2_Tieta_Feiteng/Tieta_Feiteng_1001_PGC7KD69MBG400/rtl/source/common/synclib.v(line number: 367)] Instance 'db_unused/mInst[6].nxt[6]' of 'bmsWIDEDFFCPE' unit is dangling and will be cleaned.
W: Public-4008: [C:/CPLD/pango/2_Tieta_Feiteng/Tieta_Feiteng_1001_PGC7KD69MBG400/rtl/source/common/synclib.v(line number: 367)] Instance 'db_unused/mInst[23].nxt_s1[23]' of 'bmsWIDEDFFCPE' unit is dangling and will be cleaned.
W: Public-4008: [C:/CPLD/pango/2_Tieta_Feiteng/Tieta_Feiteng_1001_PGC7KD69MBG400/rtl/source/common/synclib.v(line number: 367)] Instance 'db_unused/mInst[38].nxt[38]' of 'bmsWIDEDFFCPE' unit is dangling and will be cleaned.
W: Public-4008: [C:/CPLD/pango/2_Tieta_Feiteng/Tieta_Feiteng_1001_PGC7KD69MBG400/rtl/source/common/synclib.v(line number: 367)] Instance 'db_unused/mInst[6].nxt_s1[6]' of 'bmsWIDEDFFCPE' unit is dangling and will be cleaned.
W: Public-4008: [C:/CPLD/pango/2_Tieta_Feiteng/Tieta_Feiteng_1001_PGC7KD69MBG400/rtl/source/common/synclib.v(line number: 367)] Instance 'db_unused/mInst[23].out_i[23]' of 'bmsWIDEDFFCPE' unit is dangling and will be cleaned.
W: Public-4008: [C:/CPLD/pango/2_Tieta_Feiteng/Tieta_Feiteng_1001_PGC7KD69MBG400/rtl/source/common/synclib.v(line number: 367)] Instance 'db_unused/mInst[38].nxt_s1[38]' of 'bmsWIDEDFFCPE' unit is dangling and will be cleaned.
W: Public-4008: [C:/CPLD/pango/2_Tieta_Feiteng/Tieta_Feiteng_1001_PGC7KD69MBG400/rtl/source/common/synclib.v(line number: 367)] Instance 'db_unused/mInst[6].out_i[6]' of 'bmsWIDEDFFCPE' unit is dangling and will be cleaned.
W: Public-4008: [C:/CPLD/pango/2_Tieta_Feiteng/Tieta_Feiteng_1001_PGC7KD69MBG400/rtl/source/common/synclib.v(line number: 367)] Instance 'db_unused/mInst[24].nxt[24]' of 'bmsWIDEDFFCPE' unit is dangling and will be cleaned.
W: Public-4008: [C:/CPLD/pango/2_Tieta_Feiteng/Tieta_Feiteng_1001_PGC7KD69MBG400/rtl/source/common/synclib.v(line number: 367)] Instance 'db_unused/mInst[38].out_i[38]' of 'bmsWIDEDFFCPE' unit is dangling and will be cleaned.
W: Public-4008: [C:/CPLD/pango/2_Tieta_Feiteng/Tieta_Feiteng_1001_PGC7KD69MBG400/rtl/source/common/synclib.v(line number: 367)] Instance 'db_unused/mInst[7].nxt[7]' of 'bmsWIDEDFFCPE' unit is dangling and will be cleaned.
W: Public-4008: [C:/CPLD/pango/2_Tieta_Feiteng/Tieta_Feiteng_1001_PGC7KD69MBG400/rtl/source/common/synclib.v(line number: 367)] Instance 'db_unused/mInst[24].nxt_s1[24]' of 'bmsWIDEDFFCPE' unit is dangling and will be cleaned.
W: Public-4008: [C:/CPLD/pango/2_Tieta_Feiteng/Tieta_Feiteng_1001_PGC7KD69MBG400/rtl/source/common/synclib.v(line number: 367)] Instance 'db_unused/mInst[39].nxt[39]' of 'bmsWIDEDFFCPE' unit is dangling and will be cleaned.
W: Public-4008: [C:/CPLD/pango/2_Tieta_Feiteng/Tieta_Feiteng_1001_PGC7KD69MBG400/rtl/source/common/synclib.v(line number: 367)] Instance 'db_unused/mInst[7].nxt_s1[7]' of 'bmsWIDEDFFCPE' unit is dangling and will be cleaned.
W: Public-4008: [C:/CPLD/pango/2_Tieta_Feiteng/Tieta_Feiteng_1001_PGC7KD69MBG400/rtl/source/common/synclib.v(line number: 367)] Instance 'db_unused/mInst[24].out_i[24]' of 'bmsWIDEDFFCPE' unit is dangling and will be cleaned.
W: Public-4008: [C:/CPLD/pango/2_Tieta_Feiteng/Tieta_Feiteng_1001_PGC7KD69MBG400/rtl/source/common/synclib.v(line number: 367)] Instance 'db_unused/mInst[39].nxt_s1[39]' of 'bmsWIDEDFFCPE' unit is dangling and will be cleaned.
W: Public-4008: [C:/CPLD/pango/2_Tieta_Feiteng/Tieta_Feiteng_1001_PGC7KD69MBG400/rtl/source/common/synclib.v(line number: 367)] Instance 'db_unused/mInst[7].out_i[7]' of 'bmsWIDEDFFCPE' unit is dangling and will be cleaned.
W: Public-4008: [C:/CPLD/pango/2_Tieta_Feiteng/Tieta_Feiteng_1001_PGC7KD69MBG400/rtl/source/common/synclib.v(line number: 367)] Instance 'db_unused/mInst[25].nxt[25]' of 'bmsWIDEDFFCPE' unit is dangling and will be cleaned.
W: Public-4008: [C:/CPLD/pango/2_Tieta_Feiteng/Tieta_Feiteng_1001_PGC7KD69MBG400/rtl/source/common/synclib.v(line number: 367)] Instance 'db_unused/mInst[39].out_i[39]' of 'bmsWIDEDFFCPE' unit is dangling and will be cleaned.
W: Public-4008: [C:/CPLD/pango/2_Tieta_Feiteng/Tieta_Feiteng_1001_PGC7KD69MBG400/rtl/source/common/synclib.v(line number: 367)] Instance 'db_unused/mInst[8].nxt[8]' of 'bmsWIDEDFFCPE' unit is dangling and will be cleaned.
W: Public-4008: [C:/CPLD/pango/2_Tieta_Feiteng/Tieta_Feiteng_1001_PGC7KD69MBG400/rtl/source/common/synclib.v(line number: 367)] Instance 'db_unused/mInst[40].nxt[40]' of 'bmsWIDEDFFCPE' unit is dangling and will be cleaned.
W: Public-4008: [C:/CPLD/pango/2_Tieta_Feiteng/Tieta_Feiteng_1001_PGC7KD69MBG400/rtl/source/common/synclib.v(line number: 367)] Instance 'db_unused/mInst[40].nxt_s1[40]' of 'bmsWIDEDFFCPE' unit is dangling and will be cleaned.
W: Public-4008: [C:/CPLD/pango/2_Tieta_Feiteng/Tieta_Feiteng_1001_PGC7KD69MBG400/rtl/source/common/synclib.v(line number: 367)] Instance 'db_unused/cnt[0][2:0]' of 'bmsWIDEDFFCPE' unit is dangling and will be cleaned.
W: Public-4008: [C:/CPLD/pango/2_Tieta_Feiteng/Tieta_Feiteng_1001_PGC7KD69MBG400/rtl/source/common/synclib.v(line number: 367)] Instance 'db_unused/cnt[1][2:0]' of 'bmsWIDEDFFCPE' unit is dangling and will be cleaned.
W: Public-4008: [C:/CPLD/pango/2_Tieta_Feiteng/Tieta_Feiteng_1001_PGC7KD69MBG400/rtl/source/common/synclib.v(line number: 367)] Instance 'db_unused/cnt[2][2:0]' of 'bmsWIDEDFFCPE' unit is dangling and will be cleaned.
W: Public-4008: [C:/CPLD/pango/2_Tieta_Feiteng/Tieta_Feiteng_1001_PGC7KD69MBG400/rtl/source/common/synclib.v(line number: 367)] Instance 'db_unused/cnt[3][2:0]' of 'bmsWIDEDFFCPE' unit is dangling and will be cleaned.
W: Public-4008: [C:/CPLD/pango/2_Tieta_Feiteng/Tieta_Feiteng_1001_PGC7KD69MBG400/rtl/source/common/synclib.v(line number: 367)] Instance 'db_unused/cnt[4][2:0]' of 'bmsWIDEDFFCPE' unit is dangling and will be cleaned.
W: Public-4008: [C:/CPLD/pango/2_Tieta_Feiteng/Tieta_Feiteng_1001_PGC7KD69MBG400/rtl/source/common/synclib.v(line number: 367)] Instance 'db_unused/cnt[5][2:0]' of 'bmsWIDEDFFCPE' unit is dangling and will be cleaned.
W: Public-4008: [C:/CPLD/pango/2_Tieta_Feiteng/Tieta_Feiteng_1001_PGC7KD69MBG400/rtl/source/common/synclib.v(line number: 367)] Instance 'db_unused/cnt[6][2:0]' of 'bmsWIDEDFFCPE' unit is dangling and will be cleaned.
W: Public-4008: [C:/CPLD/pango/2_Tieta_Feiteng/Tieta_Feiteng_1001_PGC7KD69MBG400/rtl/source/common/synclib.v(line number: 367)] Instance 'db_unused/cnt[7][2:0]' of 'bmsWIDEDFFCPE' unit is dangling and will be cleaned.
W: Public-4008: [C:/CPLD/pango/2_Tieta_Feiteng/Tieta_Feiteng_1001_PGC7KD69MBG400/rtl/source/common/synclib.v(line number: 367)] Instance 'db_unused/cnt[8][2:0]' of 'bmsWIDEDFFCPE' unit is dangling and will be cleaned.
W: Public-4008: [C:/CPLD/pango/2_Tieta_Feiteng/Tieta_Feiteng_1001_PGC7KD69MBG400/rtl/source/common/synclib.v(line number: 367)] Instance 'db_unused/cnt[9][2:0]' of 'bmsWIDEDFFCPE' unit is dangling and will be cleaned.
W: Public-4008: [C:/CPLD/pango/2_Tieta_Feiteng/Tieta_Feiteng_1001_PGC7KD69MBG400/rtl/source/common/synclib.v(line number: 367)] Instance 'db_unused/cnt[10][2:0]' of 'bmsWIDEDFFCPE' unit is dangling and will be cleaned.
W: Public-4008: [C:/CPLD/pango/2_Tieta_Feiteng/Tieta_Feiteng_1001_PGC7KD69MBG400/rtl/source/common/synclib.v(line number: 367)] Instance 'db_unused/cnt[11][2:0]' of 'bmsWIDEDFFCPE' unit is dangling and will be cleaned.
W: Public-4008: [C:/CPLD/pango/2_Tieta_Feiteng/Tieta_Feiteng_1001_PGC7KD69MBG400/rtl/source/common/synclib.v(line number: 367)] Instance 'db_unused/cnt[12][2:0]' of 'bmsWIDEDFFCPE' unit is dangling and will be cleaned.
W: Public-4008: [C:/CPLD/pango/2_Tieta_Feiteng/Tieta_Feiteng_1001_PGC7KD69MBG400/rtl/source/common/synclib.v(line number: 367)] Instance 'db_unused/cnt[13][2:0]' of 'bmsWIDEDFFCPE' unit is dangling and will be cleaned.
W: Public-4008: [C:/CPLD/pango/2_Tieta_Feiteng/Tieta_Feiteng_1001_PGC7KD69MBG400/rtl/source/common/synclib.v(line number: 367)] Instance 'db_unused/cnt[14][2:0]' of 'bmsWIDEDFFCPE' unit is dangling and will be cleaned.
W: Public-4008: [C:/CPLD/pango/2_Tieta_Feiteng/Tieta_Feiteng_1001_PGC7KD69MBG400/rtl/source/common/synclib.v(line number: 367)] Instance 'db_unused/cnt[15][2:0]' of 'bmsWIDEDFFCPE' unit is dangling and will be cleaned.
W: Public-4008: [C:/CPLD/pango/2_Tieta_Feiteng/Tieta_Feiteng_1001_PGC7KD69MBG400/rtl/source/common/synclib.v(line number: 367)] Instance 'db_unused/cnt[16][2:0]' of 'bmsWIDEDFFCPE' unit is dangling and will be cleaned.
W: Public-4008: [C:/CPLD/pango/2_Tieta_Feiteng/Tieta_Feiteng_1001_PGC7KD69MBG400/rtl/source/common/synclib.v(line number: 367)] Instance 'db_unused/cnt[17][2:0]' of 'bmsWIDEDFFCPE' unit is dangling and will be cleaned.
W: Public-4008: [C:/CPLD/pango/2_Tieta_Feiteng/Tieta_Feiteng_1001_PGC7KD69MBG400/rtl/source/common/synclib.v(line number: 367)] Instance 'db_unused/cnt[18][2:0]' of 'bmsWIDEDFFCPE' unit is dangling and will be cleaned.
W: Public-4008: [C:/CPLD/pango/2_Tieta_Feiteng/Tieta_Feiteng_1001_PGC7KD69MBG400/rtl/source/common/synclib.v(line number: 367)] Instance 'db_unused/cnt[19][2:0]' of 'bmsWIDEDFFCPE' unit is dangling and will be cleaned.
W: Public-4008: [C:/CPLD/pango/2_Tieta_Feiteng/Tieta_Feiteng_1001_PGC7KD69MBG400/rtl/source/common/synclib.v(line number: 367)] Instance 'db_unused/cnt[20][2:0]' of 'bmsWIDEDFFCPE' unit is dangling and will be cleaned.
W: Public-4008: [C:/CPLD/pango/2_Tieta_Feiteng/Tieta_Feiteng_1001_PGC7KD69MBG400/rtl/source/common/synclib.v(line number: 367)] Instance 'db_unused/cnt[21][2:0]' of 'bmsWIDEDFFCPE' unit is dangling and will be cleaned.
W: Public-4008: [C:/CPLD/pango/2_Tieta_Feiteng/Tieta_Feiteng_1001_PGC7KD69MBG400/rtl/source/common/synclib.v(line number: 367)] Instance 'db_unused/cnt[22][2:0]' of 'bmsWIDEDFFCPE' unit is dangling and will be cleaned.
W: Public-4008: [C:/CPLD/pango/2_Tieta_Feiteng/Tieta_Feiteng_1001_PGC7KD69MBG400/rtl/source/common/synclib.v(line number: 367)] Instance 'db_unused/cnt[23][2:0]' of 'bmsWIDEDFFCPE' unit is dangling and will be cleaned.
W: Public-4008: [C:/CPLD/pango/2_Tieta_Feiteng/Tieta_Feiteng_1001_PGC7KD69MBG400/rtl/source/common/synclib.v(line number: 367)] Instance 'db_unused/cnt[24][2:0]' of 'bmsWIDEDFFCPE' unit is dangling and will be cleaned.
W: Public-4008: [C:/CPLD/pango/2_Tieta_Feiteng/Tieta_Feiteng_1001_PGC7KD69MBG400/rtl/source/common/synclib.v(line number: 367)] Instance 'db_unused/cnt[25][2:0]' of 'bmsWIDEDFFCPE' unit is dangling and will be cleaned.
W: Public-4008: [C:/CPLD/pango/2_Tieta_Feiteng/Tieta_Feiteng_1001_PGC7KD69MBG400/rtl/source/common/synclib.v(line number: 367)] Instance 'db_unused/cnt[26][2:0]' of 'bmsWIDEDFFCPE' unit is dangling and will be cleaned.
W: Public-4008: [C:/CPLD/pango/2_Tieta_Feiteng/Tieta_Feiteng_1001_PGC7KD69MBG400/rtl/source/common/synclib.v(line number: 367)] Instance 'db_unused/cnt[27][2:0]' of 'bmsWIDEDFFCPE' unit is dangling and will be cleaned.
W: Public-4008: [C:/CPLD/pango/2_Tieta_Feiteng/Tieta_Feiteng_1001_PGC7KD69MBG400/rtl/source/common/synclib.v(line number: 367)] Instance 'db_unused/cnt[28][2:0]' of 'bmsWIDEDFFCPE' unit is dangling and will be cleaned.
W: Public-4008: [C:/CPLD/pango/2_Tieta_Feiteng/Tieta_Feiteng_1001_PGC7KD69MBG400/rtl/source/common/synclib.v(line number: 367)] Instance 'db_unused/cnt[29][2:0]' of 'bmsWIDEDFFCPE' unit is dangling and will be cleaned.
W: Public-4008: [C:/CPLD/pango/2_Tieta_Feiteng/Tieta_Feiteng_1001_PGC7KD69MBG400/rtl/source/common/synclib.v(line number: 367)] Instance 'db_unused/cnt[30][2:0]' of 'bmsWIDEDFFCPE' unit is dangling and will be cleaned.
W: Public-4008: [C:/CPLD/pango/2_Tieta_Feiteng/Tieta_Feiteng_1001_PGC7KD69MBG400/rtl/source/common/synclib.v(line number: 367)] Instance 'db_unused/cnt[33][2:0]' of 'bmsWIDEDFFCPE' unit is dangling and will be cleaned.
W: Public-4008: [C:/CPLD/pango/2_Tieta_Feiteng/Tieta_Feiteng_1001_PGC7KD69MBG400/rtl/source/common/synclib.v(line number: 367)] Instance 'db_unused/cnt[34][2:0]' of 'bmsWIDEDFFCPE' unit is dangling and will be cleaned.
W: Public-4008: [C:/CPLD/pango/2_Tieta_Feiteng/Tieta_Feiteng_1001_PGC7KD69MBG400/rtl/source/common/synclib.v(line number: 367)] Instance 'db_unused/cnt[35][2:0]' of 'bmsWIDEDFFCPE' unit is dangling and will be cleaned.
W: Public-4008: [C:/CPLD/pango/2_Tieta_Feiteng/Tieta_Feiteng_1001_PGC7KD69MBG400/rtl/source/common/synclib.v(line number: 367)] Instance 'db_unused/cnt[36][2:0]' of 'bmsWIDEDFFCPE' unit is dangling and will be cleaned.
W: Public-4008: [C:/CPLD/pango/2_Tieta_Feiteng/Tieta_Feiteng_1001_PGC7KD69MBG400/rtl/source/common/synclib.v(line number: 367)] Instance 'db_unused/cnt[37][2:0]' of 'bmsWIDEDFFCPE' unit is dangling and will be cleaned.
W: Public-4008: [C:/CPLD/pango/2_Tieta_Feiteng/Tieta_Feiteng_1001_PGC7KD69MBG400/rtl/source/common/synclib.v(line number: 367)] Instance 'db_unused/cnt[38][2:0]' of 'bmsWIDEDFFCPE' unit is dangling and will be cleaned.
W: Public-4008: [C:/CPLD/pango/2_Tieta_Feiteng/Tieta_Feiteng_1001_PGC7KD69MBG400/rtl/source/common/synclib.v(line number: 367)] Instance 'db_unused/cnt[39][2:0]' of 'bmsWIDEDFFCPE' unit is dangling and will be cleaned.
W: Public-4008: [C:/CPLD/pango/2_Tieta_Feiteng/Tieta_Feiteng_1001_PGC7KD69MBG400/rtl/source/common/synclib.v(line number: 367)] Instance 'db_unused/cnt[40][2:0]' of 'bmsWIDEDFFCPE' unit is dangling and will be cleaned.
W: Public-4008: [C:/CPLD/pango/2_Tieta_Feiteng/Tieta_Feiteng_1001_PGC7KD69MBG400/rtl/source/common/synclib.v(line number: 367)] Instance 'db_unused/cnt[41][2:0]' of 'bmsWIDEDFFCPE' unit is dangling and will be cleaned.
W: Public-4008: [C:/CPLD/pango/2_Tieta_Feiteng/Tieta_Feiteng_1001_PGC7KD69MBG400/rtl/source/common/synclib.v(line number: 367)] Instance 'db_unused/cnt[42][2:0]' of 'bmsWIDEDFFCPE' unit is dangling and will be cleaned.
W: Public-4008: [C:/CPLD/pango/2_Tieta_Feiteng/Tieta_Feiteng_1001_PGC7KD69MBG400/rtl/source/common/synclib.v(line number: 367)] Instance 'db_unused/mInst[25].nxt_s1[25]' of 'bmsWIDEDFFCPE' unit is dangling and will be cleaned.
W: Public-4008: [C:/CPLD/pango/2_Tieta_Feiteng/Tieta_Feiteng_1001_PGC7KD69MBG400/rtl/source/common/edge_detect.v(line number: 54)] Instance 'genblk1[0].fan_pwm_tach_m/Edge_Detect_u0/r_signal_c' of 'bmsWIDEDFFCPE' unit is dangling and will be cleaned.
W: Public-4008: [C:/CPLD/pango/2_Tieta_Feiteng/Tieta_Feiteng_1001_PGC7KD69MBG400/rtl/source/common/edge_detect.v(line number: 54)] Instance 'genblk1[0].fan_pwm_tach_m/Edge_Detect_u0/r_signal_d' of 'bmsWIDEDFFCPE' unit is dangling and will be cleaned.
W: Public-4008: [C:/CPLD/pango/2_Tieta_Feiteng/Tieta_Feiteng_1001_PGC7KD69MBG400/rtl/source/common/edge_detect.v(line number: 54)] Instance 'genblk1[0].fan_pwm_tach_m/Edge_Detect_u1/r_signal_c' of 'bmsWIDEDFFCPE' unit is dangling and will be cleaned.
W: Public-4008: [C:/CPLD/pango/2_Tieta_Feiteng/Tieta_Feiteng_1001_PGC7KD69MBG400/rtl/source/common/edge_detect.v(line number: 54)] Instance 'genblk1[0].fan_pwm_tach_m/Edge_Detect_u1/r_signal_d' of 'bmsWIDEDFFCPE' unit is dangling and will be cleaned.
W: Public-4008: [C:/CPLD/pango/2_Tieta_Feiteng/Tieta_Feiteng_1001_PGC7KD69MBG400/rtl/source/common/edge_detect.v(line number: 54)] Instance 'genblk1[0].fan_pwm_tach_m/Edge_Detect_u2/r_signal_c' of 'bmsWIDEDFFCPE' unit is dangling and will be cleaned.
W: Public-4008: [C:/CPLD/pango/2_Tieta_Feiteng/Tieta_Feiteng_1001_PGC7KD69MBG400/rtl/source/common/edge_detect.v(line number: 54)] Instance 'genblk1[0].fan_pwm_tach_m/Edge_Detect_u2/r_signal_d' of 'bmsWIDEDFFCPE' unit is dangling and will be cleaned.
W: Public-4008: [C:/CPLD/pango/2_Tieta_Feiteng/Tieta_Feiteng_1001_PGC7KD69MBG400/rtl/source/common/edge_detect.v(line number: 54)] Instance 'genblk1[0].fan_pwm_tach_m/Edge_Detect_u3/r_signal_c' of 'bmsWIDEDFFCPE' unit is dangling and will be cleaned.
W: Public-4008: [C:/CPLD/pango/2_Tieta_Feiteng/Tieta_Feiteng_1001_PGC7KD69MBG400/rtl/source/common/edge_detect.v(line number: 54)] Instance 'genblk1[0].fan_pwm_tach_m/Edge_Detect_u3/r_signal_d' of 'bmsWIDEDFFCPE' unit is dangling and will be cleaned.
W: Public-4008: [C:/CPLD/pango/2_Tieta_Feiteng/Tieta_Feiteng_1001_PGC7KD69MBG400/rtl/source/common/edge_detect.v(line number: 54)] Instance 'genblk1[1].fan_pwm_tach_m/Edge_Detect_u0/r_signal_c' of 'bmsWIDEDFFCPE' unit is dangling and will be cleaned.
W: Public-4008: [C:/CPLD/pango/2_Tieta_Feiteng/Tieta_Feiteng_1001_PGC7KD69MBG400/rtl/source/common/edge_detect.v(line number: 54)] Instance 'genblk1[1].fan_pwm_tach_m/Edge_Detect_u0/r_signal_d' of 'bmsWIDEDFFCPE' unit is dangling and will be cleaned.
W: Public-4008: [C:/CPLD/pango/2_Tieta_Feiteng/Tieta_Feiteng_1001_PGC7KD69MBG400/rtl/source/common/edge_detect.v(line number: 54)] Instance 'genblk1[1].fan_pwm_tach_m/Edge_Detect_u1/r_signal_c' of 'bmsWIDEDFFCPE' unit is dangling and will be cleaned.
W: Public-4008: [C:/CPLD/pango/2_Tieta_Feiteng/Tieta_Feiteng_1001_PGC7KD69MBG400/rtl/source/common/edge_detect.v(line number: 54)] Instance 'genblk1[1].fan_pwm_tach_m/Edge_Detect_u1/r_signal_d' of 'bmsWIDEDFFCPE' unit is dangling and will be cleaned.
W: Public-4008: [C:/CPLD/pango/2_Tieta_Feiteng/Tieta_Feiteng_1001_PGC7KD69MBG400/rtl/source/common/edge_detect.v(line number: 54)] Instance 'genblk1[1].fan_pwm_tach_m/Edge_Detect_u2/r_signal_c' of 'bmsWIDEDFFCPE' unit is dangling and will be cleaned.
W: Public-4008: [C:/CPLD/pango/2_Tieta_Feiteng/Tieta_Feiteng_1001_PGC7KD69MBG400/rtl/source/common/edge_detect.v(line number: 54)] Instance 'genblk1[1].fan_pwm_tach_m/Edge_Detect_u2/r_signal_d' of 'bmsWIDEDFFCPE' unit is dangling and will be cleaned.
W: Public-4008: [C:/CPLD/pango/2_Tieta_Feiteng/Tieta_Feiteng_1001_PGC7KD69MBG400/rtl/source/common/edge_detect.v(line number: 54)] Instance 'genblk1[1].fan_pwm_tach_m/Edge_Detect_u3/r_signal_c' of 'bmsWIDEDFFCPE' unit is dangling and will be cleaned.
W: Public-4008: [C:/CPLD/pango/2_Tieta_Feiteng/Tieta_Feiteng_1001_PGC7KD69MBG400/rtl/source/common/edge_detect.v(line number: 54)] Instance 'genblk1[1].fan_pwm_tach_m/Edge_Detect_u3/r_signal_d' of 'bmsWIDEDFFCPE' unit is dangling and will be cleaned.
W: Public-4008: [C:/CPLD/pango/2_Tieta_Feiteng/Tieta_Feiteng_1001_PGC7KD69MBG400/rtl/source/common/edge_detect.v(line number: 54)] Instance 'genblk1[2].fan_pwm_tach_m/Edge_Detect_u0/r_signal_c' of 'bmsWIDEDFFCPE' unit is dangling and will be cleaned.
W: Public-4008: [C:/CPLD/pango/2_Tieta_Feiteng/Tieta_Feiteng_1001_PGC7KD69MBG400/rtl/source/common/edge_detect.v(line number: 54)] Instance 'genblk1[2].fan_pwm_tach_m/Edge_Detect_u0/r_signal_d' of 'bmsWIDEDFFCPE' unit is dangling and will be cleaned.
W: Public-4008: [C:/CPLD/pango/2_Tieta_Feiteng/Tieta_Feiteng_1001_PGC7KD69MBG400/rtl/source/common/edge_detect.v(line number: 54)] Instance 'genblk1[2].fan_pwm_tach_m/Edge_Detect_u1/r_signal_c' of 'bmsWIDEDFFCPE' unit is dangling and will be cleaned.
W: Public-4008: [C:/CPLD/pango/2_Tieta_Feiteng/Tieta_Feiteng_1001_PGC7KD69MBG400/rtl/source/common/edge_detect.v(line number: 54)] Instance 'genblk1[2].fan_pwm_tach_m/Edge_Detect_u1/r_signal_d' of 'bmsWIDEDFFCPE' unit is dangling and will be cleaned.
W: Public-4008: [C:/CPLD/pango/2_Tieta_Feiteng/Tieta_Feiteng_1001_PGC7KD69MBG400/rtl/source/common/edge_detect.v(line number: 54)] Instance 'genblk1[2].fan_pwm_tach_m/Edge_Detect_u2/r_signal_c' of 'bmsWIDEDFFCPE' unit is dangling and will be cleaned.
W: Public-4008: [C:/CPLD/pango/2_Tieta_Feiteng/Tieta_Feiteng_1001_PGC7KD69MBG400/rtl/source/common/edge_detect.v(line number: 54)] Instance 'genblk1[2].fan_pwm_tach_m/Edge_Detect_u2/r_signal_d' of 'bmsWIDEDFFCPE' unit is dangling and will be cleaned.
W: Public-4008: [C:/CPLD/pango/2_Tieta_Feiteng/Tieta_Feiteng_1001_PGC7KD69MBG400/rtl/source/common/edge_detect.v(line number: 54)] Instance 'genblk1[2].fan_pwm_tach_m/Edge_Detect_u3/r_signal_c' of 'bmsWIDEDFFCPE' unit is dangling and will be cleaned.
W: Public-4008: [C:/CPLD/pango/2_Tieta_Feiteng/Tieta_Feiteng_1001_PGC7KD69MBG400/rtl/source/common/edge_detect.v(line number: 54)] Instance 'genblk1[2].fan_pwm_tach_m/Edge_Detect_u3/r_signal_d' of 'bmsWIDEDFFCPE' unit is dangling and will be cleaned.
W: Public-4008: [C:/CPLD/pango/2_Tieta_Feiteng/Tieta_Feiteng_1001_PGC7KD69MBG400/rtl/source/common/edge_detect.v(line number: 54)] Instance 'genblk1[3].fan_pwm_tach_m/Edge_Detect_u0/r_signal_c' of 'bmsWIDEDFFCPE' unit is dangling and will be cleaned.
W: Public-4008: [C:/CPLD/pango/2_Tieta_Feiteng/Tieta_Feiteng_1001_PGC7KD69MBG400/rtl/source/common/edge_detect.v(line number: 54)] Instance 'genblk1[3].fan_pwm_tach_m/Edge_Detect_u0/r_signal_d' of 'bmsWIDEDFFCPE' unit is dangling and will be cleaned.
W: Public-4008: [C:/CPLD/pango/2_Tieta_Feiteng/Tieta_Feiteng_1001_PGC7KD69MBG400/rtl/source/common/edge_detect.v(line number: 54)] Instance 'genblk1[3].fan_pwm_tach_m/Edge_Detect_u1/r_signal_c' of 'bmsWIDEDFFCPE' unit is dangling and will be cleaned.
W: Public-4008: [C:/CPLD/pango/2_Tieta_Feiteng/Tieta_Feiteng_1001_PGC7KD69MBG400/rtl/source/common/edge_detect.v(line number: 54)] Instance 'genblk1[3].fan_pwm_tach_m/Edge_Detect_u1/r_signal_d' of 'bmsWIDEDFFCPE' unit is dangling and will be cleaned.
W: Public-4008: [C:/CPLD/pango/2_Tieta_Feiteng/Tieta_Feiteng_1001_PGC7KD69MBG400/rtl/source/common/edge_detect.v(line number: 54)] Instance 'genblk1[3].fan_pwm_tach_m/Edge_Detect_u2/r_signal_c' of 'bmsWIDEDFFCPE' unit is dangling and will be cleaned.
W: Public-4008: [C:/CPLD/pango/2_Tieta_Feiteng/Tieta_Feiteng_1001_PGC7KD69MBG400/rtl/source/common/edge_detect.v(line number: 54)] Instance 'genblk1[3].fan_pwm_tach_m/Edge_Detect_u2/r_signal_d' of 'bmsWIDEDFFCPE' unit is dangling and will be cleaned.
W: Public-4008: [C:/CPLD/pango/2_Tieta_Feiteng/Tieta_Feiteng_1001_PGC7KD69MBG400/rtl/source/common/edge_detect.v(line number: 54)] Instance 'genblk1[3].fan_pwm_tach_m/Edge_Detect_u3/r_signal_c' of 'bmsWIDEDFFCPE' unit is dangling and will be cleaned.
W: Public-4008: [C:/CPLD/pango/2_Tieta_Feiteng/Tieta_Feiteng_1001_PGC7KD69MBG400/rtl/source/common/edge_detect.v(line number: 54)] Instance 'genblk1[3].fan_pwm_tach_m/Edge_Detect_u3/r_signal_d' of 'bmsWIDEDFFCPE' unit is dangling and will be cleaned.
W: Public-4008: [C:/CPLD/pango/2_Tieta_Feiteng/Tieta_Feiteng_1001_PGC7KD69MBG400/rtl/source/common/led_blink_code.v(line number: 189)] Instance 'led_blink_code_inst/threshold[3:0]' of 'bmsWIDEDFFCPE' unit is dangling and will be cleaned.
W: Public-4008: [C:/CPLD/pango/2_Tieta_Feiteng/Tieta_Feiteng_1001_PGC7KD69MBG400/rtl/source/common/led_blink_code.v(line number: 168)] Instance 'led_blink_code_inst/blink_counter[3:0]' of 'bmsWIDEDFFCPE' unit is dangling and will be cleaned.
W: Public-4008: [C:/CPLD/pango/2_Tieta_Feiteng/Tieta_Feiteng_1001_PGC7KD69MBG400/rtl/source/common/led_blink_code.v(line number: 158)] Instance 'led_blink_code_inst/clear_n' of 'bmsWIDEDFFCPE' unit is dangling and will be cleaned.
W: Public-4008: [C:/CPLD/pango/2_Tieta_Feiteng/Tieta_Feiteng_1001_PGC7KD69MBG400/rtl/source/common/led_blink_code.v(line number: 178)] Instance 'led_blink_code_inst/events[10:0]' of 'bmsWIDEDFFCPE' unit is dangling and will be cleaned.
W: Public-4008: [C:/CPLD/pango/2_Tieta_Feiteng/Tieta_Feiteng_1001_PGC7KD69MBG400/rtl/source/common/led_blink_code.v(line number: 123)] Instance 'led_blink_code_inst/state_reg' of 'bmsWIDEDFFPATCE' unit is dangling and will be cleaned.
W: Public-4008: [C:/CPLD/pango/2_Tieta_Feiteng/Tieta_Feiteng_1001_PGC7KD69MBG400/rtl/source/communication/uart_master.v(line number: 287)] Instance 'uart_master_u2/error_flag' of 'bmsWIDEDFFCPE' unit is dangling and will be cleaned.
W: Public-4008: [C:/CPLD/pango/2_Tieta_Feiteng/Tieta_Feiteng_1001_PGC7KD69MBG400/rtl/source/pwrseq/psu.v(line number: 285)] Instance 'psu_inst/ps_acok_link' of 'bmsWIDEDFFCPE' unit is dangling and will be cleaned.
W: Public-4008: [C:/CPLD/pango/2_Tieta_Feiteng/Tieta_Feiteng_1001_PGC7KD69MBG400/rtl/source/pwrseq/psu.v(line number: 285)] Instance 'psu_inst/delay_count[2:0]' of 'bmsWIDEDFFCPE' unit is dangling and will be cleaned.
W: Public-4008: [C:/CPLD/pango/2_Tieta_Feiteng/Tieta_Feiteng_1001_PGC7KD69MBG400/rtl/source/pwrseq/psu.v(line number: 189)] Instance 'psu_inst/ps_fail[1:0]' of 'bmsWIDEDFFCPE' unit is dangling and will be cleaned.
W: Public-4008: [C:/CPLD/pango/2_Tieta_Feiteng/Tieta_Feiteng_1001_PGC7KD69MBG400/rtl/source/common/delay_timer.v(line number: 37)] Instance 'thermal_inst/cpu_thermtrip_delay_timer[1].cpu_thermtrip_delay_inst/delay_output' of 'bmsWIDEDFFCPE' unit is dangling and will be cleaned.
W: Public-4008: [C:/CPLD/pango/2_Tieta_Feiteng/Tieta_Feiteng_1001_PGC7KD69MBG400/rtl/source/common/delay_timer.v(line number: 37)] Instance 'thermal_inst/cpu_thermtrip_delay_timer[1].cpu_thermtrip_delay_inst/delay_cnt[4:0]' of 'bmsWIDEDFFCPE' unit is dangling and will be cleaned.
W: Public-4008: [C:/CPLD/pango/2_Tieta_Feiteng/Tieta_Feiteng_1001_PGC7KD69MBG400/rtl/source/pwrseq/pwrseq_master.v(line number: 542)] Instance 'pwrseq_master_inst/CPU_OFF_FLAG' of 'bmsWIDEDFFCPE' unit is dangling and will be cleaned.
W: Public-4008: [C:/CPLD/pango/2_Tieta_Feiteng/Tieta_Feiteng_1001_PGC7KD69MBG400/rtl/source/pwrseq/pwrseq_master.v(line number: 542)] Instance 'pwrseq_master_inst/REBOOT_FLAG' of 'bmsWIDEDFFCPE' unit is dangling and will be cleaned.
W: Public-4008: [C:/CPLD/pango/2_Tieta_Feiteng/Tieta_Feiteng_1001_PGC7KD69MBG400/rtl/source/pwrseq/pwrseq_master.v(line number: 488)] Instance 'pwrseq_master_inst/cpld_latch_sys_off' of 'bmsWIDEDFFCPE' unit is dangling and will be cleaned.
W: Public-4008: [C:/CPLD/pango/2_Tieta_Feiteng/Tieta_Feiteng_1001_PGC7KD69MBG400/rtl/source/pwrseq/pwrseq_master.v(line number: 542)] Instance 'pwrseq_master_inst/pch_thermtrip_FLAG' of 'bmsWIDEDFFCPE' unit is dangling and will be cleaned.
W: Public-4008: [C:/CPLD/pango/2_Tieta_Feiteng/Tieta_Feiteng_1001_PGC7KD69MBG400/rtl/source/pwrseq/pwrseq_master.v(line number: 694)] Instance 'pwrseq_master_inst/pgd_raw' of 'bmsWIDEDFFCPE' unit is dangling and will be cleaned.
W: Public-4008: [C:/CPLD/pango/2_Tieta_Feiteng/Tieta_Feiteng_1001_PGC7KD69MBG400/rtl/source/pwrseq/pwrseq_master.v(line number: 473)] Instance 'pwrseq_master_inst/turn_on_wait' of 'bmsWIDEDFFCPE' unit is dangling and will be cleaned.
W: Public-4008: [C:/CPLD/pango/2_Tieta_Feiteng/Tieta_Feiteng_1001_PGC7KD69MBG400/rtl/source/pwrseq/pwrseq_slave.v(line number: 1664)] Instance 'pwrseq_slave_inst/any_recov_fault' of 'bmsWIDEDFFCPE' unit is dangling and will be cleaned.
W: Public-4008: [C:/CPLD/pango/2_Tieta_Feiteng/Tieta_Feiteng_1001_PGC7KD69MBG400/rtl/source/pwrseq/pwrseq_slave.v(line number: 580)] Instance 'pwrseq_slave_inst/ok_to_reset_aux' of 'bmsWIDEDFFCPE' unit is dangling and will be cleaned.
W: Public-4008: [C:/CPLD/pango/2_Tieta_Feiteng/Tieta_Feiteng_1001_PGC7KD69MBG400/rtl/source/pwrseq/fault_detectB_chklive.v(line number: 44)] Instance 'pwrseq_slave_inst/_HD_BP_PWR_DETECT_BLOCK_[0].inst_hd_bp_pwr_fault_det/_fault_detect_[0].chklive_en[0]' of 'bmsWIDEDFFCPE' unit is dangling and will be cleaned.
W: Public-4008: [C:/CPLD/pango/2_Tieta_Feiteng/Tieta_Feiteng_1001_PGC7KD69MBG400/rtl/source/pwrseq/fault_detectB_chklive.v(line number: 56)] Instance 'pwrseq_slave_inst/_HD_BP_PWR_DETECT_BLOCK_[0].inst_hd_bp_pwr_fault_det/_fault_detect_[0].vrm_fault[0]' of 'bmsWIDEDFFCPE' unit is dangling and will be cleaned.
W: Public-4008: [C:/CPLD/pango/2_Tieta_Feiteng/Tieta_Feiteng_1001_PGC7KD69MBG400/rtl/source/pwrseq/fault_detectB_chklive.v(line number: 69)] Instance 'pwrseq_slave_inst/_HD_BP_PWR_DETECT_BLOCK_[0].inst_hd_bp_pwr_fault_det/any_vrm_fault' of 'bmsWIDEDFFCPE' unit is dangling and will be cleaned.
W: Public-4008: [C:/CPLD/pango/2_Tieta_Feiteng/Tieta_Feiteng_1001_PGC7KD69MBG400/rtl/source/pwrseq/fault_detectB_chklive.v(line number: 44)] Instance 'pwrseq_slave_inst/_HD_BP_PWR_DETECT_BLOCK_[1].inst_hd_bp_pwr_fault_det/_fault_detect_[0].chklive_en[0]' of 'bmsWIDEDFFCPE' unit is dangling and will be cleaned.
W: Public-4008: [C:/CPLD/pango/2_Tieta_Feiteng/Tieta_Feiteng_1001_PGC7KD69MBG400/rtl/source/pwrseq/fault_detectB_chklive.v(line number: 56)] Instance 'pwrseq_slave_inst/_HD_BP_PWR_DETECT_BLOCK_[1].inst_hd_bp_pwr_fault_det/_fault_detect_[0].vrm_fault[0]' of 'bmsWIDEDFFCPE' unit is dangling and will be cleaned.
W: Public-4008: [C:/CPLD/pango/2_Tieta_Feiteng/Tieta_Feiteng_1001_PGC7KD69MBG400/rtl/source/pwrseq/fault_detectB_chklive.v(line number: 69)] Instance 'pwrseq_slave_inst/_HD_BP_PWR_DETECT_BLOCK_[1].inst_hd_bp_pwr_fault_det/any_vrm_fault' of 'bmsWIDEDFFCPE' unit is dangling and will be cleaned.
W: Public-4008: [C:/CPLD/pango/2_Tieta_Feiteng/Tieta_Feiteng_1001_PGC7KD69MBG400/rtl/source/common/edge_delay.v(line number: 50)] Instance 'pwrseq_slave_inst/bp_en_check_inst/delay_output' of 'bmsWIDEDFFCPE' unit is dangling and will be cleaned.
W: Public-4008: [C:/CPLD/pango/2_Tieta_Feiteng/Tieta_Feiteng_1001_PGC7KD69MBG400/rtl/source/common/edge_delay.v(line number: 50)] Instance 'pwrseq_slave_inst/bp_en_check_inst/timer_cnt[2:0]' of 'bmsWIDEDFFCPE' unit is dangling and will be cleaned.
W: Public-4008: [C:/CPLD/pango/2_Tieta_Feiteng/Tieta_Feiteng_1001_PGC7KD69MBG400/rtl/source/common/edge_delay.v(line number: 50)] Instance 'pwrseq_slave_inst/p3v3_en_r_check_inst/delay_output' of 'bmsWIDEDFFCPE' unit is dangling and will be cleaned.
W: Public-4008: [C:/CPLD/pango/2_Tieta_Feiteng/Tieta_Feiteng_1001_PGC7KD69MBG400/rtl/source/common/edge_delay.v(line number: 50)] Instance 'pwrseq_slave_inst/p3v3_en_r_check_inst/timer_cnt[1:0]' of 'bmsWIDEDFFCPE' unit is dangling and will be cleaned.
W: Public-4008: [C:/CPLD/pango/2_Tieta_Feiteng/Tieta_Feiteng_1001_PGC7KD69MBG400/rtl/source/common/delay_timer.v(line number: 37)] Instance 'thermal_inst/cpu_thermtrip_delay_timer[0].cpu_thermtrip_delay_inst/delay_output' of 'bmsWIDEDFFCPE' unit is dangling and will be cleaned.
W: Public-4008: [C:/CPLD/pango/2_Tieta_Feiteng/Tieta_Feiteng_1001_PGC7KD69MBG400/rtl/source/common/delay_timer.v(line number: 37)] Instance 'thermal_inst/cpu_thermtrip_delay_timer[0].cpu_thermtrip_delay_inst/delay_cnt[4:0]' of 'bmsWIDEDFFCPE' unit is dangling and will be cleaned.
I: Removed bmsLT inst genblk1[2].fan_pwm_tach_m/fan_pwm_cnt_u0/N6 that is redundant to genblk1[2].fan_pwm_tach_m/N15
I: Removed bmsLT inst genblk1[0].fan_pwm_tach_m/fan_pwm_cnt_u0/N6 that is redundant to genblk1[0].fan_pwm_tach_m/N15
I: Removed bmsLT inst genblk1[3].fan_pwm_tach_m/fan_pwm_cnt_u0/N6 that is redundant to genblk1[3].fan_pwm_tach_m/N15
I: Removed bmsLT inst genblk1[1].fan_pwm_tach_m/fan_pwm_cnt_u0/N6 that is redundant to genblk1[1].fan_pwm_tach_m/N15
I: Removed bmsWIDEDFFCPE inst pwrseq_slave_inst/pgd_so_far that is redundant to pon_reset_inst/pon_reset_db_n
I: Removed bmsWIDEDFFCPE inst pwrseq_slave_inst/p3v3_stby_fault_detect_inst/_fault_detect_[0].chklive_en[0] that is redundant to pwrseq_slave_inst/p3v3_stby_bp_fault_detect_inst/_fault_detect_[0].chklive_en[0]
I: Removed bmsWIDEDFFCPE inst genblk1[1].fan_pwm_tach_m/Edge_Detect_u0/r_signal_a that is redundant to genblk1[0].fan_pwm_tach_m/Edge_Detect_u0/r_signal_a
I: Removed bmsWIDEDFFCPE inst genblk1[2].fan_pwm_tach_m/Edge_Detect_u0/r_signal_a that is redundant to genblk1[0].fan_pwm_tach_m/Edge_Detect_u0/r_signal_a
I: Removed bmsWIDEDFFCPE inst genblk1[3].fan_pwm_tach_m/Edge_Detect_u0/r_signal_a that is redundant to genblk1[0].fan_pwm_tach_m/Edge_Detect_u0/r_signal_a
I: Removed bmsWIDEDFFCPE inst pwrseq_slave_inst/_CPU_THERMTRIP_DETECT_BLOCK_[1].inst_cpu_thermtrip_fault_det/_fault_detect_[0].chklive_en[0] that is redundant to pwrseq_slave_inst/_CPU_THERMTRIP_DETECT_BLOCK_[0].inst_cpu_thermtrip_fault_det/_fault_detect_[0].chklive_en[0]
I: Removed bmsWIDEDFFCPE inst pwrseq_slave_inst/p1v1_usb_upd1_fault_det_inst/_fault_detect_[0].chklive_en[0] that is redundant to pwrseq_slave_inst/p1v1_fault_det_inst/_fault_detect_[0].chklive_en[0]
I: Removed bmsWIDEDFFCPE inst pwrseq_slave_inst/p1v1_usb_upd2_fault_det_inst/_fault_detect_[0].chklive_en[0] that is redundant to pwrseq_slave_inst/p1v1_fault_det_inst/_fault_detect_[0].chklive_en[0]
I: Removed bmsWIDEDFFCPE inst UID_Function_u0/r0_UID_BTN_ALL_dly that is redundant to UID_Function_u0/Edge_Detect_U0/r_signal_a
I: Removed bmsWIDEDFFCPE inst pwrseq_slave_inst/p12v_riser2_vin_fault_detect_inst/_fault_detect_[0].chklive_en[0] that is redundant to pwrseq_slave_inst/p12v_riser1_vin_fault_detect_inst/_fault_detect_[0].chklive_en[0]
I: Removed bmsWIDEDFFCPE inst pwrseq_slave_inst/p12v_stby_efuse_fault_detect_inst/_fault_detect_[0].chklive_en[0] that is redundant to pwrseq_slave_inst/p12v_riser1_vin_fault_detect_inst/_fault_detect_[0].chklive_en[0]
I: Removed bmsWIDEDFFCPE inst pwrseq_slave_inst/p12v_riser1_vin_fault_detect_inst/_fault_detect_[0].chklive_en[0] that is redundant to pwrseq_slave_inst/p12_fault_detect_inst/_fault_detect_[0].chklive_en[0]
I: Removed bmsWIDEDFFCPE inst pwrseq_slave_inst/p12v_cpu0_vin_fault_fault_detect_inst/_fault_detect_[0].chklive_en[0] that is redundant to pwrseq_slave_inst/p12_fault_detect_inst/_fault_detect_[0].chklive_en[0]
I: Removed bmsWIDEDFFCPE inst pwrseq_slave_inst/p12v_cpu1_vin_fault_detect_inst/_fault_detect_[0].chklive_en[0] that is redundant to pwrseq_slave_inst/p12_fault_detect_inst/_fault_detect_[0].chklive_en[0]
I: Removed bmsWIDEDFFCPE inst pwrseq_slave_inst/p12v_gpu1_efuse_fault_detect_inst/_fault_detect_[0].chklive_en[0] that is redundant to pwrseq_slave_inst/p12_fault_detect_inst/_fault_detect_[0].chklive_en[0]
I: Removed bmsWIDEDFFCPE inst pwrseq_slave_inst/p12v_gpu2_efuse_fault_detect_inst/_fault_detect_[0].chklive_en[0] that is redundant to pwrseq_slave_inst/p12_fault_detect_inst/_fault_detect_[0].chklive_en[0]
I: Removed bmsWIDEDFFCPE inst pwrseq_slave_inst/p12v_gpu3_efuse_fault_detect_inst/_fault_detect_[0].chklive_en[0] that is redundant to pwrseq_slave_inst/p12_fault_detect_inst/_fault_detect_[0].chklive_en[0]
I: Removed bmsWIDEDFFCPE inst pwrseq_slave_inst/p12v_gpu4_efuse_fault_detect_inst/_fault_detect_[0].chklive_en[0] that is redundant to pwrseq_slave_inst/p12_fault_detect_inst/_fault_detect_[0].chklive_en[0]
I: Removed bmsWIDEDFFCPE inst genblk1[1].fan_pwm_tach_m/Edge_Detect_u1/r_signal_a that is redundant to genblk1[0].fan_pwm_tach_m/Edge_Detect_u1/r_signal_a
I: Removed bmsWIDEDFFCPE inst genblk1[2].fan_pwm_tach_m/Edge_Detect_u1/r_signal_a that is redundant to genblk1[0].fan_pwm_tach_m/Edge_Detect_u1/r_signal_a
I: Removed bmsWIDEDFFCPE inst genblk1[3].fan_pwm_tach_m/Edge_Detect_u1/r_signal_a that is redundant to genblk1[0].fan_pwm_tach_m/Edge_Detect_u1/r_signal_a
I: Removed bmsWIDEDFFCPE inst genblk1[1].fan_pwm_tach_m/Edge_Detect_u1/r_signal_b that is redundant to genblk1[0].fan_pwm_tach_m/Edge_Detect_u1/r_signal_b
I: Removed bmsWIDEDFFCPE inst genblk1[2].fan_pwm_tach_m/Edge_Detect_u1/r_signal_b that is redundant to genblk1[0].fan_pwm_tach_m/Edge_Detect_u1/r_signal_b
I: Removed bmsWIDEDFFCPE inst genblk1[3].fan_pwm_tach_m/Edge_Detect_u1/r_signal_b that is redundant to genblk1[0].fan_pwm_tach_m/Edge_Detect_u1/r_signal_b
I: Removed bmsWIDEDFFCPE inst UID_Function_u0/r1_UID_BTN_ALL_dly that is redundant to UID_Function_u0/Edge_Detect_U0/r_signal_b
I: Removed bmsWIDEDFFCPE inst genblk1[1].fan_pwm_tach_m/Edge_Detect_u0/r_signal_b that is redundant to genblk1[0].fan_pwm_tach_m/Edge_Detect_u0/r_signal_b
I: Removed bmsWIDEDFFCPE inst genblk1[2].fan_pwm_tach_m/Edge_Detect_u0/r_signal_b that is redundant to genblk1[0].fan_pwm_tach_m/Edge_Detect_u0/r_signal_b
I: Removed bmsWIDEDFFCPE inst genblk1[3].fan_pwm_tach_m/Edge_Detect_u0/r_signal_b that is redundant to genblk1[0].fan_pwm_tach_m/Edge_Detect_u0/r_signal_b
