#Build: Fabric Compiler 2024.2-SP1.2, Build 187561, May 22 18:16 2025
#Install: C:\studyware\pango\PDS_2024.2-SP1.2-ads\bin
#Application name: pds_shell.exe
#OS: Windows 10 10.0.18363
#Hostname: z02665mj
Generated by Fabric Compiler (version 2024.2-SP1.2 build 187561) at Mon Mar  2 20:35:30 2026
Parameters for debugging are loaded as follows:
License checkout: fabric_ads from C:/studyware/pango/PDS_2024.2-SP1.2-ads/license/new_pds_6805cabd4893.lic
Compiling verification operator library.
Compiling common defs.
Loading technology operator library.
Compiling technology operator library.
Compiling technology operator (valence) library.
Reading design from compile DB
Reading design from compile DB successfully.
Elaborate the liberty model.
I: Multithreading enabled for Timing using a maximum of 4 processes.
Constraint check start.
Compiling prim grid devices.
Compiling place grid timing.
Building architecture model.
Loading device packaging model.
Building architecture floorplan logic view.
W: ConstraintEditor-4042: Port 'p:o_PAL_BMC_SS_CLK' lacks attribute 'PAP_IO_DRIVE', it's better to set the attribute for port.
W: ConstraintEditor-4042: Port 'p:o_PAL_BMC_SS_CLK' lacks attribute 'PAP_IO_SLEW', it's better to set the attribute for port.
W: ConstraintEditor-4042: Port 'p:o_PAL_BMC_SS_CLK' lacks attribute 'BUS_KEEPER', it's better to set the attribute for port.
W: ConstraintEditor-4042: Port 'p:o_PAL_BMC_SS_LOAD_N' lacks attribute 'PAP_IO_DRIVE', it's better to set the attribute for port.
W: ConstraintEditor-4042: Port 'p:o_PAL_BMC_SS_LOAD_N' lacks attribute 'PAP_IO_SLEW', it's better to set the attribute for port.
W: ConstraintEditor-4042: Port 'p:o_PAL_BMC_SS_LOAD_N' lacks attribute 'BUS_KEEPER', it's better to set the attribute for port.
W: ConstraintEditor-4042: Port 'p:o_PAL_BMC_SS_DATA_OUT' lacks attribute 'PAP_IO_DRIVE', it's better to set the attribute for port.
W: ConstraintEditor-4042: Port 'p:o_PAL_BMC_SS_DATA_OUT' lacks attribute 'PAP_IO_SLEW', it's better to set the attribute for port.
W: ConstraintEditor-4042: Port 'p:o_PAL_BMC_SS_DATA_OUT' lacks attribute 'BUS_KEEPER', it's better to set the attribute for port.
W: ConstraintEditor-4042: Port 'p:io_BMC_I2C3_PAL_S_SDA1_R' lacks attribute 'PAP_IO_DRIVE', it's better to set the attribute for port.
W: ConstraintEditor-4042: Port 'p:io_BMC_I2C3_PAL_S_SDA1_R' lacks attribute 'PAP_IO_SLEW', it's better to set the attribute for port.
W: ConstraintEditor-4042: Port 'p:io_BMC_I2C3_PAL_S_SDA1_R' lacks attribute 'BUS_KEEPER', it's better to set the attribute for port.
W: ConstraintEditor-4042: Port 'p:io_CPU0_D0_I2C1_PE_STRAP_SDA' lacks attribute 'PAP_IO_DRIVE', it's better to set the attribute for port.
W: ConstraintEditor-4042: Port 'p:io_CPU0_D0_I2C1_PE_STRAP_SDA' lacks attribute 'PAP_IO_SLEW', it's better to set the attribute for port.
W: ConstraintEditor-4042: Port 'p:io_CPU0_D0_I2C1_PE_STRAP_SDA' lacks attribute 'BUS_KEEPER', it's better to set the attribute for port.
W: ConstraintEditor-4042: Port 'p:io_CPU1_D0_I2C1_PE_STRAP_SDA' lacks attribute 'PAP_IO_DRIVE', it's better to set the attribute for port.
W: ConstraintEditor-4042: Port 'p:io_CPU1_D0_I2C1_PE_STRAP_SDA' lacks attribute 'PAP_IO_SLEW', it's better to set the attribute for port.
W: ConstraintEditor-4042: Port 'p:io_CPU1_D0_I2C1_PE_STRAP_SDA' lacks attribute 'BUS_KEEPER', it's better to set the attribute for port.
W: ConstraintEditor-4042: Port 'p:io_MCIO_PWR_EN0_R' lacks attribute 'PAP_IO_DRIVE', it's better to set the attribute for port.
W: ConstraintEditor-4042: Port 'p:io_MCIO_PWR_EN0_R' lacks attribute 'PAP_IO_SLEW', it's better to set the attribute for port.
W: ConstraintEditor-4042: Port 'p:io_MCIO_PWR_EN0_R' lacks attribute 'BUS_KEEPER', it's better to set the attribute for port.
W: ConstraintEditor-4042: Port 'p:io_MCIO_PWR_EN2_R' lacks attribute 'PAP_IO_DRIVE', it's better to set the attribute for port.
W: ConstraintEditor-4042: Port 'p:io_MCIO_PWR_EN2_R' lacks attribute 'PAP_IO_SLEW', it's better to set the attribute for port.
W: ConstraintEditor-4042: Port 'p:io_MCIO_PWR_EN2_R' lacks attribute 'BUS_KEEPER', it's better to set the attribute for port.
W: ConstraintEditor-4042: Port 'p:io_MCIO_PWR_EN3_R' lacks attribute 'PAP_IO_DRIVE', it's better to set the attribute for port.
W: ConstraintEditor-4042: Port 'p:io_MCIO_PWR_EN3_R' lacks attribute 'PAP_IO_SLEW', it's better to set the attribute for port.
W: ConstraintEditor-4042: Port 'p:io_MCIO_PWR_EN3_R' lacks attribute 'BUS_KEEPER', it's better to set the attribute for port.
W: ConstraintEditor-4042: Port 'p:io_MCIO_PWR_EN5_R' lacks attribute 'PAP_IO_DRIVE', it's better to set the attribute for port.
W: ConstraintEditor-4042: Port 'p:io_MCIO_PWR_EN5_R' lacks attribute 'PAP_IO_SLEW', it's better to set the attribute for port.
W: ConstraintEditor-4042: Port 'p:io_MCIO_PWR_EN5_R' lacks attribute 'BUS_KEEPER', it's better to set the attribute for port.
W: ConstraintEditor-4042: Port 'p:io_MCIO_PWR_EN7_R' lacks attribute 'PAP_IO_DRIVE', it's better to set the attribute for port.
W: ConstraintEditor-4042: Port 'p:io_MCIO_PWR_EN7_R' lacks attribute 'PAP_IO_SLEW', it's better to set the attribute for port.
W: ConstraintEditor-4042: Port 'p:io_MCIO_PWR_EN7_R' lacks attribute 'BUS_KEEPER', it's better to set the attribute for port.
W: ConstraintEditor-4042: Port 'p:io_MCIO_PWR_EN8_R' lacks attribute 'PAP_IO_DRIVE', it's better to set the attribute for port.
W: ConstraintEditor-4042: Port 'p:io_MCIO_PWR_EN8_R' lacks attribute 'PAP_IO_SLEW', it's better to set the attribute for port.
W: ConstraintEditor-4042: Port 'p:io_MCIO_PWR_EN8_R' lacks attribute 'BUS_KEEPER', it's better to set the attribute for port.
W: ConstraintEditor-4042: Port 'p:o_CPLD_M_S_EXCHANGE_S2' lacks attribute 'PAP_IO_DRIVE', it's better to set the attribute for port.
W: ConstraintEditor-4042: Port 'p:o_CPLD_M_S_EXCHANGE_S2' lacks attribute 'PAP_IO_SLEW', it's better to set the attribute for port.
W: ConstraintEditor-4042: Port 'p:o_CPLD_M_S_EXCHANGE_S2' lacks attribute 'BUS_KEEPER', it's better to set the attribute for port.
W: ConstraintEditor-4042: Port 'p:o_CPLD_M_S_SGPIO1_MISO_R' lacks attribute 'PAP_IO_DRIVE', it's better to set the attribute for port.
W: ConstraintEditor-4042: Port 'p:o_CPLD_M_S_SGPIO1_MISO_R' lacks attribute 'PAP_IO_SLEW', it's better to set the attribute for port.
W: ConstraintEditor-4042: Port 'p:o_CPLD_M_S_SGPIO1_MISO_R' lacks attribute 'BUS_KEEPER', it's better to set the attribute for port.
W: ConstraintEditor-4042: Port 'p:o_CPLD_M_S_SGPIO_MISO_R' lacks attribute 'PAP_IO_DRIVE', it's better to set the attribute for port.
W: ConstraintEditor-4042: Port 'p:o_CPLD_M_S_SGPIO_MISO_R' lacks attribute 'PAP_IO_SLEW', it's better to set the attribute for port.
W: ConstraintEditor-4042: Port 'p:o_CPLD_M_S_SGPIO_MISO_R' lacks attribute 'BUS_KEEPER', it's better to set the attribute for port.
W: ConstraintEditor-4042: Port 'p:o_CPU0_D0_UART1_RX' lacks attribute 'PAP_IO_DRIVE', it's better to set the attribute for port.
W: ConstraintEditor-4042: Port 'p:o_CPU0_D0_UART1_RX' lacks attribute 'PAP_IO_SLEW', it's better to set the attribute for port.
W: ConstraintEditor-4042: Port 'p:o_CPU0_D0_UART1_RX' lacks attribute 'BUS_KEEPER', it's better to set the attribute for port.
W: ConstraintEditor-4042: Port 'p:o_CPU0_D0_UART_SIN' lacks attribute 'PAP_IO_DRIVE', it's better to set the attribute for port.
W: ConstraintEditor-4042: Port 'p:o_CPU0_D0_UART_SIN' lacks attribute 'PAP_IO_SLEW', it's better to set the attribute for port.
W: ConstraintEditor-4042: Port 'p:o_CPU0_D0_UART_SIN' lacks attribute 'BUS_KEEPER', it's better to set the attribute for port.
W: ConstraintEditor-4042: Port 'p:o_CPU0_D1_UART1_RX' lacks attribute 'PAP_IO_DRIVE', it's better to set the attribute for port.
W: ConstraintEditor-4042: Port 'p:o_CPU0_D1_UART1_RX' lacks attribute 'PAP_IO_SLEW', it's better to set the attribute for port.
W: ConstraintEditor-4042: Port 'p:o_CPU0_D1_UART1_RX' lacks attribute 'BUS_KEEPER', it's better to set the attribute for port.
W: ConstraintEditor-4042: Port 'p:o_CPU0_RISER1_9548_RST_N_R' lacks attribute 'PAP_IO_DRIVE', it's better to set the attribute for port.
W: ConstraintEditor-4042: Port 'p:o_CPU0_RISER1_9548_RST_N_R' lacks attribute 'PAP_IO_SLEW', it's better to set the attribute for port.
W: ConstraintEditor-4042: Port 'p:o_CPU0_RISER1_9548_RST_N_R' lacks attribute 'BUS_KEEPER', it's better to set the attribute for port.
W: ConstraintEditor-4042: Port 'p:o_CPU1_D0_UART1_RX' lacks attribute 'PAP_IO_DRIVE', it's better to set the attribute for port.
W: ConstraintEditor-4042: Port 'p:o_CPU1_D0_UART1_RX' lacks attribute 'PAP_IO_SLEW', it's better to set the attribute for port.
W: ConstraintEditor-4042: Port 'p:o_CPU1_D0_UART1_RX' lacks attribute 'BUS_KEEPER', it's better to set the attribute for port.
W: ConstraintEditor-4042: Port 'p:o_CPU1_D0_UART_SIN' lacks attribute 'PAP_IO_DRIVE', it's better to set the attribute for port.
W: ConstraintEditor-4042: Port 'p:o_CPU1_D0_UART_SIN' lacks attribute 'PAP_IO_SLEW', it's better to set the attribute for port.
W: ConstraintEditor-4042: Port 'p:o_CPU1_D0_UART_SIN' lacks attribute 'BUS_KEEPER', it's better to set the attribute for port.
W: ConstraintEditor-4042: Port 'p:o_CPU1_D1_UART1_RX' lacks attribute 'PAP_IO_DRIVE', it's better to set the attribute for port.
W: ConstraintEditor-4042: Port 'p:o_CPU1_D1_UART1_RX' lacks attribute 'PAP_IO_SLEW', it's better to set the attribute for port.
W: ConstraintEditor-4042: Port 'p:o_CPU1_D1_UART1_RX' lacks attribute 'BUS_KEEPER', it's better to set the attribute for port.
W: ConstraintEditor-4042: Port 'p:o_CPU1_RISER2_9548_RST_N_R' lacks attribute 'PAP_IO_DRIVE', it's better to set the attribute for port.
W: ConstraintEditor-4042: Port 'p:o_CPU1_RISER2_9548_RST_N_R' lacks attribute 'PAP_IO_SLEW', it's better to set the attribute for port.
W: ConstraintEditor-4042: Port 'p:o_CPU1_RISER2_9548_RST_N_R' lacks attribute 'BUS_KEEPER', it's better to set the attribute for port.
W: ConstraintEditor-4042: Port 'p:o_CPU_MCIO0_GPU_THROTTLE_N_R' lacks attribute 'PAP_IO_DRIVE', it's better to set the attribute for port.
W: ConstraintEditor-4042: Port 'p:o_CPU_MCIO0_GPU_THROTTLE_N_R' lacks attribute 'PAP_IO_SLEW', it's better to set the attribute for port.
W: ConstraintEditor-4042: Port 'p:o_CPU_MCIO0_GPU_THROTTLE_N_R' lacks attribute 'BUS_KEEPER', it's better to set the attribute for port.
W: ConstraintEditor-4042: Port 'p:o_CPU_MCIO2_GPU_THROTTLE_N_R' lacks attribute 'PAP_IO_DRIVE', it's better to set the attribute for port.
W: ConstraintEditor-4042: Port 'p:o_CPU_MCIO2_GPU_THROTTLE_N_R' lacks attribute 'PAP_IO_SLEW', it's better to set the attribute for port.
W: ConstraintEditor-4042: Port 'p:o_CPU_MCIO2_GPU_THROTTLE_N_R' lacks attribute 'BUS_KEEPER', it's better to set the attribute for port.
W: ConstraintEditor-4042: Port 'p:o_CPU_MCIO3_GPU_THROTTLE_N_R' lacks attribute 'PAP_IO_DRIVE', it's better to set the attribute for port.
W: ConstraintEditor-4042: Port 'p:o_CPU_MCIO3_GPU_THROTTLE_N_R' lacks attribute 'PAP_IO_SLEW', it's better to set the attribute for port.
W: ConstraintEditor-4042: Port 'p:o_CPU_MCIO3_GPU_THROTTLE_N_R' lacks attribute 'BUS_KEEPER', it's better to set the attribute for port.
W: ConstraintEditor-4042: Port 'p:o_CPU_MCIO5_GPU_THROTTLE_N_R' lacks attribute 'PAP_IO_DRIVE', it's better to set the attribute for port.
W: ConstraintEditor-4042: Port 'p:o_CPU_MCIO5_GPU_THROTTLE_N_R' lacks attribute 'PAP_IO_SLEW', it's better to set the attribute for port.
W: ConstraintEditor-4042: Port 'p:o_CPU_MCIO5_GPU_THROTTLE_N_R' lacks attribute 'BUS_KEEPER', it's better to set the attribute for port.
W: ConstraintEditor-4042: Port 'p:o_CPU_MCIO7_GPU_THROTTLE_N_R' lacks attribute 'PAP_IO_DRIVE', it's better to set the attribute for port.
W: ConstraintEditor-4042: Port 'p:o_CPU_MCIO7_GPU_THROTTLE_N_R' lacks attribute 'PAP_IO_SLEW', it's better to set the attribute for port.
W: ConstraintEditor-4042: Port 'p:o_CPU_MCIO7_GPU_THROTTLE_N_R' lacks attribute 'BUS_KEEPER', it's better to set the attribute for port.
W: ConstraintEditor-4042: Port 'p:o_CPU_MCIO8_GPU_THROTTLE_N_R' lacks attribute 'PAP_IO_DRIVE', it's better to set the attribute for port.
W: ConstraintEditor-4042: Port 'p:o_CPU_MCIO8_GPU_THROTTLE_N_R' lacks attribute 'PAP_IO_SLEW', it's better to set the attribute for port.
W: ConstraintEditor-4042: Port 'p:o_CPU_MCIO8_GPU_THROTTLE_N_R' lacks attribute 'BUS_KEEPER', it's better to set the attribute for port.
W: ConstraintEditor-4042: Port 'p:o_DB9_TOD_UART_TX' lacks attribute 'PAP_IO_DRIVE', it's better to set the attribute for port.
W: ConstraintEditor-4042: Port 'p:o_DB9_TOD_UART_TX' lacks attribute 'PAP_IO_SLEW', it's better to set the attribute for port.
W: ConstraintEditor-4042: Port 'p:o_DB9_TOD_UART_TX' lacks attribute 'BUS_KEEPER', it's better to set the attribute for port.
W: ConstraintEditor-4042: Port 'p:o_DBG_CPU0_UART1_TX_CONN_R' lacks attribute 'PAP_IO_DRIVE', it's better to set the attribute for port.
W: ConstraintEditor-4042: Port 'p:o_DBG_CPU0_UART1_TX_CONN_R' lacks attribute 'PAP_IO_SLEW', it's better to set the attribute for port.
W: ConstraintEditor-4042: Port 'p:o_DBG_CPU0_UART1_TX_CONN_R' lacks attribute 'BUS_KEEPER', it's better to set the attribute for port.
W: ConstraintEditor-4042: Port 'p:o_DBG_PAL_BMC_UART1_TX_CONN_R' lacks attribute 'PAP_IO_DRIVE', it's better to set the attribute for port.
W: ConstraintEditor-4042: Port 'p:o_DBG_PAL_BMC_UART1_TX_CONN_R' lacks attribute 'PAP_IO_SLEW', it's better to set the attribute for port.
W: ConstraintEditor-4042: Port 'p:o_DBG_PAL_BMC_UART1_TX_CONN_R' lacks attribute 'BUS_KEEPER', it's better to set the attribute for port.
W: ConstraintEditor-4042: Port 'p:o_DB_UART_TX_R' lacks attribute 'PAP_IO_DRIVE', it's better to set the attribute for port.
W: ConstraintEditor-4042: Port 'p:o_DB_UART_TX_R' lacks attribute 'PAP_IO_SLEW', it's better to set the attribute for port.
W: ConstraintEditor-4042: Port 'p:o_DB_UART_TX_R' lacks attribute 'BUS_KEEPER', it's better to set the attribute for port.
W: ConstraintEditor-4042: Port 'p:o_JACK_CPU0_D0_UART_SOUT' lacks attribute 'PAP_IO_DRIVE', it's better to set the attribute for port.
W: ConstraintEditor-4042: Port 'p:o_JACK_CPU0_D0_UART_SOUT' lacks attribute 'PAP_IO_SLEW', it's better to set the attribute for port.
W: ConstraintEditor-4042: Port 'p:o_JACK_CPU0_D0_UART_SOUT' lacks attribute 'BUS_KEEPER', it's better to set the attribute for port.
W: ConstraintEditor-4042: Port 'p:o_JACK_CPU0_UART1_TX' lacks attribute 'PAP_IO_DRIVE', it's better to set the attribute for port.
W: ConstraintEditor-4042: Port 'p:o_JACK_CPU0_UART1_TX' lacks attribute 'PAP_IO_SLEW', it's better to set the attribute for port.
W: ConstraintEditor-4042: Port 'p:o_JACK_CPU0_UART1_TX' lacks attribute 'BUS_KEEPER', it's better to set the attribute for port.
W: ConstraintEditor-4042: Port 'p:o_JACK_CPU1_D0_UART_SOUT' lacks attribute 'PAP_IO_DRIVE', it's better to set the attribute for port.
W: ConstraintEditor-4042: Port 'p:o_JACK_CPU1_D0_UART_SOUT' lacks attribute 'PAP_IO_SLEW', it's better to set the attribute for port.
W: ConstraintEditor-4042: Port 'p:o_JACK_CPU1_D0_UART_SOUT' lacks attribute 'BUS_KEEPER', it's better to set the attribute for port.
W: ConstraintEditor-4042: Port 'p:o_JACK_CPU1_UART1_TX' lacks attribute 'PAP_IO_DRIVE', it's better to set the attribute for port.
W: ConstraintEditor-4042: Port 'p:o_JACK_CPU1_UART1_TX' lacks attribute 'PAP_IO_SLEW', it's better to set the attribute for port.
W: ConstraintEditor-4042: Port 'p:o_JACK_CPU1_UART1_TX' lacks attribute 'BUS_KEEPER', it's better to set the attribute for port.
W: ConstraintEditor-4042: Port 'p:o_LEAR_CPU0_UART1_TX' lacks attribute 'PAP_IO_DRIVE', it's better to set the attribute for port.
W: ConstraintEditor-4042: Port 'p:o_LEAR_CPU0_UART1_TX' lacks attribute 'PAP_IO_SLEW', it's better to set the attribute for port.
W: ConstraintEditor-4042: Port 'p:o_LEAR_CPU0_UART1_TX' lacks attribute 'BUS_KEEPER', it's better to set the attribute for port.
W: ConstraintEditor-4042: Port 'p:o_LED1_N' lacks attribute 'PAP_IO_DRIVE', it's better to set the attribute for port.
W: ConstraintEditor-4042: Port 'p:o_LED1_N' lacks attribute 'PAP_IO_SLEW', it's better to set the attribute for port.
W: ConstraintEditor-4042: Port 'p:o_LED1_N' lacks attribute 'BUS_KEEPER', it's better to set the attribute for port.
W: ConstraintEditor-4042: Port 'p:o_LED2_N' lacks attribute 'PAP_IO_DRIVE', it's better to set the attribute for port.
W: ConstraintEditor-4042: Port 'p:o_LED2_N' lacks attribute 'PAP_IO_SLEW', it's better to set the attribute for port.
W: ConstraintEditor-4042: Port 'p:o_LED2_N' lacks attribute 'BUS_KEEPER', it's better to set the attribute for port.
W: ConstraintEditor-4042: Port 'p:o_LED3_N' lacks attribute 'PAP_IO_DRIVE', it's better to set the attribute for port.
W: ConstraintEditor-4042: Port 'p:o_LED3_N' lacks attribute 'PAP_IO_SLEW', it's better to set the attribute for port.
W: ConstraintEditor-4042: Port 'p:o_LED3_N' lacks attribute 'BUS_KEEPER', it's better to set the attribute for port.
W: ConstraintEditor-4042: Port 'p:o_LED4_N' lacks attribute 'PAP_IO_DRIVE', it's better to set the attribute for port.
W: ConstraintEditor-4042: Port 'p:o_LED4_N' lacks attribute 'PAP_IO_SLEW', it's better to set the attribute for port.
W: ConstraintEditor-4042: Port 'p:o_LED4_N' lacks attribute 'BUS_KEEPER', it's better to set the attribute for port.
W: ConstraintEditor-4042: Port 'p:o_LED5_N' lacks attribute 'PAP_IO_DRIVE', it's better to set the attribute for port.
W: ConstraintEditor-4042: Port 'p:o_LED5_N' lacks attribute 'PAP_IO_SLEW', it's better to set the attribute for port.
W: ConstraintEditor-4042: Port 'p:o_LED5_N' lacks attribute 'BUS_KEEPER', it's better to set the attribute for port.
W: ConstraintEditor-4042: Port 'p:o_LED6_N' lacks attribute 'PAP_IO_DRIVE', it's better to set the attribute for port.
W: ConstraintEditor-4042: Port 'p:o_LED6_N' lacks attribute 'PAP_IO_SLEW', it's better to set the attribute for port.
W: ConstraintEditor-4042: Port 'p:o_LED6_N' lacks attribute 'BUS_KEEPER', it's better to set the attribute for port.
W: ConstraintEditor-4042: Port 'p:o_LED7_N' lacks attribute 'PAP_IO_DRIVE', it's better to set the attribute for port.
W: ConstraintEditor-4042: Port 'p:o_LED7_N' lacks attribute 'PAP_IO_SLEW', it's better to set the attribute for port.
W: ConstraintEditor-4042: Port 'p:o_LED7_N' lacks attribute 'BUS_KEEPER', it's better to set the attribute for port.
W: ConstraintEditor-4042: Port 'p:o_LED8_N' lacks attribute 'PAP_IO_DRIVE', it's better to set the attribute for port.
W: ConstraintEditor-4042: Port 'p:o_LED8_N' lacks attribute 'PAP_IO_SLEW', it's better to set the attribute for port.
W: ConstraintEditor-4042: Port 'p:o_LED8_N' lacks attribute 'BUS_KEEPER', it's better to set the attribute for port.
W: ConstraintEditor-4042: Port 'p:o_MCIO11_RISER1_PERST2_N' lacks attribute 'PAP_IO_DRIVE', it's better to set the attribute for port.
W: ConstraintEditor-4042: Port 'p:o_MCIO11_RISER1_PERST2_N' lacks attribute 'PAP_IO_SLEW', it's better to set the attribute for port.
W: ConstraintEditor-4042: Port 'p:o_MCIO11_RISER1_PERST2_N' lacks attribute 'BUS_KEEPER', it's better to set the attribute for port.
W: ConstraintEditor-4042: Port 'p:o_N0_100M' lacks attribute 'PAP_IO_DRIVE', it's better to set the attribute for port.
W: ConstraintEditor-4042: Port 'p:o_N0_100M' lacks attribute 'PAP_IO_SLEW', it's better to set the attribute for port.
W: ConstraintEditor-4042: Port 'p:o_N0_100M' lacks attribute 'BUS_KEEPER', it's better to set the attribute for port.
W: ConstraintEditor-4042: Port 'p:o_N0_1000M' lacks attribute 'PAP_IO_DRIVE', it's better to set the attribute for port.
W: ConstraintEditor-4042: Port 'p:o_N0_1000M' lacks attribute 'PAP_IO_SLEW', it's better to set the attribute for port.
W: ConstraintEditor-4042: Port 'p:o_N0_1000M' lacks attribute 'BUS_KEEPER', it's better to set the attribute for port.
W: ConstraintEditor-4042: Port 'p:o_N0_ACT' lacks attribute 'PAP_IO_DRIVE', it's better to set the attribute for port.
W: ConstraintEditor-4042: Port 'p:o_N0_ACT' lacks attribute 'PAP_IO_SLEW', it's better to set the attribute for port.
W: ConstraintEditor-4042: Port 'p:o_N0_ACT' lacks attribute 'BUS_KEEPER', it's better to set the attribute for port.
W: ConstraintEditor-4042: Port 'p:o_N1_100M' lacks attribute 'PAP_IO_DRIVE', it's better to set the attribute for port.
W: ConstraintEditor-4042: Port 'p:o_N1_100M' lacks attribute 'PAP_IO_SLEW', it's better to set the attribute for port.
W: ConstraintEditor-4042: Port 'p:o_N1_100M' lacks attribute 'BUS_KEEPER', it's better to set the attribute for port.
W: ConstraintEditor-4042: Port 'p:o_N1_1000M' lacks attribute 'PAP_IO_DRIVE', it's better to set the attribute for port.
W: ConstraintEditor-4042: Port 'p:o_N1_1000M' lacks attribute 'PAP_IO_SLEW', it's better to set the attribute for port.
W: ConstraintEditor-4042: Port 'p:o_N1_1000M' lacks attribute 'BUS_KEEPER', it's better to set the attribute for port.
W: ConstraintEditor-4042: Port 'p:o_N1_ACT' lacks attribute 'PAP_IO_DRIVE', it's better to set the attribute for port.
W: ConstraintEditor-4042: Port 'p:o_N1_ACT' lacks attribute 'PAP_IO_SLEW', it's better to set the attribute for port.
W: ConstraintEditor-4042: Port 'p:o_N1_ACT' lacks attribute 'BUS_KEEPER', it's better to set the attribute for port.
W: ConstraintEditor-4042: Port 'p:o_P5V_USB2_EN' lacks attribute 'PAP_IO_DRIVE', it's better to set the attribute for port.
W: ConstraintEditor-4042: Port 'p:o_P5V_USB2_EN' lacks attribute 'PAP_IO_SLEW', it's better to set the attribute for port.
W: ConstraintEditor-4042: Port 'p:o_P5V_USB2_EN' lacks attribute 'BUS_KEEPER', it's better to set the attribute for port.
W: ConstraintEditor-4042: Port 'p:o_PAL_BMC_UART1_RX' lacks attribute 'PAP_IO_DRIVE', it's better to set the attribute for port.
W: ConstraintEditor-4042: Port 'p:o_PAL_BMC_UART1_RX' lacks attribute 'PAP_IO_SLEW', it's better to set the attribute for port.
W: ConstraintEditor-4042: Port 'p:o_PAL_BMC_UART1_RX' lacks attribute 'BUS_KEEPER', it's better to set the attribute for port.
W: ConstraintEditor-4042: Port 'p:o_PAL_BMC_UART4_RX' lacks attribute 'PAP_IO_DRIVE', it's better to set the attribute for port.
W: ConstraintEditor-4042: Port 'p:o_PAL_BMC_UART4_RX' lacks attribute 'PAP_IO_SLEW', it's better to set the attribute for port.
W: ConstraintEditor-4042: Port 'p:o_PAL_BMC_UART4_RX' lacks attribute 'BUS_KEEPER', it's better to set the attribute for port.
W: ConstraintEditor-4042: Port 'p:o_PAL_CK440_OE_N_R' lacks attribute 'PAP_IO_DRIVE', it's better to set the attribute for port.
W: ConstraintEditor-4042: Port 'p:o_PAL_CK440_OE_N_R' lacks attribute 'PAP_IO_SLEW', it's better to set the attribute for port.
W: ConstraintEditor-4042: Port 'p:o_PAL_CK440_OE_N_R' lacks attribute 'BUS_KEEPER', it's better to set the attribute for port.
W: ConstraintEditor-4042: Port 'p:o_PAL_CPU0_I3C_SPD_SEL' lacks attribute 'PAP_IO_DRIVE', it's better to set the attribute for port.
W: ConstraintEditor-4042: Port 'p:o_PAL_CPU0_I3C_SPD_SEL' lacks attribute 'PAP_IO_SLEW', it's better to set the attribute for port.
W: ConstraintEditor-4042: Port 'p:o_PAL_CPU0_I3C_SPD_SEL' lacks attribute 'BUS_KEEPER', it's better to set the attribute for port.
W: ConstraintEditor-4042: Port 'p:o_PAL_CPU1_I3C_SPD_SEL' lacks attribute 'PAP_IO_DRIVE', it's better to set the attribute for port.
W: ConstraintEditor-4042: Port 'p:o_PAL_CPU1_I3C_SPD_SEL' lacks attribute 'PAP_IO_SLEW', it's better to set the attribute for port.
W: ConstraintEditor-4042: Port 'p:o_PAL_CPU1_I3C_SPD_SEL' lacks attribute 'BUS_KEEPER', it's better to set the attribute for port.
W: ConstraintEditor-4042: Port 'p:o_PAL_DB800_1_OE_N_R' lacks attribute 'PAP_IO_DRIVE', it's better to set the attribute for port.
W: ConstraintEditor-4042: Port 'p:o_PAL_DB800_1_OE_N_R' lacks attribute 'PAP_IO_SLEW', it's better to set the attribute for port.
W: ConstraintEditor-4042: Port 'p:o_PAL_DB800_1_OE_N_R' lacks attribute 'BUS_KEEPER', it's better to set the attribute for port.
W: ConstraintEditor-4042: Port 'p:o_PAL_DB800_1_PD_R' lacks attribute 'PAP_IO_DRIVE', it's better to set the attribute for port.
W: ConstraintEditor-4042: Port 'p:o_PAL_DB800_1_PD_R' lacks attribute 'PAP_IO_SLEW', it's better to set the attribute for port.
W: ConstraintEditor-4042: Port 'p:o_PAL_DB800_1_PD_R' lacks attribute 'BUS_KEEPER', it's better to set the attribute for port.
W: ConstraintEditor-4042: Port 'p:o_PAL_DB2000_1_OE_N_R' lacks attribute 'PAP_IO_DRIVE', it's better to set the attribute for port.
W: ConstraintEditor-4042: Port 'p:o_PAL_DB2000_1_OE_N_R' lacks attribute 'PAP_IO_SLEW', it's better to set the attribute for port.
W: ConstraintEditor-4042: Port 'p:o_PAL_DB2000_1_OE_N_R' lacks attribute 'BUS_KEEPER', it's better to set the attribute for port.
W: ConstraintEditor-4042: Port 'p:o_PAL_DB2000_1_PD_R' lacks attribute 'PAP_IO_DRIVE', it's better to set the attribute for port.
W: ConstraintEditor-4042: Port 'p:o_PAL_DB2000_1_PD_R' lacks attribute 'PAP_IO_SLEW', it's better to set the attribute for port.
W: ConstraintEditor-4042: Port 'p:o_PAL_DB2000_1_PD_R' lacks attribute 'BUS_KEEPER', it's better to set the attribute for port.
W: ConstraintEditor-4042: Port 'p:o_PAL_GPU1_EFUSE_EN_R' lacks attribute 'PAP_IO_DRIVE', it's better to set the attribute for port.
W: ConstraintEditor-4042: Port 'p:o_PAL_GPU1_EFUSE_EN_R' lacks attribute 'PAP_IO_SLEW', it's better to set the attribute for port.
W: ConstraintEditor-4042: Port 'p:o_PAL_GPU1_EFUSE_EN_R' lacks attribute 'BUS_KEEPER', it's better to set the attribute for port.
W: ConstraintEditor-4042: Port 'p:o_PAL_GPU2_EFUSE_EN_R' lacks attribute 'PAP_IO_DRIVE', it's better to set the attribute for port.
W: ConstraintEditor-4042: Port 'p:o_PAL_GPU2_EFUSE_EN_R' lacks attribute 'PAP_IO_SLEW', it's better to set the attribute for port.
W: ConstraintEditor-4042: Port 'p:o_PAL_GPU2_EFUSE_EN_R' lacks attribute 'BUS_KEEPER', it's better to set the attribute for port.
W: ConstraintEditor-4042: Port 'p:o_PAL_GPU3_EFUSE_EN_R' lacks attribute 'PAP_IO_DRIVE', it's better to set the attribute for port.
W: ConstraintEditor-4042: Port 'p:o_PAL_GPU3_EFUSE_EN_R' lacks attribute 'PAP_IO_SLEW', it's better to set the attribute for port.
W: ConstraintEditor-4042: Port 'p:o_PAL_GPU3_EFUSE_EN_R' lacks attribute 'BUS_KEEPER', it's better to set the attribute for port.
W: ConstraintEditor-4042: Port 'p:o_PAL_GPU4_EFUSE_EN_R' lacks attribute 'PAP_IO_DRIVE', it's better to set the attribute for port.
W: ConstraintEditor-4042: Port 'p:o_PAL_GPU4_EFUSE_EN_R' lacks attribute 'PAP_IO_SLEW', it's better to set the attribute for port.
W: ConstraintEditor-4042: Port 'p:o_PAL_GPU4_EFUSE_EN_R' lacks attribute 'BUS_KEEPER', it's better to set the attribute for port.
W: ConstraintEditor-4042: Port 'p:o_PAL_LED_HEL_GR_R' lacks attribute 'PAP_IO_DRIVE', it's better to set the attribute for port.
W: ConstraintEditor-4042: Port 'p:o_PAL_LED_HEL_GR_R' lacks attribute 'PAP_IO_SLEW', it's better to set the attribute for port.
W: ConstraintEditor-4042: Port 'p:o_PAL_LED_HEL_GR_R' lacks attribute 'BUS_KEEPER', it's better to set the attribute for port.
W: ConstraintEditor-4042: Port 'p:o_PAL_LED_HEL_RED_R' lacks attribute 'PAP_IO_DRIVE', it's better to set the attribute for port.
W: ConstraintEditor-4042: Port 'p:o_PAL_LED_HEL_RED_R' lacks attribute 'PAP_IO_SLEW', it's better to set the attribute for port.
W: ConstraintEditor-4042: Port 'p:o_PAL_LED_HEL_RED_R' lacks attribute 'BUS_KEEPER', it's better to set the attribute for port.
W: ConstraintEditor-4042: Port 'p:o_PAL_LED_PWRBTN_AMB_R' lacks attribute 'PAP_IO_DRIVE', it's better to set the attribute for port.
W: ConstraintEditor-4042: Port 'p:o_PAL_LED_PWRBTN_AMB_R' lacks attribute 'PAP_IO_SLEW', it's better to set the attribute for port.
W: ConstraintEditor-4042: Port 'p:o_PAL_LED_PWRBTN_AMB_R' lacks attribute 'BUS_KEEPER', it's better to set the attribute for port.
W: ConstraintEditor-4042: Port 'p:o_PAL_LED_PWRBTN_GR_R' lacks attribute 'PAP_IO_DRIVE', it's better to set the attribute for port.
W: ConstraintEditor-4042: Port 'p:o_PAL_LED_PWRBTN_GR_R' lacks attribute 'PAP_IO_SLEW', it's better to set the attribute for port.
W: ConstraintEditor-4042: Port 'p:o_PAL_LED_PWRBTN_GR_R' lacks attribute 'BUS_KEEPER', it's better to set the attribute for port.
W: ConstraintEditor-4042: Port 'p:o_PAL_LED_UID_R' lacks attribute 'PAP_IO_DRIVE', it's better to set the attribute for port.
W: ConstraintEditor-4042: Port 'p:o_PAL_LED_UID_R' lacks attribute 'PAP_IO_SLEW', it's better to set the attribute for port.
W: ConstraintEditor-4042: Port 'p:o_PAL_LED_UID_R' lacks attribute 'BUS_KEEPER', it's better to set the attribute for port.
W: ConstraintEditor-4042: Port 'p:o_PAL_M2_0_PERST_N_R' lacks attribute 'PAP_IO_DRIVE', it's better to set the attribute for port.
W: ConstraintEditor-4042: Port 'p:o_PAL_M2_0_PERST_N_R' lacks attribute 'PAP_IO_SLEW', it's better to set the attribute for port.
W: ConstraintEditor-4042: Port 'p:o_PAL_M2_0_PERST_N_R' lacks attribute 'BUS_KEEPER', it's better to set the attribute for port.
W: ConstraintEditor-4042: Port 'p:o_PAL_M2_1_PERST_N_R' lacks attribute 'PAP_IO_DRIVE', it's better to set the attribute for port.
W: ConstraintEditor-4042: Port 'p:o_PAL_M2_1_PERST_N_R' lacks attribute 'PAP_IO_SLEW', it's better to set the attribute for port.
W: ConstraintEditor-4042: Port 'p:o_PAL_M2_1_PERST_N_R' lacks attribute 'BUS_KEEPER', it's better to set the attribute for port.
W: ConstraintEditor-4042: Port 'p:o_PAL_M2_PWR_EN_R' lacks attribute 'PAP_IO_DRIVE', it's better to set the attribute for port.
W: ConstraintEditor-4042: Port 'p:o_PAL_M2_PWR_EN_R' lacks attribute 'PAP_IO_SLEW', it's better to set the attribute for port.
W: ConstraintEditor-4042: Port 'p:o_PAL_M2_PWR_EN_R' lacks attribute 'BUS_KEEPER', it's better to set the attribute for port.
W: ConstraintEditor-4042: Port 'p:o_PAL_OCP_NCSI_CLK_50M_R' lacks attribute 'PAP_IO_DRIVE', it's better to set the attribute for port.
W: ConstraintEditor-4042: Port 'p:o_PAL_OCP_NCSI_CLK_50M_R' lacks attribute 'PAP_IO_SLEW', it's better to set the attribute for port.
W: ConstraintEditor-4042: Port 'p:o_PAL_OCP_NCSI_CLK_50M_R' lacks attribute 'BUS_KEEPER', it's better to set the attribute for port.
W: ConstraintEditor-4042: Port 'p:o_PAL_OCP_NCSI_SW_EN_N_R' lacks attribute 'PAP_IO_DRIVE', it's better to set the attribute for port.
W: ConstraintEditor-4042: Port 'p:o_PAL_OCP_NCSI_SW_EN_N_R' lacks attribute 'PAP_IO_SLEW', it's better to set the attribute for port.
W: ConstraintEditor-4042: Port 'p:o_PAL_OCP_NCSI_SW_EN_N_R' lacks attribute 'BUS_KEEPER', it's better to set the attribute for port.
W: ConstraintEditor-4042: Port 'p:o_PAL_P1V1_STBY_EN_R' lacks attribute 'PAP_IO_DRIVE', it's better to set the attribute for port.
W: ConstraintEditor-4042: Port 'p:o_PAL_P1V1_STBY_EN_R' lacks attribute 'PAP_IO_SLEW', it's better to set the attribute for port.
W: ConstraintEditor-4042: Port 'p:o_PAL_P1V1_STBY_EN_R' lacks attribute 'BUS_KEEPER', it's better to set the attribute for port.
W: ConstraintEditor-4042: Port 'p:o_PAL_P12V_STBY_EFUSE_EN_R' lacks attribute 'PAP_IO_DRIVE', it's better to set the attribute for port.
W: ConstraintEditor-4042: Port 'p:o_PAL_P12V_STBY_EFUSE_EN_R' lacks attribute 'PAP_IO_SLEW', it's better to set the attribute for port.
W: ConstraintEditor-4042: Port 'p:o_PAL_P12V_STBY_EFUSE_EN_R' lacks attribute 'BUS_KEEPER', it's better to set the attribute for port.
W: ConstraintEditor-4042: Port 'p:o_PAL_RISER1_SLOT_PERST_N_R' lacks attribute 'PAP_IO_DRIVE', it's better to set the attribute for port.
W: ConstraintEditor-4042: Port 'p:o_PAL_RISER1_SLOT_PERST_N_R' lacks attribute 'PAP_IO_SLEW', it's better to set the attribute for port.
W: ConstraintEditor-4042: Port 'p:o_PAL_RISER1_SLOT_PERST_N_R' lacks attribute 'BUS_KEEPER', it's better to set the attribute for port.
W: ConstraintEditor-4042: Port 'p:o_PAL_RISER1_SS_CLK' lacks attribute 'PAP_IO_DRIVE', it's better to set the attribute for port.
W: ConstraintEditor-4042: Port 'p:o_PAL_RISER1_SS_CLK' lacks attribute 'PAP_IO_SLEW', it's better to set the attribute for port.
W: ConstraintEditor-4042: Port 'p:o_PAL_RISER1_SS_CLK' lacks attribute 'BUS_KEEPER', it's better to set the attribute for port.
W: ConstraintEditor-4042: Port 'p:o_PAL_RISER1_SS_LD_N' lacks attribute 'PAP_IO_DRIVE', it's better to set the attribute for port.
W: ConstraintEditor-4042: Port 'p:o_PAL_RISER1_SS_LD_N' lacks attribute 'PAP_IO_SLEW', it's better to set the attribute for port.
W: ConstraintEditor-4042: Port 'p:o_PAL_RISER1_SS_LD_N' lacks attribute 'BUS_KEEPER', it's better to set the attribute for port.
W: ConstraintEditor-4042: Port 'p:o_PAL_RISER2_SLOT_PERST_N_R' lacks attribute 'PAP_IO_DRIVE', it's better to set the attribute for port.
W: ConstraintEditor-4042: Port 'p:o_PAL_RISER2_SLOT_PERST_N_R' lacks attribute 'PAP_IO_SLEW', it's better to set the attribute for port.
W: ConstraintEditor-4042: Port 'p:o_PAL_RISER2_SLOT_PERST_N_R' lacks attribute 'BUS_KEEPER', it's better to set the attribute for port.
W: ConstraintEditor-4042: Port 'p:o_PAL_RISER2_SS_CLK' lacks attribute 'PAP_IO_DRIVE', it's better to set the attribute for port.
W: ConstraintEditor-4042: Port 'p:o_PAL_RISER2_SS_CLK' lacks attribute 'PAP_IO_SLEW', it's better to set the attribute for port.
W: ConstraintEditor-4042: Port 'p:o_PAL_RISER2_SS_CLK' lacks attribute 'BUS_KEEPER', it's better to set the attribute for port.
W: ConstraintEditor-4042: Port 'p:o_PAL_RISER2_SS_LD_N' lacks attribute 'PAP_IO_DRIVE', it's better to set the attribute for port.
W: ConstraintEditor-4042: Port 'p:o_PAL_RISER2_SS_LD_N' lacks attribute 'PAP_IO_SLEW', it's better to set the attribute for port.
W: ConstraintEditor-4042: Port 'p:o_PAL_RISER2_SS_LD_N' lacks attribute 'BUS_KEEPER', it's better to set the attribute for port.
W: ConstraintEditor-4042: Port 'p:o_PAL_RJ45_1_100M_LED' lacks attribute 'PAP_IO_DRIVE', it's better to set the attribute for port.
W: ConstraintEditor-4042: Port 'p:o_PAL_RJ45_1_100M_LED' lacks attribute 'PAP_IO_SLEW', it's better to set the attribute for port.
W: ConstraintEditor-4042: Port 'p:o_PAL_RJ45_1_100M_LED' lacks attribute 'BUS_KEEPER', it's better to set the attribute for port.
W: ConstraintEditor-4042: Port 'p:o_PAL_RJ45_1_1000M_LED' lacks attribute 'PAP_IO_DRIVE', it's better to set the attribute for port.
W: ConstraintEditor-4042: Port 'p:o_PAL_RJ45_1_1000M_LED' lacks attribute 'PAP_IO_SLEW', it's better to set the attribute for port.
W: ConstraintEditor-4042: Port 'p:o_PAL_RJ45_1_1000M_LED' lacks attribute 'BUS_KEEPER', it's better to set the attribute for port.
W: ConstraintEditor-4042: Port 'p:o_PAL_RJ45_1_ACT_LED' lacks attribute 'PAP_IO_DRIVE', it's better to set the attribute for port.
W: ConstraintEditor-4042: Port 'p:o_PAL_RJ45_1_ACT_LED' lacks attribute 'PAP_IO_SLEW', it's better to set the attribute for port.
W: ConstraintEditor-4042: Port 'p:o_PAL_RJ45_1_ACT_LED' lacks attribute 'BUS_KEEPER', it's better to set the attribute for port.
W: ConstraintEditor-4042: Port 'p:o_PAL_RJ45_2_100M_LED' lacks attribute 'PAP_IO_DRIVE', it's better to set the attribute for port.
W: ConstraintEditor-4042: Port 'p:o_PAL_RJ45_2_100M_LED' lacks attribute 'PAP_IO_SLEW', it's better to set the attribute for port.
W: ConstraintEditor-4042: Port 'p:o_PAL_RJ45_2_100M_LED' lacks attribute 'BUS_KEEPER', it's better to set the attribute for port.
W: ConstraintEditor-4042: Port 'p:o_PAL_RJ45_2_1000M_LED' lacks attribute 'PAP_IO_DRIVE', it's better to set the attribute for port.
W: ConstraintEditor-4042: Port 'p:o_PAL_RJ45_2_1000M_LED' lacks attribute 'PAP_IO_SLEW', it's better to set the attribute for port.
W: ConstraintEditor-4042: Port 'p:o_PAL_RJ45_2_1000M_LED' lacks attribute 'BUS_KEEPER', it's better to set the attribute for port.
W: ConstraintEditor-4042: Port 'p:o_PAL_RJ45_2_ACT_LED' lacks attribute 'PAP_IO_DRIVE', it's better to set the attribute for port.
W: ConstraintEditor-4042: Port 'p:o_PAL_RJ45_2_ACT_LED' lacks attribute 'PAP_IO_SLEW', it's better to set the attribute for port.
W: ConstraintEditor-4042: Port 'p:o_PAL_RJ45_2_ACT_LED' lacks attribute 'BUS_KEEPER', it's better to set the attribute for port.
W: ConstraintEditor-4042: Port 'p:o_PAL_RST_TCM_N_R' lacks attribute 'PAP_IO_DRIVE', it's better to set the attribute for port.
W: ConstraintEditor-4042: Port 'p:o_PAL_RST_TCM_N_R' lacks attribute 'PAP_IO_SLEW', it's better to set the attribute for port.
W: ConstraintEditor-4042: Port 'p:o_PAL_RST_TCM_N_R' lacks attribute 'BUS_KEEPER', it's better to set the attribute for port.
W: ConstraintEditor-4042: Port 'p:o_PAL_SPI_SELECT_R' lacks attribute 'PAP_IO_DRIVE', it's better to set the attribute for port.
W: ConstraintEditor-4042: Port 'p:o_PAL_SPI_SELECT_R' lacks attribute 'PAP_IO_SLEW', it's better to set the attribute for port.
W: ConstraintEditor-4042: Port 'p:o_PAL_SPI_SELECT_R' lacks attribute 'BUS_KEEPER', it's better to set the attribute for port.
W: ConstraintEditor-4042: Port 'p:o_PAL_SPI_SWITCH_EN_R' lacks attribute 'PAP_IO_DRIVE', it's better to set the attribute for port.
W: ConstraintEditor-4042: Port 'p:o_PAL_SPI_SWITCH_EN_R' lacks attribute 'PAP_IO_SLEW', it's better to set the attribute for port.
W: ConstraintEditor-4042: Port 'p:o_PAL_SPI_SWITCH_EN_R' lacks attribute 'BUS_KEEPER', it's better to set the attribute for port.
W: ConstraintEditor-4042: Port 'p:o_PAL_TEST_BAT_EN' lacks attribute 'PAP_IO_DRIVE', it's better to set the attribute for port.
W: ConstraintEditor-4042: Port 'p:o_PAL_TEST_BAT_EN' lacks attribute 'PAP_IO_SLEW', it's better to set the attribute for port.
W: ConstraintEditor-4042: Port 'p:o_PAL_TEST_BAT_EN' lacks attribute 'BUS_KEEPER', it's better to set the attribute for port.
W: ConstraintEditor-4042: Port 'p:o_PAL_THROTTLE_RISER1_R' lacks attribute 'PAP_IO_DRIVE', it's better to set the attribute for port.
W: ConstraintEditor-4042: Port 'p:o_PAL_THROTTLE_RISER1_R' lacks attribute 'PAP_IO_SLEW', it's better to set the attribute for port.
W: ConstraintEditor-4042: Port 'p:o_PAL_THROTTLE_RISER1_R' lacks attribute 'BUS_KEEPER', it's better to set the attribute for port.
W: ConstraintEditor-4042: Port 'p:o_PAL_THROTTLE_RISER2_R' lacks attribute 'PAP_IO_DRIVE', it's better to set the attribute for port.
W: ConstraintEditor-4042: Port 'p:o_PAL_THROTTLE_RISER2_R' lacks attribute 'PAP_IO_SLEW', it's better to set the attribute for port.
W: ConstraintEditor-4042: Port 'p:o_PAL_THROTTLE_RISER2_R' lacks attribute 'BUS_KEEPER', it's better to set the attribute for port.
W: ConstraintEditor-4042: Port 'p:o_PAL_UART4_OCP_DEBUG_TX' lacks attribute 'PAP_IO_DRIVE', it's better to set the attribute for port.
W: ConstraintEditor-4042: Port 'p:o_PAL_UART4_OCP_DEBUG_TX' lacks attribute 'PAP_IO_SLEW', it's better to set the attribute for port.
W: ConstraintEditor-4042: Port 'p:o_PAL_UART4_OCP_DEBUG_TX' lacks attribute 'BUS_KEEPER', it's better to set the attribute for port.
W: ConstraintEditor-4042: Port 'p:o_PAL_UPD1_P1V1_EN_R' lacks attribute 'PAP_IO_DRIVE', it's better to set the attribute for port.
W: ConstraintEditor-4042: Port 'p:o_PAL_UPD1_P1V1_EN_R' lacks attribute 'PAP_IO_SLEW', it's better to set the attribute for port.
W: ConstraintEditor-4042: Port 'p:o_PAL_UPD1_P1V1_EN_R' lacks attribute 'BUS_KEEPER', it's better to set the attribute for port.
W: ConstraintEditor-4042: Port 'p:o_PAL_UPD1_P3V3_EN_R' lacks attribute 'PAP_IO_DRIVE', it's better to set the attribute for port.
W: ConstraintEditor-4042: Port 'p:o_PAL_UPD1_P3V3_EN_R' lacks attribute 'PAP_IO_SLEW', it's better to set the attribute for port.
W: ConstraintEditor-4042: Port 'p:o_PAL_UPD1_P3V3_EN_R' lacks attribute 'BUS_KEEPER', it's better to set the attribute for port.
W: ConstraintEditor-4042: Port 'p:o_PAL_UPD1_PERST_N_R' lacks attribute 'PAP_IO_DRIVE', it's better to set the attribute for port.
W: ConstraintEditor-4042: Port 'p:o_PAL_UPD1_PERST_N_R' lacks attribute 'PAP_IO_SLEW', it's better to set the attribute for port.
W: ConstraintEditor-4042: Port 'p:o_PAL_UPD1_PERST_N_R' lacks attribute 'BUS_KEEPER', it's better to set the attribute for port.
W: ConstraintEditor-4042: Port 'p:o_PAL_UPD1_PONRST_N_R' lacks attribute 'PAP_IO_DRIVE', it's better to set the attribute for port.
W: ConstraintEditor-4042: Port 'p:o_PAL_UPD1_PONRST_N_R' lacks attribute 'PAP_IO_SLEW', it's better to set the attribute for port.
W: ConstraintEditor-4042: Port 'p:o_PAL_UPD1_PONRST_N_R' lacks attribute 'BUS_KEEPER', it's better to set the attribute for port.
W: ConstraintEditor-4042: Port 'p:o_PAL_UPD2_P1V1_EN_R' lacks attribute 'PAP_IO_DRIVE', it's better to set the attribute for port.
W: ConstraintEditor-4042: Port 'p:o_PAL_UPD2_P1V1_EN_R' lacks attribute 'PAP_IO_SLEW', it's better to set the attribute for port.
W: ConstraintEditor-4042: Port 'p:o_PAL_UPD2_P1V1_EN_R' lacks attribute 'BUS_KEEPER', it's better to set the attribute for port.
W: ConstraintEditor-4042: Port 'p:o_PAL_UPD2_P3V3_EN_R' lacks attribute 'PAP_IO_DRIVE', it's better to set the attribute for port.
W: ConstraintEditor-4042: Port 'p:o_PAL_UPD2_P3V3_EN_R' lacks attribute 'PAP_IO_SLEW', it's better to set the attribute for port.
W: ConstraintEditor-4042: Port 'p:o_PAL_UPD2_P3V3_EN_R' lacks attribute 'BUS_KEEPER', it's better to set the attribute for port.
W: ConstraintEditor-4042: Port 'p:o_PAL_UPD2_PERST_N_R' lacks attribute 'PAP_IO_DRIVE', it's better to set the attribute for port.
W: ConstraintEditor-4042: Port 'p:o_PAL_UPD2_PERST_N_R' lacks attribute 'PAP_IO_SLEW', it's better to set the attribute for port.
W: ConstraintEditor-4042: Port 'p:o_PAL_UPD2_PERST_N_R' lacks attribute 'BUS_KEEPER', it's better to set the attribute for port.
W: ConstraintEditor-4042: Port 'p:o_PAL_UPD2_PONRST_N_R' lacks attribute 'PAP_IO_DRIVE', it's better to set the attribute for port.
W: ConstraintEditor-4042: Port 'p:o_PAL_UPD2_PONRST_N_R' lacks attribute 'PAP_IO_SLEW', it's better to set the attribute for port.
W: ConstraintEditor-4042: Port 'p:o_PAL_UPD2_PONRST_N_R' lacks attribute 'BUS_KEEPER', it's better to set the attribute for port.
W: ConstraintEditor-4042: Port 'p:o_PAL_WX1860_NCSI_CLK_50M_R' lacks attribute 'PAP_IO_DRIVE', it's better to set the attribute for port.
W: ConstraintEditor-4042: Port 'p:o_PAL_WX1860_NCSI_CLK_50M_R' lacks attribute 'PAP_IO_SLEW', it's better to set the attribute for port.
W: ConstraintEditor-4042: Port 'p:o_PAL_WX1860_NCSI_CLK_50M_R' lacks attribute 'BUS_KEEPER', it's better to set the attribute for port.
W: ConstraintEditor-4042: Port 'p:o_PAL_WX1860_NCSI_SW_EN_N_R' lacks attribute 'PAP_IO_DRIVE', it's better to set the attribute for port.
W: ConstraintEditor-4042: Port 'p:o_PAL_WX1860_NCSI_SW_EN_N_R' lacks attribute 'PAP_IO_SLEW', it's better to set the attribute for port.
W: ConstraintEditor-4042: Port 'p:o_PAL_WX1860_NCSI_SW_EN_N_R' lacks attribute 'BUS_KEEPER', it's better to set the attribute for port.
W: ConstraintEditor-4042: Port 'p:o_RISER1_SELECT' lacks attribute 'PAP_IO_DRIVE', it's better to set the attribute for port.
W: ConstraintEditor-4042: Port 'p:o_RISER1_SELECT' lacks attribute 'PAP_IO_SLEW', it's better to set the attribute for port.
W: ConstraintEditor-4042: Port 'p:o_RISER1_SELECT' lacks attribute 'BUS_KEEPER', it's better to set the attribute for port.
W: ConstraintEditor-4042: Port 'p:o_RISER1_SWITCH_EN' lacks attribute 'PAP_IO_DRIVE', it's better to set the attribute for port.
W: ConstraintEditor-4042: Port 'p:o_RISER1_SWITCH_EN' lacks attribute 'PAP_IO_SLEW', it's better to set the attribute for port.
W: ConstraintEditor-4042: Port 'p:o_RISER1_SWITCH_EN' lacks attribute 'BUS_KEEPER', it's better to set the attribute for port.
W: ConstraintEditor-4042: Port 'p:o_RISER_AUX_TOD_UART1_TXD' lacks attribute 'PAP_IO_DRIVE', it's better to set the attribute for port.
W: ConstraintEditor-4042: Port 'p:o_RISER_AUX_TOD_UART1_TXD' lacks attribute 'PAP_IO_SLEW', it's better to set the attribute for port.
W: ConstraintEditor-4042: Port 'p:o_RISER_AUX_TOD_UART1_TXD' lacks attribute 'BUS_KEEPER', it's better to set the attribute for port.
W: ConstraintEditor-4042: Port 'p:o_RISER_AUX_TOD_UART2_TXD' lacks attribute 'PAP_IO_DRIVE', it's better to set the attribute for port.
W: ConstraintEditor-4042: Port 'p:o_RISER_AUX_TOD_UART2_TXD' lacks attribute 'PAP_IO_SLEW', it's better to set the attribute for port.
W: ConstraintEditor-4042: Port 'p:o_RISER_AUX_TOD_UART2_TXD' lacks attribute 'BUS_KEEPER', it's better to set the attribute for port.
W: ConstraintEditor-4042: Port 'p:o_RST_I2C1_MUX_N_R' lacks attribute 'PAP_IO_DRIVE', it's better to set the attribute for port.
W: ConstraintEditor-4042: Port 'p:o_RST_I2C1_MUX_N_R' lacks attribute 'PAP_IO_SLEW', it's better to set the attribute for port.
W: ConstraintEditor-4042: Port 'p:o_RST_I2C1_MUX_N_R' lacks attribute 'BUS_KEEPER', it's better to set the attribute for port.
W: ConstraintEditor-4042: Port 'p:o_RST_I2C2_MUX_N_R' lacks attribute 'PAP_IO_DRIVE', it's better to set the attribute for port.
W: ConstraintEditor-4042: Port 'p:o_RST_I2C2_MUX_N_R' lacks attribute 'PAP_IO_SLEW', it's better to set the attribute for port.
W: ConstraintEditor-4042: Port 'p:o_RST_I2C2_MUX_N_R' lacks attribute 'BUS_KEEPER', it's better to set the attribute for port.
W: ConstraintEditor-4042: Port 'p:o_RST_I2C3_MUX_N_R' lacks attribute 'PAP_IO_DRIVE', it's better to set the attribute for port.
W: ConstraintEditor-4042: Port 'p:o_RST_I2C3_MUX_N_R' lacks attribute 'PAP_IO_SLEW', it's better to set the attribute for port.
W: ConstraintEditor-4042: Port 'p:o_RST_I2C3_MUX_N_R' lacks attribute 'BUS_KEEPER', it's better to set the attribute for port.
W: ConstraintEditor-4042: Port 'p:o_RST_I2C4_1_MUX_N_R' lacks attribute 'PAP_IO_DRIVE', it's better to set the attribute for port.
W: ConstraintEditor-4042: Port 'p:o_RST_I2C4_1_MUX_N_R' lacks attribute 'PAP_IO_SLEW', it's better to set the attribute for port.
W: ConstraintEditor-4042: Port 'p:o_RST_I2C4_1_MUX_N_R' lacks attribute 'BUS_KEEPER', it's better to set the attribute for port.
W: ConstraintEditor-4042: Port 'p:o_RST_I2C4_2_MUX_N_R' lacks attribute 'PAP_IO_DRIVE', it's better to set the attribute for port.
W: ConstraintEditor-4042: Port 'p:o_RST_I2C4_2_MUX_N_R' lacks attribute 'PAP_IO_SLEW', it's better to set the attribute for port.
W: ConstraintEditor-4042: Port 'p:o_RST_I2C4_2_MUX_N_R' lacks attribute 'BUS_KEEPER', it's better to set the attribute for port.
W: ConstraintEditor-4042: Port 'p:o_RST_I2C5_MUX_N_R' lacks attribute 'PAP_IO_DRIVE', it's better to set the attribute for port.
W: ConstraintEditor-4042: Port 'p:o_RST_I2C5_MUX_N_R' lacks attribute 'PAP_IO_SLEW', it's better to set the attribute for port.
W: ConstraintEditor-4042: Port 'p:o_RST_I2C5_MUX_N_R' lacks attribute 'BUS_KEEPER', it's better to set the attribute for port.
W: ConstraintEditor-4042: Port 'p:o_RST_I2C12_MUX_N_R' lacks attribute 'PAP_IO_DRIVE', it's better to set the attribute for port.
W: ConstraintEditor-4042: Port 'p:o_RST_I2C12_MUX_N_R' lacks attribute 'PAP_IO_SLEW', it's better to set the attribute for port.
W: ConstraintEditor-4042: Port 'p:o_RST_I2C12_MUX_N_R' lacks attribute 'BUS_KEEPER', it's better to set the attribute for port.
W: ConstraintEditor-4042: Port 'p:o_RST_I2C13_MUX_N_R' lacks attribute 'PAP_IO_DRIVE', it's better to set the attribute for port.
W: ConstraintEditor-4042: Port 'p:o_RST_I2C13_MUX_N_R' lacks attribute 'PAP_IO_SLEW', it's better to set the attribute for port.
W: ConstraintEditor-4042: Port 'p:o_RST_I2C13_MUX_N_R' lacks attribute 'BUS_KEEPER', it's better to set the attribute for port.
W: ConstraintEditor-4042: Port 'p:o_RST_I2C_BMC_9548_MUX_N_R' lacks attribute 'PAP_IO_DRIVE', it's better to set the attribute for port.
W: ConstraintEditor-4042: Port 'p:o_RST_I2C_BMC_9548_MUX_N_R' lacks attribute 'PAP_IO_SLEW', it's better to set the attribute for port.
W: ConstraintEditor-4042: Port 'p:o_RST_I2C_BMC_9548_MUX_N_R' lacks attribute 'BUS_KEEPER', it's better to set the attribute for port.
W: ConstraintEditor-4042: Port 'p:o_Riser1_TOD_UART_TXD_R' lacks attribute 'PAP_IO_DRIVE', it's better to set the attribute for port.
W: ConstraintEditor-4042: Port 'p:o_Riser1_TOD_UART_TXD_R' lacks attribute 'PAP_IO_SLEW', it's better to set the attribute for port.
W: ConstraintEditor-4042: Port 'p:o_Riser1_TOD_UART_TXD_R' lacks attribute 'BUS_KEEPER', it's better to set the attribute for port.
W: ConstraintEditor-4042: Port 'p:o_Riser2_TOD_UART_TXD_R' lacks attribute 'PAP_IO_DRIVE', it's better to set the attribute for port.
W: ConstraintEditor-4042: Port 'p:o_Riser2_TOD_UART_TXD_R' lacks attribute 'PAP_IO_SLEW', it's better to set the attribute for port.
W: ConstraintEditor-4042: Port 'p:o_Riser2_TOD_UART_TXD_R' lacks attribute 'BUS_KEEPER', it's better to set the attribute for port.
W: ConstraintEditor-4042: Port 'p:o_UART0_CPU_LOG_TX' lacks attribute 'PAP_IO_DRIVE', it's better to set the attribute for port.
W: ConstraintEditor-4042: Port 'p:o_UART0_CPU_LOG_TX' lacks attribute 'PAP_IO_SLEW', it's better to set the attribute for port.
W: ConstraintEditor-4042: Port 'p:o_UART0_CPU_LOG_TX' lacks attribute 'BUS_KEEPER', it's better to set the attribute for port.
W: ConstraintEditor-4042: Port 'p:o_UART2_PAL_OCP_TX_R' lacks attribute 'PAP_IO_DRIVE', it's better to set the attribute for port.
W: ConstraintEditor-4042: Port 'p:o_UART2_PAL_OCP_TX_R' lacks attribute 'PAP_IO_SLEW', it's better to set the attribute for port.
W: ConstraintEditor-4042: Port 'p:o_UART2_PAL_OCP_TX_R' lacks attribute 'BUS_KEEPER', it's better to set the attribute for port.
W: ConstraintEditor-4042: Port 'p:o_USB2_SW_SEL_R' lacks attribute 'PAP_IO_DRIVE', it's better to set the attribute for port.
W: ConstraintEditor-4042: Port 'p:o_USB2_SW_SEL_R' lacks attribute 'PAP_IO_SLEW', it's better to set the attribute for port.
W: ConstraintEditor-4042: Port 'p:o_USB2_SW_SEL_R' lacks attribute 'BUS_KEEPER', it's better to set the attribute for port.
W: ConstraintEditor-4042: Port 'p:o_PAL_TPM_DRQ1_N' lacks attribute 'PAP_IO_DRIVE', it's better to set the attribute for port.
W: ConstraintEditor-4042: Port 'p:o_PAL_TPM_DRQ1_N' lacks attribute 'PAP_IO_SLEW', it's better to set the attribute for port.
W: ConstraintEditor-4042: Port 'p:o_PAL_TPM_DRQ1_N' lacks attribute 'BUS_KEEPER', it's better to set the attribute for port.
Found 0 error(s), 0 critical warning(s), 381 warning(s), out of 1311 constraint(s), you can contact with C:/CPLD/pango/2_Tieta_Feiteng/Tieta_Feiteng_2001_PGC7KD69MBG400/prj/Tieta_S/synthesize/constraint_check.ccr for more detail information.
Constraint check end.
Total time(hh:mm:ss) of constraint check : 00:00:00
C: SDC-2025: Clock source 'n:timer_gen_inst/t1us' need a clock constraint, please use 'create_clock' or 'create_generate_clock' to generate.
Start pre-mapping.
I: Constant propagation done on FanControl_m/N1 (bmsREDAND).
I: Constant propagation done on FanControl_m/N272 (bmsREDAND).
I: Constant propagation done on FanControl_m/N274 (bmsREDAND).
I: Constant propagation done on FanControl_m/N275 (bmsREDAND).
I: Constant propagation done on FanControl_m/N282 (bmsREDAND).
I: Constant propagation done on FanControl_m/N283 (bmsREDAND).
I: Constant propagation done on FanControl_m/N294 (bmsREDAND).
I: Constant propagation done on FanControl_m/N299 (bmsWIDEMUX).
I: Constant propagation done on FanControl_m/N305 (bmsREDAND).
I: Constant propagation done on FanControl_m/N306 (bmsREDAND).
I: Removed bmsLT inst N267 that is redundant to N165
W: Adm-4083: [C:/CPLD/pango/2_Tieta_Feiteng/Tieta_Feiteng_2001_PGC7KD69MBG400/rtl/communication/pcie_dync_alloc.v(line number: 16)] Removed bmsWIDEDFFCPE inst o_pcie_date[3:0] at 0 that is stuck at constant 0.
W: Adm-4083: [C:/CPLD/pango/2_Tieta_Feiteng/Tieta_Feiteng_2001_PGC7KD69MBG400/rtl/communication/pcie_dync_alloc.v(line number: 16)] Removed bmsWIDEDFFCPE inst o_pcie_date[3:0] at 2 that is stuck at constant 0.
W: Adm-4083: [C:/CPLD/pango/2_Tieta_Feiteng/Tieta_Feiteng_2001_PGC7KD69MBG400/rtl/communication/pcie_slot_number.v(line number: 44)] Removed bmsWIDEDFFCPE inst slot_number_nvme[49:0] at 32 that is stuck at constant 0.
W: Adm-4083: [C:/CPLD/pango/2_Tieta_Feiteng/Tieta_Feiteng_2001_PGC7KD69MBG400/rtl/communication/pcie_slot_number.v(line number: 44)] Removed bmsWIDEDFFCPE inst slot_number_nvme[49:0] at 33 that is stuck at constant 0.
W: Adm-4083: [C:/CPLD/pango/2_Tieta_Feiteng/Tieta_Feiteng_2001_PGC7KD69MBG400/rtl/communication/pcie_slot_number.v(line number: 44)] Removed bmsWIDEDFFCPE inst slot_number_nvme[49:0] at 34 that is stuck at constant 0.
W: Adm-4083: [C:/CPLD/pango/2_Tieta_Feiteng/Tieta_Feiteng_2001_PGC7KD69MBG400/rtl/communication/pcie_slot_number.v(line number: 44)] Removed bmsWIDEDFFCPE inst slot_number_nvme[49:0] at 35 that is stuck at constant 0.
W: Adm-4083: [C:/CPLD/pango/2_Tieta_Feiteng/Tieta_Feiteng_2001_PGC7KD69MBG400/rtl/communication/pcie_slot_number.v(line number: 44)] Removed bmsWIDEDFFCPE inst slot_number_nvme[49:0] at 36 that is stuck at constant 0.
W: Adm-4083: [C:/CPLD/pango/2_Tieta_Feiteng/Tieta_Feiteng_2001_PGC7KD69MBG400/rtl/communication/pcie_slot_number.v(line number: 44)] Removed bmsWIDEDFFCPE inst slot_number_nvme[49:0] at 37 that is stuck at constant 0.
W: Adm-4083: [C:/CPLD/pango/2_Tieta_Feiteng/Tieta_Feiteng_2001_PGC7KD69MBG400/rtl/communication/pcie_slot_number.v(line number: 44)] Removed bmsWIDEDFFCPE inst slot_number_nvme[49:0] at 38 that is stuck at constant 0.
W: Adm-4083: [C:/CPLD/pango/2_Tieta_Feiteng/Tieta_Feiteng_2001_PGC7KD69MBG400/rtl/communication/pcie_slot_number.v(line number: 44)] Removed bmsWIDEDFFCPE inst slot_number_nvme[49:0] at 39 that is stuck at constant 0.
W: Adm-4083: [C:/CPLD/pango/2_Tieta_Feiteng/Tieta_Feiteng_2001_PGC7KD69MBG400/rtl/communication/pcie_slot_number.v(line number: 44)] Removed bmsWIDEDFFCPE inst slot_number_nvme[49:0] at 40 that is stuck at constant 0.
W: Adm-4083: [C:/CPLD/pango/2_Tieta_Feiteng/Tieta_Feiteng_2001_PGC7KD69MBG400/rtl/communication/pcie_slot_number.v(line number: 44)] Removed bmsWIDEDFFCPE inst slot_number_nvme[49:0] at 41 that is stuck at constant 0.
W: Adm-4083: [C:/CPLD/pango/2_Tieta_Feiteng/Tieta_Feiteng_2001_PGC7KD69MBG400/rtl/communication/pcie_slot_number.v(line number: 44)] Removed bmsWIDEDFFCPE inst slot_number_nvme[49:0] at 42 that is stuck at constant 0.
W: Adm-4083: [C:/CPLD/pango/2_Tieta_Feiteng/Tieta_Feiteng_2001_PGC7KD69MBG400/rtl/communication/pcie_slot_number.v(line number: 44)] Removed bmsWIDEDFFCPE inst slot_number_nvme[49:0] at 43 that is stuck at constant 0.
W: Adm-4083: [C:/CPLD/pango/2_Tieta_Feiteng/Tieta_Feiteng_2001_PGC7KD69MBG400/rtl/communication/pcie_slot_number.v(line number: 44)] Removed bmsWIDEDFFCPE inst slot_number_nvme[49:0] at 44 that is stuck at constant 0.
W: Adm-4083: [C:/CPLD/pango/2_Tieta_Feiteng/Tieta_Feiteng_2001_PGC7KD69MBG400/rtl/communication/pcie_slot_number.v(line number: 44)] Removed bmsWIDEDFFCPE inst slot_number_nvme[49:0] at 45 that is stuck at constant 0.
W: Adm-4083: [C:/CPLD/pango/2_Tieta_Feiteng/Tieta_Feiteng_2001_PGC7KD69MBG400/rtl/communication/pcie_slot_number.v(line number: 44)] Removed bmsWIDEDFFCPE inst slot_number_nvme[49:0] at 46 that is stuck at constant 0.
W: Adm-4083: [C:/CPLD/pango/2_Tieta_Feiteng/Tieta_Feiteng_2001_PGC7KD69MBG400/rtl/communication/pcie_slot_number.v(line number: 44)] Removed bmsWIDEDFFCPE inst slot_number_nvme[49:0] at 47 that is stuck at constant 0.
W: Adm-4083: [C:/CPLD/pango/2_Tieta_Feiteng/Tieta_Feiteng_2001_PGC7KD69MBG400/rtl/communication/pcie_slot_number.v(line number: 44)] Removed bmsWIDEDFFCPE inst slot_number_nvme[49:0] at 48 that is stuck at constant 0.
W: Adm-4083: [C:/CPLD/pango/2_Tieta_Feiteng/Tieta_Feiteng_2001_PGC7KD69MBG400/rtl/communication/pcie_slot_number.v(line number: 44)] Removed bmsWIDEDFFCPE inst slot_number_nvme[49:0] at 49 that is stuck at constant 0.
W: Adm-4083: [C:/CPLD/pango/2_Tieta_Feiteng/Tieta_Feiteng_2001_PGC7KD69MBG400/rtl/communication/pcie_slot_number.v(line number: 44)] Removed bmsWIDEDFFCPE inst slot_number_nvme[79:50] at 8 that is stuck at constant 0.
W: Adm-4083: [C:/CPLD/pango/2_Tieta_Feiteng/Tieta_Feiteng_2001_PGC7KD69MBG400/rtl/communication/pcie_slot_number.v(line number: 44)] Removed bmsWIDEDFFCPE inst slot_number_nvme[79:50] at 9 that is stuck at constant 0.
W: Adm-4083: [C:/CPLD/pango/2_Tieta_Feiteng/Tieta_Feiteng_2001_PGC7KD69MBG400/rtl/communication/pcie_slot_number.v(line number: 44)] Removed bmsWIDEDFFCPE inst slot_number_nvme[79:50] at 10 that is stuck at constant 0.
W: Adm-4083: [C:/CPLD/pango/2_Tieta_Feiteng/Tieta_Feiteng_2001_PGC7KD69MBG400/rtl/communication/pcie_slot_number.v(line number: 44)] Removed bmsWIDEDFFCPE inst slot_number_nvme[79:50] at 11 that is stuck at constant 0.
W: Adm-4083: [C:/CPLD/pango/2_Tieta_Feiteng/Tieta_Feiteng_2001_PGC7KD69MBG400/rtl/communication/pcie_slot_number.v(line number: 44)] Removed bmsWIDEDFFCPE inst slot_number_nvme[79:50] at 12 that is stuck at constant 0.
W: Adm-4083: [C:/CPLD/pango/2_Tieta_Feiteng/Tieta_Feiteng_2001_PGC7KD69MBG400/rtl/communication/pcie_slot_number.v(line number: 44)] Removed bmsWIDEDFFCPE inst slot_number_nvme[79:50] at 13 that is stuck at constant 0.
W: Adm-4083: [C:/CPLD/pango/2_Tieta_Feiteng/Tieta_Feiteng_2001_PGC7KD69MBG400/rtl/communication/pcie_slot_number.v(line number: 44)] Removed bmsWIDEDFFCPE inst slot_number_nvme[79:50] at 14 that is stuck at constant 0.
W: Adm-4083: [C:/CPLD/pango/2_Tieta_Feiteng/Tieta_Feiteng_2001_PGC7KD69MBG400/rtl/communication/pcie_slot_number.v(line number: 44)] Removed bmsWIDEDFFCPE inst slot_number_nvme[79:50] at 15 that is stuck at constant 0.
W: Adm-4083: [C:/CPLD/pango/2_Tieta_Feiteng/Tieta_Feiteng_2001_PGC7KD69MBG400/rtl/communication/pcie_slot_number.v(line number: 44)] Removed bmsWIDEDFFCPE inst slot_number_nvme[79:50] at 16 that is stuck at constant 0.
W: Adm-4083: [C:/CPLD/pango/2_Tieta_Feiteng/Tieta_Feiteng_2001_PGC7KD69MBG400/rtl/communication/pcie_slot_number.v(line number: 44)] Removed bmsWIDEDFFCPE inst slot_number_nvme[79:50] at 17 that is stuck at constant 0.
W: Adm-4083: [C:/CPLD/pango/2_Tieta_Feiteng/Tieta_Feiteng_2001_PGC7KD69MBG400/rtl/communication/pcie_slot_number.v(line number: 44)] Removed bmsWIDEDFFCPE inst slot_number_nvme[79:50] at 18 that is stuck at constant 0.
W: Adm-4083: [C:/CPLD/pango/2_Tieta_Feiteng/Tieta_Feiteng_2001_PGC7KD69MBG400/rtl/communication/pcie_slot_number.v(line number: 44)] Removed bmsWIDEDFFCPE inst slot_number_nvme[79:50] at 19 that is stuck at constant 0.
W: Adm-4083: [C:/CPLD/pango/2_Tieta_Feiteng/Tieta_Feiteng_2001_PGC7KD69MBG400/rtl/communication/pcie_slot_number.v(line number: 44)] Removed bmsWIDEDFFCPE inst slot_number_nvme[79:50] at 20 that is stuck at constant 0.
W: Adm-4083: [C:/CPLD/pango/2_Tieta_Feiteng/Tieta_Feiteng_2001_PGC7KD69MBG400/rtl/communication/pcie_slot_number.v(line number: 44)] Removed bmsWIDEDFFCPE inst slot_number_nvme[79:50] at 21 that is stuck at constant 0.
W: Adm-4083: [C:/CPLD/pango/2_Tieta_Feiteng/Tieta_Feiteng_2001_PGC7KD69MBG400/rtl/communication/pcie_slot_number.v(line number: 44)] Removed bmsWIDEDFFCPE inst slot_number_nvme[79:50] at 22 that is stuck at constant 0.
W: Adm-4083: [C:/CPLD/pango/2_Tieta_Feiteng/Tieta_Feiteng_2001_PGC7KD69MBG400/rtl/communication/pcie_slot_number.v(line number: 44)] Removed bmsWIDEDFFCPE inst slot_number_nvme[79:50] at 23 that is stuck at constant 0.
W: Adm-4083: [C:/CPLD/pango/2_Tieta_Feiteng/Tieta_Feiteng_2001_PGC7KD69MBG400/rtl/communication/pcie_slot_number.v(line number: 44)] Removed bmsWIDEDFFCPE inst slot_number_nvme[79:50] at 24 that is stuck at constant 0.
W: Adm-4083: [C:/CPLD/pango/2_Tieta_Feiteng/Tieta_Feiteng_2001_PGC7KD69MBG400/rtl/communication/pcie_slot_number.v(line number: 44)] Removed bmsWIDEDFFCPE inst slot_number_nvme[79:50] at 25 that is stuck at constant 0.
W: Adm-4083: [C:/CPLD/pango/2_Tieta_Feiteng/Tieta_Feiteng_2001_PGC7KD69MBG400/rtl/communication/pcie_slot_number.v(line number: 44)] Removed bmsWIDEDFFCPE inst slot_number_nvme[79:50] at 26 that is stuck at constant 0.
W: Adm-4083: [C:/CPLD/pango/2_Tieta_Feiteng/Tieta_Feiteng_2001_PGC7KD69MBG400/rtl/communication/pcie_slot_number.v(line number: 44)] Removed bmsWIDEDFFCPE inst slot_number_nvme[79:50] at 27 that is stuck at constant 0.
W: Adm-4083: [C:/CPLD/pango/2_Tieta_Feiteng/Tieta_Feiteng_2001_PGC7KD69MBG400/rtl/communication/pcie_slot_number.v(line number: 44)] Removed bmsWIDEDFFCPE inst slot_number_nvme[79:50] at 28 that is stuck at constant 0.
W: Adm-4083: [C:/CPLD/pango/2_Tieta_Feiteng/Tieta_Feiteng_2001_PGC7KD69MBG400/rtl/communication/pcie_slot_number.v(line number: 44)] Removed bmsWIDEDFFCPE inst slot_number_nvme[79:50] at 29 that is stuck at constant 0.
I: Encoding type of FSM 'curr_state_fsm[2:0]' is: onehot.
I: Encoding table of FSM 'curr_state_fsm[2:0]':
I: from  UART_MASTER_VPP.UART_MASTER_VPP[0].PFR_UART_MASTER/curr_state[2] UART_MASTER_VPP.UART_MASTER_VPP[0].PFR_UART_MASTER/curr_state[1] UART_MASTER_VPP.UART_MASTER_VPP[0].PFR_UART_MASTER/curr_state[0]
I: to  UART_MASTER_VPP.UART_MASTER_VPP[0].PFR_UART_MASTER/curr_state_reg[5] UART_MASTER_VPP.UART_MASTER_VPP[0].PFR_UART_MASTER/curr_state_reg[4] UART_MASTER_VPP.UART_MASTER_VPP[0].PFR_UART_MASTER/curr_state_reg[3] UART_MASTER_VPP.UART_MASTER_VPP[0].PFR_UART_MASTER/curr_state_reg[2] UART_MASTER_VPP.UART_MASTER_VPP[0].PFR_UART_MASTER/curr_state_reg[1] UART_MASTER_VPP.UART_MASTER_VPP[0].PFR_UART_MASTER/curr_state_reg[0]
I: 000 => 000001
I: 001 => 000010
I: 010 => 000100
I: 011 => 001000
I: 100 => 010000
I: 101 => 100000
I: Encoding type of FSM 'curr_state_fsm[2:0]' is: onehot.
I: Encoding table of FSM 'curr_state_fsm[2:0]':
I: from  UART_MASTER_VPP.UART_MASTER_VPP[1].PFR_UART_MASTER/curr_state[2] UART_MASTER_VPP.UART_MASTER_VPP[1].PFR_UART_MASTER/curr_state[1] UART_MASTER_VPP.UART_MASTER_VPP[1].PFR_UART_MASTER/curr_state[0]
I: to  UART_MASTER_VPP.UART_MASTER_VPP[1].PFR_UART_MASTER/curr_state_reg[5] UART_MASTER_VPP.UART_MASTER_VPP[1].PFR_UART_MASTER/curr_state_reg[4] UART_MASTER_VPP.UART_MASTER_VPP[1].PFR_UART_MASTER/curr_state_reg[3] UART_MASTER_VPP.UART_MASTER_VPP[1].PFR_UART_MASTER/curr_state_reg[2] UART_MASTER_VPP.UART_MASTER_VPP[1].PFR_UART_MASTER/curr_state_reg[1] UART_MASTER_VPP.UART_MASTER_VPP[1].PFR_UART_MASTER/curr_state_reg[0]
I: 000 => 000001
I: 001 => 000010
I: 010 => 000100
I: 011 => 001000
I: 100 => 010000
I: 101 => 100000
I: Encoding type of FSM 'curr_state_fsm[2:0]' is: onehot.
I: Encoding table of FSM 'curr_state_fsm[2:0]':
I: from  UART_MASTER_VPP.UART_MASTER_VPP[2].PFR_UART_MASTER/curr_state[2] UART_MASTER_VPP.UART_MASTER_VPP[2].PFR_UART_MASTER/curr_state[1] UART_MASTER_VPP.UART_MASTER_VPP[2].PFR_UART_MASTER/curr_state[0]
I: to  UART_MASTER_VPP.UART_MASTER_VPP[2].PFR_UART_MASTER/curr_state_reg[5] UART_MASTER_VPP.UART_MASTER_VPP[2].PFR_UART_MASTER/curr_state_reg[4] UART_MASTER_VPP.UART_MASTER_VPP[2].PFR_UART_MASTER/curr_state_reg[3] UART_MASTER_VPP.UART_MASTER_VPP[2].PFR_UART_MASTER/curr_state_reg[2] UART_MASTER_VPP.UART_MASTER_VPP[2].PFR_UART_MASTER/curr_state_reg[1] UART_MASTER_VPP.UART_MASTER_VPP[2].PFR_UART_MASTER/curr_state_reg[0]
I: 000 => 000001
I: 001 => 000010
I: 010 => 000100
I: 011 => 001000
I: 100 => 010000
I: 101 => 100000
I: Encoding type of FSM 'curr_state_fsm[2:0]' is: onehot.
I: Encoding table of FSM 'curr_state_fsm[2:0]':
I: from  UART_MASTER_VPP.UART_MASTER_VPP[3].PFR_UART_MASTER/curr_state[2] UART_MASTER_VPP.UART_MASTER_VPP[3].PFR_UART_MASTER/curr_state[1] UART_MASTER_VPP.UART_MASTER_VPP[3].PFR_UART_MASTER/curr_state[0]
I: to  UART_MASTER_VPP.UART_MASTER_VPP[3].PFR_UART_MASTER/curr_state_reg[5] UART_MASTER_VPP.UART_MASTER_VPP[3].PFR_UART_MASTER/curr_state_reg[4] UART_MASTER_VPP.UART_MASTER_VPP[3].PFR_UART_MASTER/curr_state_reg[3] UART_MASTER_VPP.UART_MASTER_VPP[3].PFR_UART_MASTER/curr_state_reg[2] UART_MASTER_VPP.UART_MASTER_VPP[3].PFR_UART_MASTER/curr_state_reg[1] UART_MASTER_VPP.UART_MASTER_VPP[3].PFR_UART_MASTER/curr_state_reg[0]
I: 000 => 000001
I: 001 => 000010
I: 010 => 000100
I: 011 => 001000
I: 100 => 010000
I: 101 => 100000
I: Encoding type of FSM 'curr_state_fsm[2:0]' is: onehot.
I: Encoding table of FSM 'curr_state_fsm[2:0]':
I: from  UART_MASTER_VPP.UART_MASTER_VPP[4].PFR_UART_MASTER/curr_state[2] UART_MASTER_VPP.UART_MASTER_VPP[4].PFR_UART_MASTER/curr_state[1] UART_MASTER_VPP.UART_MASTER_VPP[4].PFR_UART_MASTER/curr_state[0]
I: to  UART_MASTER_VPP.UART_MASTER_VPP[4].PFR_UART_MASTER/curr_state_reg[5] UART_MASTER_VPP.UART_MASTER_VPP[4].PFR_UART_MASTER/curr_state_reg[4] UART_MASTER_VPP.UART_MASTER_VPP[4].PFR_UART_MASTER/curr_state_reg[3] UART_MASTER_VPP.UART_MASTER_VPP[4].PFR_UART_MASTER/curr_state_reg[2] UART_MASTER_VPP.UART_MASTER_VPP[4].PFR_UART_MASTER/curr_state_reg[1] UART_MASTER_VPP.UART_MASTER_VPP[4].PFR_UART_MASTER/curr_state_reg[0]
I: 000 => 000001
I: 001 => 000010
I: 010 => 000100
I: 011 => 001000
I: 100 => 010000
I: 101 => 100000
I: Encoding type of FSM 'curr_state_fsm[2:0]' is: onehot.
I: Encoding table of FSM 'curr_state_fsm[2:0]':
I: from  UART_MASTER_VPP.UART_MASTER_VPP[5].PFR_UART_MASTER/curr_state[2] UART_MASTER_VPP.UART_MASTER_VPP[5].PFR_UART_MASTER/curr_state[1] UART_MASTER_VPP.UART_MASTER_VPP[5].PFR_UART_MASTER/curr_state[0]
I: to  UART_MASTER_VPP.UART_MASTER_VPP[5].PFR_UART_MASTER/curr_state_reg[5] UART_MASTER_VPP.UART_MASTER_VPP[5].PFR_UART_MASTER/curr_state_reg[4] UART_MASTER_VPP.UART_MASTER_VPP[5].PFR_UART_MASTER/curr_state_reg[3] UART_MASTER_VPP.UART_MASTER_VPP[5].PFR_UART_MASTER/curr_state_reg[2] UART_MASTER_VPP.UART_MASTER_VPP[5].PFR_UART_MASTER/curr_state_reg[1] UART_MASTER_VPP.UART_MASTER_VPP[5].PFR_UART_MASTER/curr_state_reg[0]
I: 000 => 000001
I: 001 => 000010
I: 010 => 000100
I: 011 => 001000
I: 100 => 010000
I: 101 => 100000
I: Encoding type of FSM 'curr_state_fsm[2:0]' is: onehot.
I: Encoding table of FSM 'curr_state_fsm[2:0]':
I: from  UART_MASTER_VPP.UART_MASTER_VPP[6].PFR_UART_MASTER/curr_state[2] UART_MASTER_VPP.UART_MASTER_VPP[6].PFR_UART_MASTER/curr_state[1] UART_MASTER_VPP.UART_MASTER_VPP[6].PFR_UART_MASTER/curr_state[0]
I: to  UART_MASTER_VPP.UART_MASTER_VPP[6].PFR_UART_MASTER/curr_state_reg[5] UART_MASTER_VPP.UART_MASTER_VPP[6].PFR_UART_MASTER/curr_state_reg[4] UART_MASTER_VPP.UART_MASTER_VPP[6].PFR_UART_MASTER/curr_state_reg[3] UART_MASTER_VPP.UART_MASTER_VPP[6].PFR_UART_MASTER/curr_state_reg[2] UART_MASTER_VPP.UART_MASTER_VPP[6].PFR_UART_MASTER/curr_state_reg[1] UART_MASTER_VPP.UART_MASTER_VPP[6].PFR_UART_MASTER/curr_state_reg[0]
I: 000 => 000001
I: 001 => 000010
I: 010 => 000100
I: 011 => 001000
I: 100 => 010000
I: 101 => 100000
I: Encoding type of FSM 'curr_state_fsm[2:0]' is: onehot.
I: Encoding table of FSM 'curr_state_fsm[2:0]':
I: from  UART_MASTER_VPP.UART_MASTER_VPP[7].PFR_UART_MASTER/curr_state[2] UART_MASTER_VPP.UART_MASTER_VPP[7].PFR_UART_MASTER/curr_state[1] UART_MASTER_VPP.UART_MASTER_VPP[7].PFR_UART_MASTER/curr_state[0]
I: to  UART_MASTER_VPP.UART_MASTER_VPP[7].PFR_UART_MASTER/curr_state_reg[5] UART_MASTER_VPP.UART_MASTER_VPP[7].PFR_UART_MASTER/curr_state_reg[4] UART_MASTER_VPP.UART_MASTER_VPP[7].PFR_UART_MASTER/curr_state_reg[3] UART_MASTER_VPP.UART_MASTER_VPP[7].PFR_UART_MASTER/curr_state_reg[2] UART_MASTER_VPP.UART_MASTER_VPP[7].PFR_UART_MASTER/curr_state_reg[1] UART_MASTER_VPP.UART_MASTER_VPP[7].PFR_UART_MASTER/curr_state_reg[0]
I: 000 => 000001
I: 001 => 000010
I: 010 => 000100
I: 011 => 001000
I: 100 => 010000
I: 101 => 100000
I: Encoding type of FSM 'curr_state_fsm[2:0]' is: onehot.
I: Encoding table of FSM 'curr_state_fsm[2:0]':
I: from  UART_MASTER_VPP.UART_MASTER_VPP[8].PFR_UART_MASTER/curr_state[2] UART_MASTER_VPP.UART_MASTER_VPP[8].PFR_UART_MASTER/curr_state[1] UART_MASTER_VPP.UART_MASTER_VPP[8].PFR_UART_MASTER/curr_state[0]
I: to  UART_MASTER_VPP.UART_MASTER_VPP[8].PFR_UART_MASTER/curr_state_reg[5] UART_MASTER_VPP.UART_MASTER_VPP[8].PFR_UART_MASTER/curr_state_reg[4] UART_MASTER_VPP.UART_MASTER_VPP[8].PFR_UART_MASTER/curr_state_reg[3] UART_MASTER_VPP.UART_MASTER_VPP[8].PFR_UART_MASTER/curr_state_reg[2] UART_MASTER_VPP.UART_MASTER_VPP[8].PFR_UART_MASTER/curr_state_reg[1] UART_MASTER_VPP.UART_MASTER_VPP[8].PFR_UART_MASTER/curr_state_reg[0]
I: 000 => 000001
I: 001 => 000010
I: 010 => 000100
I: 011 => 001000
I: 100 => 010000
I: 101 => 100000
I: Encoding type of FSM 'curr_state_fsm[2:0]' is: onehot.
I: Encoding table of FSM 'curr_state_fsm[2:0]':
I: from  UART_MASTER_VPP.UART_MASTER_VPP[9].PFR_UART_MASTER/curr_state[2] UART_MASTER_VPP.UART_MASTER_VPP[9].PFR_UART_MASTER/curr_state[1] UART_MASTER_VPP.UART_MASTER_VPP[9].PFR_UART_MASTER/curr_state[0]
I: to  UART_MASTER_VPP.UART_MASTER_VPP[9].PFR_UART_MASTER/curr_state_reg[5] UART_MASTER_VPP.UART_MASTER_VPP[9].PFR_UART_MASTER/curr_state_reg[4] UART_MASTER_VPP.UART_MASTER_VPP[9].PFR_UART_MASTER/curr_state_reg[3] UART_MASTER_VPP.UART_MASTER_VPP[9].PFR_UART_MASTER/curr_state_reg[2] UART_MASTER_VPP.UART_MASTER_VPP[9].PFR_UART_MASTER/curr_state_reg[1] UART_MASTER_VPP.UART_MASTER_VPP[9].PFR_UART_MASTER/curr_state_reg[0]
I: 000 => 000001
I: 001 => 000010
I: 010 => 000100
I: 011 => 001000
I: 100 => 010000
I: 101 => 100000
I: Encoding type of FSM 'curr_state_fsm[2:0]' is: onehot.
I: Encoding table of FSM 'curr_state_fsm[2:0]':
I: from  UART_MASTER_VPP.UART_MASTER_VPP[10].PFR_UART_MASTER/curr_state[2] UART_MASTER_VPP.UART_MASTER_VPP[10].PFR_UART_MASTER/curr_state[1] UART_MASTER_VPP.UART_MASTER_VPP[10].PFR_UART_MASTER/curr_state[0]
I: to  UART_MASTER_VPP.UART_MASTER_VPP[10].PFR_UART_MASTER/curr_state_reg[5] UART_MASTER_VPP.UART_MASTER_VPP[10].PFR_UART_MASTER/curr_state_reg[4] UART_MASTER_VPP.UART_MASTER_VPP[10].PFR_UART_MASTER/curr_state_reg[3] UART_MASTER_VPP.UART_MASTER_VPP[10].PFR_UART_MASTER/curr_state_reg[2] UART_MASTER_VPP.UART_MASTER_VPP[10].PFR_UART_MASTER/curr_state_reg[1] UART_MASTER_VPP.UART_MASTER_VPP[10].PFR_UART_MASTER/curr_state_reg[0]
I: 000 => 000001
I: 001 => 000010
I: 010 => 000100
I: 011 => 001000
I: 100 => 010000
I: 101 => 100000
I: Encoding type of FSM 'curr_state_fsm[2:0]' is: onehot.
I: Encoding table of FSM 'curr_state_fsm[2:0]':
I: from  UART_MASTER_VPP.UART_MASTER_VPP[11].PFR_UART_MASTER/curr_state[2] UART_MASTER_VPP.UART_MASTER_VPP[11].PFR_UART_MASTER/curr_state[1] UART_MASTER_VPP.UART_MASTER_VPP[11].PFR_UART_MASTER/curr_state[0]
I: to  UART_MASTER_VPP.UART_MASTER_VPP[11].PFR_UART_MASTER/curr_state_reg[5] UART_MASTER_VPP.UART_MASTER_VPP[11].PFR_UART_MASTER/curr_state_reg[4] UART_MASTER_VPP.UART_MASTER_VPP[11].PFR_UART_MASTER/curr_state_reg[3] UART_MASTER_VPP.UART_MASTER_VPP[11].PFR_UART_MASTER/curr_state_reg[2] UART_MASTER_VPP.UART_MASTER_VPP[11].PFR_UART_MASTER/curr_state_reg[1] UART_MASTER_VPP.UART_MASTER_VPP[11].PFR_UART_MASTER/curr_state_reg[0]
I: 000 => 000001
I: 001 => 000010
I: 010 => 000100
I: 011 => 001000
I: 100 => 010000
I: 101 => 100000
I: Encoding type of FSM 'curr_state_fsm[6:0]' is: onehot.
I: Encoding table of FSM 'curr_state_fsm[6:0]':
I: from  inst_i2c_inf/curr_state[6] inst_i2c_inf/curr_state[5] inst_i2c_inf/curr_state[4] inst_i2c_inf/curr_state[3] inst_i2c_inf/curr_state[2] inst_i2c_inf/curr_state[1] inst_i2c_inf/curr_state[0]
I: to  inst_i2c_inf/curr_state_reg[6] inst_i2c_inf/curr_state_reg[5] inst_i2c_inf/curr_state_reg[4] inst_i2c_inf/curr_state_reg[3] inst_i2c_inf/curr_state_reg[2] inst_i2c_inf/curr_state_reg[1] inst_i2c_inf/curr_state_reg[0]
I: 0000001 => 0000001
I: 0000010 => 0000010
I: 0000100 => 0000100
I: 0001000 => 0001000
I: 0010000 => 0010000
I: 0100000 => 0100000
I: 1000000 => 1000000
I: Encoding type of FSM 'curr_state_fsm[2:0]' is: onehot.
I: Encoding table of FSM 'curr_state_fsm[2:0]':
I: from  uart_master_u3/curr_state[2] uart_master_u3/curr_state[1] uart_master_u3/curr_state[0]
I: to  uart_master_u3/curr_state_reg[5] uart_master_u3/curr_state_reg[4] uart_master_u3/curr_state_reg[3] uart_master_u3/curr_state_reg[2] uart_master_u3/curr_state_reg[1] uart_master_u3/curr_state_reg[0]
I: 000 => 000001
I: 001 => 000010
I: 010 => 000100
I: 011 => 001000
I: 100 => 010000
I: 101 => 100000
I: Encoding type of FSM 'curr_state_fsm[2:0]' is: onehot.
I: Encoding table of FSM 'curr_state_fsm[2:0]':
I: from  uart_master_u5/curr_state[2] uart_master_u5/curr_state[1] uart_master_u5/curr_state[0]
I: to  uart_master_u5/curr_state_reg[5] uart_master_u5/curr_state_reg[4] uart_master_u5/curr_state_reg[3] uart_master_u5/curr_state_reg[2] uart_master_u5/curr_state_reg[1] uart_master_u5/curr_state_reg[0]
I: 000 => 000001
I: 001 => 000010
I: 010 => 000100
I: 011 => 001000
I: 100 => 010000
I: 101 => 100000
I: Encoding type of FSM 'curr_state_fsm[2:0]' is: onehot.
I: Encoding table of FSM 'curr_state_fsm[2:0]':
I: from  uart_master_u6/curr_state[2] uart_master_u6/curr_state[1] uart_master_u6/curr_state[0]
I: to  uart_master_u6/curr_state_reg[5] uart_master_u6/curr_state_reg[4] uart_master_u6/curr_state_reg[3] uart_master_u6/curr_state_reg[2] uart_master_u6/curr_state_reg[1] uart_master_u6/curr_state_reg[0]
I: 000 => 000001
I: 001 => 000010
I: 010 => 000100
I: 011 => 001000
I: 100 => 010000
I: 101 => 100000
I: Encoding type of FSM 'curr_state_fsm[2:0]' is: onehot.
I: Encoding table of FSM 'curr_state_fsm[2:0]':
I: from  uart_master_u10/curr_state[2] uart_master_u10/curr_state[1] uart_master_u10/curr_state[0]
I: to  uart_master_u10/curr_state_reg[5] uart_master_u10/curr_state_reg[4] uart_master_u10/curr_state_reg[3] uart_master_u10/curr_state_reg[2] uart_master_u10/curr_state_reg[1] uart_master_u10/curr_state_reg[0]
I: 000 => 000001
I: 001 => 000010
I: 010 => 000100
I: 011 => 001000
I: 100 => 010000
I: 101 => 100000
I: Encoding type of FSM 'curr_state_fsm[2:0]' is: onehot.
I: Encoding table of FSM 'curr_state_fsm[2:0]':
I: from  uart_master_u11/curr_state[2] uart_master_u11/curr_state[1] uart_master_u11/curr_state[0]
I: to  uart_master_u11/curr_state_reg[5] uart_master_u11/curr_state_reg[4] uart_master_u11/curr_state_reg[3] uart_master_u11/curr_state_reg[2] uart_master_u11/curr_state_reg[1] uart_master_u11/curr_state_reg[0]
I: 000 => 000001
I: 001 => 000010
I: 010 => 000100
I: 011 => 001000
I: 100 => 010000
I: 101 => 100000
I: Encoding type of FSM 'curr_state_fsm[2:0]' is: onehot.
I: Encoding table of FSM 'curr_state_fsm[2:0]':
I: from  uart_master_u12/curr_state[2] uart_master_u12/curr_state[1] uart_master_u12/curr_state[0]
I: to  uart_master_u12/curr_state_reg[5] uart_master_u12/curr_state_reg[4] uart_master_u12/curr_state_reg[3] uart_master_u12/curr_state_reg[2] uart_master_u12/curr_state_reg[1] uart_master_u12/curr_state_reg[0]
I: 000 => 000001
I: 001 => 000010
I: 010 => 000100
I: 011 => 001000
I: 100 => 010000
I: 101 => 100000
I: CounterOpt reduce bits [5:5] of bps_count_bit[5:0] to const.
I: CounterOpt reduce bits [4:2] of wait_time[4:0] to const.
I: CounterOpt reduce bits [5:5] of bps_count_bit[5:0] to const.
I: CounterOpt reduce bits [4:2] of wait_time[4:0] to const.
I: CounterOpt reduce bits [5:5] of bps_count_bit[5:0] to const.
I: CounterOpt reduce bits [4:2] of wait_time[4:0] to const.
I: CounterOpt reduce bits [5:5] of bps_count_bit[5:0] to const.
I: CounterOpt reduce bits [4:2] of wait_time[4:0] to const.
I: CounterOpt reduce bits [5:5] of bps_count_bit[5:0] to const.
I: CounterOpt reduce bits [4:2] of wait_time[4:0] to const.
I: CounterOpt reduce bits [5:5] of bps_count_bit[5:0] to const.
I: CounterOpt reduce bits [4:2] of wait_time[4:0] to const.
I: CounterOpt reduce bits [5:5] of bps_count_bit[5:0] to const.
I: CounterOpt reduce bits [4:2] of wait_time[4:0] to const.
I: CounterOpt reduce bits [5:5] of bps_count_bit[5:0] to const.
I: CounterOpt reduce bits [4:2] of wait_time[4:0] to const.
I: CounterOpt reduce bits [5:5] of bps_count_bit[5:0] to const.
I: CounterOpt reduce bits [4:2] of wait_time[4:0] to const.
I: CounterOpt reduce bits [5:5] of bps_count_bit[5:0] to const.
I: CounterOpt reduce bits [4:2] of wait_time[4:0] to const.
I: CounterOpt reduce bits [5:5] of bps_count_bit[5:0] to const.
I: CounterOpt reduce bits [4:2] of wait_time[4:0] to const.
I: CounterOpt reduce bits [5:5] of bps_count_bit[5:0] to const.
I: CounterOpt reduce bits [4:2] of wait_time[4:0] to const.
I: CounterOpt reduce bits [4:2] of wait_time[4:0] to const.
I: CounterOpt reduce bits [4:2] of wait_time[4:0] to const.
I: CounterOpt reduce bits [4:2] of wait_time[4:0] to const.
I: CounterOpt reduce bits [4:2] of wait_time[4:0] to const.
I: CounterOpt reduce bits [4:2] of wait_time[4:0] to const.
I: CounterOpt reduce bits [4:2] of wait_time[4:0] to const.
I: Removed bmsWIDEDFFCPE inst w_cpu0_die1_alloc_2/o_pcie_date[3:0] that is redundant to w_cpu0_die1_alloc_1/o_pcie_date[3:0]
I: Removed bmsWIDEDFFCPE inst w_cpu1_die0_alloc_1/o_pcie_date[3:0] that is redundant to w_cpu0_die1_alloc_1/o_pcie_date[3:0]
W: Adm-4083: [C:/CPLD/pango/2_Tieta_Feiteng/Tieta_Feiteng_2001_PGC7KD69MBG400/rtl/communication/UART_MASTER_VPP.v(line number: 159)] Removed bmsWIDEDFFCPE inst bps_count_bit[5:0] at 5 that is stuck at constant 0.
W: Adm-4083: [C:/CPLD/pango/2_Tieta_Feiteng/Tieta_Feiteng_2001_PGC7KD69MBG400/rtl/communication/UART_MASTER_VPP.v(line number: 73)] Removed bmsWIDEDFFCPE inst wait_time[4:0] at 2 that is stuck at constant 0.
W: Adm-4083: [C:/CPLD/pango/2_Tieta_Feiteng/Tieta_Feiteng_2001_PGC7KD69MBG400/rtl/communication/UART_MASTER_VPP.v(line number: 159)] Removed bmsWIDEDFFCPE inst bps_count_bit[5:0] at 5 that is stuck at constant 0.
W: Adm-4083: [C:/CPLD/pango/2_Tieta_Feiteng/Tieta_Feiteng_2001_PGC7KD69MBG400/rtl/communication/UART_MASTER_VPP.v(line number: 73)] Removed bmsWIDEDFFCPE inst wait_time[4:0] at 2 that is stuck at constant 0.
W: Adm-4083: [C:/CPLD/pango/2_Tieta_Feiteng/Tieta_Feiteng_2001_PGC7KD69MBG400/rtl/communication/UART_MASTER_VPP.v(line number: 159)] Removed bmsWIDEDFFCPE inst bps_count_bit[5:0] at 5 that is stuck at constant 0.
W: Adm-4083: [C:/CPLD/pango/2_Tieta_Feiteng/Tieta_Feiteng_2001_PGC7KD69MBG400/rtl/communication/UART_MASTER_VPP.v(line number: 73)] Removed bmsWIDEDFFCPE inst wait_time[4:0] at 2 that is stuck at constant 0.
W: Adm-4083: [C:/CPLD/pango/2_Tieta_Feiteng/Tieta_Feiteng_2001_PGC7KD69MBG400/rtl/communication/UART_MASTER_VPP.v(line number: 159)] Removed bmsWIDEDFFCPE inst bps_count_bit[5:0] at 5 that is stuck at constant 0.
W: Adm-4083: [C:/CPLD/pango/2_Tieta_Feiteng/Tieta_Feiteng_2001_PGC7KD69MBG400/rtl/communication/UART_MASTER_VPP.v(line number: 73)] Removed bmsWIDEDFFCPE inst wait_time[4:0] at 2 that is stuck at constant 0.
W: Adm-4083: [C:/CPLD/pango/2_Tieta_Feiteng/Tieta_Feiteng_2001_PGC7KD69MBG400/rtl/communication/UART_MASTER_VPP.v(line number: 159)] Removed bmsWIDEDFFCPE inst bps_count_bit[5:0] at 5 that is stuck at constant 0.
W: Adm-4083: [C:/CPLD/pango/2_Tieta_Feiteng/Tieta_Feiteng_2001_PGC7KD69MBG400/rtl/communication/UART_MASTER_VPP.v(line number: 73)] Removed bmsWIDEDFFCPE inst wait_time[4:0] at 2 that is stuck at constant 0.
W: Adm-4083: [C:/CPLD/pango/2_Tieta_Feiteng/Tieta_Feiteng_2001_PGC7KD69MBG400/rtl/communication/UART_MASTER_VPP.v(line number: 159)] Removed bmsWIDEDFFCPE inst bps_count_bit[5:0] at 5 that is stuck at constant 0.
W: Adm-4083: [C:/CPLD/pango/2_Tieta_Feiteng/Tieta_Feiteng_2001_PGC7KD69MBG400/rtl/communication/UART_MASTER_VPP.v(line number: 73)] Removed bmsWIDEDFFCPE inst wait_time[4:0] at 2 that is stuck at constant 0.
W: Adm-4083: [C:/CPLD/pango/2_Tieta_Feiteng/Tieta_Feiteng_2001_PGC7KD69MBG400/rtl/communication/UART_MASTER_VPP.v(line number: 159)] Removed bmsWIDEDFFCPE inst bps_count_bit[5:0] at 5 that is stuck at constant 0.
W: Adm-4083: [C:/CPLD/pango/2_Tieta_Feiteng/Tieta_Feiteng_2001_PGC7KD69MBG400/rtl/communication/UART_MASTER_VPP.v(line number: 73)] Removed bmsWIDEDFFCPE inst wait_time[4:0] at 2 that is stuck at constant 0.
W: Adm-4083: [C:/CPLD/pango/2_Tieta_Feiteng/Tieta_Feiteng_2001_PGC7KD69MBG400/rtl/communication/UART_MASTER_VPP.v(line number: 159)] Removed bmsWIDEDFFCPE inst bps_count_bit[5:0] at 5 that is stuck at constant 0.
W: Adm-4083: [C:/CPLD/pango/2_Tieta_Feiteng/Tieta_Feiteng_2001_PGC7KD69MBG400/rtl/communication/UART_MASTER_VPP.v(line number: 73)] Removed bmsWIDEDFFCPE inst wait_time[4:0] at 2 that is stuck at constant 0.
W: Adm-4083: [C:/CPLD/pango/2_Tieta_Feiteng/Tieta_Feiteng_2001_PGC7KD69MBG400/rtl/communication/UART_MASTER_VPP.v(line number: 159)] Removed bmsWIDEDFFCPE inst bps_count_bit[5:0] at 5 that is stuck at constant 0.
W: Adm-4083: [C:/CPLD/pango/2_Tieta_Feiteng/Tieta_Feiteng_2001_PGC7KD69MBG400/rtl/communication/UART_MASTER_VPP.v(line number: 73)] Removed bmsWIDEDFFCPE inst wait_time[4:0] at 2 that is stuck at constant 0.
W: Adm-4083: [C:/CPLD/pango/2_Tieta_Feiteng/Tieta_Feiteng_2001_PGC7KD69MBG400/rtl/communication/UART_MASTER_VPP.v(line number: 159)] Removed bmsWIDEDFFCPE inst bps_count_bit[5:0] at 5 that is stuck at constant 0.
W: Adm-4083: [C:/CPLD/pango/2_Tieta_Feiteng/Tieta_Feiteng_2001_PGC7KD69MBG400/rtl/communication/UART_MASTER_VPP.v(line number: 73)] Removed bmsWIDEDFFCPE inst wait_time[4:0] at 2 that is stuck at constant 0.
W: Adm-4083: [C:/CPLD/pango/2_Tieta_Feiteng/Tieta_Feiteng_2001_PGC7KD69MBG400/rtl/communication/UART_MASTER_VPP.v(line number: 159)] Removed bmsWIDEDFFCPE inst bps_count_bit[5:0] at 5 that is stuck at constant 0.
W: Adm-4083: [C:/CPLD/pango/2_Tieta_Feiteng/Tieta_Feiteng_2001_PGC7KD69MBG400/rtl/communication/UART_MASTER_VPP.v(line number: 73)] Removed bmsWIDEDFFCPE inst wait_time[4:0] at 2 that is stuck at constant 0.
W: Adm-4083: [C:/CPLD/pango/2_Tieta_Feiteng/Tieta_Feiteng_2001_PGC7KD69MBG400/rtl/communication/UART_MASTER_VPP.v(line number: 159)] Removed bmsWIDEDFFCPE inst bps_count_bit[5:0] at 5 that is stuck at constant 0.
W: Adm-4083: [C:/CPLD/pango/2_Tieta_Feiteng/Tieta_Feiteng_2001_PGC7KD69MBG400/rtl/communication/UART_MASTER_VPP.v(line number: 73)] Removed bmsWIDEDFFCPE inst wait_time[4:0] at 2 that is stuck at constant 0.
W: Adm-4083: [C:/CPLD/pango/2_Tieta_Feiteng/Tieta_Feiteng_2001_PGC7KD69MBG400/rtl/communication/uart_master.v(line number: 103)] Removed bmsWIDEDFFCPE inst wait_time[4:0] at 2 that is stuck at constant 0.
W: Adm-4083: [C:/CPLD/pango/2_Tieta_Feiteng/Tieta_Feiteng_2001_PGC7KD69MBG400/rtl/communication/uart_master.v(line number: 103)] Removed bmsWIDEDFFCPE inst wait_time[4:0] at 2 that is stuck at constant 0.
W: Adm-4083: [C:/CPLD/pango/2_Tieta_Feiteng/Tieta_Feiteng_2001_PGC7KD69MBG400/rtl/communication/uart_master.v(line number: 103)] Removed bmsWIDEDFFCPE inst wait_time[4:0] at 2 that is stuck at constant 0.
W: Adm-4083: [C:/CPLD/pango/2_Tieta_Feiteng/Tieta_Feiteng_2001_PGC7KD69MBG400/rtl/communication/uart_master.v(line number: 103)] Removed bmsWIDEDFFCPE inst wait_time[4:0] at 2 that is stuck at constant 0.
W: Adm-4083: [C:/CPLD/pango/2_Tieta_Feiteng/Tieta_Feiteng_2001_PGC7KD69MBG400/rtl/communication/uart_master.v(line number: 103)] Removed bmsWIDEDFFCPE inst wait_time[4:0] at 2 that is stuck at constant 0.
W: Adm-4083: [C:/CPLD/pango/2_Tieta_Feiteng/Tieta_Feiteng_2001_PGC7KD69MBG400/rtl/communication/uart_master.v(line number: 103)] Removed bmsWIDEDFFCPE inst wait_time[4:0] at 2 that is stuck at constant 0.
Executing : pre-mapping successfully. Time elapsed: 1.048s wall, 0.938s user + 0.094s system = 1.031s CPU (98.4%)

Start mod-gen.
W: Public-4008: [C:/CPLD/pango/2_Tieta_Feiteng/Tieta_Feiteng_2001_PGC7KD69MBG400/rtl/common/WDT_init.v(line number: 92)] Instance 'FanControl_m/m_WDT_init/r_boot_flag_n' of 'bmsWIDEDFFCPE' unit is dangling and will be cleaned.
W: Public-4008: [C:/CPLD/pango/2_Tieta_Feiteng/Tieta_Feiteng_2001_PGC7KD69MBG400/rtl/fan_ctrl/FanControl.v(line number: 75)] Instance 'FanControl_m/r_cpld_PWM_Counter[5:0]' of 'bmsWIDEDFFCPE' unit is dangling and will be cleaned.
W: Public-4008: [C:/CPLD/pango/2_Tieta_Feiteng/Tieta_Feiteng_2001_PGC7KD69MBG400/rtl/fan_ctrl/FanControl.v(line number: 204)] Instance 'FanControl_m/r_low_speed_pwr_on_vld' of 'bmsWIDEDFFCPE' unit is dangling and will be cleaned.
W: Public-4008: [C:/CPLD/pango/2_Tieta_Feiteng/Tieta_Feiteng_2001_PGC7KD69MBG400/rtl/common/WDT_init.v(line number: 92)] Instance 'FanControl_m/m_WDT_init/r_wdt_cnt[9:0]' of 'bmsWIDEDFFCPE' unit is dangling and will be cleaned.
W: Public-4008: [C:/CPLD/pango/2_Tieta_Feiteng/Tieta_Feiteng_2001_PGC7KD69MBG400/rtl/fan_ctrl/FanControl.v(line number: 204)] Instance 'FanControl_m/r_pwr_on_st_dly' of 'bmsWIDEDFFCPE' unit is dangling and will be cleaned.
W: Public-4008: [C:/CPLD/pango/2_Tieta_Feiteng/Tieta_Feiteng_2001_PGC7KD69MBG400/rtl/common/WDT.v(line number: 64)] Instance 'FanControl_m/m_WDT0/r_WDT_cnt_clk_dly1' of 'bmsWIDEDFFCPE' unit is dangling and will be cleaned.
W: Public-4008: [C:/CPLD/pango/2_Tieta_Feiteng/Tieta_Feiteng_2001_PGC7KD69MBG400/rtl/common/WDT.v(line number: 64)] Instance 'FanControl_m/m_WDT0/r_WDT_cnt_clk_dly2' of 'bmsWIDEDFFCPE' unit is dangling and will be cleaned.
W: Public-4008: [C:/CPLD/pango/2_Tieta_Feiteng/Tieta_Feiteng_2001_PGC7KD69MBG400/rtl/common/WDT.v(line number: 64)] Instance 'FanControl_m/m_WDT0/r_WDT_cnt_clr_dly1' of 'bmsWIDEDFFCPE' unit is dangling and will be cleaned.
W: Public-4008: [C:/CPLD/pango/2_Tieta_Feiteng/Tieta_Feiteng_2001_PGC7KD69MBG400/rtl/common/WDT.v(line number: 64)] Instance 'FanControl_m/m_WDT0/r_WDT_cnt_clr_dly2' of 'bmsWIDEDFFCPE' unit is dangling and will be cleaned.
W: Public-4008: [C:/CPLD/pango/2_Tieta_Feiteng/Tieta_Feiteng_2001_PGC7KD69MBG400/rtl/common/WDT.v(line number: 90)] Instance 'FanControl_m/m_WDT0/r_WDT_timeout' of 'bmsWIDEDFFCPE' unit is dangling and will be cleaned.
W: Public-4008: [C:/CPLD/pango/2_Tieta_Feiteng/Tieta_Feiteng_2001_PGC7KD69MBG400/rtl/common/WDT.v(line number: 90)] Instance 'FanControl_m/m_WDT0/r_wdt_cnt[9:0]' of 'bmsWIDEDFFCPE' unit is dangling and will be cleaned.
W: Public-4008: [C:/CPLD/pango/2_Tieta_Feiteng/Tieta_Feiteng_2001_PGC7KD69MBG400/rtl/common/WDT_init.v(line number: 65)] Instance 'FanControl_m/m_WDT_init/r_WDT_cnt_clk_dly1' of 'bmsWIDEDFFCPE' unit is dangling and will be cleaned.
W: Public-4008: [C:/CPLD/pango/2_Tieta_Feiteng/Tieta_Feiteng_2001_PGC7KD69MBG400/rtl/common/WDT_init.v(line number: 65)] Instance 'FanControl_m/m_WDT_init/r_WDT_cnt_clk_dly2' of 'bmsWIDEDFFCPE' unit is dangling and will be cleaned.
W: Public-4008: [C:/CPLD/pango/2_Tieta_Feiteng/Tieta_Feiteng_2001_PGC7KD69MBG400/rtl/common/WDT_init.v(line number: 65)] Instance 'FanControl_m/m_WDT_init/r_WDT_cnt_clr_dly1' of 'bmsWIDEDFFCPE' unit is dangling and will be cleaned.
W: Public-4008: [C:/CPLD/pango/2_Tieta_Feiteng/Tieta_Feiteng_2001_PGC7KD69MBG400/rtl/common/WDT_init.v(line number: 65)] Instance 'FanControl_m/m_WDT_init/r_WDT_cnt_clr_dly2' of 'bmsWIDEDFFCPE' unit is dangling and will be cleaned.
W: Public-4008: [C:/CPLD/pango/2_Tieta_Feiteng/Tieta_Feiteng_2001_PGC7KD69MBG400/rtl/common/WDT_init.v(line number: 92)] Instance 'FanControl_m/m_WDT_init/r_WDT_timeout' of 'bmsWIDEDFFCPE' unit is dangling and will be cleaned.
W: Public-4008: [C:/CPLD/pango/2_Tieta_Feiteng/Tieta_Feiteng_2001_PGC7KD69MBG400/rtl/communication/UART_MASTER_VPP.v(line number: 159)] Instance 'UART_MASTER_VPP.UART_MASTER_VPP[0].PFR_UART_MASTER/bps_count_bit[5:0]' of 'bmsWIDEDFFCPE' unit is dangling and will be cleaned.
W: Public-4008: [C:/CPLD/pango/2_Tieta_Feiteng/Tieta_Feiteng_2001_PGC7KD69MBG400/rtl/communication/UART_MASTER_VPP.v(line number: 171)] Instance 'UART_MASTER_VPP.UART_MASTER_VPP[0].PFR_UART_MASTER/data_count[4:0]' of 'bmsWIDEDFFCPE' unit is dangling and will be cleaned.
W: Public-4008: [C:/CPLD/pango/2_Tieta_Feiteng/Tieta_Feiteng_2001_PGC7KD69MBG400/rtl/communication/UART_MASTER_VPP.v(line number: 222)] Instance 'UART_MASTER_VPP.UART_MASTER_VPP[0].PFR_UART_MASTER/error_flag' of 'bmsWIDEDFFCPE' unit is dangling and will be cleaned.
W: Public-4008: [C:/CPLD/pango/2_Tieta_Feiteng/Tieta_Feiteng_2001_PGC7KD69MBG400/rtl/communication/UART_MASTER_VPP.v(line number: 148)] Instance 'UART_MASTER_VPP.UART_MASTER_VPP[0].PFR_UART_MASTER/last_state[2:0]' of 'bmsWIDEDFFCPE' unit is dangling and will be cleaned.
W: Public-4008: [C:/CPLD/pango/2_Tieta_Feiteng/Tieta_Feiteng_2001_PGC7KD69MBG400/rtl/communication/UART_MASTER_VPP.v(line number: 222)] Instance 'UART_MASTER_VPP.UART_MASTER_VPP[0].PFR_UART_MASTER/par_data_out[8:0]' of 'bmsWIDEDFFCPE' unit is dangling and will be cleaned.
W: Public-4008: [C:/CPLD/pango/2_Tieta_Feiteng/Tieta_Feiteng_2001_PGC7KD69MBG400/rtl/communication/UART_MASTER_VPP.v(line number: 171)] Instance 'UART_MASTER_VPP.UART_MASTER_VPP[0].PFR_UART_MASTER/read_flag' of 'bmsWIDEDFFCPE' unit is dangling and will be cleaned.
W: Public-4008: [C:/CPLD/pango/2_Tieta_Feiteng/Tieta_Feiteng_2001_PGC7KD69MBG400/rtl/communication/UART_MASTER_VPP.v(line number: 171)] Instance 'UART_MASTER_VPP.UART_MASTER_VPP[0].PFR_UART_MASTER/reg_par_data_out[14:0]' of 'bmsWIDEDFFRSE' unit is dangling and will be cleaned.
W: Public-4008: [C:/CPLD/pango/2_Tieta_Feiteng/Tieta_Feiteng_2001_PGC7KD69MBG400/rtl/communication/UART_MASTER_VPP.v(line number: 171)] Instance 'UART_MASTER_VPP.UART_MASTER_VPP[0].PFR_UART_MASTER/ser_data_out' of 'bmsWIDEDFFCPE' unit is dangling and will be cleaned.
W: Public-4008: [C:/CPLD/pango/2_Tieta_Feiteng/Tieta_Feiteng_2001_PGC7KD69MBG400/rtl/communication/UART_MASTER_VPP.v(line number: 171)] Instance 'UART_MASTER_VPP.UART_MASTER_VPP[0].PFR_UART_MASTER/ser_data_out_tri_enable' of 'bmsWIDEDFFCPE' unit is dangling and will be cleaned.
W: Public-4008: [C:/CPLD/pango/2_Tieta_Feiteng/Tieta_Feiteng_2001_PGC7KD69MBG400/rtl/communication/UART_MASTER_VPP.v(line number: 73)] Instance 'UART_MASTER_VPP.UART_MASTER_VPP[0].PFR_UART_MASTER/wait_time[4:0]' of 'bmsWIDEDFFCPE' unit is dangling and will be cleaned.
W: Public-4008: [C:/CPLD/pango/2_Tieta_Feiteng/Tieta_Feiteng_2001_PGC7KD69MBG400/rtl/communication/UART_MASTER_VPP.v(line number: 65)] Instance 'UART_MASTER_VPP.UART_MASTER_VPP[0].PFR_UART_MASTER/curr_state_reg' of 'bmsWIDEDFFPATCE' unit is dangling and will be cleaned.
W: Public-4008: [C:/CPLD/pango/2_Tieta_Feiteng/Tieta_Feiteng_2001_PGC7KD69MBG400/rtl/communication/UART_MASTER_VPP.v(line number: 159)] Instance 'UART_MASTER_VPP.UART_MASTER_VPP[1].PFR_UART_MASTER/bps_count_bit[5:0]' of 'bmsWIDEDFFCPE' unit is dangling and will be cleaned.
W: Public-4008: [C:/CPLD/pango/2_Tieta_Feiteng/Tieta_Feiteng_2001_PGC7KD69MBG400/rtl/communication/UART_MASTER_VPP.v(line number: 171)] Instance 'UART_MASTER_VPP.UART_MASTER_VPP[1].PFR_UART_MASTER/data_count[4:0]' of 'bmsWIDEDFFCPE' unit is dangling and will be cleaned.
W: Public-4008: [C:/CPLD/pango/2_Tieta_Feiteng/Tieta_Feiteng_2001_PGC7KD69MBG400/rtl/communication/UART_MASTER_VPP.v(line number: 222)] Instance 'UART_MASTER_VPP.UART_MASTER_VPP[1].PFR_UART_MASTER/error_flag' of 'bmsWIDEDFFCPE' unit is dangling and will be cleaned.
W: Public-4008: [C:/CPLD/pango/2_Tieta_Feiteng/Tieta_Feiteng_2001_PGC7KD69MBG400/rtl/communication/UART_MASTER_VPP.v(line number: 148)] Instance 'UART_MASTER_VPP.UART_MASTER_VPP[1].PFR_UART_MASTER/last_state[2:0]' of 'bmsWIDEDFFCPE' unit is dangling and will be cleaned.
W: Public-4008: [C:/CPLD/pango/2_Tieta_Feiteng/Tieta_Feiteng_2001_PGC7KD69MBG400/rtl/communication/UART_MASTER_VPP.v(line number: 222)] Instance 'UART_MASTER_VPP.UART_MASTER_VPP[1].PFR_UART_MASTER/par_data_out[8:0]' of 'bmsWIDEDFFCPE' unit is dangling and will be cleaned.
W: Public-4008: [C:/CPLD/pango/2_Tieta_Feiteng/Tieta_Feiteng_2001_PGC7KD69MBG400/rtl/communication/UART_MASTER_VPP.v(line number: 171)] Instance 'UART_MASTER_VPP.UART_MASTER_VPP[1].PFR_UART_MASTER/read_flag' of 'bmsWIDEDFFCPE' unit is dangling and will be cleaned.
W: Public-4008: [C:/CPLD/pango/2_Tieta_Feiteng/Tieta_Feiteng_2001_PGC7KD69MBG400/rtl/communication/UART_MASTER_VPP.v(line number: 171)] Instance 'UART_MASTER_VPP.UART_MASTER_VPP[1].PFR_UART_MASTER/reg_par_data_out[14:0]' of 'bmsWIDEDFFRSE' unit is dangling and will be cleaned.
W: Public-4008: [C:/CPLD/pango/2_Tieta_Feiteng/Tieta_Feiteng_2001_PGC7KD69MBG400/rtl/communication/UART_MASTER_VPP.v(line number: 171)] Instance 'UART_MASTER_VPP.UART_MASTER_VPP[1].PFR_UART_MASTER/ser_data_out' of 'bmsWIDEDFFCPE' unit is dangling and will be cleaned.
W: Public-4008: [C:/CPLD/pango/2_Tieta_Feiteng/Tieta_Feiteng_2001_PGC7KD69MBG400/rtl/communication/UART_MASTER_VPP.v(line number: 171)] Instance 'UART_MASTER_VPP.UART_MASTER_VPP[1].PFR_UART_MASTER/ser_data_out_tri_enable' of 'bmsWIDEDFFCPE' unit is dangling and will be cleaned.
W: Public-4008: [C:/CPLD/pango/2_Tieta_Feiteng/Tieta_Feiteng_2001_PGC7KD69MBG400/rtl/communication/UART_MASTER_VPP.v(line number: 73)] Instance 'UART_MASTER_VPP.UART_MASTER_VPP[1].PFR_UART_MASTER/wait_time[4:0]' of 'bmsWIDEDFFCPE' unit is dangling and will be cleaned.
W: Public-4008: [C:/CPLD/pango/2_Tieta_Feiteng/Tieta_Feiteng_2001_PGC7KD69MBG400/rtl/communication/UART_MASTER_VPP.v(line number: 65)] Instance 'UART_MASTER_VPP.UART_MASTER_VPP[1].PFR_UART_MASTER/curr_state_reg' of 'bmsWIDEDFFPATCE' unit is dangling and will be cleaned.
W: Public-4008: [C:/CPLD/pango/2_Tieta_Feiteng/Tieta_Feiteng_2001_PGC7KD69MBG400/rtl/communication/UART_MASTER_VPP.v(line number: 159)] Instance 'UART_MASTER_VPP.UART_MASTER_VPP[2].PFR_UART_MASTER/bps_count_bit[5:0]' of 'bmsWIDEDFFCPE' unit is dangling and will be cleaned.
W: Public-4008: [C:/CPLD/pango/2_Tieta_Feiteng/Tieta_Feiteng_2001_PGC7KD69MBG400/rtl/communication/UART_MASTER_VPP.v(line number: 171)] Instance 'UART_MASTER_VPP.UART_MASTER_VPP[2].PFR_UART_MASTER/data_count[4:0]' of 'bmsWIDEDFFCPE' unit is dangling and will be cleaned.
W: Public-4008: [C:/CPLD/pango/2_Tieta_Feiteng/Tieta_Feiteng_2001_PGC7KD69MBG400/rtl/communication/UART_MASTER_VPP.v(line number: 222)] Instance 'UART_MASTER_VPP.UART_MASTER_VPP[2].PFR_UART_MASTER/error_flag' of 'bmsWIDEDFFCPE' unit is dangling and will be cleaned.
W: Public-4008: [C:/CPLD/pango/2_Tieta_Feiteng/Tieta_Feiteng_2001_PGC7KD69MBG400/rtl/communication/UART_MASTER_VPP.v(line number: 148)] Instance 'UART_MASTER_VPP.UART_MASTER_VPP[2].PFR_UART_MASTER/last_state[2:0]' of 'bmsWIDEDFFCPE' unit is dangling and will be cleaned.
W: Public-4008: [C:/CPLD/pango/2_Tieta_Feiteng/Tieta_Feiteng_2001_PGC7KD69MBG400/rtl/communication/UART_MASTER_VPP.v(line number: 222)] Instance 'UART_MASTER_VPP.UART_MASTER_VPP[2].PFR_UART_MASTER/par_data_out[8:0]' of 'bmsWIDEDFFCPE' unit is dangling and will be cleaned.
W: Public-4008: [C:/CPLD/pango/2_Tieta_Feiteng/Tieta_Feiteng_2001_PGC7KD69MBG400/rtl/communication/UART_MASTER_VPP.v(line number: 171)] Instance 'UART_MASTER_VPP.UART_MASTER_VPP[2].PFR_UART_MASTER/read_flag' of 'bmsWIDEDFFCPE' unit is dangling and will be cleaned.
W: Public-4008: [C:/CPLD/pango/2_Tieta_Feiteng/Tieta_Feiteng_2001_PGC7KD69MBG400/rtl/communication/UART_MASTER_VPP.v(line number: 171)] Instance 'UART_MASTER_VPP.UART_MASTER_VPP[2].PFR_UART_MASTER/reg_par_data_out[14:0]' of 'bmsWIDEDFFRSE' unit is dangling and will be cleaned.
W: Public-4008: [C:/CPLD/pango/2_Tieta_Feiteng/Tieta_Feiteng_2001_PGC7KD69MBG400/rtl/communication/UART_MASTER_VPP.v(line number: 171)] Instance 'UART_MASTER_VPP.UART_MASTER_VPP[2].PFR_UART_MASTER/ser_data_out' of 'bmsWIDEDFFCPE' unit is dangling and will be cleaned.
W: Public-4008: [C:/CPLD/pango/2_Tieta_Feiteng/Tieta_Feiteng_2001_PGC7KD69MBG400/rtl/communication/UART_MASTER_VPP.v(line number: 171)] Instance 'UART_MASTER_VPP.UART_MASTER_VPP[2].PFR_UART_MASTER/ser_data_out_tri_enable' of 'bmsWIDEDFFCPE' unit is dangling and will be cleaned.
W: Public-4008: [C:/CPLD/pango/2_Tieta_Feiteng/Tieta_Feiteng_2001_PGC7KD69MBG400/rtl/communication/UART_MASTER_VPP.v(line number: 73)] Instance 'UART_MASTER_VPP.UART_MASTER_VPP[2].PFR_UART_MASTER/wait_time[4:0]' of 'bmsWIDEDFFCPE' unit is dangling and will be cleaned.
W: Public-4008: [C:/CPLD/pango/2_Tieta_Feiteng/Tieta_Feiteng_2001_PGC7KD69MBG400/rtl/communication/UART_MASTER_VPP.v(line number: 65)] Instance 'UART_MASTER_VPP.UART_MASTER_VPP[2].PFR_UART_MASTER/curr_state_reg' of 'bmsWIDEDFFPATCE' unit is dangling and will be cleaned.
W: Public-4008: [C:/CPLD/pango/2_Tieta_Feiteng/Tieta_Feiteng_2001_PGC7KD69MBG400/rtl/communication/UART_MASTER_VPP.v(line number: 159)] Instance 'UART_MASTER_VPP.UART_MASTER_VPP[3].PFR_UART_MASTER/bps_count_bit[5:0]' of 'bmsWIDEDFFCPE' unit is dangling and will be cleaned.
W: Public-4008: [C:/CPLD/pango/2_Tieta_Feiteng/Tieta_Feiteng_2001_PGC7KD69MBG400/rtl/communication/UART_MASTER_VPP.v(line number: 171)] Instance 'UART_MASTER_VPP.UART_MASTER_VPP[3].PFR_UART_MASTER/data_count[4:0]' of 'bmsWIDEDFFCPE' unit is dangling and will be cleaned.
W: Public-4008: [C:/CPLD/pango/2_Tieta_Feiteng/Tieta_Feiteng_2001_PGC7KD69MBG400/rtl/communication/UART_MASTER_VPP.v(line number: 222)] Instance 'UART_MASTER_VPP.UART_MASTER_VPP[3].PFR_UART_MASTER/error_flag' of 'bmsWIDEDFFCPE' unit is dangling and will be cleaned.
W: Public-4008: [C:/CPLD/pango/2_Tieta_Feiteng/Tieta_Feiteng_2001_PGC7KD69MBG400/rtl/communication/UART_MASTER_VPP.v(line number: 148)] Instance 'UART_MASTER_VPP.UART_MASTER_VPP[3].PFR_UART_MASTER/last_state[2:0]' of 'bmsWIDEDFFCPE' unit is dangling and will be cleaned.
W: Public-4008: [C:/CPLD/pango/2_Tieta_Feiteng/Tieta_Feiteng_2001_PGC7KD69MBG400/rtl/communication/UART_MASTER_VPP.v(line number: 222)] Instance 'UART_MASTER_VPP.UART_MASTER_VPP[3].PFR_UART_MASTER/par_data_out[8:0]' of 'bmsWIDEDFFCPE' unit is dangling and will be cleaned.
W: Public-4008: [C:/CPLD/pango/2_Tieta_Feiteng/Tieta_Feiteng_2001_PGC7KD69MBG400/rtl/communication/UART_MASTER_VPP.v(line number: 171)] Instance 'UART_MASTER_VPP.UART_MASTER_VPP[3].PFR_UART_MASTER/read_flag' of 'bmsWIDEDFFCPE' unit is dangling and will be cleaned.
W: Public-4008: [C:/CPLD/pango/2_Tieta_Feiteng/Tieta_Feiteng_2001_PGC7KD69MBG400/rtl/communication/UART_MASTER_VPP.v(line number: 171)] Instance 'UART_MASTER_VPP.UART_MASTER_VPP[3].PFR_UART_MASTER/reg_par_data_out[14:0]' of 'bmsWIDEDFFRSE' unit is dangling and will be cleaned.
W: Public-4008: [C:/CPLD/pango/2_Tieta_Feiteng/Tieta_Feiteng_2001_PGC7KD69MBG400/rtl/communication/UART_MASTER_VPP.v(line number: 171)] Instance 'UART_MASTER_VPP.UART_MASTER_VPP[3].PFR_UART_MASTER/ser_data_out' of 'bmsWIDEDFFCPE' unit is dangling and will be cleaned.
W: Public-4008: [C:/CPLD/pango/2_Tieta_Feiteng/Tieta_Feiteng_2001_PGC7KD69MBG400/rtl/communication/UART_MASTER_VPP.v(line number: 171)] Instance 'UART_MASTER_VPP.UART_MASTER_VPP[3].PFR_UART_MASTER/ser_data_out_tri_enable' of 'bmsWIDEDFFCPE' unit is dangling and will be cleaned.
W: Public-4008: [C:/CPLD/pango/2_Tieta_Feiteng/Tieta_Feiteng_2001_PGC7KD69MBG400/rtl/communication/UART_MASTER_VPP.v(line number: 73)] Instance 'UART_MASTER_VPP.UART_MASTER_VPP[3].PFR_UART_MASTER/wait_time[4:0]' of 'bmsWIDEDFFCPE' unit is dangling and will be cleaned.
W: Public-4008: [C:/CPLD/pango/2_Tieta_Feiteng/Tieta_Feiteng_2001_PGC7KD69MBG400/rtl/communication/UART_MASTER_VPP.v(line number: 65)] Instance 'UART_MASTER_VPP.UART_MASTER_VPP[3].PFR_UART_MASTER/curr_state_reg' of 'bmsWIDEDFFPATCE' unit is dangling and will be cleaned.
W: Public-4008: [C:/CPLD/pango/2_Tieta_Feiteng/Tieta_Feiteng_2001_PGC7KD69MBG400/rtl/communication/UART_MASTER_VPP.v(line number: 159)] Instance 'UART_MASTER_VPP.UART_MASTER_VPP[4].PFR_UART_MASTER/bps_count_bit[5:0]' of 'bmsWIDEDFFCPE' unit is dangling and will be cleaned.
W: Public-4008: [C:/CPLD/pango/2_Tieta_Feiteng/Tieta_Feiteng_2001_PGC7KD69MBG400/rtl/communication/UART_MASTER_VPP.v(line number: 171)] Instance 'UART_MASTER_VPP.UART_MASTER_VPP[4].PFR_UART_MASTER/data_count[4:0]' of 'bmsWIDEDFFCPE' unit is dangling and will be cleaned.
W: Public-4008: [C:/CPLD/pango/2_Tieta_Feiteng/Tieta_Feiteng_2001_PGC7KD69MBG400/rtl/communication/UART_MASTER_VPP.v(line number: 222)] Instance 'UART_MASTER_VPP.UART_MASTER_VPP[4].PFR_UART_MASTER/error_flag' of 'bmsWIDEDFFCPE' unit is dangling and will be cleaned.
W: Public-4008: [C:/CPLD/pango/2_Tieta_Feiteng/Tieta_Feiteng_2001_PGC7KD69MBG400/rtl/communication/UART_MASTER_VPP.v(line number: 148)] Instance 'UART_MASTER_VPP.UART_MASTER_VPP[4].PFR_UART_MASTER/last_state[2:0]' of 'bmsWIDEDFFCPE' unit is dangling and will be cleaned.
W: Public-4008: [C:/CPLD/pango/2_Tieta_Feiteng/Tieta_Feiteng_2001_PGC7KD69MBG400/rtl/communication/UART_MASTER_VPP.v(line number: 222)] Instance 'UART_MASTER_VPP.UART_MASTER_VPP[4].PFR_UART_MASTER/par_data_out[8:0]' of 'bmsWIDEDFFCPE' unit is dangling and will be cleaned.
W: Public-4008: [C:/CPLD/pango/2_Tieta_Feiteng/Tieta_Feiteng_2001_PGC7KD69MBG400/rtl/communication/UART_MASTER_VPP.v(line number: 171)] Instance 'UART_MASTER_VPP.UART_MASTER_VPP[4].PFR_UART_MASTER/read_flag' of 'bmsWIDEDFFCPE' unit is dangling and will be cleaned.
W: Public-4008: [C:/CPLD/pango/2_Tieta_Feiteng/Tieta_Feiteng_2001_PGC7KD69MBG400/rtl/communication/UART_MASTER_VPP.v(line number: 171)] Instance 'UART_MASTER_VPP.UART_MASTER_VPP[4].PFR_UART_MASTER/reg_par_data_out[14:0]' of 'bmsWIDEDFFRSE' unit is dangling and will be cleaned.
W: Public-4008: [C:/CPLD/pango/2_Tieta_Feiteng/Tieta_Feiteng_2001_PGC7KD69MBG400/rtl/communication/UART_MASTER_VPP.v(line number: 171)] Instance 'UART_MASTER_VPP.UART_MASTER_VPP[4].PFR_UART_MASTER/ser_data_out' of 'bmsWIDEDFFCPE' unit is dangling and will be cleaned.
W: Public-4008: [C:/CPLD/pango/2_Tieta_Feiteng/Tieta_Feiteng_2001_PGC7KD69MBG400/rtl/communication/UART_MASTER_VPP.v(line number: 171)] Instance 'UART_MASTER_VPP.UART_MASTER_VPP[4].PFR_UART_MASTER/ser_data_out_tri_enable' of 'bmsWIDEDFFCPE' unit is dangling and will be cleaned.
W: Public-4008: [C:/CPLD/pango/2_Tieta_Feiteng/Tieta_Feiteng_2001_PGC7KD69MBG400/rtl/communication/UART_MASTER_VPP.v(line number: 73)] Instance 'UART_MASTER_VPP.UART_MASTER_VPP[4].PFR_UART_MASTER/wait_time[4:0]' of 'bmsWIDEDFFCPE' unit is dangling and will be cleaned.
W: Public-4008: [C:/CPLD/pango/2_Tieta_Feiteng/Tieta_Feiteng_2001_PGC7KD69MBG400/rtl/communication/UART_MASTER_VPP.v(line number: 65)] Instance 'UART_MASTER_VPP.UART_MASTER_VPP[4].PFR_UART_MASTER/curr_state_reg' of 'bmsWIDEDFFPATCE' unit is dangling and will be cleaned.
W: Public-4008: [C:/CPLD/pango/2_Tieta_Feiteng/Tieta_Feiteng_2001_PGC7KD69MBG400/rtl/communication/UART_MASTER_VPP.v(line number: 159)] Instance 'UART_MASTER_VPP.UART_MASTER_VPP[5].PFR_UART_MASTER/bps_count_bit[5:0]' of 'bmsWIDEDFFCPE' unit is dangling and will be cleaned.
W: Public-4008: [C:/CPLD/pango/2_Tieta_Feiteng/Tieta_Feiteng_2001_PGC7KD69MBG400/rtl/communication/UART_MASTER_VPP.v(line number: 171)] Instance 'UART_MASTER_VPP.UART_MASTER_VPP[5].PFR_UART_MASTER/data_count[4:0]' of 'bmsWIDEDFFCPE' unit is dangling and will be cleaned.
W: Public-4008: [C:/CPLD/pango/2_Tieta_Feiteng/Tieta_Feiteng_2001_PGC7KD69MBG400/rtl/communication/UART_MASTER_VPP.v(line number: 222)] Instance 'UART_MASTER_VPP.UART_MASTER_VPP[5].PFR_UART_MASTER/error_flag' of 'bmsWIDEDFFCPE' unit is dangling and will be cleaned.
W: Public-4008: [C:/CPLD/pango/2_Tieta_Feiteng/Tieta_Feiteng_2001_PGC7KD69MBG400/rtl/communication/UART_MASTER_VPP.v(line number: 148)] Instance 'UART_MASTER_VPP.UART_MASTER_VPP[5].PFR_UART_MASTER/last_state[2:0]' of 'bmsWIDEDFFCPE' unit is dangling and will be cleaned.
W: Public-4008: [C:/CPLD/pango/2_Tieta_Feiteng/Tieta_Feiteng_2001_PGC7KD69MBG400/rtl/communication/UART_MASTER_VPP.v(line number: 222)] Instance 'UART_MASTER_VPP.UART_MASTER_VPP[5].PFR_UART_MASTER/par_data_out[8:0]' of 'bmsWIDEDFFCPE' unit is dangling and will be cleaned.
W: Public-4008: [C:/CPLD/pango/2_Tieta_Feiteng/Tieta_Feiteng_2001_PGC7KD69MBG400/rtl/communication/UART_MASTER_VPP.v(line number: 171)] Instance 'UART_MASTER_VPP.UART_MASTER_VPP[5].PFR_UART_MASTER/read_flag' of 'bmsWIDEDFFCPE' unit is dangling and will be cleaned.
W: Public-4008: [C:/CPLD/pango/2_Tieta_Feiteng/Tieta_Feiteng_2001_PGC7KD69MBG400/rtl/communication/UART_MASTER_VPP.v(line number: 171)] Instance 'UART_MASTER_VPP.UART_MASTER_VPP[5].PFR_UART_MASTER/reg_par_data_out[14:0]' of 'bmsWIDEDFFRSE' unit is dangling and will be cleaned.
W: Public-4008: [C:/CPLD/pango/2_Tieta_Feiteng/Tieta_Feiteng_2001_PGC7KD69MBG400/rtl/communication/UART_MASTER_VPP.v(line number: 171)] Instance 'UART_MASTER_VPP.UART_MASTER_VPP[5].PFR_UART_MASTER/ser_data_out' of 'bmsWIDEDFFCPE' unit is dangling and will be cleaned.
W: Public-4008: [C:/CPLD/pango/2_Tieta_Feiteng/Tieta_Feiteng_2001_PGC7KD69MBG400/rtl/communication/UART_MASTER_VPP.v(line number: 171)] Instance 'UART_MASTER_VPP.UART_MASTER_VPP[5].PFR_UART_MASTER/ser_data_out_tri_enable' of 'bmsWIDEDFFCPE' unit is dangling and will be cleaned.
W: Public-4008: [C:/CPLD/pango/2_Tieta_Feiteng/Tieta_Feiteng_2001_PGC7KD69MBG400/rtl/communication/UART_MASTER_VPP.v(line number: 73)] Instance 'UART_MASTER_VPP.UART_MASTER_VPP[5].PFR_UART_MASTER/wait_time[4:0]' of 'bmsWIDEDFFCPE' unit is dangling and will be cleaned.
W: Public-4008: [C:/CPLD/pango/2_Tieta_Feiteng/Tieta_Feiteng_2001_PGC7KD69MBG400/rtl/communication/UART_MASTER_VPP.v(line number: 65)] Instance 'UART_MASTER_VPP.UART_MASTER_VPP[5].PFR_UART_MASTER/curr_state_reg' of 'bmsWIDEDFFPATCE' unit is dangling and will be cleaned.
W: Public-4008: [C:/CPLD/pango/2_Tieta_Feiteng/Tieta_Feiteng_2001_PGC7KD69MBG400/rtl/communication/UART_MASTER_VPP.v(line number: 159)] Instance 'UART_MASTER_VPP.UART_MASTER_VPP[6].PFR_UART_MASTER/bps_count_bit[5:0]' of 'bmsWIDEDFFCPE' unit is dangling and will be cleaned.
W: Public-4008: [C:/CPLD/pango/2_Tieta_Feiteng/Tieta_Feiteng_2001_PGC7KD69MBG400/rtl/communication/UART_MASTER_VPP.v(line number: 171)] Instance 'UART_MASTER_VPP.UART_MASTER_VPP[6].PFR_UART_MASTER/data_count[4:0]' of 'bmsWIDEDFFCPE' unit is dangling and will be cleaned.
W: Public-4008: [C:/CPLD/pango/2_Tieta_Feiteng/Tieta_Feiteng_2001_PGC7KD69MBG400/rtl/communication/UART_MASTER_VPP.v(line number: 222)] Instance 'UART_MASTER_VPP.UART_MASTER_VPP[6].PFR_UART_MASTER/error_flag' of 'bmsWIDEDFFCPE' unit is dangling and will be cleaned.
W: Public-4008: [C:/CPLD/pango/2_Tieta_Feiteng/Tieta_Feiteng_2001_PGC7KD69MBG400/rtl/communication/UART_MASTER_VPP.v(line number: 148)] Instance 'UART_MASTER_VPP.UART_MASTER_VPP[6].PFR_UART_MASTER/last_state[2:0]' of 'bmsWIDEDFFCPE' unit is dangling and will be cleaned.
W: Public-4008: [C:/CPLD/pango/2_Tieta_Feiteng/Tieta_Feiteng_2001_PGC7KD69MBG400/rtl/communication/UART_MASTER_VPP.v(line number: 222)] Instance 'UART_MASTER_VPP.UART_MASTER_VPP[6].PFR_UART_MASTER/par_data_out[8:0]' of 'bmsWIDEDFFCPE' unit is dangling and will be cleaned.
W: Public-4008: [C:/CPLD/pango/2_Tieta_Feiteng/Tieta_Feiteng_2001_PGC7KD69MBG400/rtl/communication/UART_MASTER_VPP.v(line number: 171)] Instance 'UART_MASTER_VPP.UART_MASTER_VPP[6].PFR_UART_MASTER/read_flag' of 'bmsWIDEDFFCPE' unit is dangling and will be cleaned.
W: Public-4008: [C:/CPLD/pango/2_Tieta_Feiteng/Tieta_Feiteng_2001_PGC7KD69MBG400/rtl/communication/UART_MASTER_VPP.v(line number: 171)] Instance 'UART_MASTER_VPP.UART_MASTER_VPP[6].PFR_UART_MASTER/reg_par_data_out[14:0]' of 'bmsWIDEDFFRSE' unit is dangling and will be cleaned.
W: Public-4008: [C:/CPLD/pango/2_Tieta_Feiteng/Tieta_Feiteng_2001_PGC7KD69MBG400/rtl/communication/UART_MASTER_VPP.v(line number: 171)] Instance 'UART_MASTER_VPP.UART_MASTER_VPP[6].PFR_UART_MASTER/ser_data_out' of 'bmsWIDEDFFCPE' unit is dangling and will be cleaned.
W: Public-4008: [C:/CPLD/pango/2_Tieta_Feiteng/Tieta_Feiteng_2001_PGC7KD69MBG400/rtl/communication/UART_MASTER_VPP.v(line number: 171)] Instance 'UART_MASTER_VPP.UART_MASTER_VPP[6].PFR_UART_MASTER/ser_data_out_tri_enable' of 'bmsWIDEDFFCPE' unit is dangling and will be cleaned.
W: Public-4008: [C:/CPLD/pango/2_Tieta_Feiteng/Tieta_Feiteng_2001_PGC7KD69MBG400/rtl/communication/UART_MASTER_VPP.v(line number: 73)] Instance 'UART_MASTER_VPP.UART_MASTER_VPP[6].PFR_UART_MASTER/wait_time[4:0]' of 'bmsWIDEDFFCPE' unit is dangling and will be cleaned.
W: Public-4008: [C:/CPLD/pango/2_Tieta_Feiteng/Tieta_Feiteng_2001_PGC7KD69MBG400/rtl/communication/UART_MASTER_VPP.v(line number: 65)] Instance 'UART_MASTER_VPP.UART_MASTER_VPP[6].PFR_UART_MASTER/curr_state_reg' of 'bmsWIDEDFFPATCE' unit is dangling and will be cleaned.
W: Public-4008: [C:/CPLD/pango/2_Tieta_Feiteng/Tieta_Feiteng_2001_PGC7KD69MBG400/rtl/communication/UART_MASTER_VPP.v(line number: 159)] Instance 'UART_MASTER_VPP.UART_MASTER_VPP[7].PFR_UART_MASTER/bps_count_bit[5:0]' of 'bmsWIDEDFFCPE' unit is dangling and will be cleaned.
W: Public-4008: [C:/CPLD/pango/2_Tieta_Feiteng/Tieta_Feiteng_2001_PGC7KD69MBG400/rtl/communication/UART_MASTER_VPP.v(line number: 171)] Instance 'UART_MASTER_VPP.UART_MASTER_VPP[7].PFR_UART_MASTER/data_count[4:0]' of 'bmsWIDEDFFCPE' unit is dangling and will be cleaned.
W: Public-4008: [C:/CPLD/pango/2_Tieta_Feiteng/Tieta_Feiteng_2001_PGC7KD69MBG400/rtl/communication/UART_MASTER_VPP.v(line number: 222)] Instance 'UART_MASTER_VPP.UART_MASTER_VPP[7].PFR_UART_MASTER/error_flag' of 'bmsWIDEDFFCPE' unit is dangling and will be cleaned.
W: Public-4008: [C:/CPLD/pango/2_Tieta_Feiteng/Tieta_Feiteng_2001_PGC7KD69MBG400/rtl/communication/UART_MASTER_VPP.v(line number: 148)] Instance 'UART_MASTER_VPP.UART_MASTER_VPP[7].PFR_UART_MASTER/last_state[2:0]' of 'bmsWIDEDFFCPE' unit is dangling and will be cleaned.
W: Public-4008: [C:/CPLD/pango/2_Tieta_Feiteng/Tieta_Feiteng_2001_PGC7KD69MBG400/rtl/communication/UART_MASTER_VPP.v(line number: 222)] Instance 'UART_MASTER_VPP.UART_MASTER_VPP[7].PFR_UART_MASTER/par_data_out[8:0]' of 'bmsWIDEDFFCPE' unit is dangling and will be cleaned.
W: Public-4008: [C:/CPLD/pango/2_Tieta_Feiteng/Tieta_Feiteng_2001_PGC7KD69MBG400/rtl/communication/UART_MASTER_VPP.v(line number: 171)] Instance 'UART_MASTER_VPP.UART_MASTER_VPP[7].PFR_UART_MASTER/read_flag' of 'bmsWIDEDFFCPE' unit is dangling and will be cleaned.
W: Public-4008: [C:/CPLD/pango/2_Tieta_Feiteng/Tieta_Feiteng_2001_PGC7KD69MBG400/rtl/communication/UART_MASTER_VPP.v(line number: 171)] Instance 'UART_MASTER_VPP.UART_MASTER_VPP[7].PFR_UART_MASTER/reg_par_data_out[14:0]' of 'bmsWIDEDFFRSE' unit is dangling and will be cleaned.
W: Public-4008: [C:/CPLD/pango/2_Tieta_Feiteng/Tieta_Feiteng_2001_PGC7KD69MBG400/rtl/communication/UART_MASTER_VPP.v(line number: 171)] Instance 'UART_MASTER_VPP.UART_MASTER_VPP[7].PFR_UART_MASTER/ser_data_out' of 'bmsWIDEDFFCPE' unit is dangling and will be cleaned.
W: Public-4008: [C:/CPLD/pango/2_Tieta_Feiteng/Tieta_Feiteng_2001_PGC7KD69MBG400/rtl/communication/UART_MASTER_VPP.v(line number: 171)] Instance 'UART_MASTER_VPP.UART_MASTER_VPP[7].PFR_UART_MASTER/ser_data_out_tri_enable' of 'bmsWIDEDFFCPE' unit is dangling and will be cleaned.
W: Public-4008: [C:/CPLD/pango/2_Tieta_Feiteng/Tieta_Feiteng_2001_PGC7KD69MBG400/rtl/communication/UART_MASTER_VPP.v(line number: 73)] Instance 'UART_MASTER_VPP.UART_MASTER_VPP[7].PFR_UART_MASTER/wait_time[4:0]' of 'bmsWIDEDFFCPE' unit is dangling and will be cleaned.
W: Public-4008: [C:/CPLD/pango/2_Tieta_Feiteng/Tieta_Feiteng_2001_PGC7KD69MBG400/rtl/communication/UART_MASTER_VPP.v(line number: 65)] Instance 'UART_MASTER_VPP.UART_MASTER_VPP[7].PFR_UART_MASTER/curr_state_reg' of 'bmsWIDEDFFPATCE' unit is dangling and will be cleaned.
W: Public-4008: [C:/CPLD/pango/2_Tieta_Feiteng/Tieta_Feiteng_2001_PGC7KD69MBG400/rtl/communication/UART_MASTER_VPP.v(line number: 159)] Instance 'UART_MASTER_VPP.UART_MASTER_VPP[8].PFR_UART_MASTER/bps_count_bit[5:0]' of 'bmsWIDEDFFCPE' unit is dangling and will be cleaned.
W: Public-4008: [C:/CPLD/pango/2_Tieta_Feiteng/Tieta_Feiteng_2001_PGC7KD69MBG400/rtl/communication/UART_MASTER_VPP.v(line number: 171)] Instance 'UART_MASTER_VPP.UART_MASTER_VPP[8].PFR_UART_MASTER/data_count[4:0]' of 'bmsWIDEDFFCPE' unit is dangling and will be cleaned.
W: Public-4008: [C:/CPLD/pango/2_Tieta_Feiteng/Tieta_Feiteng_2001_PGC7KD69MBG400/rtl/communication/UART_MASTER_VPP.v(line number: 222)] Instance 'UART_MASTER_VPP.UART_MASTER_VPP[8].PFR_UART_MASTER/error_flag' of 'bmsWIDEDFFCPE' unit is dangling and will be cleaned.
W: Public-4008: [C:/CPLD/pango/2_Tieta_Feiteng/Tieta_Feiteng_2001_PGC7KD69MBG400/rtl/communication/UART_MASTER_VPP.v(line number: 148)] Instance 'UART_MASTER_VPP.UART_MASTER_VPP[8].PFR_UART_MASTER/last_state[2:0]' of 'bmsWIDEDFFCPE' unit is dangling and will be cleaned.
W: Public-4008: [C:/CPLD/pango/2_Tieta_Feiteng/Tieta_Feiteng_2001_PGC7KD69MBG400/rtl/communication/UART_MASTER_VPP.v(line number: 222)] Instance 'UART_MASTER_VPP.UART_MASTER_VPP[8].PFR_UART_MASTER/par_data_out[8:0]' of 'bmsWIDEDFFCPE' unit is dangling and will be cleaned.
W: Public-4008: [C:/CPLD/pango/2_Tieta_Feiteng/Tieta_Feiteng_2001_PGC7KD69MBG400/rtl/communication/UART_MASTER_VPP.v(line number: 171)] Instance 'UART_MASTER_VPP.UART_MASTER_VPP[8].PFR_UART_MASTER/read_flag' of 'bmsWIDEDFFCPE' unit is dangling and will be cleaned.
W: Public-4008: [C:/CPLD/pango/2_Tieta_Feiteng/Tieta_Feiteng_2001_PGC7KD69MBG400/rtl/communication/UART_MASTER_VPP.v(line number: 171)] Instance 'UART_MASTER_VPP.UART_MASTER_VPP[8].PFR_UART_MASTER/reg_par_data_out[14:0]' of 'bmsWIDEDFFRSE' unit is dangling and will be cleaned.
W: Public-4008: [C:/CPLD/pango/2_Tieta_Feiteng/Tieta_Feiteng_2001_PGC7KD69MBG400/rtl/communication/UART_MASTER_VPP.v(line number: 171)] Instance 'UART_MASTER_VPP.UART_MASTER_VPP[8].PFR_UART_MASTER/ser_data_out' of 'bmsWIDEDFFCPE' unit is dangling and will be cleaned.
W: Public-4008: [C:/CPLD/pango/2_Tieta_Feiteng/Tieta_Feiteng_2001_PGC7KD69MBG400/rtl/communication/UART_MASTER_VPP.v(line number: 171)] Instance 'UART_MASTER_VPP.UART_MASTER_VPP[8].PFR_UART_MASTER/ser_data_out_tri_enable' of 'bmsWIDEDFFCPE' unit is dangling and will be cleaned.
W: Public-4008: [C:/CPLD/pango/2_Tieta_Feiteng/Tieta_Feiteng_2001_PGC7KD69MBG400/rtl/communication/UART_MASTER_VPP.v(line number: 73)] Instance 'UART_MASTER_VPP.UART_MASTER_VPP[8].PFR_UART_MASTER/wait_time[4:0]' of 'bmsWIDEDFFCPE' unit is dangling and will be cleaned.
W: Public-4008: [C:/CPLD/pango/2_Tieta_Feiteng/Tieta_Feiteng_2001_PGC7KD69MBG400/rtl/communication/UART_MASTER_VPP.v(line number: 65)] Instance 'UART_MASTER_VPP.UART_MASTER_VPP[8].PFR_UART_MASTER/curr_state_reg' of 'bmsWIDEDFFPATCE' unit is dangling and will be cleaned.
W: Public-4008: [C:/CPLD/pango/2_Tieta_Feiteng/Tieta_Feiteng_2001_PGC7KD69MBG400/rtl/communication/UART_MASTER_VPP.v(line number: 159)] Instance 'UART_MASTER_VPP.UART_MASTER_VPP[9].PFR_UART_MASTER/bps_count_bit[5:0]' of 'bmsWIDEDFFCPE' unit is dangling and will be cleaned.
W: Public-4008: [C:/CPLD/pango/2_Tieta_Feiteng/Tieta_Feiteng_2001_PGC7KD69MBG400/rtl/communication/UART_MASTER_VPP.v(line number: 171)] Instance 'UART_MASTER_VPP.UART_MASTER_VPP[9].PFR_UART_MASTER/data_count[4:0]' of 'bmsWIDEDFFCPE' unit is dangling and will be cleaned.
W: Public-4008: [C:/CPLD/pango/2_Tieta_Feiteng/Tieta_Feiteng_2001_PGC7KD69MBG400/rtl/communication/UART_MASTER_VPP.v(line number: 222)] Instance 'UART_MASTER_VPP.UART_MASTER_VPP[9].PFR_UART_MASTER/error_flag' of 'bmsWIDEDFFCPE' unit is dangling and will be cleaned.
W: Public-4008: [C:/CPLD/pango/2_Tieta_Feiteng/Tieta_Feiteng_2001_PGC7KD69MBG400/rtl/communication/UART_MASTER_VPP.v(line number: 148)] Instance 'UART_MASTER_VPP.UART_MASTER_VPP[9].PFR_UART_MASTER/last_state[2:0]' of 'bmsWIDEDFFCPE' unit is dangling and will be cleaned.
W: Public-4008: [C:/CPLD/pango/2_Tieta_Feiteng/Tieta_Feiteng_2001_PGC7KD69MBG400/rtl/communication/UART_MASTER_VPP.v(line number: 222)] Instance 'UART_MASTER_VPP.UART_MASTER_VPP[9].PFR_UART_MASTER/par_data_out[8:0]' of 'bmsWIDEDFFCPE' unit is dangling and will be cleaned.
W: Public-4008: [C:/CPLD/pango/2_Tieta_Feiteng/Tieta_Feiteng_2001_PGC7KD69MBG400/rtl/communication/UART_MASTER_VPP.v(line number: 171)] Instance 'UART_MASTER_VPP.UART_MASTER_VPP[9].PFR_UART_MASTER/read_flag' of 'bmsWIDEDFFCPE' unit is dangling and will be cleaned.
W: Public-4008: [C:/CPLD/pango/2_Tieta_Feiteng/Tieta_Feiteng_2001_PGC7KD69MBG400/rtl/communication/UART_MASTER_VPP.v(line number: 171)] Instance 'UART_MASTER_VPP.UART_MASTER_VPP[9].PFR_UART_MASTER/reg_par_data_out[14:0]' of 'bmsWIDEDFFRSE' unit is dangling and will be cleaned.
W: Public-4008: [C:/CPLD/pango/2_Tieta_Feiteng/Tieta_Feiteng_2001_PGC7KD69MBG400/rtl/communication/UART_MASTER_VPP.v(line number: 171)] Instance 'UART_MASTER_VPP.UART_MASTER_VPP[9].PFR_UART_MASTER/ser_data_out' of 'bmsWIDEDFFCPE' unit is dangling and will be cleaned.
W: Public-4008: [C:/CPLD/pango/2_Tieta_Feiteng/Tieta_Feiteng_2001_PGC7KD69MBG400/rtl/communication/UART_MASTER_VPP.v(line number: 171)] Instance 'UART_MASTER_VPP.UART_MASTER_VPP[9].PFR_UART_MASTER/ser_data_out_tri_enable' of 'bmsWIDEDFFCPE' unit is dangling and will be cleaned.
W: Public-4008: [C:/CPLD/pango/2_Tieta_Feiteng/Tieta_Feiteng_2001_PGC7KD69MBG400/rtl/communication/UART_MASTER_VPP.v(line number: 73)] Instance 'UART_MASTER_VPP.UART_MASTER_VPP[9].PFR_UART_MASTER/wait_time[4:0]' of 'bmsWIDEDFFCPE' unit is dangling and will be cleaned.
W: Public-4008: [C:/CPLD/pango/2_Tieta_Feiteng/Tieta_Feiteng_2001_PGC7KD69MBG400/rtl/communication/UART_MASTER_VPP.v(line number: 65)] Instance 'UART_MASTER_VPP.UART_MASTER_VPP[9].PFR_UART_MASTER/curr_state_reg' of 'bmsWIDEDFFPATCE' unit is dangling and will be cleaned.
W: Public-4008: [C:/CPLD/pango/2_Tieta_Feiteng/Tieta_Feiteng_2001_PGC7KD69MBG400/rtl/communication/UART_MASTER_VPP.v(line number: 159)] Instance 'UART_MASTER_VPP.UART_MASTER_VPP[10].PFR_UART_MASTER/bps_count_bit[5:0]' of 'bmsWIDEDFFCPE' unit is dangling and will be cleaned.
W: Public-4008: [C:/CPLD/pango/2_Tieta_Feiteng/Tieta_Feiteng_2001_PGC7KD69MBG400/rtl/communication/UART_MASTER_VPP.v(line number: 171)] Instance 'UART_MASTER_VPP.UART_MASTER_VPP[10].PFR_UART_MASTER/data_count[4:0]' of 'bmsWIDEDFFCPE' unit is dangling and will be cleaned.
W: Public-4008: [C:/CPLD/pango/2_Tieta_Feiteng/Tieta_Feiteng_2001_PGC7KD69MBG400/rtl/communication/UART_MASTER_VPP.v(line number: 222)] Instance 'UART_MASTER_VPP.UART_MASTER_VPP[10].PFR_UART_MASTER/error_flag' of 'bmsWIDEDFFCPE' unit is dangling and will be cleaned.
W: Public-4008: [C:/CPLD/pango/2_Tieta_Feiteng/Tieta_Feiteng_2001_PGC7KD69MBG400/rtl/communication/UART_MASTER_VPP.v(line number: 148)] Instance 'UART_MASTER_VPP.UART_MASTER_VPP[10].PFR_UART_MASTER/last_state[2:0]' of 'bmsWIDEDFFCPE' unit is dangling and will be cleaned.
W: Public-4008: [C:/CPLD/pango/2_Tieta_Feiteng/Tieta_Feiteng_2001_PGC7KD69MBG400/rtl/communication/UART_MASTER_VPP.v(line number: 222)] Instance 'UART_MASTER_VPP.UART_MASTER_VPP[10].PFR_UART_MASTER/par_data_out[8:0]' of 'bmsWIDEDFFCPE' unit is dangling and will be cleaned.
W: Public-4008: [C:/CPLD/pango/2_Tieta_Feiteng/Tieta_Feiteng_2001_PGC7KD69MBG400/rtl/communication/UART_MASTER_VPP.v(line number: 171)] Instance 'UART_MASTER_VPP.UART_MASTER_VPP[10].PFR_UART_MASTER/read_flag' of 'bmsWIDEDFFCPE' unit is dangling and will be cleaned.
W: Public-4008: [C:/CPLD/pango/2_Tieta_Feiteng/Tieta_Feiteng_2001_PGC7KD69MBG400/rtl/communication/UART_MASTER_VPP.v(line number: 171)] Instance 'UART_MASTER_VPP.UART_MASTER_VPP[10].PFR_UART_MASTER/reg_par_data_out[14:0]' of 'bmsWIDEDFFRSE' unit is dangling and will be cleaned.
W: Public-4008: [C:/CPLD/pango/2_Tieta_Feiteng/Tieta_Feiteng_2001_PGC7KD69MBG400/rtl/communication/UART_MASTER_VPP.v(line number: 171)] Instance 'UART_MASTER_VPP.UART_MASTER_VPP[10].PFR_UART_MASTER/ser_data_out' of 'bmsWIDEDFFCPE' unit is dangling and will be cleaned.
W: Public-4008: [C:/CPLD/pango/2_Tieta_Feiteng/Tieta_Feiteng_2001_PGC7KD69MBG400/rtl/communication/UART_MASTER_VPP.v(line number: 171)] Instance 'UART_MASTER_VPP.UART_MASTER_VPP[10].PFR_UART_MASTER/ser_data_out_tri_enable' of 'bmsWIDEDFFCPE' unit is dangling and will be cleaned.
W: Public-4008: [C:/CPLD/pango/2_Tieta_Feiteng/Tieta_Feiteng_2001_PGC7KD69MBG400/rtl/communication/UART_MASTER_VPP.v(line number: 73)] Instance 'UART_MASTER_VPP.UART_MASTER_VPP[10].PFR_UART_MASTER/wait_time[4:0]' of 'bmsWIDEDFFCPE' unit is dangling and will be cleaned.
W: Public-4008: [C:/CPLD/pango/2_Tieta_Feiteng/Tieta_Feiteng_2001_PGC7KD69MBG400/rtl/communication/UART_MASTER_VPP.v(line number: 65)] Instance 'UART_MASTER_VPP.UART_MASTER_VPP[10].PFR_UART_MASTER/curr_state_reg' of 'bmsWIDEDFFPATCE' unit is dangling and will be cleaned.
W: Public-4008: [C:/CPLD/pango/2_Tieta_Feiteng/Tieta_Feiteng_2001_PGC7KD69MBG400/rtl/communication/UART_MASTER_VPP.v(line number: 159)] Instance 'UART_MASTER_VPP.UART_MASTER_VPP[11].PFR_UART_MASTER/bps_count_bit[5:0]' of 'bmsWIDEDFFCPE' unit is dangling and will be cleaned.
W: Public-4008: [C:/CPLD/pango/2_Tieta_Feiteng/Tieta_Feiteng_2001_PGC7KD69MBG400/rtl/communication/UART_MASTER_VPP.v(line number: 171)] Instance 'UART_MASTER_VPP.UART_MASTER_VPP[11].PFR_UART_MASTER/data_count[4:0]' of 'bmsWIDEDFFCPE' unit is dangling and will be cleaned.
W: Public-4008: [C:/CPLD/pango/2_Tieta_Feiteng/Tieta_Feiteng_2001_PGC7KD69MBG400/rtl/communication/UART_MASTER_VPP.v(line number: 222)] Instance 'UART_MASTER_VPP.UART_MASTER_VPP[11].PFR_UART_MASTER/error_flag' of 'bmsWIDEDFFCPE' unit is dangling and will be cleaned.
W: Public-4008: [C:/CPLD/pango/2_Tieta_Feiteng/Tieta_Feiteng_2001_PGC7KD69MBG400/rtl/communication/UART_MASTER_VPP.v(line number: 148)] Instance 'UART_MASTER_VPP.UART_MASTER_VPP[11].PFR_UART_MASTER/last_state[2:0]' of 'bmsWIDEDFFCPE' unit is dangling and will be cleaned.
W: Public-4008: [C:/CPLD/pango/2_Tieta_Feiteng/Tieta_Feiteng_2001_PGC7KD69MBG400/rtl/communication/UART_MASTER_VPP.v(line number: 222)] Instance 'UART_MASTER_VPP.UART_MASTER_VPP[11].PFR_UART_MASTER/par_data_out[8:0]' of 'bmsWIDEDFFCPE' unit is dangling and will be cleaned.
W: Public-4008: [C:/CPLD/pango/2_Tieta_Feiteng/Tieta_Feiteng_2001_PGC7KD69MBG400/rtl/communication/UART_MASTER_VPP.v(line number: 171)] Instance 'UART_MASTER_VPP.UART_MASTER_VPP[11].PFR_UART_MASTER/read_flag' of 'bmsWIDEDFFCPE' unit is dangling and will be cleaned.
W: Public-4008: [C:/CPLD/pango/2_Tieta_Feiteng/Tieta_Feiteng_2001_PGC7KD69MBG400/rtl/communication/UART_MASTER_VPP.v(line number: 171)] Instance 'UART_MASTER_VPP.UART_MASTER_VPP[11].PFR_UART_MASTER/reg_par_data_out[14:0]' of 'bmsWIDEDFFRSE' unit is dangling and will be cleaned.
W: Public-4008: [C:/CPLD/pango/2_Tieta_Feiteng/Tieta_Feiteng_2001_PGC7KD69MBG400/rtl/communication/UART_MASTER_VPP.v(line number: 171)] Instance 'UART_MASTER_VPP.UART_MASTER_VPP[11].PFR_UART_MASTER/ser_data_out' of 'bmsWIDEDFFCPE' unit is dangling and will be cleaned.
W: Public-4008: [C:/CPLD/pango/2_Tieta_Feiteng/Tieta_Feiteng_2001_PGC7KD69MBG400/rtl/communication/UART_MASTER_VPP.v(line number: 171)] Instance 'UART_MASTER_VPP.UART_MASTER_VPP[11].PFR_UART_MASTER/ser_data_out_tri_enable' of 'bmsWIDEDFFCPE' unit is dangling and will be cleaned.
W: Public-4008: [C:/CPLD/pango/2_Tieta_Feiteng/Tieta_Feiteng_2001_PGC7KD69MBG400/rtl/communication/UART_MASTER_VPP.v(line number: 73)] Instance 'UART_MASTER_VPP.UART_MASTER_VPP[11].PFR_UART_MASTER/wait_time[4:0]' of 'bmsWIDEDFFCPE' unit is dangling and will be cleaned.
W: Public-4008: [C:/CPLD/pango/2_Tieta_Feiteng/Tieta_Feiteng_2001_PGC7KD69MBG400/rtl/communication/UART_MASTER_VPP.v(line number: 65)] Instance 'UART_MASTER_VPP.UART_MASTER_VPP[11].PFR_UART_MASTER/curr_state_reg' of 'bmsWIDEDFFPATCE' unit is dangling and will be cleaned.
W: Public-4008: [C:/CPLD/pango/2_Tieta_Feiteng/Tieta_Feiteng_2001_PGC7KD69MBG400/rtl/common/pon_reset.v(line number: 65)] Instance 'pon_reset_inst/pgd_aux_system_reg' of 'bmsWIDEDFFRSE' unit is dangling and will be cleaned.
W: Public-4008: [C:/CPLD/pango/2_Tieta_Feiteng/Tieta_Feiteng_2001_PGC7KD69MBG400/rtl/common/pon_reset.v(line number: 65)] Instance 'pon_reset_inst/pgd_aux_system_sasd' of 'bmsWIDEDFFRSE' unit is dangling and will be cleaned.
W: Public-4008: [C:/CPLD/pango/2_Tieta_Feiteng/Tieta_Feiteng_2001_PGC7KD69MBG400/rtl/common/pon_reset.v(line number: 81)] Instance 'pon_reset_inst/pon_reset_db_n' of 'bmsWIDEDFFCPE' unit is dangling and will be cleaned.
W: Public-4008: [C:/CPLD/pango/2_Tieta_Feiteng/Tieta_Feiteng_2001_PGC7KD69MBG400/rtl/common/timer_gen_50mhz.v(line number: 151)] Instance 'timer_gen_inst/clk_0p5hz' of 'bmsWIDEDFFCPE' unit is dangling and will be cleaned.
W: Public-4008: [C:/CPLD/pango/2_Tieta_Feiteng/Tieta_Feiteng_2001_PGC7KD69MBG400/rtl/common/timer_gen_50mhz.v(line number: 175)] Instance 'timer_gen_inst/clk_2p5hz' of 'bmsWIDEDFFCPE' unit is dangling and will be cleaned.
W: Public-4008: [C:/CPLD/pango/2_Tieta_Feiteng/Tieta_Feiteng_2001_PGC7KD69MBG400/rtl/common/timer_gen_50mhz.v(line number: 151)] Instance 'timer_gen_inst/clk_6m25' of 'bmsWIDEDFFCPE' unit is dangling and will be cleaned.
W: Public-4008: [C:/CPLD/pango/2_Tieta_Feiteng/Tieta_Feiteng_2001_PGC7KD69MBG400/rtl/common/timer_gen_50mhz.v(line number: 151)] Instance 'timer_gen_inst/clk_16khz' of 'bmsWIDEDFFCPE' unit is dangling and will be cleaned.
W: Public-4008: [C:/CPLD/pango/2_Tieta_Feiteng/Tieta_Feiteng_2001_PGC7KD69MBG400/rtl/common/timer_gen_50mhz.v(line number: 49)] Instance 'timer_gen_inst/cnt20ns[2:0]' of 'bmsWIDEDFFCPE' unit is dangling and will be cleaned.
W: Public-4008: [C:/CPLD/pango/2_Tieta_Feiteng/Tieta_Feiteng_2001_PGC7KD69MBG400/rtl/common/timer_gen_50mhz.v(line number: 101)] Instance 'timer_gen_inst/t1ms' of 'bmsWIDEDFFCPE' unit is dangling and will be cleaned.
W: Public-4008: [C:/CPLD/pango/2_Tieta_Feiteng/Tieta_Feiteng_2001_PGC7KD69MBG400/rtl/common/timer_gen_50mhz.v(line number: 101)] Instance 'timer_gen_inst/t2ms' of 'bmsWIDEDFFCPE' unit is dangling and will be cleaned.
W: Public-4008: [C:/CPLD/pango/2_Tieta_Feiteng/Tieta_Feiteng_2001_PGC7KD69MBG400/rtl/common/timer_gen_50mhz.v(line number: 101)] Instance 'timer_gen_inst/t2us' of 'bmsWIDEDFFCPE' unit is dangling and will be cleaned.
W: Public-4008: [C:/CPLD/pango/2_Tieta_Feiteng/Tieta_Feiteng_2001_PGC7KD69MBG400/rtl/common/timer_gen_50mhz.v(line number: 101)] Instance 'timer_gen_inst/t8s' of 'bmsWIDEDFFCPE' unit is dangling and will be cleaned.
W: Public-4008: [C:/CPLD/pango/2_Tieta_Feiteng/Tieta_Feiteng_2001_PGC7KD69MBG400/rtl/common/timer_gen_50mhz.v(line number: 101)] Instance 'timer_gen_inst/t8us' of 'bmsWIDEDFFCPE' unit is dangling and will be cleaned.
W: Public-4008: [C:/CPLD/pango/2_Tieta_Feiteng/Tieta_Feiteng_2001_PGC7KD69MBG400/rtl/common/timer_gen_50mhz.v(line number: 101)] Instance 'timer_gen_inst/t16ms' of 'bmsWIDEDFFCPE' unit is dangling and will be cleaned.
W: Public-4008: [C:/CPLD/pango/2_Tieta_Feiteng/Tieta_Feiteng_2001_PGC7KD69MBG400/rtl/common/timer_gen_50mhz.v(line number: 101)] Instance 'timer_gen_inst/t32ms' of 'bmsWIDEDFFCPE' unit is dangling and will be cleaned.
W: Public-4008: [C:/CPLD/pango/2_Tieta_Feiteng/Tieta_Feiteng_2001_PGC7KD69MBG400/rtl/common/timer_gen_50mhz.v(line number: 101)] Instance 'timer_gen_inst/t32us' of 'bmsWIDEDFFCPE' unit is dangling and will be cleaned.
W: Public-4008: [C:/CPLD/pango/2_Tieta_Feiteng/Tieta_Feiteng_2001_PGC7KD69MBG400/rtl/common/timer_gen_50mhz.v(line number: 59)] Instance 'timer_gen_inst/t40ns' of 'bmsWIDEDFFCPE' unit is dangling and will be cleaned.
W: Public-4008: [C:/CPLD/pango/2_Tieta_Feiteng/Tieta_Feiteng_2001_PGC7KD69MBG400/rtl/common/timer_gen_50mhz.v(line number: 59)] Instance 'timer_gen_inst/t80ns' of 'bmsWIDEDFFCPE' unit is dangling and will be cleaned.
W: Public-4008: [C:/CPLD/pango/2_Tieta_Feiteng/Tieta_Feiteng_2001_PGC7KD69MBG400/rtl/common/timer_gen_50mhz.v(line number: 101)] Instance 'timer_gen_inst/t128us' of 'bmsWIDEDFFCPE' unit is dangling and will be cleaned.
W: Public-4008: [C:/CPLD/pango/2_Tieta_Feiteng/Tieta_Feiteng_2001_PGC7KD69MBG400/rtl/common/timer_gen_50mhz.v(line number: 59)] Instance 'timer_gen_inst/t160ns' of 'bmsWIDEDFFCPE' unit is dangling and will be cleaned.
W: Public-4008: [C:/CPLD/pango/2_Tieta_Feiteng/Tieta_Feiteng_2001_PGC7KD69MBG400/rtl/common/timer_gen_50mhz.v(line number: 175)] Instance 'timer_gen_inst/t200ms_tmr[2:0]' of 'bmsWIDEDFFPATCE' unit is dangling and will be cleaned.
W: Public-4008: [C:/CPLD/pango/2_Tieta_Feiteng/Tieta_Feiteng_2001_PGC7KD69MBG400/rtl/common/timer_gen_50mhz.v(line number: 101)] Instance 'timer_gen_inst/t256ms' of 'bmsWIDEDFFCPE' unit is dangling and will be cleaned.
W: Public-4008: [C:/CPLD/pango/2_Tieta_Feiteng/Tieta_Feiteng_2001_PGC7KD69MBG400/rtl/common/timer_gen_50mhz.v(line number: 101)] Instance 'timer_gen_inst/t512us' of 'bmsWIDEDFFCPE' unit is dangling and will be cleaned.
W: Public-4008: [C:/CPLD/pango/2_Tieta_Feiteng/Tieta_Feiteng_2001_PGC7KD69MBG400/rtl/communication/uart_master.v(line number: 252)] Instance 'uart_master_u3/error_flag' of 'bmsWIDEDFFCPE' unit is dangling and will be cleaned.
W: Public-4008: [C:/CPLD/pango/2_Tieta_Feiteng/Tieta_Feiteng_2001_PGC7KD69MBG400/rtl/communication/uart_master.v(line number: 252)] Instance 'uart_master_u5/error_flag' of 'bmsWIDEDFFCPE' unit is dangling and will be cleaned.
W: Public-4008: [C:/CPLD/pango/2_Tieta_Feiteng/Tieta_Feiteng_2001_PGC7KD69MBG400/rtl/communication/uart_master.v(line number: 252)] Instance 'uart_master_u6/error_flag' of 'bmsWIDEDFFCPE' unit is dangling and will be cleaned.
W: Public-4008: [C:/CPLD/pango/2_Tieta_Feiteng/Tieta_Feiteng_2001_PGC7KD69MBG400/rtl/communication/uart_master.v(line number: 252)] Instance 'uart_master_u10/error_flag' of 'bmsWIDEDFFCPE' unit is dangling and will be cleaned.
W: Public-4008: [C:/CPLD/pango/2_Tieta_Feiteng/Tieta_Feiteng_2001_PGC7KD69MBG400/rtl/communication/uart_master.v(line number: 252)] Instance 'uart_master_u11/error_flag' of 'bmsWIDEDFFCPE' unit is dangling and will be cleaned.
W: Public-4008: [C:/CPLD/pango/2_Tieta_Feiteng/Tieta_Feiteng_2001_PGC7KD69MBG400/rtl/communication/uart_master.v(line number: 252)] Instance 'uart_master_u12/error_flag' of 'bmsWIDEDFFCPE' unit is dangling and will be cleaned.
E: DRC-1021: Net o_LED1_N [C:/CPLD/pango/2_Tieta_Feiteng/Tieta_Feiteng_2001_PGC7KD69MBG400/rtl/Tieta_Feiteng_2001_top.v(line number:403)] has multiple drivers in module Tieta_Feiteng_2001_top (see run.log for details).
    module 'bmsINV' inst 'power_seq_sm[0]_inv' out pin 'Z'
    module 'bmsWIDEDFFCPE' inst 'timer_gen_inst/clk_1hz [C:/CPLD/pango/2_Tieta_Feiteng/Tieta_Feiteng_2001_PGC7KD69MBG400/rtl/common/timer_gen_50mhz.v(line number:151)]' out pin 'Q[0]'

Program Error Out.
Action synthesize: Real time elapsed is 0h:0m:5s
Action synthesize: CPU time elapsed is 0h:0m:3s
Action synthesize: Process CPU time elapsed is 0h:0m:3s
Action synthesize: Peak memory pool usage is 226 MB

Current time: Mon Mar  2 20:35:33 2026
