#Build: Fabric Compiler 2024.2-SP1.2, Build 187561, May 22 18:16 2025
#Install: C:\studyware\pango\PDS_2024.2-SP1.2-ads\bin
#Application name: pds_shell.exe
#OS: Windows 10 10.0.18363
#Hostname: z02665mj
Generated by Fabric Compiler (version 2024.2-SP1.2 build 187561) at Fri Mar 27 18:43:38 2026
Parameters for debugging are loaded as follows:
License checkout: fabric_ads from C:/studyware/pango/PDS_2024.2-SP1.2-ads/license/new_pds_6805cabd4893.lic
Compiling verification operator library.
Compiling common defs.
Loading technology operator library.
Compiling technology operator library.
Compiling technology operator (valence) library.
Reading design from compile DB
Reading design from compile DB successfully.
Elaborate the liberty model.
I: Multithreading enabled for Timing using a maximum of 4 processes.
Constraint check start.
Compiling prim grid devices.
Compiling place grid timing.
Building architecture model.
Loading device packaging model.
Building architecture floorplan logic view.
W: ConstraintEditor-4042: Port 'p:o_PAL_BMC_SS_CLK' lacks attribute 'PAP_IO_DRIVE', it's better to set the attribute for port.
W: ConstraintEditor-4042: Port 'p:o_PAL_BMC_SS_CLK' lacks attribute 'PAP_IO_SLEW', it's better to set the attribute for port.
W: ConstraintEditor-4042: Port 'p:o_PAL_BMC_SS_CLK' lacks attribute 'BUS_KEEPER', it's better to set the attribute for port.
W: ConstraintEditor-4042: Port 'p:o_PAL_BMC_SS_LOAD_N' lacks attribute 'PAP_IO_DRIVE', it's better to set the attribute for port.
W: ConstraintEditor-4042: Port 'p:o_PAL_BMC_SS_LOAD_N' lacks attribute 'PAP_IO_SLEW', it's better to set the attribute for port.
W: ConstraintEditor-4042: Port 'p:o_PAL_BMC_SS_LOAD_N' lacks attribute 'BUS_KEEPER', it's better to set the attribute for port.
W: ConstraintEditor-4042: Port 'p:o_PAL_BMC_SS_DATA_OUT' lacks attribute 'PAP_IO_DRIVE', it's better to set the attribute for port.
W: ConstraintEditor-4042: Port 'p:o_PAL_BMC_SS_DATA_OUT' lacks attribute 'PAP_IO_SLEW', it's better to set the attribute for port.
W: ConstraintEditor-4042: Port 'p:o_PAL_BMC_SS_DATA_OUT' lacks attribute 'BUS_KEEPER', it's better to set the attribute for port.
W: ConstraintEditor-4042: Port 'p:io_BMC_I2C3_PAL_S_SDA1_R' lacks attribute 'PAP_IO_DRIVE', it's better to set the attribute for port.
W: ConstraintEditor-4042: Port 'p:io_BMC_I2C3_PAL_S_SDA1_R' lacks attribute 'PAP_IO_SLEW', it's better to set the attribute for port.
W: ConstraintEditor-4042: Port 'p:io_BMC_I2C3_PAL_S_SDA1_R' lacks attribute 'BUS_KEEPER', it's better to set the attribute for port.
W: ConstraintEditor-4042: Port 'p:io_CPU0_D0_I2C1_PE_STRAP_SDA' lacks attribute 'PAP_IO_DRIVE', it's better to set the attribute for port.
W: ConstraintEditor-4042: Port 'p:io_CPU0_D0_I2C1_PE_STRAP_SDA' lacks attribute 'PAP_IO_SLEW', it's better to set the attribute for port.
W: ConstraintEditor-4042: Port 'p:io_CPU0_D0_I2C1_PE_STRAP_SDA' lacks attribute 'BUS_KEEPER', it's better to set the attribute for port.
W: ConstraintEditor-4042: Port 'p:io_CPU1_D0_I2C1_PE_STRAP_SDA' lacks attribute 'PAP_IO_DRIVE', it's better to set the attribute for port.
W: ConstraintEditor-4042: Port 'p:io_CPU1_D0_I2C1_PE_STRAP_SDA' lacks attribute 'PAP_IO_SLEW', it's better to set the attribute for port.
W: ConstraintEditor-4042: Port 'p:io_CPU1_D0_I2C1_PE_STRAP_SDA' lacks attribute 'BUS_KEEPER', it's better to set the attribute for port.
W: ConstraintEditor-4042: Port 'p:io_MCIO_PWR_EN0_R' lacks attribute 'PAP_IO_DRIVE', it's better to set the attribute for port.
W: ConstraintEditor-4042: Port 'p:io_MCIO_PWR_EN0_R' lacks attribute 'PAP_IO_SLEW', it's better to set the attribute for port.
W: ConstraintEditor-4042: Port 'p:io_MCIO_PWR_EN0_R' lacks attribute 'BUS_KEEPER', it's better to set the attribute for port.
W: ConstraintEditor-4042: Port 'p:io_MCIO_PWR_EN2_R' lacks attribute 'PAP_IO_DRIVE', it's better to set the attribute for port.
W: ConstraintEditor-4042: Port 'p:io_MCIO_PWR_EN2_R' lacks attribute 'PAP_IO_SLEW', it's better to set the attribute for port.
W: ConstraintEditor-4042: Port 'p:io_MCIO_PWR_EN2_R' lacks attribute 'BUS_KEEPER', it's better to set the attribute for port.
W: ConstraintEditor-4042: Port 'p:io_MCIO_PWR_EN3_R' lacks attribute 'PAP_IO_DRIVE', it's better to set the attribute for port.
W: ConstraintEditor-4042: Port 'p:io_MCIO_PWR_EN3_R' lacks attribute 'PAP_IO_SLEW', it's better to set the attribute for port.
W: ConstraintEditor-4042: Port 'p:io_MCIO_PWR_EN3_R' lacks attribute 'BUS_KEEPER', it's better to set the attribute for port.
W: ConstraintEditor-4042: Port 'p:io_MCIO_PWR_EN5_R' lacks attribute 'PAP_IO_DRIVE', it's better to set the attribute for port.
W: ConstraintEditor-4042: Port 'p:io_MCIO_PWR_EN5_R' lacks attribute 'PAP_IO_SLEW', it's better to set the attribute for port.
W: ConstraintEditor-4042: Port 'p:io_MCIO_PWR_EN5_R' lacks attribute 'BUS_KEEPER', it's better to set the attribute for port.
W: ConstraintEditor-4042: Port 'p:io_MCIO_PWR_EN7_R' lacks attribute 'PAP_IO_DRIVE', it's better to set the attribute for port.
W: ConstraintEditor-4042: Port 'p:io_MCIO_PWR_EN7_R' lacks attribute 'PAP_IO_SLEW', it's better to set the attribute for port.
W: ConstraintEditor-4042: Port 'p:io_MCIO_PWR_EN7_R' lacks attribute 'BUS_KEEPER', it's better to set the attribute for port.
W: ConstraintEditor-4042: Port 'p:io_MCIO_PWR_EN8_R' lacks attribute 'PAP_IO_DRIVE', it's better to set the attribute for port.
W: ConstraintEditor-4042: Port 'p:io_MCIO_PWR_EN8_R' lacks attribute 'PAP_IO_SLEW', it's better to set the attribute for port.
W: ConstraintEditor-4042: Port 'p:io_MCIO_PWR_EN8_R' lacks attribute 'BUS_KEEPER', it's better to set the attribute for port.
W: ConstraintEditor-4042: Port 'p:o_CPLD_M_S_EXCHANGE_S2' lacks attribute 'PAP_IO_DRIVE', it's better to set the attribute for port.
W: ConstraintEditor-4042: Port 'p:o_CPLD_M_S_EXCHANGE_S2' lacks attribute 'PAP_IO_SLEW', it's better to set the attribute for port.
W: ConstraintEditor-4042: Port 'p:o_CPLD_M_S_EXCHANGE_S2' lacks attribute 'BUS_KEEPER', it's better to set the attribute for port.
W: ConstraintEditor-4042: Port 'p:o_CPLD_M_S_SGPIO1_MISO_R' lacks attribute 'PAP_IO_DRIVE', it's better to set the attribute for port.
W: ConstraintEditor-4042: Port 'p:o_CPLD_M_S_SGPIO1_MISO_R' lacks attribute 'PAP_IO_SLEW', it's better to set the attribute for port.
W: ConstraintEditor-4042: Port 'p:o_CPLD_M_S_SGPIO1_MISO_R' lacks attribute 'BUS_KEEPER', it's better to set the attribute for port.
W: ConstraintEditor-4042: Port 'p:o_CPLD_M_S_SGPIO_MISO_R' lacks attribute 'PAP_IO_DRIVE', it's better to set the attribute for port.
W: ConstraintEditor-4042: Port 'p:o_CPLD_M_S_SGPIO_MISO_R' lacks attribute 'PAP_IO_SLEW', it's better to set the attribute for port.
W: ConstraintEditor-4042: Port 'p:o_CPLD_M_S_SGPIO_MISO_R' lacks attribute 'BUS_KEEPER', it's better to set the attribute for port.
W: ConstraintEditor-4042: Port 'p:o_CPU0_D0_UART1_RX' lacks attribute 'PAP_IO_DRIVE', it's better to set the attribute for port.
W: ConstraintEditor-4042: Port 'p:o_CPU0_D0_UART1_RX' lacks attribute 'PAP_IO_SLEW', it's better to set the attribute for port.
W: ConstraintEditor-4042: Port 'p:o_CPU0_D0_UART1_RX' lacks attribute 'BUS_KEEPER', it's better to set the attribute for port.
W: ConstraintEditor-4042: Port 'p:o_CPU0_D0_UART_SIN' lacks attribute 'PAP_IO_DRIVE', it's better to set the attribute for port.
W: ConstraintEditor-4042: Port 'p:o_CPU0_D0_UART_SIN' lacks attribute 'PAP_IO_SLEW', it's better to set the attribute for port.
W: ConstraintEditor-4042: Port 'p:o_CPU0_D0_UART_SIN' lacks attribute 'BUS_KEEPER', it's better to set the attribute for port.
W: ConstraintEditor-4042: Port 'p:o_CPU0_D1_UART1_RX' lacks attribute 'PAP_IO_DRIVE', it's better to set the attribute for port.
W: ConstraintEditor-4042: Port 'p:o_CPU0_D1_UART1_RX' lacks attribute 'PAP_IO_SLEW', it's better to set the attribute for port.
W: ConstraintEditor-4042: Port 'p:o_CPU0_D1_UART1_RX' lacks attribute 'BUS_KEEPER', it's better to set the attribute for port.
W: ConstraintEditor-4042: Port 'p:o_CPU0_RISER1_9548_RST_N_R' lacks attribute 'PAP_IO_DRIVE', it's better to set the attribute for port.
W: ConstraintEditor-4042: Port 'p:o_CPU0_RISER1_9548_RST_N_R' lacks attribute 'PAP_IO_SLEW', it's better to set the attribute for port.
W: ConstraintEditor-4042: Port 'p:o_CPU0_RISER1_9548_RST_N_R' lacks attribute 'BUS_KEEPER', it's better to set the attribute for port.
W: ConstraintEditor-4042: Port 'p:o_CPU1_D0_UART1_RX' lacks attribute 'PAP_IO_DRIVE', it's better to set the attribute for port.
W: ConstraintEditor-4042: Port 'p:o_CPU1_D0_UART1_RX' lacks attribute 'PAP_IO_SLEW', it's better to set the attribute for port.
W: ConstraintEditor-4042: Port 'p:o_CPU1_D0_UART1_RX' lacks attribute 'BUS_KEEPER', it's better to set the attribute for port.
W: ConstraintEditor-4042: Port 'p:o_CPU1_D0_UART_SIN' lacks attribute 'PAP_IO_DRIVE', it's better to set the attribute for port.
W: ConstraintEditor-4042: Port 'p:o_CPU1_D0_UART_SIN' lacks attribute 'PAP_IO_SLEW', it's better to set the attribute for port.
W: ConstraintEditor-4042: Port 'p:o_CPU1_D0_UART_SIN' lacks attribute 'BUS_KEEPER', it's better to set the attribute for port.
W: ConstraintEditor-4042: Port 'p:o_CPU1_D1_UART1_RX' lacks attribute 'PAP_IO_DRIVE', it's better to set the attribute for port.
W: ConstraintEditor-4042: Port 'p:o_CPU1_D1_UART1_RX' lacks attribute 'PAP_IO_SLEW', it's better to set the attribute for port.
W: ConstraintEditor-4042: Port 'p:o_CPU1_D1_UART1_RX' lacks attribute 'BUS_KEEPER', it's better to set the attribute for port.
W: ConstraintEditor-4042: Port 'p:o_CPU1_RISER2_9548_RST_N_R' lacks attribute 'PAP_IO_DRIVE', it's better to set the attribute for port.
W: ConstraintEditor-4042: Port 'p:o_CPU1_RISER2_9548_RST_N_R' lacks attribute 'PAP_IO_SLEW', it's better to set the attribute for port.
W: ConstraintEditor-4042: Port 'p:o_CPU1_RISER2_9548_RST_N_R' lacks attribute 'BUS_KEEPER', it's better to set the attribute for port.
W: ConstraintEditor-4042: Port 'p:o_CPU_MCIO0_GPU_THROTTLE_N_R' lacks attribute 'PAP_IO_DRIVE', it's better to set the attribute for port.
W: ConstraintEditor-4042: Port 'p:o_CPU_MCIO0_GPU_THROTTLE_N_R' lacks attribute 'PAP_IO_SLEW', it's better to set the attribute for port.
W: ConstraintEditor-4042: Port 'p:o_CPU_MCIO0_GPU_THROTTLE_N_R' lacks attribute 'BUS_KEEPER', it's better to set the attribute for port.
W: ConstraintEditor-4042: Port 'p:o_CPU_MCIO2_GPU_THROTTLE_N_R' lacks attribute 'PAP_IO_DRIVE', it's better to set the attribute for port.
W: ConstraintEditor-4042: Port 'p:o_CPU_MCIO2_GPU_THROTTLE_N_R' lacks attribute 'PAP_IO_SLEW', it's better to set the attribute for port.
W: ConstraintEditor-4042: Port 'p:o_CPU_MCIO2_GPU_THROTTLE_N_R' lacks attribute 'BUS_KEEPER', it's better to set the attribute for port.
W: ConstraintEditor-4042: Port 'p:o_CPU_MCIO3_GPU_THROTTLE_N_R' lacks attribute 'PAP_IO_DRIVE', it's better to set the attribute for port.
W: ConstraintEditor-4042: Port 'p:o_CPU_MCIO3_GPU_THROTTLE_N_R' lacks attribute 'PAP_IO_SLEW', it's better to set the attribute for port.
W: ConstraintEditor-4042: Port 'p:o_CPU_MCIO3_GPU_THROTTLE_N_R' lacks attribute 'BUS_KEEPER', it's better to set the attribute for port.
W: ConstraintEditor-4042: Port 'p:o_CPU_MCIO5_GPU_THROTTLE_N_R' lacks attribute 'PAP_IO_DRIVE', it's better to set the attribute for port.
W: ConstraintEditor-4042: Port 'p:o_CPU_MCIO5_GPU_THROTTLE_N_R' lacks attribute 'PAP_IO_SLEW', it's better to set the attribute for port.
W: ConstraintEditor-4042: Port 'p:o_CPU_MCIO5_GPU_THROTTLE_N_R' lacks attribute 'BUS_KEEPER', it's better to set the attribute for port.
W: ConstraintEditor-4042: Port 'p:o_CPU_MCIO7_GPU_THROTTLE_N_R' lacks attribute 'PAP_IO_DRIVE', it's better to set the attribute for port.
W: ConstraintEditor-4042: Port 'p:o_CPU_MCIO7_GPU_THROTTLE_N_R' lacks attribute 'PAP_IO_SLEW', it's better to set the attribute for port.
W: ConstraintEditor-4042: Port 'p:o_CPU_MCIO7_GPU_THROTTLE_N_R' lacks attribute 'BUS_KEEPER', it's better to set the attribute for port.
W: ConstraintEditor-4042: Port 'p:o_CPU_MCIO8_GPU_THROTTLE_N_R' lacks attribute 'PAP_IO_DRIVE', it's better to set the attribute for port.
W: ConstraintEditor-4042: Port 'p:o_CPU_MCIO8_GPU_THROTTLE_N_R' lacks attribute 'PAP_IO_SLEW', it's better to set the attribute for port.
W: ConstraintEditor-4042: Port 'p:o_CPU_MCIO8_GPU_THROTTLE_N_R' lacks attribute 'BUS_KEEPER', it's better to set the attribute for port.
W: ConstraintEditor-4042: Port 'p:o_DB9_TOD_UART_TX' lacks attribute 'PAP_IO_DRIVE', it's better to set the attribute for port.
W: ConstraintEditor-4042: Port 'p:o_DB9_TOD_UART_TX' lacks attribute 'PAP_IO_SLEW', it's better to set the attribute for port.
W: ConstraintEditor-4042: Port 'p:o_DB9_TOD_UART_TX' lacks attribute 'BUS_KEEPER', it's better to set the attribute for port.
W: ConstraintEditor-4042: Port 'p:o_DBG_CPU0_UART1_TX_CONN_R' lacks attribute 'PAP_IO_DRIVE', it's better to set the attribute for port.
W: ConstraintEditor-4042: Port 'p:o_DBG_CPU0_UART1_TX_CONN_R' lacks attribute 'PAP_IO_SLEW', it's better to set the attribute for port.
W: ConstraintEditor-4042: Port 'p:o_DBG_CPU0_UART1_TX_CONN_R' lacks attribute 'BUS_KEEPER', it's better to set the attribute for port.
W: ConstraintEditor-4042: Port 'p:o_DBG_PAL_BMC_UART1_TX_CONN_R' lacks attribute 'PAP_IO_DRIVE', it's better to set the attribute for port.
W: ConstraintEditor-4042: Port 'p:o_DBG_PAL_BMC_UART1_TX_CONN_R' lacks attribute 'PAP_IO_SLEW', it's better to set the attribute for port.
W: ConstraintEditor-4042: Port 'p:o_DBG_PAL_BMC_UART1_TX_CONN_R' lacks attribute 'BUS_KEEPER', it's better to set the attribute for port.
W: ConstraintEditor-4042: Port 'p:o_DB_UART_TX_R' lacks attribute 'PAP_IO_DRIVE', it's better to set the attribute for port.
W: ConstraintEditor-4042: Port 'p:o_DB_UART_TX_R' lacks attribute 'PAP_IO_SLEW', it's better to set the attribute for port.
W: ConstraintEditor-4042: Port 'p:o_DB_UART_TX_R' lacks attribute 'BUS_KEEPER', it's better to set the attribute for port.
W: ConstraintEditor-4042: Port 'p:o_JACK_CPU0_D0_UART_SOUT' lacks attribute 'PAP_IO_DRIVE', it's better to set the attribute for port.
W: ConstraintEditor-4042: Port 'p:o_JACK_CPU0_D0_UART_SOUT' lacks attribute 'PAP_IO_SLEW', it's better to set the attribute for port.
W: ConstraintEditor-4042: Port 'p:o_JACK_CPU0_D0_UART_SOUT' lacks attribute 'BUS_KEEPER', it's better to set the attribute for port.
W: ConstraintEditor-4042: Port 'p:o_JACK_CPU0_UART1_TX' lacks attribute 'PAP_IO_DRIVE', it's better to set the attribute for port.
W: ConstraintEditor-4042: Port 'p:o_JACK_CPU0_UART1_TX' lacks attribute 'PAP_IO_SLEW', it's better to set the attribute for port.
W: ConstraintEditor-4042: Port 'p:o_JACK_CPU0_UART1_TX' lacks attribute 'BUS_KEEPER', it's better to set the attribute for port.
W: ConstraintEditor-4042: Port 'p:o_JACK_CPU1_D0_UART_SOUT' lacks attribute 'PAP_IO_DRIVE', it's better to set the attribute for port.
W: ConstraintEditor-4042: Port 'p:o_JACK_CPU1_D0_UART_SOUT' lacks attribute 'PAP_IO_SLEW', it's better to set the attribute for port.
W: ConstraintEditor-4042: Port 'p:o_JACK_CPU1_D0_UART_SOUT' lacks attribute 'BUS_KEEPER', it's better to set the attribute for port.
W: ConstraintEditor-4042: Port 'p:o_JACK_CPU1_UART1_TX' lacks attribute 'PAP_IO_DRIVE', it's better to set the attribute for port.
W: ConstraintEditor-4042: Port 'p:o_JACK_CPU1_UART1_TX' lacks attribute 'PAP_IO_SLEW', it's better to set the attribute for port.
W: ConstraintEditor-4042: Port 'p:o_JACK_CPU1_UART1_TX' lacks attribute 'BUS_KEEPER', it's better to set the attribute for port.
W: ConstraintEditor-4042: Port 'p:o_LEAR_CPU0_UART1_TX' lacks attribute 'PAP_IO_DRIVE', it's better to set the attribute for port.
W: ConstraintEditor-4042: Port 'p:o_LEAR_CPU0_UART1_TX' lacks attribute 'PAP_IO_SLEW', it's better to set the attribute for port.
W: ConstraintEditor-4042: Port 'p:o_LEAR_CPU0_UART1_TX' lacks attribute 'BUS_KEEPER', it's better to set the attribute for port.
W: ConstraintEditor-4042: Port 'p:o_LED1_N' lacks attribute 'PAP_IO_DRIVE', it's better to set the attribute for port.
W: ConstraintEditor-4042: Port 'p:o_LED1_N' lacks attribute 'PAP_IO_SLEW', it's better to set the attribute for port.
W: ConstraintEditor-4042: Port 'p:o_LED1_N' lacks attribute 'BUS_KEEPER', it's better to set the attribute for port.
W: ConstraintEditor-4042: Port 'p:o_LED2_N' lacks attribute 'PAP_IO_DRIVE', it's better to set the attribute for port.
W: ConstraintEditor-4042: Port 'p:o_LED2_N' lacks attribute 'PAP_IO_SLEW', it's better to set the attribute for port.
W: ConstraintEditor-4042: Port 'p:o_LED2_N' lacks attribute 'BUS_KEEPER', it's better to set the attribute for port.
W: ConstraintEditor-4042: Port 'p:o_LED3_N' lacks attribute 'PAP_IO_DRIVE', it's better to set the attribute for port.
W: ConstraintEditor-4042: Port 'p:o_LED3_N' lacks attribute 'PAP_IO_SLEW', it's better to set the attribute for port.
W: ConstraintEditor-4042: Port 'p:o_LED3_N' lacks attribute 'BUS_KEEPER', it's better to set the attribute for port.
W: ConstraintEditor-4042: Port 'p:o_LED4_N' lacks attribute 'PAP_IO_DRIVE', it's better to set the attribute for port.
W: ConstraintEditor-4042: Port 'p:o_LED4_N' lacks attribute 'PAP_IO_SLEW', it's better to set the attribute for port.
W: ConstraintEditor-4042: Port 'p:o_LED4_N' lacks attribute 'BUS_KEEPER', it's better to set the attribute for port.
W: ConstraintEditor-4042: Port 'p:o_LED5_N' lacks attribute 'PAP_IO_DRIVE', it's better to set the attribute for port.
W: ConstraintEditor-4042: Port 'p:o_LED5_N' lacks attribute 'PAP_IO_SLEW', it's better to set the attribute for port.
W: ConstraintEditor-4042: Port 'p:o_LED5_N' lacks attribute 'BUS_KEEPER', it's better to set the attribute for port.
W: ConstraintEditor-4042: Port 'p:o_LED6_N' lacks attribute 'PAP_IO_DRIVE', it's better to set the attribute for port.
W: ConstraintEditor-4042: Port 'p:o_LED6_N' lacks attribute 'PAP_IO_SLEW', it's better to set the attribute for port.
W: ConstraintEditor-4042: Port 'p:o_LED6_N' lacks attribute 'BUS_KEEPER', it's better to set the attribute for port.
W: ConstraintEditor-4042: Port 'p:o_LED7_N' lacks attribute 'PAP_IO_DRIVE', it's better to set the attribute for port.
W: ConstraintEditor-4042: Port 'p:o_LED7_N' lacks attribute 'PAP_IO_SLEW', it's better to set the attribute for port.
W: ConstraintEditor-4042: Port 'p:o_LED7_N' lacks attribute 'BUS_KEEPER', it's better to set the attribute for port.
W: ConstraintEditor-4042: Port 'p:o_LED8_N' lacks attribute 'PAP_IO_DRIVE', it's better to set the attribute for port.
W: ConstraintEditor-4042: Port 'p:o_LED8_N' lacks attribute 'PAP_IO_SLEW', it's better to set the attribute for port.
W: ConstraintEditor-4042: Port 'p:o_LED8_N' lacks attribute 'BUS_KEEPER', it's better to set the attribute for port.
W: ConstraintEditor-4042: Port 'p:o_MCIO11_RISER1_PERST2_N' lacks attribute 'PAP_IO_DRIVE', it's better to set the attribute for port.
W: ConstraintEditor-4042: Port 'p:o_MCIO11_RISER1_PERST2_N' lacks attribute 'PAP_IO_SLEW', it's better to set the attribute for port.
W: ConstraintEditor-4042: Port 'p:o_MCIO11_RISER1_PERST2_N' lacks attribute 'BUS_KEEPER', it's better to set the attribute for port.
W: ConstraintEditor-4042: Port 'p:o_P5V_USB2_EN' lacks attribute 'PAP_IO_DRIVE', it's better to set the attribute for port.
W: ConstraintEditor-4042: Port 'p:o_P5V_USB2_EN' lacks attribute 'PAP_IO_SLEW', it's better to set the attribute for port.
W: ConstraintEditor-4042: Port 'p:o_P5V_USB2_EN' lacks attribute 'BUS_KEEPER', it's better to set the attribute for port.
W: ConstraintEditor-4042: Port 'p:o_PAL_BMC_UART1_RX' lacks attribute 'PAP_IO_DRIVE', it's better to set the attribute for port.
W: ConstraintEditor-4042: Port 'p:o_PAL_BMC_UART1_RX' lacks attribute 'PAP_IO_SLEW', it's better to set the attribute for port.
W: ConstraintEditor-4042: Port 'p:o_PAL_BMC_UART1_RX' lacks attribute 'BUS_KEEPER', it's better to set the attribute for port.
W: ConstraintEditor-4042: Port 'p:o_PAL_BMC_UART4_RX' lacks attribute 'PAP_IO_DRIVE', it's better to set the attribute for port.
W: ConstraintEditor-4042: Port 'p:o_PAL_BMC_UART4_RX' lacks attribute 'PAP_IO_SLEW', it's better to set the attribute for port.
W: ConstraintEditor-4042: Port 'p:o_PAL_BMC_UART4_RX' lacks attribute 'BUS_KEEPER', it's better to set the attribute for port.
W: ConstraintEditor-4042: Port 'p:o_PAL_CK440_OE_N_R' lacks attribute 'PAP_IO_DRIVE', it's better to set the attribute for port.
W: ConstraintEditor-4042: Port 'p:o_PAL_CK440_OE_N_R' lacks attribute 'PAP_IO_SLEW', it's better to set the attribute for port.
W: ConstraintEditor-4042: Port 'p:o_PAL_CK440_OE_N_R' lacks attribute 'BUS_KEEPER', it's better to set the attribute for port.
W: ConstraintEditor-4042: Port 'p:o_PAL_CPU0_I3C_SPD_SEL' lacks attribute 'PAP_IO_DRIVE', it's better to set the attribute for port.
W: ConstraintEditor-4042: Port 'p:o_PAL_CPU0_I3C_SPD_SEL' lacks attribute 'PAP_IO_SLEW', it's better to set the attribute for port.
W: ConstraintEditor-4042: Port 'p:o_PAL_CPU0_I3C_SPD_SEL' lacks attribute 'BUS_KEEPER', it's better to set the attribute for port.
W: ConstraintEditor-4042: Port 'p:o_PAL_CPU1_I3C_SPD_SEL' lacks attribute 'PAP_IO_DRIVE', it's better to set the attribute for port.
W: ConstraintEditor-4042: Port 'p:o_PAL_CPU1_I3C_SPD_SEL' lacks attribute 'PAP_IO_SLEW', it's better to set the attribute for port.
W: ConstraintEditor-4042: Port 'p:o_PAL_CPU1_I3C_SPD_SEL' lacks attribute 'BUS_KEEPER', it's better to set the attribute for port.
W: ConstraintEditor-4042: Port 'p:o_PAL_DB800_1_OE_N_R' lacks attribute 'PAP_IO_DRIVE', it's better to set the attribute for port.
W: ConstraintEditor-4042: Port 'p:o_PAL_DB800_1_OE_N_R' lacks attribute 'PAP_IO_SLEW', it's better to set the attribute for port.
W: ConstraintEditor-4042: Port 'p:o_PAL_DB800_1_OE_N_R' lacks attribute 'BUS_KEEPER', it's better to set the attribute for port.
W: ConstraintEditor-4042: Port 'p:o_PAL_DB800_1_PD_R' lacks attribute 'PAP_IO_DRIVE', it's better to set the attribute for port.
W: ConstraintEditor-4042: Port 'p:o_PAL_DB800_1_PD_R' lacks attribute 'PAP_IO_SLEW', it's better to set the attribute for port.
W: ConstraintEditor-4042: Port 'p:o_PAL_DB800_1_PD_R' lacks attribute 'BUS_KEEPER', it's better to set the attribute for port.
W: ConstraintEditor-4042: Port 'p:o_PAL_DB2000_1_OE_N_R' lacks attribute 'PAP_IO_DRIVE', it's better to set the attribute for port.
W: ConstraintEditor-4042: Port 'p:o_PAL_DB2000_1_OE_N_R' lacks attribute 'PAP_IO_SLEW', it's better to set the attribute for port.
W: ConstraintEditor-4042: Port 'p:o_PAL_DB2000_1_OE_N_R' lacks attribute 'BUS_KEEPER', it's better to set the attribute for port.
W: ConstraintEditor-4042: Port 'p:o_PAL_DB2000_1_PD_R' lacks attribute 'PAP_IO_DRIVE', it's better to set the attribute for port.
W: ConstraintEditor-4042: Port 'p:o_PAL_DB2000_1_PD_R' lacks attribute 'PAP_IO_SLEW', it's better to set the attribute for port.
W: ConstraintEditor-4042: Port 'p:o_PAL_DB2000_1_PD_R' lacks attribute 'BUS_KEEPER', it's better to set the attribute for port.
W: ConstraintEditor-4042: Port 'p:o_PAL_GPU1_EFUSE_EN_R' lacks attribute 'PAP_IO_DRIVE', it's better to set the attribute for port.
W: ConstraintEditor-4042: Port 'p:o_PAL_GPU1_EFUSE_EN_R' lacks attribute 'PAP_IO_SLEW', it's better to set the attribute for port.
W: ConstraintEditor-4042: Port 'p:o_PAL_GPU1_EFUSE_EN_R' lacks attribute 'BUS_KEEPER', it's better to set the attribute for port.
W: ConstraintEditor-4042: Port 'p:o_PAL_GPU2_EFUSE_EN_R' lacks attribute 'PAP_IO_DRIVE', it's better to set the attribute for port.
W: ConstraintEditor-4042: Port 'p:o_PAL_GPU2_EFUSE_EN_R' lacks attribute 'PAP_IO_SLEW', it's better to set the attribute for port.
W: ConstraintEditor-4042: Port 'p:o_PAL_GPU2_EFUSE_EN_R' lacks attribute 'BUS_KEEPER', it's better to set the attribute for port.
W: ConstraintEditor-4042: Port 'p:o_PAL_GPU3_EFUSE_EN_R' lacks attribute 'PAP_IO_DRIVE', it's better to set the attribute for port.
W: ConstraintEditor-4042: Port 'p:o_PAL_GPU3_EFUSE_EN_R' lacks attribute 'PAP_IO_SLEW', it's better to set the attribute for port.
W: ConstraintEditor-4042: Port 'p:o_PAL_GPU3_EFUSE_EN_R' lacks attribute 'BUS_KEEPER', it's better to set the attribute for port.
W: ConstraintEditor-4042: Port 'p:o_PAL_GPU4_EFUSE_EN_R' lacks attribute 'PAP_IO_DRIVE', it's better to set the attribute for port.
W: ConstraintEditor-4042: Port 'p:o_PAL_GPU4_EFUSE_EN_R' lacks attribute 'PAP_IO_SLEW', it's better to set the attribute for port.
W: ConstraintEditor-4042: Port 'p:o_PAL_GPU4_EFUSE_EN_R' lacks attribute 'BUS_KEEPER', it's better to set the attribute for port.
W: ConstraintEditor-4042: Port 'p:o_PAL_LED_HEL_GR_R' lacks attribute 'PAP_IO_DRIVE', it's better to set the attribute for port.
W: ConstraintEditor-4042: Port 'p:o_PAL_LED_HEL_GR_R' lacks attribute 'PAP_IO_SLEW', it's better to set the attribute for port.
W: ConstraintEditor-4042: Port 'p:o_PAL_LED_HEL_GR_R' lacks attribute 'BUS_KEEPER', it's better to set the attribute for port.
W: ConstraintEditor-4042: Port 'p:o_PAL_LED_HEL_RED_R' lacks attribute 'PAP_IO_DRIVE', it's better to set the attribute for port.
W: ConstraintEditor-4042: Port 'p:o_PAL_LED_HEL_RED_R' lacks attribute 'PAP_IO_SLEW', it's better to set the attribute for port.
W: ConstraintEditor-4042: Port 'p:o_PAL_LED_HEL_RED_R' lacks attribute 'BUS_KEEPER', it's better to set the attribute for port.
W: ConstraintEditor-4042: Port 'p:o_PAL_LED_PWRBTN_AMB_R' lacks attribute 'PAP_IO_DRIVE', it's better to set the attribute for port.
W: ConstraintEditor-4042: Port 'p:o_PAL_LED_PWRBTN_AMB_R' lacks attribute 'PAP_IO_SLEW', it's better to set the attribute for port.
W: ConstraintEditor-4042: Port 'p:o_PAL_LED_PWRBTN_AMB_R' lacks attribute 'BUS_KEEPER', it's better to set the attribute for port.
W: ConstraintEditor-4042: Port 'p:o_PAL_LED_PWRBTN_GR_R' lacks attribute 'PAP_IO_DRIVE', it's better to set the attribute for port.
W: ConstraintEditor-4042: Port 'p:o_PAL_LED_PWRBTN_GR_R' lacks attribute 'PAP_IO_SLEW', it's better to set the attribute for port.
W: ConstraintEditor-4042: Port 'p:o_PAL_LED_PWRBTN_GR_R' lacks attribute 'BUS_KEEPER', it's better to set the attribute for port.
W: ConstraintEditor-4042: Port 'p:o_PAL_LED_UID_R' lacks attribute 'PAP_IO_DRIVE', it's better to set the attribute for port.
W: ConstraintEditor-4042: Port 'p:o_PAL_LED_UID_R' lacks attribute 'PAP_IO_SLEW', it's better to set the attribute for port.
W: ConstraintEditor-4042: Port 'p:o_PAL_LED_UID_R' lacks attribute 'BUS_KEEPER', it's better to set the attribute for port.
W: ConstraintEditor-4042: Port 'p:o_PAL_M2_0_PERST_N_R' lacks attribute 'PAP_IO_DRIVE', it's better to set the attribute for port.
W: ConstraintEditor-4042: Port 'p:o_PAL_M2_0_PERST_N_R' lacks attribute 'PAP_IO_SLEW', it's better to set the attribute for port.
W: ConstraintEditor-4042: Port 'p:o_PAL_M2_0_PERST_N_R' lacks attribute 'BUS_KEEPER', it's better to set the attribute for port.
W: ConstraintEditor-4042: Port 'p:o_PAL_M2_1_PERST_N_R' lacks attribute 'PAP_IO_DRIVE', it's better to set the attribute for port.
W: ConstraintEditor-4042: Port 'p:o_PAL_M2_1_PERST_N_R' lacks attribute 'PAP_IO_SLEW', it's better to set the attribute for port.
W: ConstraintEditor-4042: Port 'p:o_PAL_M2_1_PERST_N_R' lacks attribute 'BUS_KEEPER', it's better to set the attribute for port.
W: ConstraintEditor-4042: Port 'p:o_PAL_M2_PWR_EN_R' lacks attribute 'PAP_IO_DRIVE', it's better to set the attribute for port.
W: ConstraintEditor-4042: Port 'p:o_PAL_M2_PWR_EN_R' lacks attribute 'PAP_IO_SLEW', it's better to set the attribute for port.
W: ConstraintEditor-4042: Port 'p:o_PAL_M2_PWR_EN_R' lacks attribute 'BUS_KEEPER', it's better to set the attribute for port.
W: ConstraintEditor-4042: Port 'p:o_PAL_OCP_NCSI_CLK_50M_R' lacks attribute 'PAP_IO_DRIVE', it's better to set the attribute for port.
W: ConstraintEditor-4042: Port 'p:o_PAL_OCP_NCSI_CLK_50M_R' lacks attribute 'PAP_IO_SLEW', it's better to set the attribute for port.
W: ConstraintEditor-4042: Port 'p:o_PAL_OCP_NCSI_CLK_50M_R' lacks attribute 'BUS_KEEPER', it's better to set the attribute for port.
W: ConstraintEditor-4042: Port 'p:o_PAL_OCP_NCSI_SW_EN_N_R' lacks attribute 'PAP_IO_DRIVE', it's better to set the attribute for port.
W: ConstraintEditor-4042: Port 'p:o_PAL_OCP_NCSI_SW_EN_N_R' lacks attribute 'PAP_IO_SLEW', it's better to set the attribute for port.
W: ConstraintEditor-4042: Port 'p:o_PAL_OCP_NCSI_SW_EN_N_R' lacks attribute 'BUS_KEEPER', it's better to set the attribute for port.
W: ConstraintEditor-4042: Port 'p:o_PAL_P1V1_STBY_EN_R' lacks attribute 'PAP_IO_DRIVE', it's better to set the attribute for port.
W: ConstraintEditor-4042: Port 'p:o_PAL_P1V1_STBY_EN_R' lacks attribute 'PAP_IO_SLEW', it's better to set the attribute for port.
W: ConstraintEditor-4042: Port 'p:o_PAL_P1V1_STBY_EN_R' lacks attribute 'BUS_KEEPER', it's better to set the attribute for port.
W: ConstraintEditor-4042: Port 'p:o_PAL_P12V_STBY_EFUSE_EN_R' lacks attribute 'PAP_IO_DRIVE', it's better to set the attribute for port.
W: ConstraintEditor-4042: Port 'p:o_PAL_P12V_STBY_EFUSE_EN_R' lacks attribute 'PAP_IO_SLEW', it's better to set the attribute for port.
W: ConstraintEditor-4042: Port 'p:o_PAL_P12V_STBY_EFUSE_EN_R' lacks attribute 'BUS_KEEPER', it's better to set the attribute for port.
W: ConstraintEditor-4042: Port 'p:o_PAL_RISER1_SLOT_PERST_N_R' lacks attribute 'PAP_IO_DRIVE', it's better to set the attribute for port.
W: ConstraintEditor-4042: Port 'p:o_PAL_RISER1_SLOT_PERST_N_R' lacks attribute 'PAP_IO_SLEW', it's better to set the attribute for port.
W: ConstraintEditor-4042: Port 'p:o_PAL_RISER1_SLOT_PERST_N_R' lacks attribute 'BUS_KEEPER', it's better to set the attribute for port.
W: ConstraintEditor-4042: Port 'p:o_PAL_RISER1_SS_CLK' lacks attribute 'PAP_IO_DRIVE', it's better to set the attribute for port.
W: ConstraintEditor-4042: Port 'p:o_PAL_RISER1_SS_CLK' lacks attribute 'PAP_IO_SLEW', it's better to set the attribute for port.
W: ConstraintEditor-4042: Port 'p:o_PAL_RISER1_SS_CLK' lacks attribute 'BUS_KEEPER', it's better to set the attribute for port.
W: ConstraintEditor-4042: Port 'p:o_PAL_RISER1_SS_LD_N' lacks attribute 'PAP_IO_DRIVE', it's better to set the attribute for port.
W: ConstraintEditor-4042: Port 'p:o_PAL_RISER1_SS_LD_N' lacks attribute 'PAP_IO_SLEW', it's better to set the attribute for port.
W: ConstraintEditor-4042: Port 'p:o_PAL_RISER1_SS_LD_N' lacks attribute 'BUS_KEEPER', it's better to set the attribute for port.
W: ConstraintEditor-4042: Port 'p:o_PAL_RISER2_SLOT_PERST_N_R' lacks attribute 'PAP_IO_DRIVE', it's better to set the attribute for port.
W: ConstraintEditor-4042: Port 'p:o_PAL_RISER2_SLOT_PERST_N_R' lacks attribute 'PAP_IO_SLEW', it's better to set the attribute for port.
W: ConstraintEditor-4042: Port 'p:o_PAL_RISER2_SLOT_PERST_N_R' lacks attribute 'BUS_KEEPER', it's better to set the attribute for port.
W: ConstraintEditor-4042: Port 'p:o_PAL_RISER2_SS_CLK' lacks attribute 'PAP_IO_DRIVE', it's better to set the attribute for port.
W: ConstraintEditor-4042: Port 'p:o_PAL_RISER2_SS_CLK' lacks attribute 'PAP_IO_SLEW', it's better to set the attribute for port.
W: ConstraintEditor-4042: Port 'p:o_PAL_RISER2_SS_CLK' lacks attribute 'BUS_KEEPER', it's better to set the attribute for port.
W: ConstraintEditor-4042: Port 'p:o_PAL_RISER2_SS_LD_N' lacks attribute 'PAP_IO_DRIVE', it's better to set the attribute for port.
W: ConstraintEditor-4042: Port 'p:o_PAL_RISER2_SS_LD_N' lacks attribute 'PAP_IO_SLEW', it's better to set the attribute for port.
W: ConstraintEditor-4042: Port 'p:o_PAL_RISER2_SS_LD_N' lacks attribute 'BUS_KEEPER', it's better to set the attribute for port.
W: ConstraintEditor-4042: Port 'p:o_PAL_RJ45_1_100M_LED' lacks attribute 'PAP_IO_DRIVE', it's better to set the attribute for port.
W: ConstraintEditor-4042: Port 'p:o_PAL_RJ45_1_100M_LED' lacks attribute 'PAP_IO_SLEW', it's better to set the attribute for port.
W: ConstraintEditor-4042: Port 'p:o_PAL_RJ45_1_100M_LED' lacks attribute 'BUS_KEEPER', it's better to set the attribute for port.
W: ConstraintEditor-4042: Port 'p:o_PAL_RJ45_1_1000M_LED' lacks attribute 'PAP_IO_DRIVE', it's better to set the attribute for port.
W: ConstraintEditor-4042: Port 'p:o_PAL_RJ45_1_1000M_LED' lacks attribute 'PAP_IO_SLEW', it's better to set the attribute for port.
W: ConstraintEditor-4042: Port 'p:o_PAL_RJ45_1_1000M_LED' lacks attribute 'BUS_KEEPER', it's better to set the attribute for port.
W: ConstraintEditor-4042: Port 'p:o_PAL_RJ45_1_ACT_LED' lacks attribute 'PAP_IO_DRIVE', it's better to set the attribute for port.
W: ConstraintEditor-4042: Port 'p:o_PAL_RJ45_1_ACT_LED' lacks attribute 'PAP_IO_SLEW', it's better to set the attribute for port.
W: ConstraintEditor-4042: Port 'p:o_PAL_RJ45_1_ACT_LED' lacks attribute 'BUS_KEEPER', it's better to set the attribute for port.
W: ConstraintEditor-4042: Port 'p:o_PAL_RJ45_2_100M_LED' lacks attribute 'PAP_IO_DRIVE', it's better to set the attribute for port.
W: ConstraintEditor-4042: Port 'p:o_PAL_RJ45_2_100M_LED' lacks attribute 'PAP_IO_SLEW', it's better to set the attribute for port.
W: ConstraintEditor-4042: Port 'p:o_PAL_RJ45_2_100M_LED' lacks attribute 'BUS_KEEPER', it's better to set the attribute for port.
W: ConstraintEditor-4042: Port 'p:o_PAL_RJ45_2_1000M_LED' lacks attribute 'PAP_IO_DRIVE', it's better to set the attribute for port.
W: ConstraintEditor-4042: Port 'p:o_PAL_RJ45_2_1000M_LED' lacks attribute 'PAP_IO_SLEW', it's better to set the attribute for port.
W: ConstraintEditor-4042: Port 'p:o_PAL_RJ45_2_1000M_LED' lacks attribute 'BUS_KEEPER', it's better to set the attribute for port.
W: ConstraintEditor-4042: Port 'p:o_PAL_RJ45_2_ACT_LED' lacks attribute 'PAP_IO_DRIVE', it's better to set the attribute for port.
W: ConstraintEditor-4042: Port 'p:o_PAL_RJ45_2_ACT_LED' lacks attribute 'PAP_IO_SLEW', it's better to set the attribute for port.
W: ConstraintEditor-4042: Port 'p:o_PAL_RJ45_2_ACT_LED' lacks attribute 'BUS_KEEPER', it's better to set the attribute for port.
W: ConstraintEditor-4042: Port 'p:o_PAL_RST_TCM_N_R' lacks attribute 'PAP_IO_DRIVE', it's better to set the attribute for port.
W: ConstraintEditor-4042: Port 'p:o_PAL_RST_TCM_N_R' lacks attribute 'PAP_IO_SLEW', it's better to set the attribute for port.
W: ConstraintEditor-4042: Port 'p:o_PAL_RST_TCM_N_R' lacks attribute 'BUS_KEEPER', it's better to set the attribute for port.
W: ConstraintEditor-4042: Port 'p:o_PAL_SPI_SELECT_R' lacks attribute 'PAP_IO_DRIVE', it's better to set the attribute for port.
W: ConstraintEditor-4042: Port 'p:o_PAL_SPI_SELECT_R' lacks attribute 'PAP_IO_SLEW', it's better to set the attribute for port.
W: ConstraintEditor-4042: Port 'p:o_PAL_SPI_SELECT_R' lacks attribute 'BUS_KEEPER', it's better to set the attribute for port.
W: ConstraintEditor-4042: Port 'p:o_PAL_SPI_SWITCH_EN_R' lacks attribute 'PAP_IO_DRIVE', it's better to set the attribute for port.
W: ConstraintEditor-4042: Port 'p:o_PAL_SPI_SWITCH_EN_R' lacks attribute 'PAP_IO_SLEW', it's better to set the attribute for port.
W: ConstraintEditor-4042: Port 'p:o_PAL_SPI_SWITCH_EN_R' lacks attribute 'BUS_KEEPER', it's better to set the attribute for port.
W: ConstraintEditor-4042: Port 'p:o_PAL_TEST_BAT_EN' lacks attribute 'PAP_IO_DRIVE', it's better to set the attribute for port.
W: ConstraintEditor-4042: Port 'p:o_PAL_TEST_BAT_EN' lacks attribute 'PAP_IO_SLEW', it's better to set the attribute for port.
W: ConstraintEditor-4042: Port 'p:o_PAL_TEST_BAT_EN' lacks attribute 'BUS_KEEPER', it's better to set the attribute for port.
W: ConstraintEditor-4042: Port 'p:o_PAL_THROTTLE_RISER1_R' lacks attribute 'PAP_IO_DRIVE', it's better to set the attribute for port.
W: ConstraintEditor-4042: Port 'p:o_PAL_THROTTLE_RISER1_R' lacks attribute 'PAP_IO_SLEW', it's better to set the attribute for port.
W: ConstraintEditor-4042: Port 'p:o_PAL_THROTTLE_RISER1_R' lacks attribute 'BUS_KEEPER', it's better to set the attribute for port.
W: ConstraintEditor-4042: Port 'p:o_PAL_THROTTLE_RISER2_R' lacks attribute 'PAP_IO_DRIVE', it's better to set the attribute for port.
W: ConstraintEditor-4042: Port 'p:o_PAL_THROTTLE_RISER2_R' lacks attribute 'PAP_IO_SLEW', it's better to set the attribute for port.
W: ConstraintEditor-4042: Port 'p:o_PAL_THROTTLE_RISER2_R' lacks attribute 'BUS_KEEPER', it's better to set the attribute for port.
W: ConstraintEditor-4042: Port 'p:o_PAL_UART4_OCP_DEBUG_TX' lacks attribute 'PAP_IO_DRIVE', it's better to set the attribute for port.
W: ConstraintEditor-4042: Port 'p:o_PAL_UART4_OCP_DEBUG_TX' lacks attribute 'PAP_IO_SLEW', it's better to set the attribute for port.
W: ConstraintEditor-4042: Port 'p:o_PAL_UART4_OCP_DEBUG_TX' lacks attribute 'BUS_KEEPER', it's better to set the attribute for port.
W: ConstraintEditor-4042: Port 'p:o_PAL_UPD1_P1V1_EN_R' lacks attribute 'PAP_IO_DRIVE', it's better to set the attribute for port.
W: ConstraintEditor-4042: Port 'p:o_PAL_UPD1_P1V1_EN_R' lacks attribute 'PAP_IO_SLEW', it's better to set the attribute for port.
W: ConstraintEditor-4042: Port 'p:o_PAL_UPD1_P1V1_EN_R' lacks attribute 'BUS_KEEPER', it's better to set the attribute for port.
W: ConstraintEditor-4042: Port 'p:o_PAL_UPD1_P3V3_EN_R' lacks attribute 'PAP_IO_DRIVE', it's better to set the attribute for port.
W: ConstraintEditor-4042: Port 'p:o_PAL_UPD1_P3V3_EN_R' lacks attribute 'PAP_IO_SLEW', it's better to set the attribute for port.
W: ConstraintEditor-4042: Port 'p:o_PAL_UPD1_P3V3_EN_R' lacks attribute 'BUS_KEEPER', it's better to set the attribute for port.
W: ConstraintEditor-4042: Port 'p:o_PAL_UPD1_PERST_N_R' lacks attribute 'PAP_IO_DRIVE', it's better to set the attribute for port.
W: ConstraintEditor-4042: Port 'p:o_PAL_UPD1_PERST_N_R' lacks attribute 'PAP_IO_SLEW', it's better to set the attribute for port.
W: ConstraintEditor-4042: Port 'p:o_PAL_UPD1_PERST_N_R' lacks attribute 'BUS_KEEPER', it's better to set the attribute for port.
W: ConstraintEditor-4042: Port 'p:o_PAL_UPD1_PONRST_N_R' lacks attribute 'PAP_IO_DRIVE', it's better to set the attribute for port.
W: ConstraintEditor-4042: Port 'p:o_PAL_UPD1_PONRST_N_R' lacks attribute 'PAP_IO_SLEW', it's better to set the attribute for port.
W: ConstraintEditor-4042: Port 'p:o_PAL_UPD1_PONRST_N_R' lacks attribute 'BUS_KEEPER', it's better to set the attribute for port.
W: ConstraintEditor-4042: Port 'p:o_PAL_UPD2_P1V1_EN_R' lacks attribute 'PAP_IO_DRIVE', it's better to set the attribute for port.
W: ConstraintEditor-4042: Port 'p:o_PAL_UPD2_P1V1_EN_R' lacks attribute 'PAP_IO_SLEW', it's better to set the attribute for port.
W: ConstraintEditor-4042: Port 'p:o_PAL_UPD2_P1V1_EN_R' lacks attribute 'BUS_KEEPER', it's better to set the attribute for port.
W: ConstraintEditor-4042: Port 'p:o_PAL_UPD2_P3V3_EN_R' lacks attribute 'PAP_IO_DRIVE', it's better to set the attribute for port.
W: ConstraintEditor-4042: Port 'p:o_PAL_UPD2_P3V3_EN_R' lacks attribute 'PAP_IO_SLEW', it's better to set the attribute for port.
W: ConstraintEditor-4042: Port 'p:o_PAL_UPD2_P3V3_EN_R' lacks attribute 'BUS_KEEPER', it's better to set the attribute for port.
W: ConstraintEditor-4042: Port 'p:o_PAL_UPD2_PERST_N_R' lacks attribute 'PAP_IO_DRIVE', it's better to set the attribute for port.
W: ConstraintEditor-4042: Port 'p:o_PAL_UPD2_PERST_N_R' lacks attribute 'PAP_IO_SLEW', it's better to set the attribute for port.
W: ConstraintEditor-4042: Port 'p:o_PAL_UPD2_PERST_N_R' lacks attribute 'BUS_KEEPER', it's better to set the attribute for port.
W: ConstraintEditor-4042: Port 'p:o_PAL_UPD2_PONRST_N_R' lacks attribute 'PAP_IO_DRIVE', it's better to set the attribute for port.
W: ConstraintEditor-4042: Port 'p:o_PAL_UPD2_PONRST_N_R' lacks attribute 'PAP_IO_SLEW', it's better to set the attribute for port.
W: ConstraintEditor-4042: Port 'p:o_PAL_UPD2_PONRST_N_R' lacks attribute 'BUS_KEEPER', it's better to set the attribute for port.
W: ConstraintEditor-4042: Port 'p:o_PAL_WX1860_NCSI_CLK_50M_R' lacks attribute 'PAP_IO_DRIVE', it's better to set the attribute for port.
W: ConstraintEditor-4042: Port 'p:o_PAL_WX1860_NCSI_CLK_50M_R' lacks attribute 'PAP_IO_SLEW', it's better to set the attribute for port.
W: ConstraintEditor-4042: Port 'p:o_PAL_WX1860_NCSI_CLK_50M_R' lacks attribute 'BUS_KEEPER', it's better to set the attribute for port.
W: ConstraintEditor-4042: Port 'p:o_PAL_WX1860_NCSI_SW_EN_N_R' lacks attribute 'PAP_IO_DRIVE', it's better to set the attribute for port.
W: ConstraintEditor-4042: Port 'p:o_PAL_WX1860_NCSI_SW_EN_N_R' lacks attribute 'PAP_IO_SLEW', it's better to set the attribute for port.
W: ConstraintEditor-4042: Port 'p:o_PAL_WX1860_NCSI_SW_EN_N_R' lacks attribute 'BUS_KEEPER', it's better to set the attribute for port.
W: ConstraintEditor-4042: Port 'p:o_RISER1_SELECT' lacks attribute 'PAP_IO_DRIVE', it's better to set the attribute for port.
W: ConstraintEditor-4042: Port 'p:o_RISER1_SELECT' lacks attribute 'PAP_IO_SLEW', it's better to set the attribute for port.
W: ConstraintEditor-4042: Port 'p:o_RISER1_SELECT' lacks attribute 'BUS_KEEPER', it's better to set the attribute for port.
W: ConstraintEditor-4042: Port 'p:o_RISER1_SWITCH_EN' lacks attribute 'PAP_IO_DRIVE', it's better to set the attribute for port.
W: ConstraintEditor-4042: Port 'p:o_RISER1_SWITCH_EN' lacks attribute 'PAP_IO_SLEW', it's better to set the attribute for port.
W: ConstraintEditor-4042: Port 'p:o_RISER1_SWITCH_EN' lacks attribute 'BUS_KEEPER', it's better to set the attribute for port.
W: ConstraintEditor-4042: Port 'p:o_RISER_AUX_TOD_UART1_TXD' lacks attribute 'PAP_IO_DRIVE', it's better to set the attribute for port.
W: ConstraintEditor-4042: Port 'p:o_RISER_AUX_TOD_UART1_TXD' lacks attribute 'PAP_IO_SLEW', it's better to set the attribute for port.
W: ConstraintEditor-4042: Port 'p:o_RISER_AUX_TOD_UART1_TXD' lacks attribute 'BUS_KEEPER', it's better to set the attribute for port.
W: ConstraintEditor-4042: Port 'p:o_RISER_AUX_TOD_UART2_TXD' lacks attribute 'PAP_IO_DRIVE', it's better to set the attribute for port.
W: ConstraintEditor-4042: Port 'p:o_RISER_AUX_TOD_UART2_TXD' lacks attribute 'PAP_IO_SLEW', it's better to set the attribute for port.
W: ConstraintEditor-4042: Port 'p:o_RISER_AUX_TOD_UART2_TXD' lacks attribute 'BUS_KEEPER', it's better to set the attribute for port.
W: ConstraintEditor-4042: Port 'p:o_RST_I2C1_MUX_N_R' lacks attribute 'PAP_IO_DRIVE', it's better to set the attribute for port.
W: ConstraintEditor-4042: Port 'p:o_RST_I2C1_MUX_N_R' lacks attribute 'PAP_IO_SLEW', it's better to set the attribute for port.
W: ConstraintEditor-4042: Port 'p:o_RST_I2C1_MUX_N_R' lacks attribute 'BUS_KEEPER', it's better to set the attribute for port.
W: ConstraintEditor-4042: Port 'p:o_RST_I2C2_MUX_N_R' lacks attribute 'PAP_IO_DRIVE', it's better to set the attribute for port.
W: ConstraintEditor-4042: Port 'p:o_RST_I2C2_MUX_N_R' lacks attribute 'PAP_IO_SLEW', it's better to set the attribute for port.
W: ConstraintEditor-4042: Port 'p:o_RST_I2C2_MUX_N_R' lacks attribute 'BUS_KEEPER', it's better to set the attribute for port.
W: ConstraintEditor-4042: Port 'p:o_RST_I2C3_MUX_N_R' lacks attribute 'PAP_IO_DRIVE', it's better to set the attribute for port.
W: ConstraintEditor-4042: Port 'p:o_RST_I2C3_MUX_N_R' lacks attribute 'PAP_IO_SLEW', it's better to set the attribute for port.
W: ConstraintEditor-4042: Port 'p:o_RST_I2C3_MUX_N_R' lacks attribute 'BUS_KEEPER', it's better to set the attribute for port.
W: ConstraintEditor-4042: Port 'p:o_RST_I2C4_1_MUX_N_R' lacks attribute 'PAP_IO_DRIVE', it's better to set the attribute for port.
W: ConstraintEditor-4042: Port 'p:o_RST_I2C4_1_MUX_N_R' lacks attribute 'PAP_IO_SLEW', it's better to set the attribute for port.
W: ConstraintEditor-4042: Port 'p:o_RST_I2C4_1_MUX_N_R' lacks attribute 'BUS_KEEPER', it's better to set the attribute for port.
W: ConstraintEditor-4042: Port 'p:o_RST_I2C4_2_MUX_N_R' lacks attribute 'PAP_IO_DRIVE', it's better to set the attribute for port.
W: ConstraintEditor-4042: Port 'p:o_RST_I2C4_2_MUX_N_R' lacks attribute 'PAP_IO_SLEW', it's better to set the attribute for port.
W: ConstraintEditor-4042: Port 'p:o_RST_I2C4_2_MUX_N_R' lacks attribute 'BUS_KEEPER', it's better to set the attribute for port.
W: ConstraintEditor-4042: Port 'p:o_RST_I2C5_MUX_N_R' lacks attribute 'PAP_IO_DRIVE', it's better to set the attribute for port.
W: ConstraintEditor-4042: Port 'p:o_RST_I2C5_MUX_N_R' lacks attribute 'PAP_IO_SLEW', it's better to set the attribute for port.
W: ConstraintEditor-4042: Port 'p:o_RST_I2C5_MUX_N_R' lacks attribute 'BUS_KEEPER', it's better to set the attribute for port.
W: ConstraintEditor-4042: Port 'p:o_RST_I2C12_MUX_N_R' lacks attribute 'PAP_IO_DRIVE', it's better to set the attribute for port.
W: ConstraintEditor-4042: Port 'p:o_RST_I2C12_MUX_N_R' lacks attribute 'PAP_IO_SLEW', it's better to set the attribute for port.
W: ConstraintEditor-4042: Port 'p:o_RST_I2C12_MUX_N_R' lacks attribute 'BUS_KEEPER', it's better to set the attribute for port.
W: ConstraintEditor-4042: Port 'p:o_RST_I2C13_MUX_N_R' lacks attribute 'PAP_IO_DRIVE', it's better to set the attribute for port.
W: ConstraintEditor-4042: Port 'p:o_RST_I2C13_MUX_N_R' lacks attribute 'PAP_IO_SLEW', it's better to set the attribute for port.
W: ConstraintEditor-4042: Port 'p:o_RST_I2C13_MUX_N_R' lacks attribute 'BUS_KEEPER', it's better to set the attribute for port.
W: ConstraintEditor-4042: Port 'p:o_RST_I2C_BMC_9548_MUX_N_R' lacks attribute 'PAP_IO_DRIVE', it's better to set the attribute for port.
W: ConstraintEditor-4042: Port 'p:o_RST_I2C_BMC_9548_MUX_N_R' lacks attribute 'PAP_IO_SLEW', it's better to set the attribute for port.
W: ConstraintEditor-4042: Port 'p:o_RST_I2C_BMC_9548_MUX_N_R' lacks attribute 'BUS_KEEPER', it's better to set the attribute for port.
W: ConstraintEditor-4042: Port 'p:o_Riser1_TOD_UART_TXD_R' lacks attribute 'PAP_IO_DRIVE', it's better to set the attribute for port.
W: ConstraintEditor-4042: Port 'p:o_Riser1_TOD_UART_TXD_R' lacks attribute 'PAP_IO_SLEW', it's better to set the attribute for port.
W: ConstraintEditor-4042: Port 'p:o_Riser1_TOD_UART_TXD_R' lacks attribute 'BUS_KEEPER', it's better to set the attribute for port.
W: ConstraintEditor-4042: Port 'p:o_Riser2_TOD_UART_TXD_R' lacks attribute 'PAP_IO_DRIVE', it's better to set the attribute for port.
W: ConstraintEditor-4042: Port 'p:o_Riser2_TOD_UART_TXD_R' lacks attribute 'PAP_IO_SLEW', it's better to set the attribute for port.
W: ConstraintEditor-4042: Port 'p:o_Riser2_TOD_UART_TXD_R' lacks attribute 'BUS_KEEPER', it's better to set the attribute for port.
W: ConstraintEditor-4042: Port 'p:o_UART0_CPU_LOG_TX' lacks attribute 'PAP_IO_DRIVE', it's better to set the attribute for port.
W: ConstraintEditor-4042: Port 'p:o_UART0_CPU_LOG_TX' lacks attribute 'PAP_IO_SLEW', it's better to set the attribute for port.
W: ConstraintEditor-4042: Port 'p:o_UART0_CPU_LOG_TX' lacks attribute 'BUS_KEEPER', it's better to set the attribute for port.
W: ConstraintEditor-4042: Port 'p:o_UART2_PAL_OCP_TX_R' lacks attribute 'PAP_IO_DRIVE', it's better to set the attribute for port.
W: ConstraintEditor-4042: Port 'p:o_UART2_PAL_OCP_TX_R' lacks attribute 'PAP_IO_SLEW', it's better to set the attribute for port.
W: ConstraintEditor-4042: Port 'p:o_UART2_PAL_OCP_TX_R' lacks attribute 'BUS_KEEPER', it's better to set the attribute for port.
W: ConstraintEditor-4042: Port 'p:o_USB2_SW_SEL_R' lacks attribute 'PAP_IO_DRIVE', it's better to set the attribute for port.
W: ConstraintEditor-4042: Port 'p:o_USB2_SW_SEL_R' lacks attribute 'PAP_IO_SLEW', it's better to set the attribute for port.
W: ConstraintEditor-4042: Port 'p:o_USB2_SW_SEL_R' lacks attribute 'BUS_KEEPER', it's better to set the attribute for port.
W: ConstraintEditor-4042: Port 'p:o_PAL_TPM_DRQ1_N' lacks attribute 'PAP_IO_DRIVE', it's better to set the attribute for port.
W: ConstraintEditor-4042: Port 'p:o_PAL_TPM_DRQ1_N' lacks attribute 'PAP_IO_SLEW', it's better to set the attribute for port.
W: ConstraintEditor-4042: Port 'p:o_PAL_TPM_DRQ1_N' lacks attribute 'BUS_KEEPER', it's better to set the attribute for port.
Found 0 error(s), 0 critical warning(s), 363 warning(s), out of 1317 constraint(s), you can contact with C:/CPLD/pango/2_Tieta_Feiteng/Tieta_Feiteng_2001_PGC7KD69MBG400/prj/Tieta_S/synthesize/constraint_check.ccr for more detail information.
Constraint check end.
Total time(hh:mm:ss) of constraint check : 00:00:00
C: SDC-2025: Clock source 'n:timer_gen_inst/t1us' need a clock constraint, please use 'create_clock' or 'create_generate_clock' to generate.
Start pre-mapping.
I: Constant propagation done on FanControl_m/N1 (bmsREDAND).
I: Constant propagation done on FanControl_m/N272 (bmsREDAND).
I: Constant propagation done on FanControl_m/N274 (bmsREDAND).
I: Constant propagation done on FanControl_m/N275 (bmsREDAND).
I: Constant propagation done on FanControl_m/N282 (bmsREDAND).
I: Constant propagation done on FanControl_m/N283 (bmsREDAND).
I: Constant propagation done on FanControl_m/N294 (bmsREDAND).
I: Constant propagation done on FanControl_m/N299 (bmsWIDEMUX).
I: Constant propagation done on FanControl_m/N305 (bmsREDAND).
I: Constant propagation done on FanControl_m/N306 (bmsREDAND).
I: Removed bmsLT inst N267 that is redundant to N165
W: Adm-4083: [C:/CPLD/pango/2_Tieta_Feiteng/Tieta_Feiteng_2001_PGC7KD69MBG400/rtl/i2c/bmc_cpld_i2c_ram.v(line number: 44)] Removed bmsWIDEDFFCPE inst r_i2c_data_in[7:0] at 1 that is stuck at constant 0.
W: Adm-4083: [C:/CPLD/pango/2_Tieta_Feiteng/Tieta_Feiteng_2001_PGC7KD69MBG400/rtl/i2c/bmc_cpld_i2c_ram.v(line number: 44)] Removed bmsWIDEDFFCPE inst r_i2c_data_in[7:0] at 2 that is stuck at constant 0.
W: Adm-4083: [C:/CPLD/pango/2_Tieta_Feiteng/Tieta_Feiteng_2001_PGC7KD69MBG400/rtl/i2c/bmc_cpld_i2c_ram.v(line number: 44)] Removed bmsWIDEDFFCPE inst r_i2c_data_in[7:0] at 3 that is stuck at constant 0.
W: Adm-4083: [C:/CPLD/pango/2_Tieta_Feiteng/Tieta_Feiteng_2001_PGC7KD69MBG400/rtl/i2c/bmc_cpld_i2c_ram.v(line number: 44)] Removed bmsWIDEDFFCPE inst r_i2c_data_in[7:0] at 4 that is stuck at constant 0.
W: Adm-4083: [C:/CPLD/pango/2_Tieta_Feiteng/Tieta_Feiteng_2001_PGC7KD69MBG400/rtl/i2c/bmc_cpld_i2c_ram.v(line number: 44)] Removed bmsWIDEDFFCPE inst r_i2c_data_in[7:0] at 5 that is stuck at constant 0.
W: Adm-4083: [C:/CPLD/pango/2_Tieta_Feiteng/Tieta_Feiteng_2001_PGC7KD69MBG400/rtl/i2c/bmc_cpld_i2c_ram.v(line number: 44)] Removed bmsWIDEDFFCPE inst r_i2c_data_in[7:0] at 6 that is stuck at constant 0.
W: Adm-4083: [C:/CPLD/pango/2_Tieta_Feiteng/Tieta_Feiteng_2001_PGC7KD69MBG400/rtl/i2c/bmc_cpld_i2c_ram.v(line number: 44)] Removed bmsWIDEDFFCPE inst r_i2c_data_in[7:0] at 7 that is stuck at constant 0.
W: Adm-4083: [C:/CPLD/pango/2_Tieta_Feiteng/Tieta_Feiteng_2001_PGC7KD69MBG400/rtl/communication/pcie_dync_alloc.v(line number: 16)] Removed bmsWIDEDFFCPE inst o_pcie_date[3:0] at 0 that is stuck at constant 0.
W: Adm-4083: [C:/CPLD/pango/2_Tieta_Feiteng/Tieta_Feiteng_2001_PGC7KD69MBG400/rtl/communication/pcie_dync_alloc.v(line number: 16)] Removed bmsWIDEDFFCPE inst o_pcie_date[3:0] at 1 that is stuck at constant 0.
W: Adm-4083: [C:/CPLD/pango/2_Tieta_Feiteng/Tieta_Feiteng_2001_PGC7KD69MBG400/rtl/communication/pcie_dync_alloc.v(line number: 16)] Removed bmsWIDEDFFCPE inst o_pcie_date[3:0] at 2 that is stuck at constant 0.
W: Adm-4083: [C:/CPLD/pango/2_Tieta_Feiteng/Tieta_Feiteng_2001_PGC7KD69MBG400/rtl/communication/pcie_dync_alloc.v(line number: 16)] Removed bmsWIDEDFFCPE inst o_pcie_date[3:0] at 3 that is stuck at constant 0.
W: Adm-4083: [C:/CPLD/pango/2_Tieta_Feiteng/Tieta_Feiteng_2001_PGC7KD69MBG400/rtl/communication/pcie_dync_alloc.v(line number: 16)] Removed bmsWIDEDFFCPE inst o_pcie_date[3:0] at 0 that is stuck at constant 0.
W: Adm-4083: [C:/CPLD/pango/2_Tieta_Feiteng/Tieta_Feiteng_2001_PGC7KD69MBG400/rtl/communication/pcie_dync_alloc.v(line number: 16)] Removed bmsWIDEDFFCPE inst o_pcie_date[3:0] at 1 that is stuck at constant 0.
W: Adm-4083: [C:/CPLD/pango/2_Tieta_Feiteng/Tieta_Feiteng_2001_PGC7KD69MBG400/rtl/communication/pcie_dync_alloc.v(line number: 16)] Removed bmsWIDEDFFCPE inst o_pcie_date[3:0] at 2 that is stuck at constant 0.
W: Adm-4083: [C:/CPLD/pango/2_Tieta_Feiteng/Tieta_Feiteng_2001_PGC7KD69MBG400/rtl/communication/pcie_dync_alloc.v(line number: 16)] Removed bmsWIDEDFFCPE inst o_pcie_date[3:0] at 3 that is stuck at constant 0.
W: Adm-4083: [C:/CPLD/pango/2_Tieta_Feiteng/Tieta_Feiteng_2001_PGC7KD69MBG400/rtl/communication/pcie_slot_number.v(line number: 44)] Removed bmsWIDEDFFCPE inst slot_number_nvme[49:0] at 32 that is stuck at constant 0.
W: Adm-4083: [C:/CPLD/pango/2_Tieta_Feiteng/Tieta_Feiteng_2001_PGC7KD69MBG400/rtl/communication/pcie_slot_number.v(line number: 44)] Removed bmsWIDEDFFCPE inst slot_number_nvme[49:0] at 33 that is stuck at constant 0.
W: Adm-4083: [C:/CPLD/pango/2_Tieta_Feiteng/Tieta_Feiteng_2001_PGC7KD69MBG400/rtl/communication/pcie_slot_number.v(line number: 44)] Removed bmsWIDEDFFCPE inst slot_number_nvme[49:0] at 34 that is stuck at constant 0.
W: Adm-4083: [C:/CPLD/pango/2_Tieta_Feiteng/Tieta_Feiteng_2001_PGC7KD69MBG400/rtl/communication/pcie_slot_number.v(line number: 44)] Removed bmsWIDEDFFCPE inst slot_number_nvme[49:0] at 35 that is stuck at constant 0.
W: Adm-4083: [C:/CPLD/pango/2_Tieta_Feiteng/Tieta_Feiteng_2001_PGC7KD69MBG400/rtl/communication/pcie_slot_number.v(line number: 44)] Removed bmsWIDEDFFCPE inst slot_number_nvme[49:0] at 36 that is stuck at constant 0.
W: Adm-4083: [C:/CPLD/pango/2_Tieta_Feiteng/Tieta_Feiteng_2001_PGC7KD69MBG400/rtl/communication/pcie_slot_number.v(line number: 44)] Removed bmsWIDEDFFCPE inst slot_number_nvme[49:0] at 37 that is stuck at constant 0.
W: Adm-4083: [C:/CPLD/pango/2_Tieta_Feiteng/Tieta_Feiteng_2001_PGC7KD69MBG400/rtl/communication/pcie_slot_number.v(line number: 44)] Removed bmsWIDEDFFCPE inst slot_number_nvme[49:0] at 38 that is stuck at constant 0.
W: Adm-4083: [C:/CPLD/pango/2_Tieta_Feiteng/Tieta_Feiteng_2001_PGC7KD69MBG400/rtl/communication/pcie_slot_number.v(line number: 44)] Removed bmsWIDEDFFCPE inst slot_number_nvme[49:0] at 39 that is stuck at constant 0.
W: Adm-4083: [C:/CPLD/pango/2_Tieta_Feiteng/Tieta_Feiteng_2001_PGC7KD69MBG400/rtl/communication/pcie_slot_number.v(line number: 44)] Removed bmsWIDEDFFCPE inst slot_number_nvme[49:0] at 40 that is stuck at constant 0.
W: Adm-4083: [C:/CPLD/pango/2_Tieta_Feiteng/Tieta_Feiteng_2001_PGC7KD69MBG400/rtl/communication/pcie_slot_number.v(line number: 44)] Removed bmsWIDEDFFCPE inst slot_number_nvme[49:0] at 41 that is stuck at constant 0.
W: Adm-4083: [C:/CPLD/pango/2_Tieta_Feiteng/Tieta_Feiteng_2001_PGC7KD69MBG400/rtl/communication/pcie_slot_number.v(line number: 44)] Removed bmsWIDEDFFCPE inst slot_number_nvme[49:0] at 42 that is stuck at constant 0.
W: Adm-4083: [C:/CPLD/pango/2_Tieta_Feiteng/Tieta_Feiteng_2001_PGC7KD69MBG400/rtl/communication/pcie_slot_number.v(line number: 44)] Removed bmsWIDEDFFCPE inst slot_number_nvme[49:0] at 43 that is stuck at constant 0.
W: Adm-4083: [C:/CPLD/pango/2_Tieta_Feiteng/Tieta_Feiteng_2001_PGC7KD69MBG400/rtl/communication/pcie_slot_number.v(line number: 44)] Removed bmsWIDEDFFCPE inst slot_number_nvme[49:0] at 44 that is stuck at constant 0.
W: Adm-4083: [C:/CPLD/pango/2_Tieta_Feiteng/Tieta_Feiteng_2001_PGC7KD69MBG400/rtl/communication/pcie_slot_number.v(line number: 44)] Removed bmsWIDEDFFCPE inst slot_number_nvme[49:0] at 45 that is stuck at constant 0.
W: Adm-4083: [C:/CPLD/pango/2_Tieta_Feiteng/Tieta_Feiteng_2001_PGC7KD69MBG400/rtl/communication/pcie_slot_number.v(line number: 44)] Removed bmsWIDEDFFCPE inst slot_number_nvme[49:0] at 46 that is stuck at constant 0.
W: Adm-4083: [C:/CPLD/pango/2_Tieta_Feiteng/Tieta_Feiteng_2001_PGC7KD69MBG400/rtl/communication/pcie_slot_number.v(line number: 44)] Removed bmsWIDEDFFCPE inst slot_number_nvme[49:0] at 47 that is stuck at constant 0.
W: Adm-4083: [C:/CPLD/pango/2_Tieta_Feiteng/Tieta_Feiteng_2001_PGC7KD69MBG400/rtl/communication/pcie_slot_number.v(line number: 44)] Removed bmsWIDEDFFCPE inst slot_number_nvme[49:0] at 48 that is stuck at constant 0.
W: Adm-4083: [C:/CPLD/pango/2_Tieta_Feiteng/Tieta_Feiteng_2001_PGC7KD69MBG400/rtl/communication/pcie_slot_number.v(line number: 44)] Removed bmsWIDEDFFCPE inst slot_number_nvme[49:0] at 49 that is stuck at constant 0.
W: Adm-4083: [C:/CPLD/pango/2_Tieta_Feiteng/Tieta_Feiteng_2001_PGC7KD69MBG400/rtl/communication/pcie_slot_number.v(line number: 44)] Removed bmsWIDEDFFCPE inst slot_number_nvme[79:50] at 8 that is stuck at constant 0.
W: Adm-4083: [C:/CPLD/pango/2_Tieta_Feiteng/Tieta_Feiteng_2001_PGC7KD69MBG400/rtl/communication/pcie_slot_number.v(line number: 44)] Removed bmsWIDEDFFCPE inst slot_number_nvme[79:50] at 9 that is stuck at constant 0.
W: Adm-4083: [C:/CPLD/pango/2_Tieta_Feiteng/Tieta_Feiteng_2001_PGC7KD69MBG400/rtl/communication/pcie_slot_number.v(line number: 44)] Removed bmsWIDEDFFCPE inst slot_number_nvme[79:50] at 10 that is stuck at constant 0.
W: Adm-4083: [C:/CPLD/pango/2_Tieta_Feiteng/Tieta_Feiteng_2001_PGC7KD69MBG400/rtl/communication/pcie_slot_number.v(line number: 44)] Removed bmsWIDEDFFCPE inst slot_number_nvme[79:50] at 11 that is stuck at constant 0.
W: Adm-4083: [C:/CPLD/pango/2_Tieta_Feiteng/Tieta_Feiteng_2001_PGC7KD69MBG400/rtl/communication/pcie_slot_number.v(line number: 44)] Removed bmsWIDEDFFCPE inst slot_number_nvme[79:50] at 12 that is stuck at constant 0.
W: Adm-4083: [C:/CPLD/pango/2_Tieta_Feiteng/Tieta_Feiteng_2001_PGC7KD69MBG400/rtl/communication/pcie_slot_number.v(line number: 44)] Removed bmsWIDEDFFCPE inst slot_number_nvme[79:50] at 13 that is stuck at constant 0.
W: Adm-4083: [C:/CPLD/pango/2_Tieta_Feiteng/Tieta_Feiteng_2001_PGC7KD69MBG400/rtl/communication/pcie_slot_number.v(line number: 44)] Removed bmsWIDEDFFCPE inst slot_number_nvme[79:50] at 14 that is stuck at constant 0.
W: Adm-4083: [C:/CPLD/pango/2_Tieta_Feiteng/Tieta_Feiteng_2001_PGC7KD69MBG400/rtl/communication/pcie_slot_number.v(line number: 44)] Removed bmsWIDEDFFCPE inst slot_number_nvme[79:50] at 15 that is stuck at constant 0.
W: Adm-4083: [C:/CPLD/pango/2_Tieta_Feiteng/Tieta_Feiteng_2001_PGC7KD69MBG400/rtl/communication/pcie_slot_number.v(line number: 44)] Removed bmsWIDEDFFCPE inst slot_number_nvme[79:50] at 16 that is stuck at constant 0.
W: Adm-4083: [C:/CPLD/pango/2_Tieta_Feiteng/Tieta_Feiteng_2001_PGC7KD69MBG400/rtl/communication/pcie_slot_number.v(line number: 44)] Removed bmsWIDEDFFCPE inst slot_number_nvme[79:50] at 17 that is stuck at constant 0.
W: Adm-4083: [C:/CPLD/pango/2_Tieta_Feiteng/Tieta_Feiteng_2001_PGC7KD69MBG400/rtl/communication/pcie_slot_number.v(line number: 44)] Removed bmsWIDEDFFCPE inst slot_number_nvme[79:50] at 18 that is stuck at constant 0.
W: Adm-4083: [C:/CPLD/pango/2_Tieta_Feiteng/Tieta_Feiteng_2001_PGC7KD69MBG400/rtl/communication/pcie_slot_number.v(line number: 44)] Removed bmsWIDEDFFCPE inst slot_number_nvme[79:50] at 19 that is stuck at constant 0.
W: Adm-4083: [C:/CPLD/pango/2_Tieta_Feiteng/Tieta_Feiteng_2001_PGC7KD69MBG400/rtl/communication/pcie_slot_number.v(line number: 44)] Removed bmsWIDEDFFCPE inst slot_number_nvme[79:50] at 20 that is stuck at constant 0.
W: Adm-4083: [C:/CPLD/pango/2_Tieta_Feiteng/Tieta_Feiteng_2001_PGC7KD69MBG400/rtl/communication/pcie_slot_number.v(line number: 44)] Removed bmsWIDEDFFCPE inst slot_number_nvme[79:50] at 21 that is stuck at constant 0.
W: Adm-4083: [C:/CPLD/pango/2_Tieta_Feiteng/Tieta_Feiteng_2001_PGC7KD69MBG400/rtl/communication/pcie_slot_number.v(line number: 44)] Removed bmsWIDEDFFCPE inst slot_number_nvme[79:50] at 22 that is stuck at constant 0.
W: Adm-4083: [C:/CPLD/pango/2_Tieta_Feiteng/Tieta_Feiteng_2001_PGC7KD69MBG400/rtl/communication/pcie_slot_number.v(line number: 44)] Removed bmsWIDEDFFCPE inst slot_number_nvme[79:50] at 23 that is stuck at constant 0.
W: Adm-4083: [C:/CPLD/pango/2_Tieta_Feiteng/Tieta_Feiteng_2001_PGC7KD69MBG400/rtl/communication/pcie_slot_number.v(line number: 44)] Removed bmsWIDEDFFCPE inst slot_number_nvme[79:50] at 24 that is stuck at constant 0.
W: Adm-4083: [C:/CPLD/pango/2_Tieta_Feiteng/Tieta_Feiteng_2001_PGC7KD69MBG400/rtl/communication/pcie_slot_number.v(line number: 44)] Removed bmsWIDEDFFCPE inst slot_number_nvme[79:50] at 25 that is stuck at constant 0.
W: Adm-4083: [C:/CPLD/pango/2_Tieta_Feiteng/Tieta_Feiteng_2001_PGC7KD69MBG400/rtl/communication/pcie_slot_number.v(line number: 44)] Removed bmsWIDEDFFCPE inst slot_number_nvme[79:50] at 26 that is stuck at constant 0.
W: Adm-4083: [C:/CPLD/pango/2_Tieta_Feiteng/Tieta_Feiteng_2001_PGC7KD69MBG400/rtl/communication/pcie_slot_number.v(line number: 44)] Removed bmsWIDEDFFCPE inst slot_number_nvme[79:50] at 27 that is stuck at constant 0.
W: Adm-4083: [C:/CPLD/pango/2_Tieta_Feiteng/Tieta_Feiteng_2001_PGC7KD69MBG400/rtl/communication/pcie_slot_number.v(line number: 44)] Removed bmsWIDEDFFCPE inst slot_number_nvme[79:50] at 28 that is stuck at constant 0.
W: Adm-4083: [C:/CPLD/pango/2_Tieta_Feiteng/Tieta_Feiteng_2001_PGC7KD69MBG400/rtl/communication/pcie_slot_number.v(line number: 44)] Removed bmsWIDEDFFCPE inst slot_number_nvme[79:50] at 29 that is stuck at constant 0.
I: Encoding type of FSM 'curr_state_fsm[2:0]' is: onehot.
I: Encoding table of FSM 'curr_state_fsm[2:0]':
I: from  UART_MASTER_VPP.UART_MASTER_VPP[0].PFR_UART_MASTER/curr_state[2] UART_MASTER_VPP.UART_MASTER_VPP[0].PFR_UART_MASTER/curr_state[1] UART_MASTER_VPP.UART_MASTER_VPP[0].PFR_UART_MASTER/curr_state[0]
I: to  UART_MASTER_VPP.UART_MASTER_VPP[0].PFR_UART_MASTER/curr_state_reg[5] UART_MASTER_VPP.UART_MASTER_VPP[0].PFR_UART_MASTER/curr_state_reg[4] UART_MASTER_VPP.UART_MASTER_VPP[0].PFR_UART_MASTER/curr_state_reg[3] UART_MASTER_VPP.UART_MASTER_VPP[0].PFR_UART_MASTER/curr_state_reg[2] UART_MASTER_VPP.UART_MASTER_VPP[0].PFR_UART_MASTER/curr_state_reg[1] UART_MASTER_VPP.UART_MASTER_VPP[0].PFR_UART_MASTER/curr_state_reg[0]
I: 000 => 000001
I: 001 => 000010
I: 010 => 000100
I: 011 => 001000
I: 100 => 010000
I: 101 => 100000
I: Encoding type of FSM 'curr_state_fsm[2:0]' is: onehot.
I: Encoding table of FSM 'curr_state_fsm[2:0]':
I: from  UART_MASTER_VPP.UART_MASTER_VPP[1].PFR_UART_MASTER/curr_state[2] UART_MASTER_VPP.UART_MASTER_VPP[1].PFR_UART_MASTER/curr_state[1] UART_MASTER_VPP.UART_MASTER_VPP[1].PFR_UART_MASTER/curr_state[0]
I: to  UART_MASTER_VPP.UART_MASTER_VPP[1].PFR_UART_MASTER/curr_state_reg[5] UART_MASTER_VPP.UART_MASTER_VPP[1].PFR_UART_MASTER/curr_state_reg[4] UART_MASTER_VPP.UART_MASTER_VPP[1].PFR_UART_MASTER/curr_state_reg[3] UART_MASTER_VPP.UART_MASTER_VPP[1].PFR_UART_MASTER/curr_state_reg[2] UART_MASTER_VPP.UART_MASTER_VPP[1].PFR_UART_MASTER/curr_state_reg[1] UART_MASTER_VPP.UART_MASTER_VPP[1].PFR_UART_MASTER/curr_state_reg[0]
I: 000 => 000001
I: 001 => 000010
I: 010 => 000100
I: 011 => 001000
I: 100 => 010000
I: 101 => 100000
I: Encoding type of FSM 'curr_state_fsm[2:0]' is: onehot.
I: Encoding table of FSM 'curr_state_fsm[2:0]':
I: from  UART_MASTER_VPP.UART_MASTER_VPP[2].PFR_UART_MASTER/curr_state[2] UART_MASTER_VPP.UART_MASTER_VPP[2].PFR_UART_MASTER/curr_state[1] UART_MASTER_VPP.UART_MASTER_VPP[2].PFR_UART_MASTER/curr_state[0]
I: to  UART_MASTER_VPP.UART_MASTER_VPP[2].PFR_UART_MASTER/curr_state_reg[5] UART_MASTER_VPP.UART_MASTER_VPP[2].PFR_UART_MASTER/curr_state_reg[4] UART_MASTER_VPP.UART_MASTER_VPP[2].PFR_UART_MASTER/curr_state_reg[3] UART_MASTER_VPP.UART_MASTER_VPP[2].PFR_UART_MASTER/curr_state_reg[2] UART_MASTER_VPP.UART_MASTER_VPP[2].PFR_UART_MASTER/curr_state_reg[1] UART_MASTER_VPP.UART_MASTER_VPP[2].PFR_UART_MASTER/curr_state_reg[0]
I: 000 => 000001
I: 001 => 000010
I: 010 => 000100
I: 011 => 001000
I: 100 => 010000
I: 101 => 100000
I: Encoding type of FSM 'curr_state_fsm[2:0]' is: onehot.
I: Encoding table of FSM 'curr_state_fsm[2:0]':
I: from  UART_MASTER_VPP.UART_MASTER_VPP[3].PFR_UART_MASTER/curr_state[2] UART_MASTER_VPP.UART_MASTER_VPP[3].PFR_UART_MASTER/curr_state[1] UART_MASTER_VPP.UART_MASTER_VPP[3].PFR_UART_MASTER/curr_state[0]
I: to  UART_MASTER_VPP.UART_MASTER_VPP[3].PFR_UART_MASTER/curr_state_reg[5] UART_MASTER_VPP.UART_MASTER_VPP[3].PFR_UART_MASTER/curr_state_reg[4] UART_MASTER_VPP.UART_MASTER_VPP[3].PFR_UART_MASTER/curr_state_reg[3] UART_MASTER_VPP.UART_MASTER_VPP[3].PFR_UART_MASTER/curr_state_reg[2] UART_MASTER_VPP.UART_MASTER_VPP[3].PFR_UART_MASTER/curr_state_reg[1] UART_MASTER_VPP.UART_MASTER_VPP[3].PFR_UART_MASTER/curr_state_reg[0]
I: 000 => 000001
I: 001 => 000010
I: 010 => 000100
I: 011 => 001000
I: 100 => 010000
I: 101 => 100000
I: Encoding type of FSM 'curr_state_fsm[2:0]' is: onehot.
I: Encoding table of FSM 'curr_state_fsm[2:0]':
I: from  UART_MASTER_VPP.UART_MASTER_VPP[4].PFR_UART_MASTER/curr_state[2] UART_MASTER_VPP.UART_MASTER_VPP[4].PFR_UART_MASTER/curr_state[1] UART_MASTER_VPP.UART_MASTER_VPP[4].PFR_UART_MASTER/curr_state[0]
I: to  UART_MASTER_VPP.UART_MASTER_VPP[4].PFR_UART_MASTER/curr_state_reg[5] UART_MASTER_VPP.UART_MASTER_VPP[4].PFR_UART_MASTER/curr_state_reg[4] UART_MASTER_VPP.UART_MASTER_VPP[4].PFR_UART_MASTER/curr_state_reg[3] UART_MASTER_VPP.UART_MASTER_VPP[4].PFR_UART_MASTER/curr_state_reg[2] UART_MASTER_VPP.UART_MASTER_VPP[4].PFR_UART_MASTER/curr_state_reg[1] UART_MASTER_VPP.UART_MASTER_VPP[4].PFR_UART_MASTER/curr_state_reg[0]
I: 000 => 000001
I: 001 => 000010
I: 010 => 000100
I: 011 => 001000
I: 100 => 010000
I: 101 => 100000
I: Encoding type of FSM 'curr_state_fsm[2:0]' is: onehot.
I: Encoding table of FSM 'curr_state_fsm[2:0]':
I: from  UART_MASTER_VPP.UART_MASTER_VPP[5].PFR_UART_MASTER/curr_state[2] UART_MASTER_VPP.UART_MASTER_VPP[5].PFR_UART_MASTER/curr_state[1] UART_MASTER_VPP.UART_MASTER_VPP[5].PFR_UART_MASTER/curr_state[0]
I: to  UART_MASTER_VPP.UART_MASTER_VPP[5].PFR_UART_MASTER/curr_state_reg[5] UART_MASTER_VPP.UART_MASTER_VPP[5].PFR_UART_MASTER/curr_state_reg[4] UART_MASTER_VPP.UART_MASTER_VPP[5].PFR_UART_MASTER/curr_state_reg[3] UART_MASTER_VPP.UART_MASTER_VPP[5].PFR_UART_MASTER/curr_state_reg[2] UART_MASTER_VPP.UART_MASTER_VPP[5].PFR_UART_MASTER/curr_state_reg[1] UART_MASTER_VPP.UART_MASTER_VPP[5].PFR_UART_MASTER/curr_state_reg[0]
I: 000 => 000001
I: 001 => 000010
I: 010 => 000100
I: 011 => 001000
I: 100 => 010000
I: 101 => 100000
I: Encoding type of FSM 'curr_state_fsm[2:0]' is: onehot.
I: Encoding table of FSM 'curr_state_fsm[2:0]':
I: from  UART_MASTER_VPP.UART_MASTER_VPP[6].PFR_UART_MASTER/curr_state[2] UART_MASTER_VPP.UART_MASTER_VPP[6].PFR_UART_MASTER/curr_state[1] UART_MASTER_VPP.UART_MASTER_VPP[6].PFR_UART_MASTER/curr_state[0]
I: to  UART_MASTER_VPP.UART_MASTER_VPP[6].PFR_UART_MASTER/curr_state_reg[5] UART_MASTER_VPP.UART_MASTER_VPP[6].PFR_UART_MASTER/curr_state_reg[4] UART_MASTER_VPP.UART_MASTER_VPP[6].PFR_UART_MASTER/curr_state_reg[3] UART_MASTER_VPP.UART_MASTER_VPP[6].PFR_UART_MASTER/curr_state_reg[2] UART_MASTER_VPP.UART_MASTER_VPP[6].PFR_UART_MASTER/curr_state_reg[1] UART_MASTER_VPP.UART_MASTER_VPP[6].PFR_UART_MASTER/curr_state_reg[0]
I: 000 => 000001
I: 001 => 000010
I: 010 => 000100
I: 011 => 001000
I: 100 => 010000
I: 101 => 100000
I: Encoding type of FSM 'curr_state_fsm[2:0]' is: onehot.
I: Encoding table of FSM 'curr_state_fsm[2:0]':
I: from  UART_MASTER_VPP.UART_MASTER_VPP[7].PFR_UART_MASTER/curr_state[2] UART_MASTER_VPP.UART_MASTER_VPP[7].PFR_UART_MASTER/curr_state[1] UART_MASTER_VPP.UART_MASTER_VPP[7].PFR_UART_MASTER/curr_state[0]
I: to  UART_MASTER_VPP.UART_MASTER_VPP[7].PFR_UART_MASTER/curr_state_reg[5] UART_MASTER_VPP.UART_MASTER_VPP[7].PFR_UART_MASTER/curr_state_reg[4] UART_MASTER_VPP.UART_MASTER_VPP[7].PFR_UART_MASTER/curr_state_reg[3] UART_MASTER_VPP.UART_MASTER_VPP[7].PFR_UART_MASTER/curr_state_reg[2] UART_MASTER_VPP.UART_MASTER_VPP[7].PFR_UART_MASTER/curr_state_reg[1] UART_MASTER_VPP.UART_MASTER_VPP[7].PFR_UART_MASTER/curr_state_reg[0]
I: 000 => 000001
I: 001 => 000010
I: 010 => 000100
I: 011 => 001000
I: 100 => 010000
I: 101 => 100000
I: Encoding type of FSM 'curr_state_fsm[2:0]' is: onehot.
I: Encoding table of FSM 'curr_state_fsm[2:0]':
I: from  UART_MASTER_VPP.UART_MASTER_VPP[8].PFR_UART_MASTER/curr_state[2] UART_MASTER_VPP.UART_MASTER_VPP[8].PFR_UART_MASTER/curr_state[1] UART_MASTER_VPP.UART_MASTER_VPP[8].PFR_UART_MASTER/curr_state[0]
I: to  UART_MASTER_VPP.UART_MASTER_VPP[8].PFR_UART_MASTER/curr_state_reg[5] UART_MASTER_VPP.UART_MASTER_VPP[8].PFR_UART_MASTER/curr_state_reg[4] UART_MASTER_VPP.UART_MASTER_VPP[8].PFR_UART_MASTER/curr_state_reg[3] UART_MASTER_VPP.UART_MASTER_VPP[8].PFR_UART_MASTER/curr_state_reg[2] UART_MASTER_VPP.UART_MASTER_VPP[8].PFR_UART_MASTER/curr_state_reg[1] UART_MASTER_VPP.UART_MASTER_VPP[8].PFR_UART_MASTER/curr_state_reg[0]
I: 000 => 000001
I: 001 => 000010
I: 010 => 000100
I: 011 => 001000
I: 100 => 010000
I: 101 => 100000
I: Encoding type of FSM 'curr_state_fsm[2:0]' is: onehot.
I: Encoding table of FSM 'curr_state_fsm[2:0]':
I: from  UART_MASTER_VPP.UART_MASTER_VPP[9].PFR_UART_MASTER/curr_state[2] UART_MASTER_VPP.UART_MASTER_VPP[9].PFR_UART_MASTER/curr_state[1] UART_MASTER_VPP.UART_MASTER_VPP[9].PFR_UART_MASTER/curr_state[0]
I: to  UART_MASTER_VPP.UART_MASTER_VPP[9].PFR_UART_MASTER/curr_state_reg[5] UART_MASTER_VPP.UART_MASTER_VPP[9].PFR_UART_MASTER/curr_state_reg[4] UART_MASTER_VPP.UART_MASTER_VPP[9].PFR_UART_MASTER/curr_state_reg[3] UART_MASTER_VPP.UART_MASTER_VPP[9].PFR_UART_MASTER/curr_state_reg[2] UART_MASTER_VPP.UART_MASTER_VPP[9].PFR_UART_MASTER/curr_state_reg[1] UART_MASTER_VPP.UART_MASTER_VPP[9].PFR_UART_MASTER/curr_state_reg[0]
I: 000 => 000001
I: 001 => 000010
I: 010 => 000100
I: 011 => 001000
I: 100 => 010000
I: 101 => 100000
I: Encoding type of FSM 'curr_state_fsm[2:0]' is: onehot.
I: Encoding table of FSM 'curr_state_fsm[2:0]':
I: from  UART_MASTER_VPP.UART_MASTER_VPP[10].PFR_UART_MASTER/curr_state[2] UART_MASTER_VPP.UART_MASTER_VPP[10].PFR_UART_MASTER/curr_state[1] UART_MASTER_VPP.UART_MASTER_VPP[10].PFR_UART_MASTER/curr_state[0]
I: to  UART_MASTER_VPP.UART_MASTER_VPP[10].PFR_UART_MASTER/curr_state_reg[5] UART_MASTER_VPP.UART_MASTER_VPP[10].PFR_UART_MASTER/curr_state_reg[4] UART_MASTER_VPP.UART_MASTER_VPP[10].PFR_UART_MASTER/curr_state_reg[3] UART_MASTER_VPP.UART_MASTER_VPP[10].PFR_UART_MASTER/curr_state_reg[2] UART_MASTER_VPP.UART_MASTER_VPP[10].PFR_UART_MASTER/curr_state_reg[1] UART_MASTER_VPP.UART_MASTER_VPP[10].PFR_UART_MASTER/curr_state_reg[0]
I: 000 => 000001
I: 001 => 000010
I: 010 => 000100
I: 011 => 001000
I: 100 => 010000
I: 101 => 100000
I: Encoding type of FSM 'curr_state_fsm[2:0]' is: onehot.
I: Encoding table of FSM 'curr_state_fsm[2:0]':
I: from  UART_MASTER_VPP.UART_MASTER_VPP[11].PFR_UART_MASTER/curr_state[2] UART_MASTER_VPP.UART_MASTER_VPP[11].PFR_UART_MASTER/curr_state[1] UART_MASTER_VPP.UART_MASTER_VPP[11].PFR_UART_MASTER/curr_state[0]
I: to  UART_MASTER_VPP.UART_MASTER_VPP[11].PFR_UART_MASTER/curr_state_reg[5] UART_MASTER_VPP.UART_MASTER_VPP[11].PFR_UART_MASTER/curr_state_reg[4] UART_MASTER_VPP.UART_MASTER_VPP[11].PFR_UART_MASTER/curr_state_reg[3] UART_MASTER_VPP.UART_MASTER_VPP[11].PFR_UART_MASTER/curr_state_reg[2] UART_MASTER_VPP.UART_MASTER_VPP[11].PFR_UART_MASTER/curr_state_reg[1] UART_MASTER_VPP.UART_MASTER_VPP[11].PFR_UART_MASTER/curr_state_reg[0]
I: 000 => 000001
I: 001 => 000010
I: 010 => 000100
I: 011 => 001000
I: 100 => 010000
I: 101 => 100000
I: Encoding type of FSM 'r_I2C_state_fsm[4:0]' is: onehot.
I: Encoding table of FSM 'r_I2C_state_fsm[4:0]':
I: from  bmc_cpld_i2c_ram_u1/i2c_slave_bmc_u1/i2c_slave_basic0_u0/r_I2C_state[4] bmc_cpld_i2c_ram_u1/i2c_slave_bmc_u1/i2c_slave_basic0_u0/r_I2C_state[3] bmc_cpld_i2c_ram_u1/i2c_slave_bmc_u1/i2c_slave_basic0_u0/r_I2C_state[2] bmc_cpld_i2c_ram_u1/i2c_slave_bmc_u1/i2c_slave_basic0_u0/r_I2C_state[1] bmc_cpld_i2c_ram_u1/i2c_slave_bmc_u1/i2c_slave_basic0_u0/r_I2C_state[0]
I: to  bmc_cpld_i2c_ram_u1/i2c_slave_bmc_u1/i2c_slave_basic0_u0/r_I2C_state_reg[19] bmc_cpld_i2c_ram_u1/i2c_slave_bmc_u1/i2c_slave_basic0_u0/r_I2C_state_reg[18] bmc_cpld_i2c_ram_u1/i2c_slave_bmc_u1/i2c_slave_basic0_u0/r_I2C_state_reg[17] bmc_cpld_i2c_ram_u1/i2c_slave_bmc_u1/i2c_slave_basic0_u0/r_I2C_state_reg[16] bmc_cpld_i2c_ram_u1/i2c_slave_bmc_u1/i2c_slave_basic0_u0/r_I2C_state_reg[15] bmc_cpld_i2c_ram_u1/i2c_slave_bmc_u1/i2c_slave_basic0_u0/r_I2C_state_reg[14] bmc_cpld_i2c_ram_u1/i2c_slave_bmc_u1/i2c_slave_basic0_u0/r_I2C_state_reg[13] bmc_cpld_i2c_ram_u1/i2c_slave_bmc_u1/i2c_slave_basic0_u0/r_I2C_state_reg[12] bmc_cpld_i2c_ram_u1/i2c_slave_bmc_u1/i2c_slave_basic0_u0/r_I2C_state_reg[11] bmc_cpld_i2c_ram_u1/i2c_slave_bmc_u1/i2c_slave_basic0_u0/r_I2C_state_reg[10] bmc_cpld_i2c_ram_u1/i2c_slave_bmc_u1/i2c_slave_basic0_u0/r_I2C_state_reg[9] bmc_cpld_i2c_ram_u1/i2c_slave_bmc_u1/i2c_slave_basic0_u0/r_I2C_state_reg[8] bmc_cpld_i2c_ram_u1/i2c_slave_bmc_u1/i2c_slave_basic0_u0/r_I2C_state_reg[7] bmc_cpld_i2c_ram_u1/i2c_slave_bmc_u1/i2c_slave_basic0_u0/r_I2C_state_reg[6] bmc_cpld_i2c_ram_u1/i2c_slave_bmc_u1/i2c_slave_basic0_u0/r_I2C_state_reg[5] bmc_cpld_i2c_ram_u1/i2c_slave_bmc_u1/i2c_slave_basic0_u0/r_I2C_state_reg[4] bmc_cpld_i2c_ram_u1/i2c_slave_bmc_u1/i2c_slave_basic0_u0/r_I2C_state_reg[3] bmc_cpld_i2c_ram_u1/i2c_slave_bmc_u1/i2c_slave_basic0_u0/r_I2C_state_reg[2] bmc_cpld_i2c_ram_u1/i2c_slave_bmc_u1/i2c_slave_basic0_u0/r_I2C_state_reg[1] bmc_cpld_i2c_ram_u1/i2c_slave_bmc_u1/i2c_slave_basic0_u0/r_I2C_state_reg[0]
I: 00000 => 00000000000000000001
I: 00001 => 00000000000000000010
I: 00010 => 00000000000000000100
I: 00011 => 00000000000000001000
I: 00100 => 00000000000000010000
I: 00101 => 00000000000000100000
I: 00110 => 00000000000001000000
I: 00111 => 00000000000010000000
I: 01000 => 00000000000100000000
I: 01001 => 00000000001000000000
I: 01010 => 00000000010000000000
I: 01011 => 00000000100000000000
I: 01100 => 00000001000000000000
I: 01101 => 00000010000000000000
I: 01110 => 00000100000000000000
I: 01111 => 00001000000000000000
I: 10000 => 00010000000000000000
I: 10001 => 00100000000000000000
I: 10010 => 01000000000000000000
I: 10011 => 10000000000000000000
I: Encoding type of FSM 'curr_state_fsm[6:0]' is: onehot.
I: Encoding table of FSM 'curr_state_fsm[6:0]':
I: from  inst_i2c_inf/curr_state[6] inst_i2c_inf/curr_state[5] inst_i2c_inf/curr_state[4] inst_i2c_inf/curr_state[3] inst_i2c_inf/curr_state[2] inst_i2c_inf/curr_state[1] inst_i2c_inf/curr_state[0]
I: to  inst_i2c_inf/curr_state_reg[6] inst_i2c_inf/curr_state_reg[5] inst_i2c_inf/curr_state_reg[4] inst_i2c_inf/curr_state_reg[3] inst_i2c_inf/curr_state_reg[2] inst_i2c_inf/curr_state_reg[1] inst_i2c_inf/curr_state_reg[0]
I: 0000001 => 0000001
I: 0000010 => 0000010
I: 0000100 => 0000100
I: 0001000 => 0001000
I: 0010000 => 0010000
I: 0100000 => 0100000
I: 1000000 => 1000000
I: Encoding type of FSM 'curr_state_fsm[2:0]' is: onehot.
I: Encoding table of FSM 'curr_state_fsm[2:0]':
I: from  uart_master_u0/curr_state[2] uart_master_u0/curr_state[1] uart_master_u0/curr_state[0]
I: to  uart_master_u0/curr_state_reg[5] uart_master_u0/curr_state_reg[4] uart_master_u0/curr_state_reg[3] uart_master_u0/curr_state_reg[2] uart_master_u0/curr_state_reg[1] uart_master_u0/curr_state_reg[0]
I: 000 => 000001
I: 001 => 000010
I: 010 => 000100
I: 011 => 001000
I: 100 => 010000
I: 101 => 100000
I: Encoding type of FSM 'curr_state_fsm[2:0]' is: onehot.
I: Encoding table of FSM 'curr_state_fsm[2:0]':
I: from  uart_master_u1/curr_state[2] uart_master_u1/curr_state[1] uart_master_u1/curr_state[0]
I: to  uart_master_u1/curr_state_reg[5] uart_master_u1/curr_state_reg[4] uart_master_u1/curr_state_reg[3] uart_master_u1/curr_state_reg[2] uart_master_u1/curr_state_reg[1] uart_master_u1/curr_state_reg[0]
I: 000 => 000001
I: 001 => 000010
I: 010 => 000100
I: 011 => 001000
I: 100 => 010000
I: 101 => 100000
I: Encoding type of FSM 'curr_state_fsm[2:0]' is: onehot.
I: Encoding table of FSM 'curr_state_fsm[2:0]':
I: from  uart_master_u2/curr_state[2] uart_master_u2/curr_state[1] uart_master_u2/curr_state[0]
I: to  uart_master_u2/curr_state_reg[5] uart_master_u2/curr_state_reg[4] uart_master_u2/curr_state_reg[3] uart_master_u2/curr_state_reg[2] uart_master_u2/curr_state_reg[1] uart_master_u2/curr_state_reg[0]
I: 000 => 000001
I: 001 => 000010
I: 010 => 000100
I: 011 => 001000
I: 100 => 010000
I: 101 => 100000
I: Encoding type of FSM 'curr_state_fsm[2:0]' is: onehot.
I: Encoding table of FSM 'curr_state_fsm[2:0]':
I: from  uart_master_u3/curr_state[2] uart_master_u3/curr_state[1] uart_master_u3/curr_state[0]
I: to  uart_master_u3/curr_state_reg[5] uart_master_u3/curr_state_reg[4] uart_master_u3/curr_state_reg[3] uart_master_u3/curr_state_reg[2] uart_master_u3/curr_state_reg[1] uart_master_u3/curr_state_reg[0]
I: 000 => 000001
I: 001 => 000010
I: 010 => 000100
I: 011 => 001000
I: 100 => 010000
I: 101 => 100000
I: Encoding type of FSM 'curr_state_fsm[2:0]' is: onehot.
I: Encoding table of FSM 'curr_state_fsm[2:0]':
I: from  uart_master_u11/curr_state[2] uart_master_u11/curr_state[1] uart_master_u11/curr_state[0]
I: to  uart_master_u11/curr_state_reg[5] uart_master_u11/curr_state_reg[4] uart_master_u11/curr_state_reg[3] uart_master_u11/curr_state_reg[2] uart_master_u11/curr_state_reg[1] uart_master_u11/curr_state_reg[0]
I: 000 => 000001
I: 001 => 000010
I: 010 => 000100
I: 011 => 001000
I: 100 => 010000
I: 101 => 100000
I: Encoding type of FSM 'curr_state_fsm[2:0]' is: onehot.
I: Encoding table of FSM 'curr_state_fsm[2:0]':
I: from  uart_master_u12/curr_state[2] uart_master_u12/curr_state[1] uart_master_u12/curr_state[0]
I: to  uart_master_u12/curr_state_reg[5] uart_master_u12/curr_state_reg[4] uart_master_u12/curr_state_reg[3] uart_master_u12/curr_state_reg[2] uart_master_u12/curr_state_reg[1] uart_master_u12/curr_state_reg[0]
I: 000 => 000001
I: 001 => 000010
I: 010 => 000100
I: 011 => 001000
I: 100 => 010000
I: 101 => 100000
I: CounterOpt reduce bits [5:5] of bps_count_bit[5:0] to const.
I: CounterOpt reduce bits [4:2] of wait_time[4:0] to const.
I: CounterOpt reduce bits [5:5] of bps_count_bit[5:0] to const.
I: CounterOpt reduce bits [4:2] of wait_time[4:0] to const.
I: CounterOpt reduce bits [5:5] of bps_count_bit[5:0] to const.
I: CounterOpt reduce bits [4:2] of wait_time[4:0] to const.
I: CounterOpt reduce bits [5:5] of bps_count_bit[5:0] to const.
I: CounterOpt reduce bits [4:2] of wait_time[4:0] to const.
I: CounterOpt reduce bits [5:5] of bps_count_bit[5:0] to const.
I: CounterOpt reduce bits [4:2] of wait_time[4:0] to const.
I: CounterOpt reduce bits [5:5] of bps_count_bit[5:0] to const.
I: CounterOpt reduce bits [4:2] of wait_time[4:0] to const.
I: CounterOpt reduce bits [5:5] of bps_count_bit[5:0] to const.
I: CounterOpt reduce bits [4:2] of wait_time[4:0] to const.
I: CounterOpt reduce bits [5:5] of bps_count_bit[5:0] to const.
I: CounterOpt reduce bits [4:2] of wait_time[4:0] to const.
I: CounterOpt reduce bits [5:5] of bps_count_bit[5:0] to const.
I: CounterOpt reduce bits [4:2] of wait_time[4:0] to const.
I: CounterOpt reduce bits [5:5] of bps_count_bit[5:0] to const.
I: CounterOpt reduce bits [4:2] of wait_time[4:0] to const.
I: CounterOpt reduce bits [5:5] of bps_count_bit[5:0] to const.
I: CounterOpt reduce bits [4:2] of wait_time[4:0] to const.
I: CounterOpt reduce bits [5:5] of bps_count_bit[5:0] to const.
I: CounterOpt reduce bits [4:2] of wait_time[4:0] to const.
I: CounterOpt reduce bits [4:2] of wait_time[4:0] to const.
I: CounterOpt reduce bits [4:2] of wait_time[4:0] to const.
I: CounterOpt reduce bits [4:2] of wait_time[4:0] to const.
I: CounterOpt reduce bits [4:2] of wait_time[4:0] to const.
I: CounterOpt reduce bits [4:2] of wait_time[4:0] to const.
I: CounterOpt reduce bits [4:2] of wait_time[4:0] to const.
W: Adm-4019: [C:/CPLD/pango/2_Tieta_Feiteng/Tieta_Feiteng_2001_PGC7KD69MBG400/rtl/i2c/I2C_SLAVE_REG.v(line number: 400)] Unable to further flatten instance 'w_cpu0_die0_alloc'. The design is empty.
W: Adm-4019: [C:/CPLD/pango/2_Tieta_Feiteng/Tieta_Feiteng_2001_PGC7KD69MBG400/rtl/i2c/I2C_SLAVE_REG.v(line number: 411)] Unable to further flatten instance 'w_cpu1_die0_alloc'. The design is empty.
W: Adm-4083: [C:/CPLD/pango/2_Tieta_Feiteng/Tieta_Feiteng_2001_PGC7KD69MBG400/rtl/communication/UART_MASTER_VPP.v(line number: 159)] Removed bmsWIDEDFFCPE inst bps_count_bit[5:0] at 5 that is stuck at constant 0.
W: Adm-4083: [C:/CPLD/pango/2_Tieta_Feiteng/Tieta_Feiteng_2001_PGC7KD69MBG400/rtl/communication/UART_MASTER_VPP.v(line number: 73)] Removed bmsWIDEDFFCPE inst wait_time[4:0] at 2 that is stuck at constant 0.
W: Adm-4083: [C:/CPLD/pango/2_Tieta_Feiteng/Tieta_Feiteng_2001_PGC7KD69MBG400/rtl/communication/UART_MASTER_VPP.v(line number: 159)] Removed bmsWIDEDFFCPE inst bps_count_bit[5:0] at 5 that is stuck at constant 0.
W: Adm-4083: [C:/CPLD/pango/2_Tieta_Feiteng/Tieta_Feiteng_2001_PGC7KD69MBG400/rtl/communication/UART_MASTER_VPP.v(line number: 73)] Removed bmsWIDEDFFCPE inst wait_time[4:0] at 2 that is stuck at constant 0.
W: Adm-4083: [C:/CPLD/pango/2_Tieta_Feiteng/Tieta_Feiteng_2001_PGC7KD69MBG400/rtl/communication/UART_MASTER_VPP.v(line number: 159)] Removed bmsWIDEDFFCPE inst bps_count_bit[5:0] at 5 that is stuck at constant 0.
W: Adm-4083: [C:/CPLD/pango/2_Tieta_Feiteng/Tieta_Feiteng_2001_PGC7KD69MBG400/rtl/communication/UART_MASTER_VPP.v(line number: 73)] Removed bmsWIDEDFFCPE inst wait_time[4:0] at 2 that is stuck at constant 0.
W: Adm-4083: [C:/CPLD/pango/2_Tieta_Feiteng/Tieta_Feiteng_2001_PGC7KD69MBG400/rtl/communication/UART_MASTER_VPP.v(line number: 159)] Removed bmsWIDEDFFCPE inst bps_count_bit[5:0] at 5 that is stuck at constant 0.
W: Adm-4083: [C:/CPLD/pango/2_Tieta_Feiteng/Tieta_Feiteng_2001_PGC7KD69MBG400/rtl/communication/UART_MASTER_VPP.v(line number: 73)] Removed bmsWIDEDFFCPE inst wait_time[4:0] at 2 that is stuck at constant 0.
W: Adm-4083: [C:/CPLD/pango/2_Tieta_Feiteng/Tieta_Feiteng_2001_PGC7KD69MBG400/rtl/communication/UART_MASTER_VPP.v(line number: 159)] Removed bmsWIDEDFFCPE inst bps_count_bit[5:0] at 5 that is stuck at constant 0.
W: Adm-4083: [C:/CPLD/pango/2_Tieta_Feiteng/Tieta_Feiteng_2001_PGC7KD69MBG400/rtl/communication/UART_MASTER_VPP.v(line number: 73)] Removed bmsWIDEDFFCPE inst wait_time[4:0] at 2 that is stuck at constant 0.
W: Adm-4083: [C:/CPLD/pango/2_Tieta_Feiteng/Tieta_Feiteng_2001_PGC7KD69MBG400/rtl/communication/UART_MASTER_VPP.v(line number: 159)] Removed bmsWIDEDFFCPE inst bps_count_bit[5:0] at 5 that is stuck at constant 0.
W: Adm-4083: [C:/CPLD/pango/2_Tieta_Feiteng/Tieta_Feiteng_2001_PGC7KD69MBG400/rtl/communication/UART_MASTER_VPP.v(line number: 73)] Removed bmsWIDEDFFCPE inst wait_time[4:0] at 2 that is stuck at constant 0.
W: Adm-4083: [C:/CPLD/pango/2_Tieta_Feiteng/Tieta_Feiteng_2001_PGC7KD69MBG400/rtl/communication/UART_MASTER_VPP.v(line number: 159)] Removed bmsWIDEDFFCPE inst bps_count_bit[5:0] at 5 that is stuck at constant 0.
W: Adm-4083: [C:/CPLD/pango/2_Tieta_Feiteng/Tieta_Feiteng_2001_PGC7KD69MBG400/rtl/communication/UART_MASTER_VPP.v(line number: 73)] Removed bmsWIDEDFFCPE inst wait_time[4:0] at 2 that is stuck at constant 0.
W: Adm-4083: [C:/CPLD/pango/2_Tieta_Feiteng/Tieta_Feiteng_2001_PGC7KD69MBG400/rtl/communication/UART_MASTER_VPP.v(line number: 159)] Removed bmsWIDEDFFCPE inst bps_count_bit[5:0] at 5 that is stuck at constant 0.
W: Adm-4083: [C:/CPLD/pango/2_Tieta_Feiteng/Tieta_Feiteng_2001_PGC7KD69MBG400/rtl/communication/UART_MASTER_VPP.v(line number: 73)] Removed bmsWIDEDFFCPE inst wait_time[4:0] at 2 that is stuck at constant 0.
W: Adm-4083: [C:/CPLD/pango/2_Tieta_Feiteng/Tieta_Feiteng_2001_PGC7KD69MBG400/rtl/communication/UART_MASTER_VPP.v(line number: 159)] Removed bmsWIDEDFFCPE inst bps_count_bit[5:0] at 5 that is stuck at constant 0.
W: Adm-4083: [C:/CPLD/pango/2_Tieta_Feiteng/Tieta_Feiteng_2001_PGC7KD69MBG400/rtl/communication/UART_MASTER_VPP.v(line number: 73)] Removed bmsWIDEDFFCPE inst wait_time[4:0] at 2 that is stuck at constant 0.
W: Adm-4083: [C:/CPLD/pango/2_Tieta_Feiteng/Tieta_Feiteng_2001_PGC7KD69MBG400/rtl/communication/UART_MASTER_VPP.v(line number: 159)] Removed bmsWIDEDFFCPE inst bps_count_bit[5:0] at 5 that is stuck at constant 0.
W: Adm-4083: [C:/CPLD/pango/2_Tieta_Feiteng/Tieta_Feiteng_2001_PGC7KD69MBG400/rtl/communication/UART_MASTER_VPP.v(line number: 73)] Removed bmsWIDEDFFCPE inst wait_time[4:0] at 2 that is stuck at constant 0.
W: Adm-4083: [C:/CPLD/pango/2_Tieta_Feiteng/Tieta_Feiteng_2001_PGC7KD69MBG400/rtl/communication/UART_MASTER_VPP.v(line number: 159)] Removed bmsWIDEDFFCPE inst bps_count_bit[5:0] at 5 that is stuck at constant 0.
W: Adm-4083: [C:/CPLD/pango/2_Tieta_Feiteng/Tieta_Feiteng_2001_PGC7KD69MBG400/rtl/communication/UART_MASTER_VPP.v(line number: 73)] Removed bmsWIDEDFFCPE inst wait_time[4:0] at 2 that is stuck at constant 0.
W: Adm-4083: [C:/CPLD/pango/2_Tieta_Feiteng/Tieta_Feiteng_2001_PGC7KD69MBG400/rtl/communication/UART_MASTER_VPP.v(line number: 159)] Removed bmsWIDEDFFCPE inst bps_count_bit[5:0] at 5 that is stuck at constant 0.
W: Adm-4083: [C:/CPLD/pango/2_Tieta_Feiteng/Tieta_Feiteng_2001_PGC7KD69MBG400/rtl/communication/UART_MASTER_VPP.v(line number: 73)] Removed bmsWIDEDFFCPE inst wait_time[4:0] at 2 that is stuck at constant 0.
W: Adm-4083: [C:/CPLD/pango/2_Tieta_Feiteng/Tieta_Feiteng_2001_PGC7KD69MBG400/rtl/communication/uart_master.v(line number: 103)] Removed bmsWIDEDFFCPE inst wait_time[4:0] at 2 that is stuck at constant 0.
W: Adm-4083: [C:/CPLD/pango/2_Tieta_Feiteng/Tieta_Feiteng_2001_PGC7KD69MBG400/rtl/communication/uart_master.v(line number: 103)] Removed bmsWIDEDFFCPE inst wait_time[4:0] at 2 that is stuck at constant 0.
W: Adm-4083: [C:/CPLD/pango/2_Tieta_Feiteng/Tieta_Feiteng_2001_PGC7KD69MBG400/rtl/communication/uart_master.v(line number: 103)] Removed bmsWIDEDFFCPE inst wait_time[4:0] at 2 that is stuck at constant 0.
W: Adm-4083: [C:/CPLD/pango/2_Tieta_Feiteng/Tieta_Feiteng_2001_PGC7KD69MBG400/rtl/communication/uart_master.v(line number: 103)] Removed bmsWIDEDFFCPE inst wait_time[4:0] at 2 that is stuck at constant 0.
W: Adm-4083: [C:/CPLD/pango/2_Tieta_Feiteng/Tieta_Feiteng_2001_PGC7KD69MBG400/rtl/communication/uart_master.v(line number: 103)] Removed bmsWIDEDFFCPE inst wait_time[4:0] at 2 that is stuck at constant 0.
W: Adm-4083: [C:/CPLD/pango/2_Tieta_Feiteng/Tieta_Feiteng_2001_PGC7KD69MBG400/rtl/communication/uart_master.v(line number: 103)] Removed bmsWIDEDFFCPE inst wait_time[4:0] at 2 that is stuck at constant 0.
Executing : pre-mapping successfully. Time elapsed: 0.511s wall, 0.641s user + 0.031s system = 0.672s CPU (131.4%)

Start mod-gen.
W: Public-4008: [C:/CPLD/pango/2_Tieta_Feiteng/Tieta_Feiteng_2001_PGC7KD69MBG400/rtl/common/WDT_init.v(line number: 92)] Instance 'FanControl_m/m_WDT_init/r_boot_flag_n' of 'bmsWIDEDFFCPE' unit is dangling and will be cleaned.
W: Public-4008: [C:/CPLD/pango/2_Tieta_Feiteng/Tieta_Feiteng_2001_PGC7KD69MBG400/rtl/fan_ctrl/FanControl.v(line number: 75)] Instance 'FanControl_m/r_cpld_PWM_Counter[5:0]' of 'bmsWIDEDFFCPE' unit is dangling and will be cleaned.
W: Public-4008: [C:/CPLD/pango/2_Tieta_Feiteng/Tieta_Feiteng_2001_PGC7KD69MBG400/rtl/fan_ctrl/FanControl.v(line number: 204)] Instance 'FanControl_m/r_low_speed_pwr_on_vld' of 'bmsWIDEDFFCPE' unit is dangling and will be cleaned.
W: Public-4008: [C:/CPLD/pango/2_Tieta_Feiteng/Tieta_Feiteng_2001_PGC7KD69MBG400/rtl/common/WDT_init.v(line number: 92)] Instance 'FanControl_m/m_WDT_init/r_wdt_cnt[9:0]' of 'bmsWIDEDFFCPE' unit is dangling and will be cleaned.
W: Public-4008: [C:/CPLD/pango/2_Tieta_Feiteng/Tieta_Feiteng_2001_PGC7KD69MBG400/rtl/fan_ctrl/FanControl.v(line number: 204)] Instance 'FanControl_m/r_pwr_on_st_dly' of 'bmsWIDEDFFCPE' unit is dangling and will be cleaned.
W: Public-4008: [C:/CPLD/pango/2_Tieta_Feiteng/Tieta_Feiteng_2001_PGC7KD69MBG400/rtl/common/WDT.v(line number: 64)] Instance 'FanControl_m/m_WDT0/r_WDT_cnt_clk_dly1' of 'bmsWIDEDFFCPE' unit is dangling and will be cleaned.
W: Public-4008: [C:/CPLD/pango/2_Tieta_Feiteng/Tieta_Feiteng_2001_PGC7KD69MBG400/rtl/common/WDT.v(line number: 64)] Instance 'FanControl_m/m_WDT0/r_WDT_cnt_clk_dly2' of 'bmsWIDEDFFCPE' unit is dangling and will be cleaned.
W: Public-4008: [C:/CPLD/pango/2_Tieta_Feiteng/Tieta_Feiteng_2001_PGC7KD69MBG400/rtl/common/WDT.v(line number: 64)] Instance 'FanControl_m/m_WDT0/r_WDT_cnt_clr_dly1' of 'bmsWIDEDFFCPE' unit is dangling and will be cleaned.
W: Public-4008: [C:/CPLD/pango/2_Tieta_Feiteng/Tieta_Feiteng_2001_PGC7KD69MBG400/rtl/common/WDT.v(line number: 64)] Instance 'FanControl_m/m_WDT0/r_WDT_cnt_clr_dly2' of 'bmsWIDEDFFCPE' unit is dangling and will be cleaned.
W: Public-4008: [C:/CPLD/pango/2_Tieta_Feiteng/Tieta_Feiteng_2001_PGC7KD69MBG400/rtl/common/WDT.v(line number: 90)] Instance 'FanControl_m/m_WDT0/r_WDT_timeout' of 'bmsWIDEDFFCPE' unit is dangling and will be cleaned.
W: Public-4008: [C:/CPLD/pango/2_Tieta_Feiteng/Tieta_Feiteng_2001_PGC7KD69MBG400/rtl/common/WDT.v(line number: 90)] Instance 'FanControl_m/m_WDT0/r_wdt_cnt[9:0]' of 'bmsWIDEDFFCPE' unit is dangling and will be cleaned.
W: Public-4008: [C:/CPLD/pango/2_Tieta_Feiteng/Tieta_Feiteng_2001_PGC7KD69MBG400/rtl/common/WDT_init.v(line number: 65)] Instance 'FanControl_m/m_WDT_init/r_WDT_cnt_clk_dly1' of 'bmsWIDEDFFCPE' unit is dangling and will be cleaned.
W: Public-4008: [C:/CPLD/pango/2_Tieta_Feiteng/Tieta_Feiteng_2001_PGC7KD69MBG400/rtl/common/WDT_init.v(line number: 65)] Instance 'FanControl_m/m_WDT_init/r_WDT_cnt_clk_dly2' of 'bmsWIDEDFFCPE' unit is dangling and will be cleaned.
W: Public-4008: [C:/CPLD/pango/2_Tieta_Feiteng/Tieta_Feiteng_2001_PGC7KD69MBG400/rtl/common/WDT_init.v(line number: 65)] Instance 'FanControl_m/m_WDT_init/r_WDT_cnt_clr_dly1' of 'bmsWIDEDFFCPE' unit is dangling and will be cleaned.
W: Public-4008: [C:/CPLD/pango/2_Tieta_Feiteng/Tieta_Feiteng_2001_PGC7KD69MBG400/rtl/common/WDT_init.v(line number: 65)] Instance 'FanControl_m/m_WDT_init/r_WDT_cnt_clr_dly2' of 'bmsWIDEDFFCPE' unit is dangling and will be cleaned.
W: Public-4008: [C:/CPLD/pango/2_Tieta_Feiteng/Tieta_Feiteng_2001_PGC7KD69MBG400/rtl/common/WDT_init.v(line number: 92)] Instance 'FanControl_m/m_WDT_init/r_WDT_timeout' of 'bmsWIDEDFFCPE' unit is dangling and will be cleaned.
W: Public-4008: [C:/CPLD/pango/2_Tieta_Feiteng/Tieta_Feiteng_2001_PGC7KD69MBG400/rtl/communication/UART_MASTER_VPP.v(line number: 159)] Instance 'UART_MASTER_VPP.UART_MASTER_VPP[0].PFR_UART_MASTER/bps_count_bit[5:0]' of 'bmsWIDEDFFCPE' unit is dangling and will be cleaned.
W: Public-4008: [C:/CPLD/pango/2_Tieta_Feiteng/Tieta_Feiteng_2001_PGC7KD69MBG400/rtl/communication/UART_MASTER_VPP.v(line number: 171)] Instance 'UART_MASTER_VPP.UART_MASTER_VPP[0].PFR_UART_MASTER/data_count[4:0]' of 'bmsWIDEDFFCPE' unit is dangling and will be cleaned.
W: Public-4008: [C:/CPLD/pango/2_Tieta_Feiteng/Tieta_Feiteng_2001_PGC7KD69MBG400/rtl/communication/UART_MASTER_VPP.v(line number: 222)] Instance 'UART_MASTER_VPP.UART_MASTER_VPP[0].PFR_UART_MASTER/error_flag' of 'bmsWIDEDFFCPE' unit is dangling and will be cleaned.
W: Public-4008: [C:/CPLD/pango/2_Tieta_Feiteng/Tieta_Feiteng_2001_PGC7KD69MBG400/rtl/communication/UART_MASTER_VPP.v(line number: 148)] Instance 'UART_MASTER_VPP.UART_MASTER_VPP[0].PFR_UART_MASTER/last_state[2:0]' of 'bmsWIDEDFFCPE' unit is dangling and will be cleaned.
W: Public-4008: [C:/CPLD/pango/2_Tieta_Feiteng/Tieta_Feiteng_2001_PGC7KD69MBG400/rtl/communication/UART_MASTER_VPP.v(line number: 222)] Instance 'UART_MASTER_VPP.UART_MASTER_VPP[0].PFR_UART_MASTER/par_data_out[8:0]' of 'bmsWIDEDFFCPE' unit is dangling and will be cleaned.
W: Public-4008: [C:/CPLD/pango/2_Tieta_Feiteng/Tieta_Feiteng_2001_PGC7KD69MBG400/rtl/communication/UART_MASTER_VPP.v(line number: 171)] Instance 'UART_MASTER_VPP.UART_MASTER_VPP[0].PFR_UART_MASTER/read_flag' of 'bmsWIDEDFFCPE' unit is dangling and will be cleaned.
W: Public-4008: [C:/CPLD/pango/2_Tieta_Feiteng/Tieta_Feiteng_2001_PGC7KD69MBG400/rtl/communication/UART_MASTER_VPP.v(line number: 171)] Instance 'UART_MASTER_VPP.UART_MASTER_VPP[0].PFR_UART_MASTER/reg_par_data_out[14:0]' of 'bmsWIDEDFFRSE' unit is dangling and will be cleaned.
W: Public-4008: [C:/CPLD/pango/2_Tieta_Feiteng/Tieta_Feiteng_2001_PGC7KD69MBG400/rtl/communication/UART_MASTER_VPP.v(line number: 171)] Instance 'UART_MASTER_VPP.UART_MASTER_VPP[0].PFR_UART_MASTER/ser_data_out' of 'bmsWIDEDFFCPE' unit is dangling and will be cleaned.
W: Public-4008: [C:/CPLD/pango/2_Tieta_Feiteng/Tieta_Feiteng_2001_PGC7KD69MBG400/rtl/communication/UART_MASTER_VPP.v(line number: 171)] Instance 'UART_MASTER_VPP.UART_MASTER_VPP[0].PFR_UART_MASTER/ser_data_out_tri_enable' of 'bmsWIDEDFFCPE' unit is dangling and will be cleaned.
W: Public-4008: [C:/CPLD/pango/2_Tieta_Feiteng/Tieta_Feiteng_2001_PGC7KD69MBG400/rtl/communication/UART_MASTER_VPP.v(line number: 73)] Instance 'UART_MASTER_VPP.UART_MASTER_VPP[0].PFR_UART_MASTER/wait_time[4:0]' of 'bmsWIDEDFFCPE' unit is dangling and will be cleaned.
W: Public-4008: [C:/CPLD/pango/2_Tieta_Feiteng/Tieta_Feiteng_2001_PGC7KD69MBG400/rtl/communication/UART_MASTER_VPP.v(line number: 65)] Instance 'UART_MASTER_VPP.UART_MASTER_VPP[0].PFR_UART_MASTER/curr_state_reg' of 'bmsWIDEDFFPATCE' unit is dangling and will be cleaned.
W: Public-4008: [C:/CPLD/pango/2_Tieta_Feiteng/Tieta_Feiteng_2001_PGC7KD69MBG400/rtl/communication/UART_MASTER_VPP.v(line number: 159)] Instance 'UART_MASTER_VPP.UART_MASTER_VPP[1].PFR_UART_MASTER/bps_count_bit[5:0]' of 'bmsWIDEDFFCPE' unit is dangling and will be cleaned.
W: Public-4008: [C:/CPLD/pango/2_Tieta_Feiteng/Tieta_Feiteng_2001_PGC7KD69MBG400/rtl/communication/UART_MASTER_VPP.v(line number: 171)] Instance 'UART_MASTER_VPP.UART_MASTER_VPP[1].PFR_UART_MASTER/data_count[4:0]' of 'bmsWIDEDFFCPE' unit is dangling and will be cleaned.
W: Public-4008: [C:/CPLD/pango/2_Tieta_Feiteng/Tieta_Feiteng_2001_PGC7KD69MBG400/rtl/communication/UART_MASTER_VPP.v(line number: 222)] Instance 'UART_MASTER_VPP.UART_MASTER_VPP[1].PFR_UART_MASTER/error_flag' of 'bmsWIDEDFFCPE' unit is dangling and will be cleaned.
W: Public-4008: [C:/CPLD/pango/2_Tieta_Feiteng/Tieta_Feiteng_2001_PGC7KD69MBG400/rtl/communication/UART_MASTER_VPP.v(line number: 148)] Instance 'UART_MASTER_VPP.UART_MASTER_VPP[1].PFR_UART_MASTER/last_state[2:0]' of 'bmsWIDEDFFCPE' unit is dangling and will be cleaned.
W: Public-4008: [C:/CPLD/pango/2_Tieta_Feiteng/Tieta_Feiteng_2001_PGC7KD69MBG400/rtl/communication/UART_MASTER_VPP.v(line number: 222)] Instance 'UART_MASTER_VPP.UART_MASTER_VPP[1].PFR_UART_MASTER/par_data_out[8:0]' of 'bmsWIDEDFFCPE' unit is dangling and will be cleaned.
W: Public-4008: [C:/CPLD/pango/2_Tieta_Feiteng/Tieta_Feiteng_2001_PGC7KD69MBG400/rtl/communication/UART_MASTER_VPP.v(line number: 171)] Instance 'UART_MASTER_VPP.UART_MASTER_VPP[1].PFR_UART_MASTER/read_flag' of 'bmsWIDEDFFCPE' unit is dangling and will be cleaned.
W: Public-4008: [C:/CPLD/pango/2_Tieta_Feiteng/Tieta_Feiteng_2001_PGC7KD69MBG400/rtl/communication/UART_MASTER_VPP.v(line number: 171)] Instance 'UART_MASTER_VPP.UART_MASTER_VPP[1].PFR_UART_MASTER/reg_par_data_out[14:0]' of 'bmsWIDEDFFRSE' unit is dangling and will be cleaned.
W: Public-4008: [C:/CPLD/pango/2_Tieta_Feiteng/Tieta_Feiteng_2001_PGC7KD69MBG400/rtl/communication/UART_MASTER_VPP.v(line number: 171)] Instance 'UART_MASTER_VPP.UART_MASTER_VPP[1].PFR_UART_MASTER/ser_data_out' of 'bmsWIDEDFFCPE' unit is dangling and will be cleaned.
W: Public-4008: [C:/CPLD/pango/2_Tieta_Feiteng/Tieta_Feiteng_2001_PGC7KD69MBG400/rtl/communication/UART_MASTER_VPP.v(line number: 171)] Instance 'UART_MASTER_VPP.UART_MASTER_VPP[1].PFR_UART_MASTER/ser_data_out_tri_enable' of 'bmsWIDEDFFCPE' unit is dangling and will be cleaned.
W: Public-4008: [C:/CPLD/pango/2_Tieta_Feiteng/Tieta_Feiteng_2001_PGC7KD69MBG400/rtl/communication/UART_MASTER_VPP.v(line number: 73)] Instance 'UART_MASTER_VPP.UART_MASTER_VPP[1].PFR_UART_MASTER/wait_time[4:0]' of 'bmsWIDEDFFCPE' unit is dangling and will be cleaned.
W: Public-4008: [C:/CPLD/pango/2_Tieta_Feiteng/Tieta_Feiteng_2001_PGC7KD69MBG400/rtl/communication/UART_MASTER_VPP.v(line number: 65)] Instance 'UART_MASTER_VPP.UART_MASTER_VPP[1].PFR_UART_MASTER/curr_state_reg' of 'bmsWIDEDFFPATCE' unit is dangling and will be cleaned.
W: Public-4008: [C:/CPLD/pango/2_Tieta_Feiteng/Tieta_Feiteng_2001_PGC7KD69MBG400/rtl/communication/UART_MASTER_VPP.v(line number: 159)] Instance 'UART_MASTER_VPP.UART_MASTER_VPP[2].PFR_UART_MASTER/bps_count_bit[5:0]' of 'bmsWIDEDFFCPE' unit is dangling and will be cleaned.
W: Public-4008: [C:/CPLD/pango/2_Tieta_Feiteng/Tieta_Feiteng_2001_PGC7KD69MBG400/rtl/communication/UART_MASTER_VPP.v(line number: 171)] Instance 'UART_MASTER_VPP.UART_MASTER_VPP[2].PFR_UART_MASTER/data_count[4:0]' of 'bmsWIDEDFFCPE' unit is dangling and will be cleaned.
W: Public-4008: [C:/CPLD/pango/2_Tieta_Feiteng/Tieta_Feiteng_2001_PGC7KD69MBG400/rtl/communication/UART_MASTER_VPP.v(line number: 222)] Instance 'UART_MASTER_VPP.UART_MASTER_VPP[2].PFR_UART_MASTER/error_flag' of 'bmsWIDEDFFCPE' unit is dangling and will be cleaned.
W: Public-4008: [C:/CPLD/pango/2_Tieta_Feiteng/Tieta_Feiteng_2001_PGC7KD69MBG400/rtl/communication/UART_MASTER_VPP.v(line number: 148)] Instance 'UART_MASTER_VPP.UART_MASTER_VPP[2].PFR_UART_MASTER/last_state[2:0]' of 'bmsWIDEDFFCPE' unit is dangling and will be cleaned.
W: Public-4008: [C:/CPLD/pango/2_Tieta_Feiteng/Tieta_Feiteng_2001_PGC7KD69MBG400/rtl/communication/UART_MASTER_VPP.v(line number: 222)] Instance 'UART_MASTER_VPP.UART_MASTER_VPP[2].PFR_UART_MASTER/par_data_out[8:0]' of 'bmsWIDEDFFCPE' unit is dangling and will be cleaned.
W: Public-4008: [C:/CPLD/pango/2_Tieta_Feiteng/Tieta_Feiteng_2001_PGC7KD69MBG400/rtl/communication/UART_MASTER_VPP.v(line number: 171)] Instance 'UART_MASTER_VPP.UART_MASTER_VPP[2].PFR_UART_MASTER/read_flag' of 'bmsWIDEDFFCPE' unit is dangling and will be cleaned.
W: Public-4008: [C:/CPLD/pango/2_Tieta_Feiteng/Tieta_Feiteng_2001_PGC7KD69MBG400/rtl/communication/UART_MASTER_VPP.v(line number: 171)] Instance 'UART_MASTER_VPP.UART_MASTER_VPP[2].PFR_UART_MASTER/reg_par_data_out[14:0]' of 'bmsWIDEDFFRSE' unit is dangling and will be cleaned.
W: Public-4008: [C:/CPLD/pango/2_Tieta_Feiteng/Tieta_Feiteng_2001_PGC7KD69MBG400/rtl/communication/UART_MASTER_VPP.v(line number: 171)] Instance 'UART_MASTER_VPP.UART_MASTER_VPP[2].PFR_UART_MASTER/ser_data_out' of 'bmsWIDEDFFCPE' unit is dangling and will be cleaned.
W: Public-4008: [C:/CPLD/pango/2_Tieta_Feiteng/Tieta_Feiteng_2001_PGC7KD69MBG400/rtl/communication/UART_MASTER_VPP.v(line number: 171)] Instance 'UART_MASTER_VPP.UART_MASTER_VPP[2].PFR_UART_MASTER/ser_data_out_tri_enable' of 'bmsWIDEDFFCPE' unit is dangling and will be cleaned.
W: Public-4008: [C:/CPLD/pango/2_Tieta_Feiteng/Tieta_Feiteng_2001_PGC7KD69MBG400/rtl/communication/UART_MASTER_VPP.v(line number: 73)] Instance 'UART_MASTER_VPP.UART_MASTER_VPP[2].PFR_UART_MASTER/wait_time[4:0]' of 'bmsWIDEDFFCPE' unit is dangling and will be cleaned.
W: Public-4008: [C:/CPLD/pango/2_Tieta_Feiteng/Tieta_Feiteng_2001_PGC7KD69MBG400/rtl/communication/UART_MASTER_VPP.v(line number: 65)] Instance 'UART_MASTER_VPP.UART_MASTER_VPP[2].PFR_UART_MASTER/curr_state_reg' of 'bmsWIDEDFFPATCE' unit is dangling and will be cleaned.
W: Public-4008: [C:/CPLD/pango/2_Tieta_Feiteng/Tieta_Feiteng_2001_PGC7KD69MBG400/rtl/communication/UART_MASTER_VPP.v(line number: 159)] Instance 'UART_MASTER_VPP.UART_MASTER_VPP[3].PFR_UART_MASTER/bps_count_bit[5:0]' of 'bmsWIDEDFFCPE' unit is dangling and will be cleaned.
W: Public-4008: [C:/CPLD/pango/2_Tieta_Feiteng/Tieta_Feiteng_2001_PGC7KD69MBG400/rtl/communication/UART_MASTER_VPP.v(line number: 171)] Instance 'UART_MASTER_VPP.UART_MASTER_VPP[3].PFR_UART_MASTER/data_count[4:0]' of 'bmsWIDEDFFCPE' unit is dangling and will be cleaned.
W: Public-4008: [C:/CPLD/pango/2_Tieta_Feiteng/Tieta_Feiteng_2001_PGC7KD69MBG400/rtl/communication/UART_MASTER_VPP.v(line number: 222)] Instance 'UART_MASTER_VPP.UART_MASTER_VPP[3].PFR_UART_MASTER/error_flag' of 'bmsWIDEDFFCPE' unit is dangling and will be cleaned.
W: Public-4008: [C:/CPLD/pango/2_Tieta_Feiteng/Tieta_Feiteng_2001_PGC7KD69MBG400/rtl/communication/UART_MASTER_VPP.v(line number: 148)] Instance 'UART_MASTER_VPP.UART_MASTER_VPP[3].PFR_UART_MASTER/last_state[2:0]' of 'bmsWIDEDFFCPE' unit is dangling and will be cleaned.
W: Public-4008: [C:/CPLD/pango/2_Tieta_Feiteng/Tieta_Feiteng_2001_PGC7KD69MBG400/rtl/communication/UART_MASTER_VPP.v(line number: 222)] Instance 'UART_MASTER_VPP.UART_MASTER_VPP[3].PFR_UART_MASTER/par_data_out[8:0]' of 'bmsWIDEDFFCPE' unit is dangling and will be cleaned.
W: Public-4008: [C:/CPLD/pango/2_Tieta_Feiteng/Tieta_Feiteng_2001_PGC7KD69MBG400/rtl/communication/UART_MASTER_VPP.v(line number: 171)] Instance 'UART_MASTER_VPP.UART_MASTER_VPP[3].PFR_UART_MASTER/read_flag' of 'bmsWIDEDFFCPE' unit is dangling and will be cleaned.
W: Public-4008: [C:/CPLD/pango/2_Tieta_Feiteng/Tieta_Feiteng_2001_PGC7KD69MBG400/rtl/communication/UART_MASTER_VPP.v(line number: 171)] Instance 'UART_MASTER_VPP.UART_MASTER_VPP[3].PFR_UART_MASTER/reg_par_data_out[14:0]' of 'bmsWIDEDFFRSE' unit is dangling and will be cleaned.
W: Public-4008: [C:/CPLD/pango/2_Tieta_Feiteng/Tieta_Feiteng_2001_PGC7KD69MBG400/rtl/communication/UART_MASTER_VPP.v(line number: 171)] Instance 'UART_MASTER_VPP.UART_MASTER_VPP[3].PFR_UART_MASTER/ser_data_out' of 'bmsWIDEDFFCPE' unit is dangling and will be cleaned.
W: Public-4008: [C:/CPLD/pango/2_Tieta_Feiteng/Tieta_Feiteng_2001_PGC7KD69MBG400/rtl/communication/UART_MASTER_VPP.v(line number: 171)] Instance 'UART_MASTER_VPP.UART_MASTER_VPP[3].PFR_UART_MASTER/ser_data_out_tri_enable' of 'bmsWIDEDFFCPE' unit is dangling and will be cleaned.
W: Public-4008: [C:/CPLD/pango/2_Tieta_Feiteng/Tieta_Feiteng_2001_PGC7KD69MBG400/rtl/communication/UART_MASTER_VPP.v(line number: 73)] Instance 'UART_MASTER_VPP.UART_MASTER_VPP[3].PFR_UART_MASTER/wait_time[4:0]' of 'bmsWIDEDFFCPE' unit is dangling and will be cleaned.
W: Public-4008: [C:/CPLD/pango/2_Tieta_Feiteng/Tieta_Feiteng_2001_PGC7KD69MBG400/rtl/communication/UART_MASTER_VPP.v(line number: 65)] Instance 'UART_MASTER_VPP.UART_MASTER_VPP[3].PFR_UART_MASTER/curr_state_reg' of 'bmsWIDEDFFPATCE' unit is dangling and will be cleaned.
W: Public-4008: [C:/CPLD/pango/2_Tieta_Feiteng/Tieta_Feiteng_2001_PGC7KD69MBG400/rtl/communication/UART_MASTER_VPP.v(line number: 159)] Instance 'UART_MASTER_VPP.UART_MASTER_VPP[4].PFR_UART_MASTER/bps_count_bit[5:0]' of 'bmsWIDEDFFCPE' unit is dangling and will be cleaned.
W: Public-4008: [C:/CPLD/pango/2_Tieta_Feiteng/Tieta_Feiteng_2001_PGC7KD69MBG400/rtl/communication/UART_MASTER_VPP.v(line number: 171)] Instance 'UART_MASTER_VPP.UART_MASTER_VPP[4].PFR_UART_MASTER/data_count[4:0]' of 'bmsWIDEDFFCPE' unit is dangling and will be cleaned.
W: Public-4008: [C:/CPLD/pango/2_Tieta_Feiteng/Tieta_Feiteng_2001_PGC7KD69MBG400/rtl/communication/UART_MASTER_VPP.v(line number: 222)] Instance 'UART_MASTER_VPP.UART_MASTER_VPP[4].PFR_UART_MASTER/error_flag' of 'bmsWIDEDFFCPE' unit is dangling and will be cleaned.
W: Public-4008: [C:/CPLD/pango/2_Tieta_Feiteng/Tieta_Feiteng_2001_PGC7KD69MBG400/rtl/communication/UART_MASTER_VPP.v(line number: 148)] Instance 'UART_MASTER_VPP.UART_MASTER_VPP[4].PFR_UART_MASTER/last_state[2:0]' of 'bmsWIDEDFFCPE' unit is dangling and will be cleaned.
W: Public-4008: [C:/CPLD/pango/2_Tieta_Feiteng/Tieta_Feiteng_2001_PGC7KD69MBG400/rtl/communication/UART_MASTER_VPP.v(line number: 222)] Instance 'UART_MASTER_VPP.UART_MASTER_VPP[4].PFR_UART_MASTER/par_data_out[8:0]' of 'bmsWIDEDFFCPE' unit is dangling and will be cleaned.
W: Public-4008: [C:/CPLD/pango/2_Tieta_Feiteng/Tieta_Feiteng_2001_PGC7KD69MBG400/rtl/communication/UART_MASTER_VPP.v(line number: 171)] Instance 'UART_MASTER_VPP.UART_MASTER_VPP[4].PFR_UART_MASTER/read_flag' of 'bmsWIDEDFFCPE' unit is dangling and will be cleaned.
W: Public-4008: [C:/CPLD/pango/2_Tieta_Feiteng/Tieta_Feiteng_2001_PGC7KD69MBG400/rtl/communication/UART_MASTER_VPP.v(line number: 171)] Instance 'UART_MASTER_VPP.UART_MASTER_VPP[4].PFR_UART_MASTER/reg_par_data_out[14:0]' of 'bmsWIDEDFFRSE' unit is dangling and will be cleaned.
W: Public-4008: [C:/CPLD/pango/2_Tieta_Feiteng/Tieta_Feiteng_2001_PGC7KD69MBG400/rtl/communication/UART_MASTER_VPP.v(line number: 171)] Instance 'UART_MASTER_VPP.UART_MASTER_VPP[4].PFR_UART_MASTER/ser_data_out' of 'bmsWIDEDFFCPE' unit is dangling and will be cleaned.
W: Public-4008: [C:/CPLD/pango/2_Tieta_Feiteng/Tieta_Feiteng_2001_PGC7KD69MBG400/rtl/communication/UART_MASTER_VPP.v(line number: 171)] Instance 'UART_MASTER_VPP.UART_MASTER_VPP[4].PFR_UART_MASTER/ser_data_out_tri_enable' of 'bmsWIDEDFFCPE' unit is dangling and will be cleaned.
W: Public-4008: [C:/CPLD/pango/2_Tieta_Feiteng/Tieta_Feiteng_2001_PGC7KD69MBG400/rtl/communication/UART_MASTER_VPP.v(line number: 73)] Instance 'UART_MASTER_VPP.UART_MASTER_VPP[4].PFR_UART_MASTER/wait_time[4:0]' of 'bmsWIDEDFFCPE' unit is dangling and will be cleaned.
W: Public-4008: [C:/CPLD/pango/2_Tieta_Feiteng/Tieta_Feiteng_2001_PGC7KD69MBG400/rtl/communication/UART_MASTER_VPP.v(line number: 65)] Instance 'UART_MASTER_VPP.UART_MASTER_VPP[4].PFR_UART_MASTER/curr_state_reg' of 'bmsWIDEDFFPATCE' unit is dangling and will be cleaned.
W: Public-4008: [C:/CPLD/pango/2_Tieta_Feiteng/Tieta_Feiteng_2001_PGC7KD69MBG400/rtl/communication/UART_MASTER_VPP.v(line number: 159)] Instance 'UART_MASTER_VPP.UART_MASTER_VPP[5].PFR_UART_MASTER/bps_count_bit[5:0]' of 'bmsWIDEDFFCPE' unit is dangling and will be cleaned.
W: Public-4008: [C:/CPLD/pango/2_Tieta_Feiteng/Tieta_Feiteng_2001_PGC7KD69MBG400/rtl/communication/UART_MASTER_VPP.v(line number: 171)] Instance 'UART_MASTER_VPP.UART_MASTER_VPP[5].PFR_UART_MASTER/data_count[4:0]' of 'bmsWIDEDFFCPE' unit is dangling and will be cleaned.
W: Public-4008: [C:/CPLD/pango/2_Tieta_Feiteng/Tieta_Feiteng_2001_PGC7KD69MBG400/rtl/communication/UART_MASTER_VPP.v(line number: 222)] Instance 'UART_MASTER_VPP.UART_MASTER_VPP[5].PFR_UART_MASTER/error_flag' of 'bmsWIDEDFFCPE' unit is dangling and will be cleaned.
W: Public-4008: [C:/CPLD/pango/2_Tieta_Feiteng/Tieta_Feiteng_2001_PGC7KD69MBG400/rtl/communication/UART_MASTER_VPP.v(line number: 148)] Instance 'UART_MASTER_VPP.UART_MASTER_VPP[5].PFR_UART_MASTER/last_state[2:0]' of 'bmsWIDEDFFCPE' unit is dangling and will be cleaned.
W: Public-4008: [C:/CPLD/pango/2_Tieta_Feiteng/Tieta_Feiteng_2001_PGC7KD69MBG400/rtl/communication/UART_MASTER_VPP.v(line number: 222)] Instance 'UART_MASTER_VPP.UART_MASTER_VPP[5].PFR_UART_MASTER/par_data_out[8:0]' of 'bmsWIDEDFFCPE' unit is dangling and will be cleaned.
W: Public-4008: [C:/CPLD/pango/2_Tieta_Feiteng/Tieta_Feiteng_2001_PGC7KD69MBG400/rtl/communication/UART_MASTER_VPP.v(line number: 171)] Instance 'UART_MASTER_VPP.UART_MASTER_VPP[5].PFR_UART_MASTER/read_flag' of 'bmsWIDEDFFCPE' unit is dangling and will be cleaned.
W: Public-4008: [C:/CPLD/pango/2_Tieta_Feiteng/Tieta_Feiteng_2001_PGC7KD69MBG400/rtl/communication/UART_MASTER_VPP.v(line number: 171)] Instance 'UART_MASTER_VPP.UART_MASTER_VPP[5].PFR_UART_MASTER/reg_par_data_out[14:0]' of 'bmsWIDEDFFRSE' unit is dangling and will be cleaned.
W: Public-4008: [C:/CPLD/pango/2_Tieta_Feiteng/Tieta_Feiteng_2001_PGC7KD69MBG400/rtl/communication/UART_MASTER_VPP.v(line number: 171)] Instance 'UART_MASTER_VPP.UART_MASTER_VPP[5].PFR_UART_MASTER/ser_data_out' of 'bmsWIDEDFFCPE' unit is dangling and will be cleaned.
W: Public-4008: [C:/CPLD/pango/2_Tieta_Feiteng/Tieta_Feiteng_2001_PGC7KD69MBG400/rtl/communication/UART_MASTER_VPP.v(line number: 171)] Instance 'UART_MASTER_VPP.UART_MASTER_VPP[5].PFR_UART_MASTER/ser_data_out_tri_enable' of 'bmsWIDEDFFCPE' unit is dangling and will be cleaned.
W: Public-4008: [C:/CPLD/pango/2_Tieta_Feiteng/Tieta_Feiteng_2001_PGC7KD69MBG400/rtl/communication/UART_MASTER_VPP.v(line number: 73)] Instance 'UART_MASTER_VPP.UART_MASTER_VPP[5].PFR_UART_MASTER/wait_time[4:0]' of 'bmsWIDEDFFCPE' unit is dangling and will be cleaned.
W: Public-4008: [C:/CPLD/pango/2_Tieta_Feiteng/Tieta_Feiteng_2001_PGC7KD69MBG400/rtl/communication/UART_MASTER_VPP.v(line number: 65)] Instance 'UART_MASTER_VPP.UART_MASTER_VPP[5].PFR_UART_MASTER/curr_state_reg' of 'bmsWIDEDFFPATCE' unit is dangling and will be cleaned.
W: Public-4008: [C:/CPLD/pango/2_Tieta_Feiteng/Tieta_Feiteng_2001_PGC7KD69MBG400/rtl/communication/UART_MASTER_VPP.v(line number: 159)] Instance 'UART_MASTER_VPP.UART_MASTER_VPP[6].PFR_UART_MASTER/bps_count_bit[5:0]' of 'bmsWIDEDFFCPE' unit is dangling and will be cleaned.
W: Public-4008: [C:/CPLD/pango/2_Tieta_Feiteng/Tieta_Feiteng_2001_PGC7KD69MBG400/rtl/communication/UART_MASTER_VPP.v(line number: 171)] Instance 'UART_MASTER_VPP.UART_MASTER_VPP[6].PFR_UART_MASTER/data_count[4:0]' of 'bmsWIDEDFFCPE' unit is dangling and will be cleaned.
W: Public-4008: [C:/CPLD/pango/2_Tieta_Feiteng/Tieta_Feiteng_2001_PGC7KD69MBG400/rtl/communication/UART_MASTER_VPP.v(line number: 222)] Instance 'UART_MASTER_VPP.UART_MASTER_VPP[6].PFR_UART_MASTER/error_flag' of 'bmsWIDEDFFCPE' unit is dangling and will be cleaned.
W: Public-4008: [C:/CPLD/pango/2_Tieta_Feiteng/Tieta_Feiteng_2001_PGC7KD69MBG400/rtl/communication/UART_MASTER_VPP.v(line number: 148)] Instance 'UART_MASTER_VPP.UART_MASTER_VPP[6].PFR_UART_MASTER/last_state[2:0]' of 'bmsWIDEDFFCPE' unit is dangling and will be cleaned.
W: Public-4008: [C:/CPLD/pango/2_Tieta_Feiteng/Tieta_Feiteng_2001_PGC7KD69MBG400/rtl/communication/UART_MASTER_VPP.v(line number: 222)] Instance 'UART_MASTER_VPP.UART_MASTER_VPP[6].PFR_UART_MASTER/par_data_out[8:0]' of 'bmsWIDEDFFCPE' unit is dangling and will be cleaned.
W: Public-4008: [C:/CPLD/pango/2_Tieta_Feiteng/Tieta_Feiteng_2001_PGC7KD69MBG400/rtl/communication/UART_MASTER_VPP.v(line number: 171)] Instance 'UART_MASTER_VPP.UART_MASTER_VPP[6].PFR_UART_MASTER/read_flag' of 'bmsWIDEDFFCPE' unit is dangling and will be cleaned.
W: Public-4008: [C:/CPLD/pango/2_Tieta_Feiteng/Tieta_Feiteng_2001_PGC7KD69MBG400/rtl/communication/UART_MASTER_VPP.v(line number: 171)] Instance 'UART_MASTER_VPP.UART_MASTER_VPP[6].PFR_UART_MASTER/reg_par_data_out[14:0]' of 'bmsWIDEDFFRSE' unit is dangling and will be cleaned.
W: Public-4008: [C:/CPLD/pango/2_Tieta_Feiteng/Tieta_Feiteng_2001_PGC7KD69MBG400/rtl/communication/UART_MASTER_VPP.v(line number: 171)] Instance 'UART_MASTER_VPP.UART_MASTER_VPP[6].PFR_UART_MASTER/ser_data_out' of 'bmsWIDEDFFCPE' unit is dangling and will be cleaned.
W: Public-4008: [C:/CPLD/pango/2_Tieta_Feiteng/Tieta_Feiteng_2001_PGC7KD69MBG400/rtl/communication/UART_MASTER_VPP.v(line number: 171)] Instance 'UART_MASTER_VPP.UART_MASTER_VPP[6].PFR_UART_MASTER/ser_data_out_tri_enable' of 'bmsWIDEDFFCPE' unit is dangling and will be cleaned.
W: Public-4008: [C:/CPLD/pango/2_Tieta_Feiteng/Tieta_Feiteng_2001_PGC7KD69MBG400/rtl/communication/UART_MASTER_VPP.v(line number: 73)] Instance 'UART_MASTER_VPP.UART_MASTER_VPP[6].PFR_UART_MASTER/wait_time[4:0]' of 'bmsWIDEDFFCPE' unit is dangling and will be cleaned.
W: Public-4008: [C:/CPLD/pango/2_Tieta_Feiteng/Tieta_Feiteng_2001_PGC7KD69MBG400/rtl/communication/UART_MASTER_VPP.v(line number: 65)] Instance 'UART_MASTER_VPP.UART_MASTER_VPP[6].PFR_UART_MASTER/curr_state_reg' of 'bmsWIDEDFFPATCE' unit is dangling and will be cleaned.
W: Public-4008: [C:/CPLD/pango/2_Tieta_Feiteng/Tieta_Feiteng_2001_PGC7KD69MBG400/rtl/communication/UART_MASTER_VPP.v(line number: 159)] Instance 'UART_MASTER_VPP.UART_MASTER_VPP[7].PFR_UART_MASTER/bps_count_bit[5:0]' of 'bmsWIDEDFFCPE' unit is dangling and will be cleaned.
W: Public-4008: [C:/CPLD/pango/2_Tieta_Feiteng/Tieta_Feiteng_2001_PGC7KD69MBG400/rtl/communication/UART_MASTER_VPP.v(line number: 171)] Instance 'UART_MASTER_VPP.UART_MASTER_VPP[7].PFR_UART_MASTER/data_count[4:0]' of 'bmsWIDEDFFCPE' unit is dangling and will be cleaned.
W: Public-4008: [C:/CPLD/pango/2_Tieta_Feiteng/Tieta_Feiteng_2001_PGC7KD69MBG400/rtl/communication/UART_MASTER_VPP.v(line number: 222)] Instance 'UART_MASTER_VPP.UART_MASTER_VPP[7].PFR_UART_MASTER/error_flag' of 'bmsWIDEDFFCPE' unit is dangling and will be cleaned.
W: Public-4008: [C:/CPLD/pango/2_Tieta_Feiteng/Tieta_Feiteng_2001_PGC7KD69MBG400/rtl/communication/UART_MASTER_VPP.v(line number: 148)] Instance 'UART_MASTER_VPP.UART_MASTER_VPP[7].PFR_UART_MASTER/last_state[2:0]' of 'bmsWIDEDFFCPE' unit is dangling and will be cleaned.
W: Public-4008: [C:/CPLD/pango/2_Tieta_Feiteng/Tieta_Feiteng_2001_PGC7KD69MBG400/rtl/communication/UART_MASTER_VPP.v(line number: 222)] Instance 'UART_MASTER_VPP.UART_MASTER_VPP[7].PFR_UART_MASTER/par_data_out[8:0]' of 'bmsWIDEDFFCPE' unit is dangling and will be cleaned.
W: Public-4008: [C:/CPLD/pango/2_Tieta_Feiteng/Tieta_Feiteng_2001_PGC7KD69MBG400/rtl/communication/UART_MASTER_VPP.v(line number: 171)] Instance 'UART_MASTER_VPP.UART_MASTER_VPP[7].PFR_UART_MASTER/read_flag' of 'bmsWIDEDFFCPE' unit is dangling and will be cleaned.
W: Public-4008: [C:/CPLD/pango/2_Tieta_Feiteng/Tieta_Feiteng_2001_PGC7KD69MBG400/rtl/communication/UART_MASTER_VPP.v(line number: 171)] Instance 'UART_MASTER_VPP.UART_MASTER_VPP[7].PFR_UART_MASTER/reg_par_data_out[14:0]' of 'bmsWIDEDFFRSE' unit is dangling and will be cleaned.
W: Public-4008: [C:/CPLD/pango/2_Tieta_Feiteng/Tieta_Feiteng_2001_PGC7KD69MBG400/rtl/communication/UART_MASTER_VPP.v(line number: 171)] Instance 'UART_MASTER_VPP.UART_MASTER_VPP[7].PFR_UART_MASTER/ser_data_out' of 'bmsWIDEDFFCPE' unit is dangling and will be cleaned.
W: Public-4008: [C:/CPLD/pango/2_Tieta_Feiteng/Tieta_Feiteng_2001_PGC7KD69MBG400/rtl/communication/UART_MASTER_VPP.v(line number: 171)] Instance 'UART_MASTER_VPP.UART_MASTER_VPP[7].PFR_UART_MASTER/ser_data_out_tri_enable' of 'bmsWIDEDFFCPE' unit is dangling and will be cleaned.
W: Public-4008: [C:/CPLD/pango/2_Tieta_Feiteng/Tieta_Feiteng_2001_PGC7KD69MBG400/rtl/communication/UART_MASTER_VPP.v(line number: 73)] Instance 'UART_MASTER_VPP.UART_MASTER_VPP[7].PFR_UART_MASTER/wait_time[4:0]' of 'bmsWIDEDFFCPE' unit is dangling and will be cleaned.
W: Public-4008: [C:/CPLD/pango/2_Tieta_Feiteng/Tieta_Feiteng_2001_PGC7KD69MBG400/rtl/communication/UART_MASTER_VPP.v(line number: 65)] Instance 'UART_MASTER_VPP.UART_MASTER_VPP[7].PFR_UART_MASTER/curr_state_reg' of 'bmsWIDEDFFPATCE' unit is dangling and will be cleaned.
W: Public-4008: [C:/CPLD/pango/2_Tieta_Feiteng/Tieta_Feiteng_2001_PGC7KD69MBG400/rtl/communication/UART_MASTER_VPP.v(line number: 159)] Instance 'UART_MASTER_VPP.UART_MASTER_VPP[8].PFR_UART_MASTER/bps_count_bit[5:0]' of 'bmsWIDEDFFCPE' unit is dangling and will be cleaned.
W: Public-4008: [C:/CPLD/pango/2_Tieta_Feiteng/Tieta_Feiteng_2001_PGC7KD69MBG400/rtl/communication/UART_MASTER_VPP.v(line number: 171)] Instance 'UART_MASTER_VPP.UART_MASTER_VPP[8].PFR_UART_MASTER/data_count[4:0]' of 'bmsWIDEDFFCPE' unit is dangling and will be cleaned.
W: Public-4008: [C:/CPLD/pango/2_Tieta_Feiteng/Tieta_Feiteng_2001_PGC7KD69MBG400/rtl/communication/UART_MASTER_VPP.v(line number: 222)] Instance 'UART_MASTER_VPP.UART_MASTER_VPP[8].PFR_UART_MASTER/error_flag' of 'bmsWIDEDFFCPE' unit is dangling and will be cleaned.
W: Public-4008: [C:/CPLD/pango/2_Tieta_Feiteng/Tieta_Feiteng_2001_PGC7KD69MBG400/rtl/communication/UART_MASTER_VPP.v(line number: 148)] Instance 'UART_MASTER_VPP.UART_MASTER_VPP[8].PFR_UART_MASTER/last_state[2:0]' of 'bmsWIDEDFFCPE' unit is dangling and will be cleaned.
W: Public-4008: [C:/CPLD/pango/2_Tieta_Feiteng/Tieta_Feiteng_2001_PGC7KD69MBG400/rtl/communication/UART_MASTER_VPP.v(line number: 222)] Instance 'UART_MASTER_VPP.UART_MASTER_VPP[8].PFR_UART_MASTER/par_data_out[8:0]' of 'bmsWIDEDFFCPE' unit is dangling and will be cleaned.
W: Public-4008: [C:/CPLD/pango/2_Tieta_Feiteng/Tieta_Feiteng_2001_PGC7KD69MBG400/rtl/communication/UART_MASTER_VPP.v(line number: 171)] Instance 'UART_MASTER_VPP.UART_MASTER_VPP[8].PFR_UART_MASTER/read_flag' of 'bmsWIDEDFFCPE' unit is dangling and will be cleaned.
W: Public-4008: [C:/CPLD/pango/2_Tieta_Feiteng/Tieta_Feiteng_2001_PGC7KD69MBG400/rtl/communication/UART_MASTER_VPP.v(line number: 171)] Instance 'UART_MASTER_VPP.UART_MASTER_VPP[8].PFR_UART_MASTER/reg_par_data_out[14:0]' of 'bmsWIDEDFFRSE' unit is dangling and will be cleaned.
W: Public-4008: [C:/CPLD/pango/2_Tieta_Feiteng/Tieta_Feiteng_2001_PGC7KD69MBG400/rtl/communication/UART_MASTER_VPP.v(line number: 171)] Instance 'UART_MASTER_VPP.UART_MASTER_VPP[8].PFR_UART_MASTER/ser_data_out' of 'bmsWIDEDFFCPE' unit is dangling and will be cleaned.
W: Public-4008: [C:/CPLD/pango/2_Tieta_Feiteng/Tieta_Feiteng_2001_PGC7KD69MBG400/rtl/communication/UART_MASTER_VPP.v(line number: 171)] Instance 'UART_MASTER_VPP.UART_MASTER_VPP[8].PFR_UART_MASTER/ser_data_out_tri_enable' of 'bmsWIDEDFFCPE' unit is dangling and will be cleaned.
W: Public-4008: [C:/CPLD/pango/2_Tieta_Feiteng/Tieta_Feiteng_2001_PGC7KD69MBG400/rtl/communication/UART_MASTER_VPP.v(line number: 73)] Instance 'UART_MASTER_VPP.UART_MASTER_VPP[8].PFR_UART_MASTER/wait_time[4:0]' of 'bmsWIDEDFFCPE' unit is dangling and will be cleaned.
W: Public-4008: [C:/CPLD/pango/2_Tieta_Feiteng/Tieta_Feiteng_2001_PGC7KD69MBG400/rtl/communication/UART_MASTER_VPP.v(line number: 65)] Instance 'UART_MASTER_VPP.UART_MASTER_VPP[8].PFR_UART_MASTER/curr_state_reg' of 'bmsWIDEDFFPATCE' unit is dangling and will be cleaned.
W: Public-4008: [C:/CPLD/pango/2_Tieta_Feiteng/Tieta_Feiteng_2001_PGC7KD69MBG400/rtl/communication/UART_MASTER_VPP.v(line number: 159)] Instance 'UART_MASTER_VPP.UART_MASTER_VPP[9].PFR_UART_MASTER/bps_count_bit[5:0]' of 'bmsWIDEDFFCPE' unit is dangling and will be cleaned.
W: Public-4008: [C:/CPLD/pango/2_Tieta_Feiteng/Tieta_Feiteng_2001_PGC7KD69MBG400/rtl/communication/UART_MASTER_VPP.v(line number: 171)] Instance 'UART_MASTER_VPP.UART_MASTER_VPP[9].PFR_UART_MASTER/data_count[4:0]' of 'bmsWIDEDFFCPE' unit is dangling and will be cleaned.
W: Public-4008: [C:/CPLD/pango/2_Tieta_Feiteng/Tieta_Feiteng_2001_PGC7KD69MBG400/rtl/communication/UART_MASTER_VPP.v(line number: 222)] Instance 'UART_MASTER_VPP.UART_MASTER_VPP[9].PFR_UART_MASTER/error_flag' of 'bmsWIDEDFFCPE' unit is dangling and will be cleaned.
W: Public-4008: [C:/CPLD/pango/2_Tieta_Feiteng/Tieta_Feiteng_2001_PGC7KD69MBG400/rtl/communication/UART_MASTER_VPP.v(line number: 148)] Instance 'UART_MASTER_VPP.UART_MASTER_VPP[9].PFR_UART_MASTER/last_state[2:0]' of 'bmsWIDEDFFCPE' unit is dangling and will be cleaned.
W: Public-4008: [C:/CPLD/pango/2_Tieta_Feiteng/Tieta_Feiteng_2001_PGC7KD69MBG400/rtl/communication/UART_MASTER_VPP.v(line number: 222)] Instance 'UART_MASTER_VPP.UART_MASTER_VPP[9].PFR_UART_MASTER/par_data_out[8:0]' of 'bmsWIDEDFFCPE' unit is dangling and will be cleaned.
W: Public-4008: [C:/CPLD/pango/2_Tieta_Feiteng/Tieta_Feiteng_2001_PGC7KD69MBG400/rtl/communication/UART_MASTER_VPP.v(line number: 171)] Instance 'UART_MASTER_VPP.UART_MASTER_VPP[9].PFR_UART_MASTER/read_flag' of 'bmsWIDEDFFCPE' unit is dangling and will be cleaned.
W: Public-4008: [C:/CPLD/pango/2_Tieta_Feiteng/Tieta_Feiteng_2001_PGC7KD69MBG400/rtl/communication/UART_MASTER_VPP.v(line number: 171)] Instance 'UART_MASTER_VPP.UART_MASTER_VPP[9].PFR_UART_MASTER/reg_par_data_out[14:0]' of 'bmsWIDEDFFRSE' unit is dangling and will be cleaned.
W: Public-4008: [C:/CPLD/pango/2_Tieta_Feiteng/Tieta_Feiteng_2001_PGC7KD69MBG400/rtl/communication/UART_MASTER_VPP.v(line number: 171)] Instance 'UART_MASTER_VPP.UART_MASTER_VPP[9].PFR_UART_MASTER/ser_data_out' of 'bmsWIDEDFFCPE' unit is dangling and will be cleaned.
W: Public-4008: [C:/CPLD/pango/2_Tieta_Feiteng/Tieta_Feiteng_2001_PGC7KD69MBG400/rtl/communication/UART_MASTER_VPP.v(line number: 171)] Instance 'UART_MASTER_VPP.UART_MASTER_VPP[9].PFR_UART_MASTER/ser_data_out_tri_enable' of 'bmsWIDEDFFCPE' unit is dangling and will be cleaned.
W: Public-4008: [C:/CPLD/pango/2_Tieta_Feiteng/Tieta_Feiteng_2001_PGC7KD69MBG400/rtl/communication/UART_MASTER_VPP.v(line number: 73)] Instance 'UART_MASTER_VPP.UART_MASTER_VPP[9].PFR_UART_MASTER/wait_time[4:0]' of 'bmsWIDEDFFCPE' unit is dangling and will be cleaned.
W: Public-4008: [C:/CPLD/pango/2_Tieta_Feiteng/Tieta_Feiteng_2001_PGC7KD69MBG400/rtl/communication/UART_MASTER_VPP.v(line number: 65)] Instance 'UART_MASTER_VPP.UART_MASTER_VPP[9].PFR_UART_MASTER/curr_state_reg' of 'bmsWIDEDFFPATCE' unit is dangling and will be cleaned.
W: Public-4008: [C:/CPLD/pango/2_Tieta_Feiteng/Tieta_Feiteng_2001_PGC7KD69MBG400/rtl/communication/UART_MASTER_VPP.v(line number: 159)] Instance 'UART_MASTER_VPP.UART_MASTER_VPP[10].PFR_UART_MASTER/bps_count_bit[5:0]' of 'bmsWIDEDFFCPE' unit is dangling and will be cleaned.
W: Public-4008: [C:/CPLD/pango/2_Tieta_Feiteng/Tieta_Feiteng_2001_PGC7KD69MBG400/rtl/communication/UART_MASTER_VPP.v(line number: 171)] Instance 'UART_MASTER_VPP.UART_MASTER_VPP[10].PFR_UART_MASTER/data_count[4:0]' of 'bmsWIDEDFFCPE' unit is dangling and will be cleaned.
W: Public-4008: [C:/CPLD/pango/2_Tieta_Feiteng/Tieta_Feiteng_2001_PGC7KD69MBG400/rtl/communication/UART_MASTER_VPP.v(line number: 222)] Instance 'UART_MASTER_VPP.UART_MASTER_VPP[10].PFR_UART_MASTER/error_flag' of 'bmsWIDEDFFCPE' unit is dangling and will be cleaned.
W: Public-4008: [C:/CPLD/pango/2_Tieta_Feiteng/Tieta_Feiteng_2001_PGC7KD69MBG400/rtl/communication/UART_MASTER_VPP.v(line number: 148)] Instance 'UART_MASTER_VPP.UART_MASTER_VPP[10].PFR_UART_MASTER/last_state[2:0]' of 'bmsWIDEDFFCPE' unit is dangling and will be cleaned.
W: Public-4008: [C:/CPLD/pango/2_Tieta_Feiteng/Tieta_Feiteng_2001_PGC7KD69MBG400/rtl/communication/UART_MASTER_VPP.v(line number: 222)] Instance 'UART_MASTER_VPP.UART_MASTER_VPP[10].PFR_UART_MASTER/par_data_out[8:0]' of 'bmsWIDEDFFCPE' unit is dangling and will be cleaned.
W: Public-4008: [C:/CPLD/pango/2_Tieta_Feiteng/Tieta_Feiteng_2001_PGC7KD69MBG400/rtl/communication/UART_MASTER_VPP.v(line number: 171)] Instance 'UART_MASTER_VPP.UART_MASTER_VPP[10].PFR_UART_MASTER/read_flag' of 'bmsWIDEDFFCPE' unit is dangling and will be cleaned.
W: Public-4008: [C:/CPLD/pango/2_Tieta_Feiteng/Tieta_Feiteng_2001_PGC7KD69MBG400/rtl/communication/UART_MASTER_VPP.v(line number: 171)] Instance 'UART_MASTER_VPP.UART_MASTER_VPP[10].PFR_UART_MASTER/reg_par_data_out[14:0]' of 'bmsWIDEDFFRSE' unit is dangling and will be cleaned.
W: Public-4008: [C:/CPLD/pango/2_Tieta_Feiteng/Tieta_Feiteng_2001_PGC7KD69MBG400/rtl/communication/UART_MASTER_VPP.v(line number: 171)] Instance 'UART_MASTER_VPP.UART_MASTER_VPP[10].PFR_UART_MASTER/ser_data_out' of 'bmsWIDEDFFCPE' unit is dangling and will be cleaned.
W: Public-4008: [C:/CPLD/pango/2_Tieta_Feiteng/Tieta_Feiteng_2001_PGC7KD69MBG400/rtl/communication/UART_MASTER_VPP.v(line number: 171)] Instance 'UART_MASTER_VPP.UART_MASTER_VPP[10].PFR_UART_MASTER/ser_data_out_tri_enable' of 'bmsWIDEDFFCPE' unit is dangling and will be cleaned.
W: Public-4008: [C:/CPLD/pango/2_Tieta_Feiteng/Tieta_Feiteng_2001_PGC7KD69MBG400/rtl/communication/UART_MASTER_VPP.v(line number: 73)] Instance 'UART_MASTER_VPP.UART_MASTER_VPP[10].PFR_UART_MASTER/wait_time[4:0]' of 'bmsWIDEDFFCPE' unit is dangling and will be cleaned.
W: Public-4008: [C:/CPLD/pango/2_Tieta_Feiteng/Tieta_Feiteng_2001_PGC7KD69MBG400/rtl/communication/UART_MASTER_VPP.v(line number: 65)] Instance 'UART_MASTER_VPP.UART_MASTER_VPP[10].PFR_UART_MASTER/curr_state_reg' of 'bmsWIDEDFFPATCE' unit is dangling and will be cleaned.
W: Public-4008: [C:/CPLD/pango/2_Tieta_Feiteng/Tieta_Feiteng_2001_PGC7KD69MBG400/rtl/communication/UART_MASTER_VPP.v(line number: 159)] Instance 'UART_MASTER_VPP.UART_MASTER_VPP[11].PFR_UART_MASTER/bps_count_bit[5:0]' of 'bmsWIDEDFFCPE' unit is dangling and will be cleaned.
W: Public-4008: [C:/CPLD/pango/2_Tieta_Feiteng/Tieta_Feiteng_2001_PGC7KD69MBG400/rtl/communication/UART_MASTER_VPP.v(line number: 171)] Instance 'UART_MASTER_VPP.UART_MASTER_VPP[11].PFR_UART_MASTER/data_count[4:0]' of 'bmsWIDEDFFCPE' unit is dangling and will be cleaned.
W: Public-4008: [C:/CPLD/pango/2_Tieta_Feiteng/Tieta_Feiteng_2001_PGC7KD69MBG400/rtl/communication/UART_MASTER_VPP.v(line number: 222)] Instance 'UART_MASTER_VPP.UART_MASTER_VPP[11].PFR_UART_MASTER/error_flag' of 'bmsWIDEDFFCPE' unit is dangling and will be cleaned.
W: Public-4008: [C:/CPLD/pango/2_Tieta_Feiteng/Tieta_Feiteng_2001_PGC7KD69MBG400/rtl/communication/UART_MASTER_VPP.v(line number: 148)] Instance 'UART_MASTER_VPP.UART_MASTER_VPP[11].PFR_UART_MASTER/last_state[2:0]' of 'bmsWIDEDFFCPE' unit is dangling and will be cleaned.
W: Public-4008: [C:/CPLD/pango/2_Tieta_Feiteng/Tieta_Feiteng_2001_PGC7KD69MBG400/rtl/communication/UART_MASTER_VPP.v(line number: 222)] Instance 'UART_MASTER_VPP.UART_MASTER_VPP[11].PFR_UART_MASTER/par_data_out[8:0]' of 'bmsWIDEDFFCPE' unit is dangling and will be cleaned.
W: Public-4008: [C:/CPLD/pango/2_Tieta_Feiteng/Tieta_Feiteng_2001_PGC7KD69MBG400/rtl/communication/UART_MASTER_VPP.v(line number: 171)] Instance 'UART_MASTER_VPP.UART_MASTER_VPP[11].PFR_UART_MASTER/read_flag' of 'bmsWIDEDFFCPE' unit is dangling and will be cleaned.
W: Public-4008: [C:/CPLD/pango/2_Tieta_Feiteng/Tieta_Feiteng_2001_PGC7KD69MBG400/rtl/communication/UART_MASTER_VPP.v(line number: 171)] Instance 'UART_MASTER_VPP.UART_MASTER_VPP[11].PFR_UART_MASTER/reg_par_data_out[14:0]' of 'bmsWIDEDFFRSE' unit is dangling and will be cleaned.
W: Public-4008: [C:/CPLD/pango/2_Tieta_Feiteng/Tieta_Feiteng_2001_PGC7KD69MBG400/rtl/communication/UART_MASTER_VPP.v(line number: 171)] Instance 'UART_MASTER_VPP.UART_MASTER_VPP[11].PFR_UART_MASTER/ser_data_out' of 'bmsWIDEDFFCPE' unit is dangling and will be cleaned.
W: Public-4008: [C:/CPLD/pango/2_Tieta_Feiteng/Tieta_Feiteng_2001_PGC7KD69MBG400/rtl/communication/UART_MASTER_VPP.v(line number: 171)] Instance 'UART_MASTER_VPP.UART_MASTER_VPP[11].PFR_UART_MASTER/ser_data_out_tri_enable' of 'bmsWIDEDFFCPE' unit is dangling and will be cleaned.
W: Public-4008: [C:/CPLD/pango/2_Tieta_Feiteng/Tieta_Feiteng_2001_PGC7KD69MBG400/rtl/communication/UART_MASTER_VPP.v(line number: 73)] Instance 'UART_MASTER_VPP.UART_MASTER_VPP[11].PFR_UART_MASTER/wait_time[4:0]' of 'bmsWIDEDFFCPE' unit is dangling and will be cleaned.
W: Public-4008: [C:/CPLD/pango/2_Tieta_Feiteng/Tieta_Feiteng_2001_PGC7KD69MBG400/rtl/communication/UART_MASTER_VPP.v(line number: 65)] Instance 'UART_MASTER_VPP.UART_MASTER_VPP[11].PFR_UART_MASTER/curr_state_reg' of 'bmsWIDEDFFPATCE' unit is dangling and will be cleaned.
W: Public-4008: [C:/CPLD/pango/2_Tieta_Feiteng/Tieta_Feiteng_2001_PGC7KD69MBG400/rtl/common/pon_reset.v(line number: 65)] Instance 'pon_reset_inst/pgd_aux_system_reg' of 'bmsWIDEDFFRSE' unit is dangling and will be cleaned.
W: Public-4008: [C:/CPLD/pango/2_Tieta_Feiteng/Tieta_Feiteng_2001_PGC7KD69MBG400/rtl/common/pon_reset.v(line number: 65)] Instance 'pon_reset_inst/pgd_aux_system_sasd' of 'bmsWIDEDFFRSE' unit is dangling and will be cleaned.
W: Public-4008: [C:/CPLD/pango/2_Tieta_Feiteng/Tieta_Feiteng_2001_PGC7KD69MBG400/rtl/common/pon_reset.v(line number: 81)] Instance 'pon_reset_inst/pon_reset_db_n' of 'bmsWIDEDFFCPE' unit is dangling and will be cleaned.
W: Public-4008: [C:/CPLD/pango/2_Tieta_Feiteng/Tieta_Feiteng_2001_PGC7KD69MBG400/rtl/common/timer_gen_50mhz.v(line number: 148)] Instance 'timer_gen_inst/clk_0p5hz' of 'bmsWIDEDFFCPE' unit is dangling and will be cleaned.
W: Public-4008: [C:/CPLD/pango/2_Tieta_Feiteng/Tieta_Feiteng_2001_PGC7KD69MBG400/rtl/common/timer_gen_50mhz.v(line number: 148)] Instance 'timer_gen_inst/clk_1hz' of 'bmsWIDEDFFCPE' unit is dangling and will be cleaned.
W: Public-4008: [C:/CPLD/pango/2_Tieta_Feiteng/Tieta_Feiteng_2001_PGC7KD69MBG400/rtl/common/timer_gen_50mhz.v(line number: 172)] Instance 'timer_gen_inst/clk_2p5hz' of 'bmsWIDEDFFCPE' unit is dangling and will be cleaned.
W: Public-4008: [C:/CPLD/pango/2_Tieta_Feiteng/Tieta_Feiteng_2001_PGC7KD69MBG400/rtl/common/timer_gen_50mhz.v(line number: 148)] Instance 'timer_gen_inst/clk_6m25' of 'bmsWIDEDFFCPE' unit is dangling and will be cleaned.
W: Public-4008: [C:/CPLD/pango/2_Tieta_Feiteng/Tieta_Feiteng_2001_PGC7KD69MBG400/rtl/common/timer_gen_50mhz.v(line number: 148)] Instance 'timer_gen_inst/clk_16khz' of 'bmsWIDEDFFCPE' unit is dangling and will be cleaned.
W: Public-4008: [C:/CPLD/pango/2_Tieta_Feiteng/Tieta_Feiteng_2001_PGC7KD69MBG400/rtl/common/timer_gen_50mhz.v(line number: 46)] Instance 'timer_gen_inst/cnt20ns[2:0]' of 'bmsWIDEDFFCPE' unit is dangling and will be cleaned.
W: Public-4008: [C:/CPLD/pango/2_Tieta_Feiteng/Tieta_Feiteng_2001_PGC7KD69MBG400/rtl/common/timer_gen_50mhz.v(line number: 98)] Instance 'timer_gen_inst/t1ms' of 'bmsWIDEDFFCPE' unit is dangling and will be cleaned.
W: Public-4008: [C:/CPLD/pango/2_Tieta_Feiteng/Tieta_Feiteng_2001_PGC7KD69MBG400/rtl/common/timer_gen_50mhz.v(line number: 98)] Instance 'timer_gen_inst/t2ms' of 'bmsWIDEDFFCPE' unit is dangling and will be cleaned.
W: Public-4008: [C:/CPLD/pango/2_Tieta_Feiteng/Tieta_Feiteng_2001_PGC7KD69MBG400/rtl/common/timer_gen_50mhz.v(line number: 98)] Instance 'timer_gen_inst/t2us' of 'bmsWIDEDFFCPE' unit is dangling and will be cleaned.
W: Public-4008: [C:/CPLD/pango/2_Tieta_Feiteng/Tieta_Feiteng_2001_PGC7KD69MBG400/rtl/common/timer_gen_50mhz.v(line number: 98)] Instance 'timer_gen_inst/t8s' of 'bmsWIDEDFFCPE' unit is dangling and will be cleaned.
W: Public-4008: [C:/CPLD/pango/2_Tieta_Feiteng/Tieta_Feiteng_2001_PGC7KD69MBG400/rtl/common/timer_gen_50mhz.v(line number: 98)] Instance 'timer_gen_inst/t8us' of 'bmsWIDEDFFCPE' unit is dangling and will be cleaned.
W: Public-4008: [C:/CPLD/pango/2_Tieta_Feiteng/Tieta_Feiteng_2001_PGC7KD69MBG400/rtl/common/timer_gen_50mhz.v(line number: 98)] Instance 'timer_gen_inst/t16ms' of 'bmsWIDEDFFCPE' unit is dangling and will be cleaned.
W: Public-4008: [C:/CPLD/pango/2_Tieta_Feiteng/Tieta_Feiteng_2001_PGC7KD69MBG400/rtl/common/timer_gen_50mhz.v(line number: 98)] Instance 'timer_gen_inst/t32ms' of 'bmsWIDEDFFCPE' unit is dangling and will be cleaned.
W: Public-4008: [C:/CPLD/pango/2_Tieta_Feiteng/Tieta_Feiteng_2001_PGC7KD69MBG400/rtl/common/timer_gen_50mhz.v(line number: 98)] Instance 'timer_gen_inst/t32us' of 'bmsWIDEDFFCPE' unit is dangling and will be cleaned.
W: Public-4008: [C:/CPLD/pango/2_Tieta_Feiteng/Tieta_Feiteng_2001_PGC7KD69MBG400/rtl/common/timer_gen_50mhz.v(line number: 56)] Instance 'timer_gen_inst/t40ns' of 'bmsWIDEDFFCPE' unit is dangling and will be cleaned.
W: Public-4008: [C:/CPLD/pango/2_Tieta_Feiteng/Tieta_Feiteng_2001_PGC7KD69MBG400/rtl/common/timer_gen_50mhz.v(line number: 56)] Instance 'timer_gen_inst/t80ns' of 'bmsWIDEDFFCPE' unit is dangling and will be cleaned.
W: Public-4008: [C:/CPLD/pango/2_Tieta_Feiteng/Tieta_Feiteng_2001_PGC7KD69MBG400/rtl/common/timer_gen_50mhz.v(line number: 98)] Instance 'timer_gen_inst/t128us' of 'bmsWIDEDFFCPE' unit is dangling and will be cleaned.
W: Public-4008: [C:/CPLD/pango/2_Tieta_Feiteng/Tieta_Feiteng_2001_PGC7KD69MBG400/rtl/common/timer_gen_50mhz.v(line number: 56)] Instance 'timer_gen_inst/t160ns' of 'bmsWIDEDFFCPE' unit is dangling and will be cleaned.
W: Public-4008: [C:/CPLD/pango/2_Tieta_Feiteng/Tieta_Feiteng_2001_PGC7KD69MBG400/rtl/common/timer_gen_50mhz.v(line number: 172)] Instance 'timer_gen_inst/t200ms_tmr[2:0]' of 'bmsWIDEDFFPATCE' unit is dangling and will be cleaned.
W: Public-4008: [C:/CPLD/pango/2_Tieta_Feiteng/Tieta_Feiteng_2001_PGC7KD69MBG400/rtl/common/timer_gen_50mhz.v(line number: 98)] Instance 'timer_gen_inst/t256ms' of 'bmsWIDEDFFCPE' unit is dangling and will be cleaned.
W: Public-4008: [C:/CPLD/pango/2_Tieta_Feiteng/Tieta_Feiteng_2001_PGC7KD69MBG400/rtl/common/timer_gen_50mhz.v(line number: 98)] Instance 'timer_gen_inst/t512ms' of 'bmsWIDEDFFCPE' unit is dangling and will be cleaned.
W: Public-4008: [C:/CPLD/pango/2_Tieta_Feiteng/Tieta_Feiteng_2001_PGC7KD69MBG400/rtl/common/timer_gen_50mhz.v(line number: 98)] Instance 'timer_gen_inst/t512us' of 'bmsWIDEDFFCPE' unit is dangling and will be cleaned.
W: Public-4008: [C:/CPLD/pango/2_Tieta_Feiteng/Tieta_Feiteng_2001_PGC7KD69MBG400/rtl/communication/uart_master.v(line number: 252)] Instance 'uart_master_u0/error_flag' of 'bmsWIDEDFFCPE' unit is dangling and will be cleaned.
W: Public-4008: [C:/CPLD/pango/2_Tieta_Feiteng/Tieta_Feiteng_2001_PGC7KD69MBG400/rtl/communication/uart_master.v(line number: 252)] Instance 'uart_master_u1/error_flag' of 'bmsWIDEDFFCPE' unit is dangling and will be cleaned.
W: Public-4008: [C:/CPLD/pango/2_Tieta_Feiteng/Tieta_Feiteng_2001_PGC7KD69MBG400/rtl/communication/uart_master.v(line number: 252)] Instance 'uart_master_u2/error_flag' of 'bmsWIDEDFFCPE' unit is dangling and will be cleaned.
W: Public-4008: [C:/CPLD/pango/2_Tieta_Feiteng/Tieta_Feiteng_2001_PGC7KD69MBG400/rtl/communication/uart_master.v(line number: 252)] Instance 'uart_master_u3/error_flag' of 'bmsWIDEDFFCPE' unit is dangling and will be cleaned.
W: Public-4008: [C:/CPLD/pango/2_Tieta_Feiteng/Tieta_Feiteng_2001_PGC7KD69MBG400/rtl/communication/uart_master.v(line number: 252)] Instance 'uart_master_u11/error_flag' of 'bmsWIDEDFFCPE' unit is dangling and will be cleaned.
W: Public-4008: [C:/CPLD/pango/2_Tieta_Feiteng/Tieta_Feiteng_2001_PGC7KD69MBG400/rtl/communication/uart_master.v(line number: 252)] Instance 'uart_master_u12/error_flag' of 'bmsWIDEDFFCPE' unit is dangling and will be cleaned.
W: Adm-4083: [C:/CPLD/pango/4_Tieta_Feiteng/Tieta_Feiteng_2001_PGC7KD69MBG400/rtl/i2c/i2c_slave_bmc.v(line number: 182)] Removed bmsWIDEDFFCPE inst bmc_cpld_i2c_ram_u1/i2c_slave_bmc_u1/r_i2c_data_in[7:0] at 1 that is stuck at constant 0.
Executing : mod-gen successfully. Time elapsed: 0.686s wall, 0.969s user + 0.047s system = 1.016s CPU (148.0%)

Start logic-optimization.
Executing : logic-optimization successfully. Time elapsed: 2.097s wall, 1.875s user + 0.188s system = 2.063s CPU (98.4%)

Start tech-mapping phase 1.
W: Public-4008: [C:/CPLD/pango/2_Tieta_Feiteng/Tieta_Feiteng_2001_PGC7KD69MBG400/rtl/Tieta_Feiteng_2001_top.v(line number: 1289)] Instance 'mcpld_to_scpld_data_filter[6]' of 'bmsWIDEDFFCPE' unit is dangling and will be cleaned.
W: Public-4008: [C:/CPLD/pango/2_Tieta_Feiteng/Tieta_Feiteng_2001_PGC7KD69MBG400/rtl/Tieta_Feiteng_2001_top.v(line number: 1289)] Instance 'mcpld_to_scpld_data_filter[11]' of 'bmsWIDEDFFCPE' unit is dangling and will be cleaned.
W: Public-4008: [C:/CPLD/pango/2_Tieta_Feiteng/Tieta_Feiteng_2001_PGC7KD69MBG400/rtl/Tieta_Feiteng_2001_top.v(line number: 1289)] Instance 'mcpld_to_scpld_data_filter[22]' of 'bmsWIDEDFFCPE' unit is dangling and will be cleaned.
W: Public-4008: [C:/CPLD/pango/2_Tieta_Feiteng/Tieta_Feiteng_2001_PGC7KD69MBG400/rtl/Tieta_Feiteng_2001_top.v(line number: 1289)] Instance 'mcpld_to_scpld_data_filter[24]' of 'bmsWIDEDFFCPE' unit is dangling and will be cleaned.
W: Public-4008: [C:/CPLD/pango/2_Tieta_Feiteng/Tieta_Feiteng_2001_PGC7KD69MBG400/rtl/Tieta_Feiteng_2001_top.v(line number: 1289)] Instance 'mcpld_to_scpld_data_filter[91]' of 'bmsWIDEDFFCPE' unit is dangling and will be cleaned.
W: Public-4008: [C:/CPLD/pango/2_Tieta_Feiteng/Tieta_Feiteng_2001_PGC7KD69MBG400/rtl/Tieta_Feiteng_2001_top.v(line number: 1289)] Instance 'mcpld_to_scpld_data_filter[92]' of 'bmsWIDEDFFCPE' unit is dangling and will be cleaned.
W: Public-4008: [C:/CPLD/pango/2_Tieta_Feiteng/Tieta_Feiteng_2001_PGC7KD69MBG400/rtl/Tieta_Feiteng_2001_top.v(line number: 1289)] Instance 'mcpld_to_scpld_data_filter[93]' of 'bmsWIDEDFFCPE' unit is dangling and will be cleaned.
W: Public-4008: [C:/CPLD/pango/2_Tieta_Feiteng/Tieta_Feiteng_2001_PGC7KD69MBG400/rtl/Tieta_Feiteng_2001_top.v(line number: 1289)] Instance 'mcpld_to_scpld_data_filter[94]' of 'bmsWIDEDFFCPE' unit is dangling and will be cleaned.
W: Public-4008: [C:/CPLD/pango/2_Tieta_Feiteng/Tieta_Feiteng_2001_PGC7KD69MBG400/rtl/Tieta_Feiteng_2001_top.v(line number: 1289)] Instance 'mcpld_to_scpld_data_filter[95]' of 'bmsWIDEDFFCPE' unit is dangling and will be cleaned.
W: Public-4008: [C:/CPLD/pango/2_Tieta_Feiteng/Tieta_Feiteng_2001_PGC7KD69MBG400/rtl/Tieta_Feiteng_2001_top.v(line number: 1289)] Instance 'mcpld_to_scpld_data_filter[96]' of 'bmsWIDEDFFCPE' unit is dangling and will be cleaned.
W: Public-4008: [C:/CPLD/pango/2_Tieta_Feiteng/Tieta_Feiteng_2001_PGC7KD69MBG400/rtl/Tieta_Feiteng_2001_top.v(line number: 1289)] Instance 'mcpld_to_scpld_data_filter[97]' of 'bmsWIDEDFFCPE' unit is dangling and will be cleaned.
W: Public-4008: [C:/CPLD/pango/2_Tieta_Feiteng/Tieta_Feiteng_2001_PGC7KD69MBG400/rtl/Tieta_Feiteng_2001_top.v(line number: 1289)] Instance 'mcpld_to_scpld_data_filter[98]' of 'bmsWIDEDFFCPE' unit is dangling and will be cleaned.
W: Public-4008: [C:/CPLD/pango/2_Tieta_Feiteng/Tieta_Feiteng_2001_PGC7KD69MBG400/rtl/Tieta_Feiteng_2001_top.v(line number: 1289)] Instance 'mcpld_to_scpld_data_filter[99]' of 'bmsWIDEDFFCPE' unit is dangling and will be cleaned.
W: Public-4008: [C:/CPLD/pango/2_Tieta_Feiteng/Tieta_Feiteng_2001_PGC7KD69MBG400/rtl/Tieta_Feiteng_2001_top.v(line number: 1289)] Instance 'mcpld_to_scpld_data_filter[100]' of 'bmsWIDEDFFCPE' unit is dangling and will be cleaned.
W: Public-4008: [C:/CPLD/pango/2_Tieta_Feiteng/Tieta_Feiteng_2001_PGC7KD69MBG400/rtl/Tieta_Feiteng_2001_top.v(line number: 1289)] Instance 'mcpld_to_scpld_data_filter[101]' of 'bmsWIDEDFFCPE' unit is dangling and will be cleaned.
W: Public-4008: [C:/CPLD/pango/2_Tieta_Feiteng/Tieta_Feiteng_2001_PGC7KD69MBG400/rtl/Tieta_Feiteng_2001_top.v(line number: 1289)] Instance 'mcpld_to_scpld_data_filter[102]' of 'bmsWIDEDFFCPE' unit is dangling and will be cleaned.
W: Public-4008: [C:/CPLD/pango/2_Tieta_Feiteng/Tieta_Feiteng_2001_PGC7KD69MBG400/rtl/Tieta_Feiteng_2001_top.v(line number: 1289)] Instance 'mcpld_to_scpld_data_filter[103]' of 'bmsWIDEDFFCPE' unit is dangling and will be cleaned.
W: Public-4008: [C:/CPLD/pango/2_Tieta_Feiteng/Tieta_Feiteng_2001_PGC7KD69MBG400/rtl/Tieta_Feiteng_2001_top.v(line number: 1289)] Instance 'mcpld_to_scpld_data_filter[104]' of 'bmsWIDEDFFCPE' unit is dangling and will be cleaned.
W: Public-4008: [C:/CPLD/pango/2_Tieta_Feiteng/Tieta_Feiteng_2001_PGC7KD69MBG400/rtl/Tieta_Feiteng_2001_top.v(line number: 1289)] Instance 'mcpld_to_scpld_data_filter[105]' of 'bmsWIDEDFFCPE' unit is dangling and will be cleaned.
W: Public-4008: [C:/CPLD/pango/2_Tieta_Feiteng/Tieta_Feiteng_2001_PGC7KD69MBG400/rtl/Tieta_Feiteng_2001_top.v(line number: 1289)] Instance 'mcpld_to_scpld_data_filter[106]' of 'bmsWIDEDFFCPE' unit is dangling and will be cleaned.
W: Public-4008: [C:/CPLD/pango/2_Tieta_Feiteng/Tieta_Feiteng_2001_PGC7KD69MBG400/rtl/Tieta_Feiteng_2001_top.v(line number: 1289)] Instance 'mcpld_to_scpld_data_filter[107]' of 'bmsWIDEDFFCPE' unit is dangling and will be cleaned.
W: Public-4008: [C:/CPLD/pango/2_Tieta_Feiteng/Tieta_Feiteng_2001_PGC7KD69MBG400/rtl/Tieta_Feiteng_2001_top.v(line number: 1289)] Instance 'mcpld_to_scpld_data_filter[108]' of 'bmsWIDEDFFCPE' unit is dangling and will be cleaned.
W: Public-4008: [C:/CPLD/pango/2_Tieta_Feiteng/Tieta_Feiteng_2001_PGC7KD69MBG400/rtl/Tieta_Feiteng_2001_top.v(line number: 1289)] Instance 'mcpld_to_scpld_data_filter[109]' of 'bmsWIDEDFFCPE' unit is dangling and will be cleaned.
W: Public-4008: [C:/CPLD/pango/2_Tieta_Feiteng/Tieta_Feiteng_2001_PGC7KD69MBG400/rtl/Tieta_Feiteng_2001_top.v(line number: 1289)] Instance 'mcpld_to_scpld_data_filter[110]' of 'bmsWIDEDFFCPE' unit is dangling and will be cleaned.
W: Public-4008: [C:/CPLD/pango/2_Tieta_Feiteng/Tieta_Feiteng_2001_PGC7KD69MBG400/rtl/Tieta_Feiteng_2001_top.v(line number: 1289)] Instance 'mcpld_to_scpld_data_filter[111]' of 'bmsWIDEDFFCPE' unit is dangling and will be cleaned.
W: Public-4008: [C:/CPLD/pango/2_Tieta_Feiteng/Tieta_Feiteng_2001_PGC7KD69MBG400/rtl/Tieta_Feiteng_2001_top.v(line number: 1289)] Instance 'mcpld_to_scpld_data_filter[112]' of 'bmsWIDEDFFCPE' unit is dangling and will be cleaned.
W: Public-4008: [C:/CPLD/pango/2_Tieta_Feiteng/Tieta_Feiteng_2001_PGC7KD69MBG400/rtl/Tieta_Feiteng_2001_top.v(line number: 1289)] Instance 'mcpld_to_scpld_data_filter[113]' of 'bmsWIDEDFFCPE' unit is dangling and will be cleaned.
W: Public-4008: [C:/CPLD/pango/2_Tieta_Feiteng/Tieta_Feiteng_2001_PGC7KD69MBG400/rtl/Tieta_Feiteng_2001_top.v(line number: 1289)] Instance 'mcpld_to_scpld_data_filter[114]' of 'bmsWIDEDFFCPE' unit is dangling and will be cleaned.
W: Public-4008: [C:/CPLD/pango/2_Tieta_Feiteng/Tieta_Feiteng_2001_PGC7KD69MBG400/rtl/Tieta_Feiteng_2001_top.v(line number: 1289)] Instance 'mcpld_to_scpld_data_filter[123]' of 'bmsWIDEDFFCPE' unit is dangling and will be cleaned.
W: Public-4008: [C:/CPLD/pango/2_Tieta_Feiteng/Tieta_Feiteng_2001_PGC7KD69MBG400/rtl/Tieta_Feiteng_2001_top.v(line number: 1289)] Instance 'mcpld_to_scpld_data_filter[124]' of 'bmsWIDEDFFCPE' unit is dangling and will be cleaned.
W: Public-4008: [C:/CPLD/pango/2_Tieta_Feiteng/Tieta_Feiteng_2001_PGC7KD69MBG400/rtl/Tieta_Feiteng_2001_top.v(line number: 1289)] Instance 'mcpld_to_scpld_data_filter[125]' of 'bmsWIDEDFFCPE' unit is dangling and will be cleaned.
W: Public-4008: [C:/CPLD/pango/2_Tieta_Feiteng/Tieta_Feiteng_2001_PGC7KD69MBG400/rtl/Tieta_Feiteng_2001_top.v(line number: 1289)] Instance 'mcpld_to_scpld_data_filter[126]' of 'bmsWIDEDFFCPE' unit is dangling and will be cleaned.
W: Public-4008: [C:/CPLD/pango/2_Tieta_Feiteng/Tieta_Feiteng_2001_PGC7KD69MBG400/rtl/Tieta_Feiteng_2001_top.v(line number: 1289)] Instance 'mcpld_to_scpld_data_filter[127]' of 'bmsWIDEDFFCPE' unit is dangling and will be cleaned.
W: Public-4008: [C:/CPLD/pango/2_Tieta_Feiteng/Tieta_Feiteng_2001_PGC7KD69MBG400/rtl/Tieta_Feiteng_2001_top.v(line number: 1289)] Instance 'mcpld_to_scpld_data_filter[128]' of 'bmsWIDEDFFCPE' unit is dangling and will be cleaned.
W: Public-4008: [C:/CPLD/pango/2_Tieta_Feiteng/Tieta_Feiteng_2001_PGC7KD69MBG400/rtl/Tieta_Feiteng_2001_top.v(line number: 1289)] Instance 'mcpld_to_scpld_data_filter[129]' of 'bmsWIDEDFFCPE' unit is dangling and will be cleaned.
W: Public-4008: [C:/CPLD/pango/2_Tieta_Feiteng/Tieta_Feiteng_2001_PGC7KD69MBG400/rtl/Tieta_Feiteng_2001_top.v(line number: 1289)] Instance 'mcpld_to_scpld_data_filter[130]' of 'bmsWIDEDFFCPE' unit is dangling and will be cleaned.
W: Public-4008: [C:/CPLD/pango/2_Tieta_Feiteng/Tieta_Feiteng_2001_PGC7KD69MBG400/rtl/Tieta_Feiteng_2001_top.v(line number: 1289)] Instance 'mcpld_to_scpld_data_filter[131]' of 'bmsWIDEDFFCPE' unit is dangling and will be cleaned.
W: Public-4008: [C:/CPLD/pango/2_Tieta_Feiteng/Tieta_Feiteng_2001_PGC7KD69MBG400/rtl/Tieta_Feiteng_2001_top.v(line number: 1289)] Instance 'mcpld_to_scpld_data_filter[132]' of 'bmsWIDEDFFCPE' unit is dangling and will be cleaned.
W: Public-4008: [C:/CPLD/pango/2_Tieta_Feiteng/Tieta_Feiteng_2001_PGC7KD69MBG400/rtl/Tieta_Feiteng_2001_top.v(line number: 1289)] Instance 'mcpld_to_scpld_data_filter[133]' of 'bmsWIDEDFFCPE' unit is dangling and will be cleaned.
W: Public-4008: [C:/CPLD/pango/2_Tieta_Feiteng/Tieta_Feiteng_2001_PGC7KD69MBG400/rtl/Tieta_Feiteng_2001_top.v(line number: 1289)] Instance 'mcpld_to_scpld_data_filter[134]' of 'bmsWIDEDFFCPE' unit is dangling and will be cleaned.
W: Public-4008: [C:/CPLD/pango/2_Tieta_Feiteng/Tieta_Feiteng_2001_PGC7KD69MBG400/rtl/Tieta_Feiteng_2001_top.v(line number: 1289)] Instance 'mcpld_to_scpld_data_filter[135]' of 'bmsWIDEDFFCPE' unit is dangling and will be cleaned.
W: Public-4008: [C:/CPLD/pango/2_Tieta_Feiteng/Tieta_Feiteng_2001_PGC7KD69MBG400/rtl/Tieta_Feiteng_2001_top.v(line number: 1289)] Instance 'mcpld_to_scpld_data_filter[136]' of 'bmsWIDEDFFCPE' unit is dangling and will be cleaned.
W: Public-4008: [C:/CPLD/pango/2_Tieta_Feiteng/Tieta_Feiteng_2001_PGC7KD69MBG400/rtl/Tieta_Feiteng_2001_top.v(line number: 1289)] Instance 'mcpld_to_scpld_data_filter[137]' of 'bmsWIDEDFFCPE' unit is dangling and will be cleaned.
W: Public-4008: [C:/CPLD/pango/2_Tieta_Feiteng/Tieta_Feiteng_2001_PGC7KD69MBG400/rtl/Tieta_Feiteng_2001_top.v(line number: 1289)] Instance 'mcpld_to_scpld_data_filter[138]' of 'bmsWIDEDFFCPE' unit is dangling and will be cleaned.
W: Public-4008: [C:/CPLD/pango/2_Tieta_Feiteng/Tieta_Feiteng_2001_PGC7KD69MBG400/rtl/Tieta_Feiteng_2001_top.v(line number: 1289)] Instance 'mcpld_to_scpld_data_filter[139]' of 'bmsWIDEDFFCPE' unit is dangling and will be cleaned.
W: Public-4008: [C:/CPLD/pango/2_Tieta_Feiteng/Tieta_Feiteng_2001_PGC7KD69MBG400/rtl/Tieta_Feiteng_2001_top.v(line number: 1289)] Instance 'mcpld_to_scpld_data_filter[140]' of 'bmsWIDEDFFCPE' unit is dangling and will be cleaned.
W: Public-4008: [C:/CPLD/pango/2_Tieta_Feiteng/Tieta_Feiteng_2001_PGC7KD69MBG400/rtl/Tieta_Feiteng_2001_top.v(line number: 1289)] Instance 'mcpld_to_scpld_data_filter[141]' of 'bmsWIDEDFFCPE' unit is dangling and will be cleaned.
W: Public-4008: [C:/CPLD/pango/2_Tieta_Feiteng/Tieta_Feiteng_2001_PGC7KD69MBG400/rtl/Tieta_Feiteng_2001_top.v(line number: 1289)] Instance 'mcpld_to_scpld_data_filter[142]' of 'bmsWIDEDFFCPE' unit is dangling and will be cleaned.
W: Public-4008: [C:/CPLD/pango/2_Tieta_Feiteng/Tieta_Feiteng_2001_PGC7KD69MBG400/rtl/Tieta_Feiteng_2001_top.v(line number: 1289)] Instance 'mcpld_to_scpld_data_filter[143]' of 'bmsWIDEDFFCPE' unit is dangling and will be cleaned.
W: Public-4008: [C:/CPLD/pango/2_Tieta_Feiteng/Tieta_Feiteng_2001_PGC7KD69MBG400/rtl/Tieta_Feiteng_2001_top.v(line number: 1289)] Instance 'mcpld_to_scpld_data_filter[144]' of 'bmsWIDEDFFCPE' unit is dangling and will be cleaned.
W: Public-4008: [C:/CPLD/pango/2_Tieta_Feiteng/Tieta_Feiteng_2001_PGC7KD69MBG400/rtl/Tieta_Feiteng_2001_top.v(line number: 1289)] Instance 'mcpld_to_scpld_data_filter[145]' of 'bmsWIDEDFFCPE' unit is dangling and will be cleaned.
W: Public-4008: [C:/CPLD/pango/2_Tieta_Feiteng/Tieta_Feiteng_2001_PGC7KD69MBG400/rtl/Tieta_Feiteng_2001_top.v(line number: 1289)] Instance 'mcpld_to_scpld_data_filter[146]' of 'bmsWIDEDFFCPE' unit is dangling and will be cleaned.
W: Public-4008: [C:/CPLD/pango/2_Tieta_Feiteng/Tieta_Feiteng_2001_PGC7KD69MBG400/rtl/Tieta_Feiteng_2001_top.v(line number: 1289)] Instance 'mcpld_to_scpld_data_filter[147]' of 'bmsWIDEDFFCPE' unit is dangling and will be cleaned.
W: Public-4008: [C:/CPLD/pango/2_Tieta_Feiteng/Tieta_Feiteng_2001_PGC7KD69MBG400/rtl/Tieta_Feiteng_2001_top.v(line number: 1289)] Instance 'mcpld_to_scpld_data_filter[148]' of 'bmsWIDEDFFCPE' unit is dangling and will be cleaned.
W: Public-4008: [C:/CPLD/pango/2_Tieta_Feiteng/Tieta_Feiteng_2001_PGC7KD69MBG400/rtl/Tieta_Feiteng_2001_top.v(line number: 1289)] Instance 'mcpld_to_scpld_data_filter[149]' of 'bmsWIDEDFFCPE' unit is dangling and will be cleaned.
W: Public-4008: [C:/CPLD/pango/2_Tieta_Feiteng/Tieta_Feiteng_2001_PGC7KD69MBG400/rtl/Tieta_Feiteng_2001_top.v(line number: 1289)] Instance 'mcpld_to_scpld_data_filter[150]' of 'bmsWIDEDFFCPE' unit is dangling and will be cleaned.
W: Public-4008: [C:/CPLD/pango/2_Tieta_Feiteng/Tieta_Feiteng_2001_PGC7KD69MBG400/rtl/Tieta_Feiteng_2001_top.v(line number: 1289)] Instance 'mcpld_to_scpld_data_filter[151]' of 'bmsWIDEDFFCPE' unit is dangling and will be cleaned.
W: Public-4008: [C:/CPLD/pango/2_Tieta_Feiteng/Tieta_Feiteng_2001_PGC7KD69MBG400/rtl/Tieta_Feiteng_2001_top.v(line number: 1289)] Instance 'mcpld_to_scpld_data_filter[152]' of 'bmsWIDEDFFCPE' unit is dangling and will be cleaned.
W: Public-4008: [C:/CPLD/pango/2_Tieta_Feiteng/Tieta_Feiteng_2001_PGC7KD69MBG400/rtl/Tieta_Feiteng_2001_top.v(line number: 1289)] Instance 'mcpld_to_scpld_data_filter[153]' of 'bmsWIDEDFFCPE' unit is dangling and will be cleaned.
W: Public-4008: [C:/CPLD/pango/2_Tieta_Feiteng/Tieta_Feiteng_2001_PGC7KD69MBG400/rtl/Tieta_Feiteng_2001_top.v(line number: 1289)] Instance 'mcpld_to_scpld_data_filter[154]' of 'bmsWIDEDFFCPE' unit is dangling and will be cleaned.
W: Public-4008: [C:/CPLD/pango/2_Tieta_Feiteng/Tieta_Feiteng_2001_PGC7KD69MBG400/rtl/Tieta_Feiteng_2001_top.v(line number: 1289)] Instance 'mcpld_to_scpld_data_filter[155]' of 'bmsWIDEDFFCPE' unit is dangling and will be cleaned.
W: Public-4008: [C:/CPLD/pango/2_Tieta_Feiteng/Tieta_Feiteng_2001_PGC7KD69MBG400/rtl/Tieta_Feiteng_2001_top.v(line number: 1289)] Instance 'mcpld_to_scpld_data_filter[156]' of 'bmsWIDEDFFCPE' unit is dangling and will be cleaned.
W: Public-4008: [C:/CPLD/pango/2_Tieta_Feiteng/Tieta_Feiteng_2001_PGC7KD69MBG400/rtl/Tieta_Feiteng_2001_top.v(line number: 1289)] Instance 'mcpld_to_scpld_data_filter[157]' of 'bmsWIDEDFFCPE' unit is dangling and will be cleaned.
W: Public-4008: [C:/CPLD/pango/2_Tieta_Feiteng/Tieta_Feiteng_2001_PGC7KD69MBG400/rtl/Tieta_Feiteng_2001_top.v(line number: 1289)] Instance 'mcpld_to_scpld_data_filter[158]' of 'bmsWIDEDFFCPE' unit is dangling and will be cleaned.
W: Public-4008: [C:/CPLD/pango/2_Tieta_Feiteng/Tieta_Feiteng_2001_PGC7KD69MBG400/rtl/Tieta_Feiteng_2001_top.v(line number: 1289)] Instance 'mcpld_to_scpld_data_filter[159]' of 'bmsWIDEDFFCPE' unit is dangling and will be cleaned.
W: Public-4008: [C:/CPLD/pango/2_Tieta_Feiteng/Tieta_Feiteng_2001_PGC7KD69MBG400/rtl/Tieta_Feiteng_2001_top.v(line number: 1289)] Instance 'mcpld_to_scpld_data_filter[160]' of 'bmsWIDEDFFCPE' unit is dangling and will be cleaned.
W: Public-4008: [C:/CPLD/pango/2_Tieta_Feiteng/Tieta_Feiteng_2001_PGC7KD69MBG400/rtl/Tieta_Feiteng_2001_top.v(line number: 1289)] Instance 'mcpld_to_scpld_data_filter[161]' of 'bmsWIDEDFFCPE' unit is dangling and will be cleaned.
W: Public-4008: [C:/CPLD/pango/2_Tieta_Feiteng/Tieta_Feiteng_2001_PGC7KD69MBG400/rtl/Tieta_Feiteng_2001_top.v(line number: 1289)] Instance 'mcpld_to_scpld_data_filter[162]' of 'bmsWIDEDFFCPE' unit is dangling and will be cleaned.
W: Public-4008: [C:/CPLD/pango/2_Tieta_Feiteng/Tieta_Feiteng_2001_PGC7KD69MBG400/rtl/Tieta_Feiteng_2001_top.v(line number: 1289)] Instance 'mcpld_to_scpld_data_filter[163]' of 'bmsWIDEDFFCPE' unit is dangling and will be cleaned.
W: Public-4008: [C:/CPLD/pango/2_Tieta_Feiteng/Tieta_Feiteng_2001_PGC7KD69MBG400/rtl/Tieta_Feiteng_2001_top.v(line number: 1289)] Instance 'mcpld_to_scpld_data_filter[164]' of 'bmsWIDEDFFCPE' unit is dangling and will be cleaned.
W: Public-4008: [C:/CPLD/pango/2_Tieta_Feiteng/Tieta_Feiteng_2001_PGC7KD69MBG400/rtl/Tieta_Feiteng_2001_top.v(line number: 1289)] Instance 'mcpld_to_scpld_data_filter[165]' of 'bmsWIDEDFFCPE' unit is dangling and will be cleaned.
W: Public-4008: [C:/CPLD/pango/2_Tieta_Feiteng/Tieta_Feiteng_2001_PGC7KD69MBG400/rtl/Tieta_Feiteng_2001_top.v(line number: 1289)] Instance 'mcpld_to_scpld_data_filter[166]' of 'bmsWIDEDFFCPE' unit is dangling and will be cleaned.
W: Public-4008: [C:/CPLD/pango/2_Tieta_Feiteng/Tieta_Feiteng_2001_PGC7KD69MBG400/rtl/Tieta_Feiteng_2001_top.v(line number: 1289)] Instance 'mcpld_to_scpld_data_filter[167]' of 'bmsWIDEDFFCPE' unit is dangling and will be cleaned.
W: Public-4008: [C:/CPLD/pango/2_Tieta_Feiteng/Tieta_Feiteng_2001_PGC7KD69MBG400/rtl/Tieta_Feiteng_2001_top.v(line number: 1289)] Instance 'mcpld_to_scpld_data_filter[168]' of 'bmsWIDEDFFCPE' unit is dangling and will be cleaned.
W: Public-4008: [C:/CPLD/pango/2_Tieta_Feiteng/Tieta_Feiteng_2001_PGC7KD69MBG400/rtl/Tieta_Feiteng_2001_top.v(line number: 1289)] Instance 'mcpld_to_scpld_data_filter[169]' of 'bmsWIDEDFFCPE' unit is dangling and will be cleaned.
W: Public-4008: [C:/CPLD/pango/2_Tieta_Feiteng/Tieta_Feiteng_2001_PGC7KD69MBG400/rtl/Tieta_Feiteng_2001_top.v(line number: 1289)] Instance 'mcpld_to_scpld_data_filter[170]' of 'bmsWIDEDFFCPE' unit is dangling and will be cleaned.
W: Public-4008: [C:/CPLD/pango/2_Tieta_Feiteng/Tieta_Feiteng_2001_PGC7KD69MBG400/rtl/Tieta_Feiteng_2001_top.v(line number: 1289)] Instance 'mcpld_to_scpld_data_filter[171]' of 'bmsWIDEDFFCPE' unit is dangling and will be cleaned.
W: Public-4008: [C:/CPLD/pango/2_Tieta_Feiteng/Tieta_Feiteng_2001_PGC7KD69MBG400/rtl/Tieta_Feiteng_2001_top.v(line number: 1289)] Instance 'mcpld_to_scpld_data_filter[172]' of 'bmsWIDEDFFCPE' unit is dangling and will be cleaned.
W: Public-4008: [C:/CPLD/pango/2_Tieta_Feiteng/Tieta_Feiteng_2001_PGC7KD69MBG400/rtl/Tieta_Feiteng_2001_top.v(line number: 1289)] Instance 'mcpld_to_scpld_data_filter[173]' of 'bmsWIDEDFFCPE' unit is dangling and will be cleaned.
W: Public-4008: [C:/CPLD/pango/2_Tieta_Feiteng/Tieta_Feiteng_2001_PGC7KD69MBG400/rtl/Tieta_Feiteng_2001_top.v(line number: 1289)] Instance 'mcpld_to_scpld_data_filter[174]' of 'bmsWIDEDFFCPE' unit is dangling and will be cleaned.
W: Public-4008: [C:/CPLD/pango/2_Tieta_Feiteng/Tieta_Feiteng_2001_PGC7KD69MBG400/rtl/Tieta_Feiteng_2001_top.v(line number: 1289)] Instance 'mcpld_to_scpld_data_filter[175]' of 'bmsWIDEDFFCPE' unit is dangling and will be cleaned.
W: Public-4008: [C:/CPLD/pango/2_Tieta_Feiteng/Tieta_Feiteng_2001_PGC7KD69MBG400/rtl/Tieta_Feiteng_2001_top.v(line number: 1289)] Instance 'mcpld_to_scpld_data_filter[176]' of 'bmsWIDEDFFCPE' unit is dangling and will be cleaned.
W: Public-4008: [C:/CPLD/pango/2_Tieta_Feiteng/Tieta_Feiteng_2001_PGC7KD69MBG400/rtl/Tieta_Feiteng_2001_top.v(line number: 1289)] Instance 'mcpld_to_scpld_data_filter[177]' of 'bmsWIDEDFFCPE' unit is dangling and will be cleaned.
W: Public-4008: [C:/CPLD/pango/2_Tieta_Feiteng/Tieta_Feiteng_2001_PGC7KD69MBG400/rtl/Tieta_Feiteng_2001_top.v(line number: 1289)] Instance 'mcpld_to_scpld_data_filter[178]' of 'bmsWIDEDFFCPE' unit is dangling and will be cleaned.
W: Public-4008: [C:/CPLD/pango/2_Tieta_Feiteng/Tieta_Feiteng_2001_PGC7KD69MBG400/rtl/Tieta_Feiteng_2001_top.v(line number: 1289)] Instance 'mcpld_to_scpld_data_filter[183]' of 'bmsWIDEDFFCPE' unit is dangling and will be cleaned.
W: Public-4008: [C:/CPLD/pango/2_Tieta_Feiteng/Tieta_Feiteng_2001_PGC7KD69MBG400/rtl/Tieta_Feiteng_2001_top.v(line number: 1289)] Instance 'mcpld_to_scpld_data_filter[184]' of 'bmsWIDEDFFCPE' unit is dangling and will be cleaned.
W: Public-4008: [C:/CPLD/pango/2_Tieta_Feiteng/Tieta_Feiteng_2001_PGC7KD69MBG400/rtl/Tieta_Feiteng_2001_top.v(line number: 1289)] Instance 'mcpld_to_scpld_data_filter[185]' of 'bmsWIDEDFFCPE' unit is dangling and will be cleaned.
W: Public-4008: [C:/CPLD/pango/2_Tieta_Feiteng/Tieta_Feiteng_2001_PGC7KD69MBG400/rtl/Tieta_Feiteng_2001_top.v(line number: 1289)] Instance 'mcpld_to_scpld_data_filter[186]' of 'bmsWIDEDFFCPE' unit is dangling and will be cleaned.
W: Public-4008: [C:/CPLD/pango/2_Tieta_Feiteng/Tieta_Feiteng_2001_PGC7KD69MBG400/rtl/Tieta_Feiteng_2001_top.v(line number: 1289)] Instance 'mcpld_to_scpld_data_filter[187]' of 'bmsWIDEDFFCPE' unit is dangling and will be cleaned.
W: Public-4008: [C:/CPLD/pango/2_Tieta_Feiteng/Tieta_Feiteng_2001_PGC7KD69MBG400/rtl/Tieta_Feiteng_2001_top.v(line number: 1289)] Instance 'mcpld_to_scpld_data_filter[188]' of 'bmsWIDEDFFCPE' unit is dangling and will be cleaned.
W: Public-4008: [C:/CPLD/pango/2_Tieta_Feiteng/Tieta_Feiteng_2001_PGC7KD69MBG400/rtl/Tieta_Feiteng_2001_top.v(line number: 1289)] Instance 'mcpld_to_scpld_data_filter[189]' of 'bmsWIDEDFFCPE' unit is dangling and will be cleaned.
W: Public-4008: [C:/CPLD/pango/2_Tieta_Feiteng/Tieta_Feiteng_2001_PGC7KD69MBG400/rtl/Tieta_Feiteng_2001_top.v(line number: 1289)] Instance 'mcpld_to_scpld_data_filter[190]' of 'bmsWIDEDFFCPE' unit is dangling and will be cleaned.
W: Public-4008: [C:/CPLD/pango/2_Tieta_Feiteng/Tieta_Feiteng_2001_PGC7KD69MBG400/rtl/Tieta_Feiteng_2001_top.v(line number: 1289)] Instance 'mcpld_to_scpld_data_filter[191]' of 'bmsWIDEDFFCPE' unit is dangling and will be cleaned.
W: Public-4008: [C:/CPLD/pango/2_Tieta_Feiteng/Tieta_Feiteng_2001_PGC7KD69MBG400/rtl/Tieta_Feiteng_2001_top.v(line number: 1289)] Instance 'mcpld_to_scpld_data_filter[192]' of 'bmsWIDEDFFCPE' unit is dangling and will be cleaned.
W: Public-4008: [C:/CPLD/pango/2_Tieta_Feiteng/Tieta_Feiteng_2001_PGC7KD69MBG400/rtl/Tieta_Feiteng_2001_top.v(line number: 1289)] Instance 'mcpld_to_scpld_data_filter[193]' of 'bmsWIDEDFFCPE' unit is dangling and will be cleaned.
W: Public-4008: [C:/CPLD/pango/2_Tieta_Feiteng/Tieta_Feiteng_2001_PGC7KD69MBG400/rtl/Tieta_Feiteng_2001_top.v(line number: 1289)] Instance 'mcpld_to_scpld_data_filter[194]' of 'bmsWIDEDFFCPE' unit is dangling and will be cleaned.
W: Public-4008: [C:/CPLD/pango/2_Tieta_Feiteng/Tieta_Feiteng_2001_PGC7KD69MBG400/rtl/Tieta_Feiteng_2001_top.v(line number: 1289)] Instance 'mcpld_to_scpld_data_filter[199]' of 'bmsWIDEDFFCPE' unit is dangling and will be cleaned.
W: Public-4008: [C:/CPLD/pango/2_Tieta_Feiteng/Tieta_Feiteng_2001_PGC7KD69MBG400/rtl/Tieta_Feiteng_2001_top.v(line number: 1289)] Instance 'mcpld_to_scpld_data_filter[200]' of 'bmsWIDEDFFCPE' unit is dangling and will be cleaned.
W: Public-4008: [C:/CPLD/pango/2_Tieta_Feiteng/Tieta_Feiteng_2001_PGC7KD69MBG400/rtl/Tieta_Feiteng_2001_top.v(line number: 1289)] Instance 'mcpld_to_scpld_data_filter[201]' of 'bmsWIDEDFFCPE' unit is dangling and will be cleaned.
W: Public-4008: [C:/CPLD/pango/2_Tieta_Feiteng/Tieta_Feiteng_2001_PGC7KD69MBG400/rtl/Tieta_Feiteng_2001_top.v(line number: 1289)] Instance 'mcpld_to_scpld_data_filter[202]' of 'bmsWIDEDFFCPE' unit is dangling and will be cleaned.
W: Public-4008: [C:/CPLD/pango/2_Tieta_Feiteng/Tieta_Feiteng_2001_PGC7KD69MBG400/rtl/Tieta_Feiteng_2001_top.v(line number: 1289)] Instance 'mcpld_to_scpld_data_filter[203]' of 'bmsWIDEDFFCPE' unit is dangling and will be cleaned.
W: Public-4008: [C:/CPLD/pango/2_Tieta_Feiteng/Tieta_Feiteng_2001_PGC7KD69MBG400/rtl/Tieta_Feiteng_2001_top.v(line number: 1289)] Instance 'mcpld_to_scpld_data_filter[204]' of 'bmsWIDEDFFCPE' unit is dangling and will be cleaned.
W: Public-4008: [C:/CPLD/pango/2_Tieta_Feiteng/Tieta_Feiteng_2001_PGC7KD69MBG400/rtl/Tieta_Feiteng_2001_top.v(line number: 1289)] Instance 'mcpld_to_scpld_data_filter[205]' of 'bmsWIDEDFFCPE' unit is dangling and will be cleaned.
W: Public-4008: [C:/CPLD/pango/2_Tieta_Feiteng/Tieta_Feiteng_2001_PGC7KD69MBG400/rtl/Tieta_Feiteng_2001_top.v(line number: 1289)] Instance 'mcpld_to_scpld_data_filter[206]' of 'bmsWIDEDFFCPE' unit is dangling and will be cleaned.
W: Public-4008: [C:/CPLD/pango/2_Tieta_Feiteng/Tieta_Feiteng_2001_PGC7KD69MBG400/rtl/Tieta_Feiteng_2001_top.v(line number: 1289)] Instance 'mcpld_to_scpld_data_filter[207]' of 'bmsWIDEDFFCPE' unit is dangling and will be cleaned.
W: Public-4008: [C:/CPLD/pango/2_Tieta_Feiteng/Tieta_Feiteng_2001_PGC7KD69MBG400/rtl/Tieta_Feiteng_2001_top.v(line number: 1289)] Instance 'mcpld_to_scpld_data_filter[208]' of 'bmsWIDEDFFCPE' unit is dangling and will be cleaned.
W: Public-4008: [C:/CPLD/pango/2_Tieta_Feiteng/Tieta_Feiteng_2001_PGC7KD69MBG400/rtl/Tieta_Feiteng_2001_top.v(line number: 1289)] Instance 'mcpld_to_scpld_data_filter[209]' of 'bmsWIDEDFFCPE' unit is dangling and will be cleaned.
W: Public-4008: [C:/CPLD/pango/2_Tieta_Feiteng/Tieta_Feiteng_2001_PGC7KD69MBG400/rtl/Tieta_Feiteng_2001_top.v(line number: 1289)] Instance 'mcpld_to_scpld_data_filter[210]' of 'bmsWIDEDFFCPE' unit is dangling and will be cleaned.
W: Public-4008: [C:/CPLD/pango/2_Tieta_Feiteng/Tieta_Feiteng_2001_PGC7KD69MBG400/rtl/Tieta_Feiteng_2001_top.v(line number: 1289)] Instance 'mcpld_to_scpld_data_filter[214]' of 'bmsWIDEDFFCPE' unit is dangling and will be cleaned.
W: Public-4008: [C:/CPLD/pango/2_Tieta_Feiteng/Tieta_Feiteng_2001_PGC7KD69MBG400/rtl/Tieta_Feiteng_2001_top.v(line number: 1289)] Instance 'mcpld_to_scpld_data_filter[215]' of 'bmsWIDEDFFCPE' unit is dangling and will be cleaned.
W: Public-4008: [C:/CPLD/pango/2_Tieta_Feiteng/Tieta_Feiteng_2001_PGC7KD69MBG400/rtl/Tieta_Feiteng_2001_top.v(line number: 1289)] Instance 'mcpld_to_scpld_data_filter[219]' of 'bmsWIDEDFFCPE' unit is dangling and will be cleaned.
W: Public-4008: [C:/CPLD/pango/2_Tieta_Feiteng/Tieta_Feiteng_2001_PGC7KD69MBG400/rtl/Tieta_Feiteng_2001_top.v(line number: 1289)] Instance 'mcpld_to_scpld_data_filter[221]' of 'bmsWIDEDFFCPE' unit is dangling and will be cleaned.
W: Public-4008: [C:/CPLD/pango/2_Tieta_Feiteng/Tieta_Feiteng_2001_PGC7KD69MBG400/rtl/Tieta_Feiteng_2001_top.v(line number: 1289)] Instance 'mcpld_to_scpld_data_filter[222]' of 'bmsWIDEDFFCPE' unit is dangling and will be cleaned.
W: Public-4008: [C:/CPLD/pango/2_Tieta_Feiteng/Tieta_Feiteng_2001_PGC7KD69MBG400/rtl/Tieta_Feiteng_2001_top.v(line number: 1289)] Instance 'mcpld_to_scpld_data_filter[223]' of 'bmsWIDEDFFCPE' unit is dangling and will be cleaned.
W: Public-4008: [C:/CPLD/pango/2_Tieta_Feiteng/Tieta_Feiteng_2001_PGC7KD69MBG400/rtl/Tieta_Feiteng_2001_top.v(line number: 1289)] Instance 'mcpld_to_scpld_data_filter[224]' of 'bmsWIDEDFFCPE' unit is dangling and will be cleaned.
W: Public-4008: [C:/CPLD/pango/2_Tieta_Feiteng/Tieta_Feiteng_2001_PGC7KD69MBG400/rtl/Tieta_Feiteng_2001_top.v(line number: 1289)] Instance 'mcpld_to_scpld_data_filter[225]' of 'bmsWIDEDFFCPE' unit is dangling and will be cleaned.
W: Public-4008: [C:/CPLD/pango/2_Tieta_Feiteng/Tieta_Feiteng_2001_PGC7KD69MBG400/rtl/Tieta_Feiteng_2001_top.v(line number: 1289)] Instance 'mcpld_to_scpld_data_filter[226]' of 'bmsWIDEDFFCPE' unit is dangling and will be cleaned.
W: Public-4008: [C:/CPLD/pango/2_Tieta_Feiteng/Tieta_Feiteng_2001_PGC7KD69MBG400/rtl/Tieta_Feiteng_2001_top.v(line number: 1289)] Instance 'mcpld_to_scpld_data_filter[227]' of 'bmsWIDEDFFCPE' unit is dangling and will be cleaned.
W: Public-4008: [C:/CPLD/pango/2_Tieta_Feiteng/Tieta_Feiteng_2001_PGC7KD69MBG400/rtl/Tieta_Feiteng_2001_top.v(line number: 1289)] Instance 'mcpld_to_scpld_data_filter[228]' of 'bmsWIDEDFFCPE' unit is dangling and will be cleaned.
W: Public-4008: [C:/CPLD/pango/2_Tieta_Feiteng/Tieta_Feiteng_2001_PGC7KD69MBG400/rtl/Tieta_Feiteng_2001_top.v(line number: 1289)] Instance 'mcpld_to_scpld_data_filter[229]' of 'bmsWIDEDFFCPE' unit is dangling and will be cleaned.
W: Public-4008: [C:/CPLD/pango/2_Tieta_Feiteng/Tieta_Feiteng_2001_PGC7KD69MBG400/rtl/Tieta_Feiteng_2001_top.v(line number: 1289)] Instance 'mcpld_to_scpld_data_filter[230]' of 'bmsWIDEDFFCPE' unit is dangling and will be cleaned.
W: Public-4008: [C:/CPLD/pango/2_Tieta_Feiteng/Tieta_Feiteng_2001_PGC7KD69MBG400/rtl/Tieta_Feiteng_2001_top.v(line number: 1289)] Instance 'mcpld_to_scpld_data_filter[231]' of 'bmsWIDEDFFCPE' unit is dangling and will be cleaned.
W: Public-4008: [C:/CPLD/pango/2_Tieta_Feiteng/Tieta_Feiteng_2001_PGC7KD69MBG400/rtl/Tieta_Feiteng_2001_top.v(line number: 1289)] Instance 'mcpld_to_scpld_data_filter[232]' of 'bmsWIDEDFFCPE' unit is dangling and will be cleaned.
W: Public-4008: [C:/CPLD/pango/2_Tieta_Feiteng/Tieta_Feiteng_2001_PGC7KD69MBG400/rtl/Tieta_Feiteng_2001_top.v(line number: 1289)] Instance 'mcpld_to_scpld_data_filter[233]' of 'bmsWIDEDFFCPE' unit is dangling and will be cleaned.
W: Public-4008: [C:/CPLD/pango/2_Tieta_Feiteng/Tieta_Feiteng_2001_PGC7KD69MBG400/rtl/Tieta_Feiteng_2001_top.v(line number: 1289)] Instance 'mcpld_to_scpld_data_filter[234]' of 'bmsWIDEDFFCPE' unit is dangling and will be cleaned.
W: Public-4008: [C:/CPLD/pango/2_Tieta_Feiteng/Tieta_Feiteng_2001_PGC7KD69MBG400/rtl/Tieta_Feiteng_2001_top.v(line number: 1289)] Instance 'mcpld_to_scpld_data_filter[235]' of 'bmsWIDEDFFCPE' unit is dangling and will be cleaned.
W: Public-4008: [C:/CPLD/pango/2_Tieta_Feiteng/Tieta_Feiteng_2001_PGC7KD69MBG400/rtl/Tieta_Feiteng_2001_top.v(line number: 1289)] Instance 'mcpld_to_scpld_data_filter[236]' of 'bmsWIDEDFFCPE' unit is dangling and will be cleaned.
W: Public-4008: [C:/CPLD/pango/2_Tieta_Feiteng/Tieta_Feiteng_2001_PGC7KD69MBG400/rtl/Tieta_Feiteng_2001_top.v(line number: 1289)] Instance 'mcpld_to_scpld_data_filter[237]' of 'bmsWIDEDFFCPE' unit is dangling and will be cleaned.
W: Public-4008: [C:/CPLD/pango/2_Tieta_Feiteng/Tieta_Feiteng_2001_PGC7KD69MBG400/rtl/Tieta_Feiteng_2001_top.v(line number: 1289)] Instance 'mcpld_to_scpld_data_filter[238]' of 'bmsWIDEDFFCPE' unit is dangling and will be cleaned.
W: Public-4008: [C:/CPLD/pango/2_Tieta_Feiteng/Tieta_Feiteng_2001_PGC7KD69MBG400/rtl/Tieta_Feiteng_2001_top.v(line number: 1289)] Instance 'mcpld_to_scpld_data_filter[239]' of 'bmsWIDEDFFCPE' unit is dangling and will be cleaned.
W: Public-4008: [C:/CPLD/pango/2_Tieta_Feiteng/Tieta_Feiteng_2001_PGC7KD69MBG400/rtl/Tieta_Feiteng_2001_top.v(line number: 1289)] Instance 'mcpld_to_scpld_data_filter[240]' of 'bmsWIDEDFFCPE' unit is dangling and will be cleaned.
W: Public-4008: [C:/CPLD/pango/2_Tieta_Feiteng/Tieta_Feiteng_2001_PGC7KD69MBG400/rtl/Tieta_Feiteng_2001_top.v(line number: 1289)] Instance 'mcpld_to_scpld_data_filter[241]' of 'bmsWIDEDFFCPE' unit is dangling and will be cleaned.
W: Public-4008: [C:/CPLD/pango/2_Tieta_Feiteng/Tieta_Feiteng_2001_PGC7KD69MBG400/rtl/Tieta_Feiteng_2001_top.v(line number: 1289)] Instance 'mcpld_to_scpld_data_filter[242]' of 'bmsWIDEDFFCPE' unit is dangling and will be cleaned.
W: Public-4008: [C:/CPLD/pango/2_Tieta_Feiteng/Tieta_Feiteng_2001_PGC7KD69MBG400/rtl/Tieta_Feiteng_2001_top.v(line number: 1289)] Instance 'mcpld_to_scpld_data_filter[243]' of 'bmsWIDEDFFCPE' unit is dangling and will be cleaned.
W: Public-4008: [C:/CPLD/pango/2_Tieta_Feiteng/Tieta_Feiteng_2001_PGC7KD69MBG400/rtl/Tieta_Feiteng_2001_top.v(line number: 1289)] Instance 'mcpld_to_scpld_data_filter[244]' of 'bmsWIDEDFFCPE' unit is dangling and will be cleaned.
W: Public-4008: [C:/CPLD/pango/2_Tieta_Feiteng/Tieta_Feiteng_2001_PGC7KD69MBG400/rtl/Tieta_Feiteng_2001_top.v(line number: 1289)] Instance 'mcpld_to_scpld_data_filter[245]' of 'bmsWIDEDFFCPE' unit is dangling and will be cleaned.
W: Public-4008: [C:/CPLD/pango/2_Tieta_Feiteng/Tieta_Feiteng_2001_PGC7KD69MBG400/rtl/Tieta_Feiteng_2001_top.v(line number: 1289)] Instance 'mcpld_to_scpld_data_filter[246]' of 'bmsWIDEDFFCPE' unit is dangling and will be cleaned.
W: Public-4008: [C:/CPLD/pango/2_Tieta_Feiteng/Tieta_Feiteng_2001_PGC7KD69MBG400/rtl/Tieta_Feiteng_2001_top.v(line number: 1289)] Instance 'mcpld_to_scpld_data_filter[247]' of 'bmsWIDEDFFCPE' unit is dangling and will be cleaned.
W: Public-4008: [C:/CPLD/pango/2_Tieta_Feiteng/Tieta_Feiteng_2001_PGC7KD69MBG400/rtl/Tieta_Feiteng_2001_top.v(line number: 1289)] Instance 'mcpld_to_scpld_data_filter[248]' of 'bmsWIDEDFFCPE' unit is dangling and will be cleaned.
W: Public-4008: [C:/CPLD/pango/2_Tieta_Feiteng/Tieta_Feiteng_2001_PGC7KD69MBG400/rtl/Tieta_Feiteng_2001_top.v(line number: 1289)] Instance 'mcpld_to_scpld_data_filter[249]' of 'bmsWIDEDFFCPE' unit is dangling and will be cleaned.
W: Public-4008: [C:/CPLD/pango/2_Tieta_Feiteng/Tieta_Feiteng_2001_PGC7KD69MBG400/rtl/Tieta_Feiteng_2001_top.v(line number: 1289)] Instance 'mcpld_to_scpld_data_filter[250]' of 'bmsWIDEDFFCPE' unit is dangling and will be cleaned.
W: Public-4008: [C:/CPLD/pango/2_Tieta_Feiteng/Tieta_Feiteng_2001_PGC7KD69MBG400/rtl/Tieta_Feiteng_2001_top.v(line number: 1289)] Instance 'mcpld_to_scpld_data_filter[251]' of 'bmsWIDEDFFCPE' unit is dangling and will be cleaned.
W: Public-4008: [C:/CPLD/pango/2_Tieta_Feiteng/Tieta_Feiteng_2001_PGC7KD69MBG400/rtl/Tieta_Feiteng_2001_top.v(line number: 1289)] Instance 'mcpld_to_scpld_data_filter[252]' of 'bmsWIDEDFFCPE' unit is dangling and will be cleaned.
W: Public-4008: [C:/CPLD/pango/2_Tieta_Feiteng/Tieta_Feiteng_2001_PGC7KD69MBG400/rtl/Tieta_Feiteng_2001_top.v(line number: 1289)] Instance 'mcpld_to_scpld_data_filter[253]' of 'bmsWIDEDFFCPE' unit is dangling and will be cleaned.
W: Public-4008: [C:/CPLD/pango/2_Tieta_Feiteng/Tieta_Feiteng_2001_PGC7KD69MBG400/rtl/Tieta_Feiteng_2001_top.v(line number: 1289)] Instance 'mcpld_to_scpld_data_filter[254]' of 'bmsWIDEDFFCPE' unit is dangling and will be cleaned.
W: Public-4008: [C:/CPLD/pango/2_Tieta_Feiteng/Tieta_Feiteng_2001_PGC7KD69MBG400/rtl/Tieta_Feiteng_2001_top.v(line number: 1289)] Instance 'mcpld_to_scpld_data_filter[255]' of 'bmsWIDEDFFCPE' unit is dangling and will be cleaned.
W: Public-4008: [C:/CPLD/pango/2_Tieta_Feiteng/Tieta_Feiteng_2001_PGC7KD69MBG400/rtl/Tieta_Feiteng_2001_top.v(line number: 1289)] Instance 'mcpld_to_scpld_data_filter[256]' of 'bmsWIDEDFFCPE' unit is dangling and will be cleaned.
W: Public-4008: [C:/CPLD/pango/2_Tieta_Feiteng/Tieta_Feiteng_2001_PGC7KD69MBG400/rtl/Tieta_Feiteng_2001_top.v(line number: 1289)] Instance 'mcpld_to_scpld_data_filter[257]' of 'bmsWIDEDFFCPE' unit is dangling and will be cleaned.
W: Public-4008: [C:/CPLD/pango/2_Tieta_Feiteng/Tieta_Feiteng_2001_PGC7KD69MBG400/rtl/Tieta_Feiteng_2001_top.v(line number: 1289)] Instance 'mcpld_to_scpld_data_filter[258]' of 'bmsWIDEDFFCPE' unit is dangling and will be cleaned.
W: Public-4008: [C:/CPLD/pango/2_Tieta_Feiteng/Tieta_Feiteng_2001_PGC7KD69MBG400/rtl/Tieta_Feiteng_2001_top.v(line number: 1289)] Instance 'mcpld_to_scpld_data_filter[259]' of 'bmsWIDEDFFCPE' unit is dangling and will be cleaned.
W: Public-4008: [C:/CPLD/pango/2_Tieta_Feiteng/Tieta_Feiteng_2001_PGC7KD69MBG400/rtl/Tieta_Feiteng_2001_top.v(line number: 1289)] Instance 'mcpld_to_scpld_data_filter[260]' of 'bmsWIDEDFFCPE' unit is dangling and will be cleaned.
W: Public-4008: [C:/CPLD/pango/2_Tieta_Feiteng/Tieta_Feiteng_2001_PGC7KD69MBG400/rtl/Tieta_Feiteng_2001_top.v(line number: 1289)] Instance 'mcpld_to_scpld_data_filter[261]' of 'bmsWIDEDFFCPE' unit is dangling and will be cleaned.
W: Public-4008: [C:/CPLD/pango/2_Tieta_Feiteng/Tieta_Feiteng_2001_PGC7KD69MBG400/rtl/Tieta_Feiteng_2001_top.v(line number: 1289)] Instance 'mcpld_to_scpld_data_filter[262]' of 'bmsWIDEDFFCPE' unit is dangling and will be cleaned.
W: Public-4008: [C:/CPLD/pango/2_Tieta_Feiteng/Tieta_Feiteng_2001_PGC7KD69MBG400/rtl/Tieta_Feiteng_2001_top.v(line number: 1289)] Instance 'mcpld_to_scpld_data_filter[268]' of 'bmsWIDEDFFCPE' unit is dangling and will be cleaned.
W: Public-4008: [C:/CPLD/pango/2_Tieta_Feiteng/Tieta_Feiteng_2001_PGC7KD69MBG400/rtl/Tieta_Feiteng_2001_top.v(line number: 1289)] Instance 'mcpld_to_scpld_data_filter[344]' of 'bmsWIDEDFFCPE' unit is dangling and will be cleaned.
W: Public-4008: [C:/CPLD/pango/2_Tieta_Feiteng/Tieta_Feiteng_2001_PGC7KD69MBG400/rtl/communication/pcie_dync_alloc.v(line number: 16)] Instance 'inst_i2c_bios_reg/w_cpu0_die1_c2c_alloc/o_pcie_date[3]' of 'bmsWIDEDFFCPE' unit is dangling and will be cleaned.
W: Public-4008: [C:/CPLD/pango/2_Tieta_Feiteng/Tieta_Feiteng_2001_PGC7KD69MBG400/rtl/communication/pcie_dync_alloc.v(line number: 16)] Instance 'inst_i2c_bios_reg/w_cpu1_die1_c2c_alloc/o_pcie_date[3]' of 'bmsWIDEDFFCPE' unit is dangling and will be cleaned.
W: Public-4008: [C:/CPLD/pango/2_Tieta_Feiteng/Tieta_Feiteng_2001_PGC7KD69MBG400/rtl/communication/pcie_slot_number.v(line number: 44)] Instance 'inst_pcie/slot_number_nvme[32]' of 'bmsWIDEDFFCPE' unit is dangling and will be cleaned.
W: Public-4008: [C:/CPLD/pango/2_Tieta_Feiteng/Tieta_Feiteng_2001_PGC7KD69MBG400/rtl/communication/pcie_slot_number.v(line number: 44)] Instance 'inst_pcie/slot_number_nvme[33]' of 'bmsWIDEDFFCPE' unit is dangling and will be cleaned.
W: Public-4008: [C:/CPLD/pango/2_Tieta_Feiteng/Tieta_Feiteng_2001_PGC7KD69MBG400/rtl/communication/pcie_slot_number.v(line number: 44)] Instance 'inst_pcie/slot_number_nvme[34]' of 'bmsWIDEDFFCPE' unit is dangling and will be cleaned.
W: Public-4008: [C:/CPLD/pango/2_Tieta_Feiteng/Tieta_Feiteng_2001_PGC7KD69MBG400/rtl/communication/pcie_slot_number.v(line number: 44)] Instance 'inst_pcie/slot_number_nvme[35]' of 'bmsWIDEDFFCPE' unit is dangling and will be cleaned.
W: Public-4008: [C:/CPLD/pango/2_Tieta_Feiteng/Tieta_Feiteng_2001_PGC7KD69MBG400/rtl/communication/pcie_slot_number.v(line number: 44)] Instance 'inst_pcie/slot_number_nvme[36]' of 'bmsWIDEDFFCPE' unit is dangling and will be cleaned.
W: Public-4008: [C:/CPLD/pango/2_Tieta_Feiteng/Tieta_Feiteng_2001_PGC7KD69MBG400/rtl/communication/pcie_slot_number.v(line number: 44)] Instance 'inst_pcie/slot_number_nvme[37]' of 'bmsWIDEDFFCPE' unit is dangling and will be cleaned.
W: Public-4008: [C:/CPLD/pango/2_Tieta_Feiteng/Tieta_Feiteng_2001_PGC7KD69MBG400/rtl/communication/pcie_slot_number.v(line number: 44)] Instance 'inst_pcie/slot_number_nvme[38]' of 'bmsWIDEDFFCPE' unit is dangling and will be cleaned.
W: Public-4008: [C:/CPLD/pango/2_Tieta_Feiteng/Tieta_Feiteng_2001_PGC7KD69MBG400/rtl/communication/pcie_slot_number.v(line number: 44)] Instance 'inst_pcie/slot_number_nvme[39]' of 'bmsWIDEDFFCPE' unit is dangling and will be cleaned.
W: Public-4008: [C:/CPLD/pango/2_Tieta_Feiteng/Tieta_Feiteng_2001_PGC7KD69MBG400/rtl/communication/pcie_slot_number.v(line number: 44)] Instance 'inst_pcie/slot_number_nvme[40]' of 'bmsWIDEDFFCPE' unit is dangling and will be cleaned.
W: Public-4008: [C:/CPLD/pango/2_Tieta_Feiteng/Tieta_Feiteng_2001_PGC7KD69MBG400/rtl/communication/pcie_slot_number.v(line number: 44)] Instance 'inst_pcie/slot_number_nvme[41]' of 'bmsWIDEDFFCPE' unit is dangling and will be cleaned.
W: Public-4008: [C:/CPLD/pango/2_Tieta_Feiteng/Tieta_Feiteng_2001_PGC7KD69MBG400/rtl/communication/pcie_slot_number.v(line number: 44)] Instance 'inst_pcie/slot_number_nvme[42]' of 'bmsWIDEDFFCPE' unit is dangling and will be cleaned.
W: Public-4008: [C:/CPLD/pango/2_Tieta_Feiteng/Tieta_Feiteng_2001_PGC7KD69MBG400/rtl/communication/pcie_slot_number.v(line number: 44)] Instance 'inst_pcie/slot_number_nvme[43]' of 'bmsWIDEDFFCPE' unit is dangling and will be cleaned.
W: Public-4008: [C:/CPLD/pango/2_Tieta_Feiteng/Tieta_Feiteng_2001_PGC7KD69MBG400/rtl/communication/pcie_slot_number.v(line number: 44)] Instance 'inst_pcie/slot_number_nvme[44]' of 'bmsWIDEDFFCPE' unit is dangling and will be cleaned.
W: Public-4008: [C:/CPLD/pango/2_Tieta_Feiteng/Tieta_Feiteng_2001_PGC7KD69MBG400/rtl/communication/pcie_slot_number.v(line number: 44)] Instance 'inst_pcie/slot_number_nvme[45]' of 'bmsWIDEDFFCPE' unit is dangling and will be cleaned.
W: Public-4008: [C:/CPLD/pango/2_Tieta_Feiteng/Tieta_Feiteng_2001_PGC7KD69MBG400/rtl/communication/pcie_slot_number.v(line number: 44)] Instance 'inst_pcie/slot_number_nvme[46]' of 'bmsWIDEDFFCPE' unit is dangling and will be cleaned.
W: Public-4008: [C:/CPLD/pango/2_Tieta_Feiteng/Tieta_Feiteng_2001_PGC7KD69MBG400/rtl/communication/pcie_slot_number.v(line number: 44)] Instance 'inst_pcie/slot_number_nvme[47]' of 'bmsWIDEDFFCPE' unit is dangling and will be cleaned.
W: Public-4008: [C:/CPLD/pango/2_Tieta_Feiteng/Tieta_Feiteng_2001_PGC7KD69MBG400/rtl/communication/pcie_slot_number.v(line number: 44)] Instance 'inst_pcie/slot_number_nvme[48]' of 'bmsWIDEDFFCPE' unit is dangling and will be cleaned.
W: Public-4008: [C:/CPLD/pango/2_Tieta_Feiteng/Tieta_Feiteng_2001_PGC7KD69MBG400/rtl/communication/pcie_slot_number.v(line number: 44)] Instance 'inst_pcie/slot_number_nvme[49]' of 'bmsWIDEDFFCPE' unit is dangling and will be cleaned.
W: Public-4008: [C:/CPLD/pango/2_Tieta_Feiteng/Tieta_Feiteng_2001_PGC7KD69MBG400/rtl/communication/pcie_slot_number.v(line number: 44)] Instance 'inst_pcie/slot_number_nvme[58]' of 'bmsWIDEDFFCPE' unit is dangling and will be cleaned.
W: Public-4008: [C:/CPLD/pango/2_Tieta_Feiteng/Tieta_Feiteng_2001_PGC7KD69MBG400/rtl/communication/pcie_slot_number.v(line number: 44)] Instance 'inst_pcie/slot_number_nvme[59]' of 'bmsWIDEDFFCPE' unit is dangling and will be cleaned.
W: Public-4008: [C:/CPLD/pango/2_Tieta_Feiteng/Tieta_Feiteng_2001_PGC7KD69MBG400/rtl/communication/pcie_slot_number.v(line number: 44)] Instance 'inst_pcie/slot_number_nvme[60]' of 'bmsWIDEDFFCPE' unit is dangling and will be cleaned.
W: Public-4008: [C:/CPLD/pango/2_Tieta_Feiteng/Tieta_Feiteng_2001_PGC7KD69MBG400/rtl/communication/pcie_slot_number.v(line number: 44)] Instance 'inst_pcie/slot_number_nvme[61]' of 'bmsWIDEDFFCPE' unit is dangling and will be cleaned.
W: Public-4008: [C:/CPLD/pango/2_Tieta_Feiteng/Tieta_Feiteng_2001_PGC7KD69MBG400/rtl/communication/pcie_slot_number.v(line number: 44)] Instance 'inst_pcie/slot_number_nvme[62]' of 'bmsWIDEDFFCPE' unit is dangling and will be cleaned.
W: Public-4008: [C:/CPLD/pango/2_Tieta_Feiteng/Tieta_Feiteng_2001_PGC7KD69MBG400/rtl/communication/pcie_slot_number.v(line number: 44)] Instance 'inst_pcie/slot_number_nvme[63]' of 'bmsWIDEDFFCPE' unit is dangling and will be cleaned.
W: Public-4008: [C:/CPLD/pango/2_Tieta_Feiteng/Tieta_Feiteng_2001_PGC7KD69MBG400/rtl/communication/pcie_slot_number.v(line number: 44)] Instance 'inst_pcie/slot_number_nvme[64]' of 'bmsWIDEDFFCPE' unit is dangling and will be cleaned.
W: Public-4008: [C:/CPLD/pango/2_Tieta_Feiteng/Tieta_Feiteng_2001_PGC7KD69MBG400/rtl/communication/pcie_slot_number.v(line number: 44)] Instance 'inst_pcie/slot_number_nvme[65]' of 'bmsWIDEDFFCPE' unit is dangling and will be cleaned.
W: Public-4008: [C:/CPLD/pango/2_Tieta_Feiteng/Tieta_Feiteng_2001_PGC7KD69MBG400/rtl/communication/pcie_slot_number.v(line number: 44)] Instance 'inst_pcie/slot_number_nvme[66]' of 'bmsWIDEDFFCPE' unit is dangling and will be cleaned.
W: Public-4008: [C:/CPLD/pango/2_Tieta_Feiteng/Tieta_Feiteng_2001_PGC7KD69MBG400/rtl/communication/pcie_slot_number.v(line number: 44)] Instance 'inst_pcie/slot_number_nvme[67]' of 'bmsWIDEDFFCPE' unit is dangling and will be cleaned.
W: Public-4008: [C:/CPLD/pango/2_Tieta_Feiteng/Tieta_Feiteng_2001_PGC7KD69MBG400/rtl/communication/pcie_slot_number.v(line number: 44)] Instance 'inst_pcie/slot_number_nvme[68]' of 'bmsWIDEDFFCPE' unit is dangling and will be cleaned.
W: Public-4008: [C:/CPLD/pango/2_Tieta_Feiteng/Tieta_Feiteng_2001_PGC7KD69MBG400/rtl/communication/pcie_slot_number.v(line number: 44)] Instance 'inst_pcie/slot_number_nvme[69]' of 'bmsWIDEDFFCPE' unit is dangling and will be cleaned.
W: Public-4008: [C:/CPLD/pango/2_Tieta_Feiteng/Tieta_Feiteng_2001_PGC7KD69MBG400/rtl/communication/pcie_slot_number.v(line number: 44)] Instance 'inst_pcie/slot_number_nvme[70]' of 'bmsWIDEDFFCPE' unit is dangling and will be cleaned.
W: Public-4008: [C:/CPLD/pango/2_Tieta_Feiteng/Tieta_Feiteng_2001_PGC7KD69MBG400/rtl/communication/pcie_slot_number.v(line number: 44)] Instance 'inst_pcie/slot_number_nvme[71]' of 'bmsWIDEDFFCPE' unit is dangling and will be cleaned.
W: Public-4008: [C:/CPLD/pango/2_Tieta_Feiteng/Tieta_Feiteng_2001_PGC7KD69MBG400/rtl/communication/pcie_slot_number.v(line number: 44)] Instance 'inst_pcie/slot_number_nvme[72]' of 'bmsWIDEDFFCPE' unit is dangling and will be cleaned.
W: Public-4008: [C:/CPLD/pango/2_Tieta_Feiteng/Tieta_Feiteng_2001_PGC7KD69MBG400/rtl/communication/pcie_slot_number.v(line number: 44)] Instance 'inst_pcie/slot_number_nvme[73]' of 'bmsWIDEDFFCPE' unit is dangling and will be cleaned.
W: Public-4008: [C:/CPLD/pango/2_Tieta_Feiteng/Tieta_Feiteng_2001_PGC7KD69MBG400/rtl/communication/pcie_slot_number.v(line number: 44)] Instance 'inst_pcie/slot_number_nvme[74]' of 'bmsWIDEDFFCPE' unit is dangling and will be cleaned.
W: Public-4008: [C:/CPLD/pango/2_Tieta_Feiteng/Tieta_Feiteng_2001_PGC7KD69MBG400/rtl/communication/pcie_slot_number.v(line number: 44)] Instance 'inst_pcie/slot_number_nvme[75]' of 'bmsWIDEDFFCPE' unit is dangling and will be cleaned.
W: Public-4008: [C:/CPLD/pango/2_Tieta_Feiteng/Tieta_Feiteng_2001_PGC7KD69MBG400/rtl/communication/pcie_slot_number.v(line number: 44)] Instance 'inst_pcie/slot_number_nvme[76]' of 'bmsWIDEDFFCPE' unit is dangling and will be cleaned.
W: Public-4008: [C:/CPLD/pango/2_Tieta_Feiteng/Tieta_Feiteng_2001_PGC7KD69MBG400/rtl/communication/pcie_slot_number.v(line number: 44)] Instance 'inst_pcie/slot_number_nvme[77]' of 'bmsWIDEDFFCPE' unit is dangling and will be cleaned.
W: Public-4008: [C:/CPLD/pango/2_Tieta_Feiteng/Tieta_Feiteng_2001_PGC7KD69MBG400/rtl/communication/pcie_slot_number.v(line number: 44)] Instance 'inst_pcie/slot_number_nvme[78]' of 'bmsWIDEDFFCPE' unit is dangling and will be cleaned.
W: Public-4008: [C:/CPLD/pango/2_Tieta_Feiteng/Tieta_Feiteng_2001_PGC7KD69MBG400/rtl/communication/pcie_slot_number.v(line number: 44)] Instance 'inst_pcie/slot_number_nvme[79]' of 'bmsWIDEDFFCPE' unit is dangling and will be cleaned.
W: Public-4008: [C:/CPLD/pango/2_Tieta_Feiteng/Tieta_Feiteng_2001_PGC7KD69MBG400/rtl/communication/uart_master.v(line number: 103)] Instance 'uart_master_u12/wait_time[2]' of 'bmsWIDEDFFCPE' unit is dangling and will be cleaned.
W: Public-4008: [C:/CPLD/pango/2_Tieta_Feiteng/Tieta_Feiteng_2001_PGC7KD69MBG400/rtl/communication/uart_master.v(line number: 103)] Instance 'uart_master_u12/wait_time[3]' of 'bmsWIDEDFFCPE' unit is dangling and will be cleaned.
W: Public-4008: [C:/CPLD/pango/2_Tieta_Feiteng/Tieta_Feiteng_2001_PGC7KD69MBG400/rtl/communication/uart_master.v(line number: 103)] Instance 'uart_master_u12/wait_time[4]' of 'bmsWIDEDFFCPE' unit is dangling and will be cleaned.
W: Public-4008: [C:/CPLD/pango/2_Tieta_Feiteng/Tieta_Feiteng_2001_PGC7KD69MBG400/rtl/common/timer_gen_50mhz.v(line number: 80)] Instance 'timer_gen_inst/sec_tmr[15]' of 'bmsWIDEDFFCPE' unit is dangling and will be cleaned.
W: Public-4008: [C:/CPLD/pango/2_Tieta_Feiteng/Tieta_Feiteng_2001_PGC7KD69MBG400/rtl/common/timer_gen_50mhz.v(line number: 80)] Instance 'timer_gen_inst/sec_tmr[16]' of 'bmsWIDEDFFCPE' unit is dangling and will be cleaned.
W: Public-4008: [C:/CPLD/pango/2_Tieta_Feiteng/Tieta_Feiteng_2001_PGC7KD69MBG400/rtl/common/timer_gen_50mhz.v(line number: 80)] Instance 'timer_gen_inst/sec_tmr[17]' of 'bmsWIDEDFFCPE' unit is dangling and will be cleaned.
W: Public-4008: [C:/CPLD/pango/2_Tieta_Feiteng/Tieta_Feiteng_2001_PGC7KD69MBG400/rtl/communication/uart_master.v(line number: 252)] Instance 'uart_master_u12/par_data_out[8]' of 'bmsWIDEDFFCPE' unit is dangling and will be cleaned.
W: Public-4008: [C:/CPLD/pango/2_Tieta_Feiteng/Tieta_Feiteng_2001_PGC7KD69MBG400/rtl/communication/uart_master.v(line number: 252)] Instance 'uart_master_u12/par_data_out[9]' of 'bmsWIDEDFFCPE' unit is dangling and will be cleaned.
W: Public-4008: [C:/CPLD/pango/2_Tieta_Feiteng/Tieta_Feiteng_2001_PGC7KD69MBG400/rtl/communication/uart_master.v(line number: 252)] Instance 'uart_master_u12/par_data_out[10]' of 'bmsWIDEDFFCPE' unit is dangling and will be cleaned.
W: Public-4008: [C:/CPLD/pango/2_Tieta_Feiteng/Tieta_Feiteng_2001_PGC7KD69MBG400/rtl/communication/uart_master.v(line number: 252)] Instance 'uart_master_u12/par_data_out[11]' of 'bmsWIDEDFFCPE' unit is dangling and will be cleaned.
W: Public-4008: [C:/CPLD/pango/2_Tieta_Feiteng/Tieta_Feiteng_2001_PGC7KD69MBG400/rtl/communication/uart_master.v(line number: 252)] Instance 'uart_master_u12/par_data_out[12]' of 'bmsWIDEDFFCPE' unit is dangling and will be cleaned.
W: Public-4008: [C:/CPLD/pango/2_Tieta_Feiteng/Tieta_Feiteng_2001_PGC7KD69MBG400/rtl/communication/uart_master.v(line number: 252)] Instance 'uart_master_u12/par_data_out[13]' of 'bmsWIDEDFFCPE' unit is dangling and will be cleaned.
W: Public-4008: [C:/CPLD/pango/2_Tieta_Feiteng/Tieta_Feiteng_2001_PGC7KD69MBG400/rtl/communication/uart_master.v(line number: 252)] Instance 'uart_master_u12/par_data_out[14]' of 'bmsWIDEDFFCPE' unit is dangling and will be cleaned.
W: Public-4008: [C:/CPLD/pango/2_Tieta_Feiteng/Tieta_Feiteng_2001_PGC7KD69MBG400/rtl/communication/uart_master.v(line number: 252)] Instance 'uart_master_u12/par_data_out[15]' of 'bmsWIDEDFFCPE' unit is dangling and will be cleaned.
W: Public-4008: [C:/CPLD/pango/2_Tieta_Feiteng/Tieta_Feiteng_2001_PGC7KD69MBG400/rtl/communication/uart_master.v(line number: 252)] Instance 'uart_master_u0/par_data_out[8]' of 'bmsWIDEDFFCPE' unit is dangling and will be cleaned.
W: Public-4008: [C:/CPLD/pango/2_Tieta_Feiteng/Tieta_Feiteng_2001_PGC7KD69MBG400/rtl/communication/uart_master.v(line number: 252)] Instance 'uart_master_u0/par_data_out[9]' of 'bmsWIDEDFFCPE' unit is dangling and will be cleaned.
W: Public-4008: [C:/CPLD/pango/2_Tieta_Feiteng/Tieta_Feiteng_2001_PGC7KD69MBG400/rtl/communication/uart_master.v(line number: 252)] Instance 'uart_master_u0/par_data_out[10]' of 'bmsWIDEDFFCPE' unit is dangling and will be cleaned.
W: Public-4008: [C:/CPLD/pango/2_Tieta_Feiteng/Tieta_Feiteng_2001_PGC7KD69MBG400/rtl/communication/uart_master.v(line number: 252)] Instance 'uart_master_u0/par_data_out[11]' of 'bmsWIDEDFFCPE' unit is dangling and will be cleaned.
W: Public-4008: [C:/CPLD/pango/2_Tieta_Feiteng/Tieta_Feiteng_2001_PGC7KD69MBG400/rtl/communication/uart_master.v(line number: 252)] Instance 'uart_master_u0/par_data_out[12]' of 'bmsWIDEDFFCPE' unit is dangling and will be cleaned.
W: Public-4008: [C:/CPLD/pango/2_Tieta_Feiteng/Tieta_Feiteng_2001_PGC7KD69MBG400/rtl/communication/uart_master.v(line number: 252)] Instance 'uart_master_u0/par_data_out[13]' of 'bmsWIDEDFFCPE' unit is dangling and will be cleaned.
W: Public-4008: [C:/CPLD/pango/2_Tieta_Feiteng/Tieta_Feiteng_2001_PGC7KD69MBG400/rtl/communication/uart_master.v(line number: 252)] Instance 'uart_master_u0/par_data_out[14]' of 'bmsWIDEDFFCPE' unit is dangling and will be cleaned.
W: Public-4008: [C:/CPLD/pango/2_Tieta_Feiteng/Tieta_Feiteng_2001_PGC7KD69MBG400/rtl/communication/uart_master.v(line number: 252)] Instance 'uart_master_u0/par_data_out[15]' of 'bmsWIDEDFFCPE' unit is dangling and will be cleaned.
W: Public-4008: [C:/CPLD/pango/2_Tieta_Feiteng/Tieta_Feiteng_2001_PGC7KD69MBG400/rtl/communication/uart_master.v(line number: 201)] Instance 'uart_master_u0/reg_par_data_out[11]' of 'bmsWIDEDFFRSE' unit is dangling and will be cleaned.
W: Public-4008: [C:/CPLD/pango/2_Tieta_Feiteng/Tieta_Feiteng_2001_PGC7KD69MBG400/rtl/communication/uart_master.v(line number: 201)] Instance 'uart_master_u0/reg_par_data_out[12]' of 'bmsWIDEDFFRSE' unit is dangling and will be cleaned.
W: Public-4008: [C:/CPLD/pango/2_Tieta_Feiteng/Tieta_Feiteng_2001_PGC7KD69MBG400/rtl/communication/uart_master.v(line number: 201)] Instance 'uart_master_u0/reg_par_data_out[13]' of 'bmsWIDEDFFRSE' unit is dangling and will be cleaned.
W: Public-4008: [C:/CPLD/pango/2_Tieta_Feiteng/Tieta_Feiteng_2001_PGC7KD69MBG400/rtl/communication/uart_master.v(line number: 201)] Instance 'uart_master_u0/reg_par_data_out[14]' of 'bmsWIDEDFFRSE' unit is dangling and will be cleaned.
W: Public-4008: [C:/CPLD/pango/2_Tieta_Feiteng/Tieta_Feiteng_2001_PGC7KD69MBG400/rtl/communication/uart_master.v(line number: 201)] Instance 'uart_master_u0/reg_par_data_out[15]' of 'bmsWIDEDFFRSE' unit is dangling and will be cleaned.
W: Public-4008: [C:/CPLD/pango/2_Tieta_Feiteng/Tieta_Feiteng_2001_PGC7KD69MBG400/rtl/communication/uart_master.v(line number: 201)] Instance 'uart_master_u0/reg_par_data_out[16]' of 'bmsWIDEDFFRSE' unit is dangling and will be cleaned.
W: Public-4008: [C:/CPLD/pango/2_Tieta_Feiteng/Tieta_Feiteng_2001_PGC7KD69MBG400/rtl/communication/uart_master.v(line number: 201)] Instance 'uart_master_u0/reg_par_data_out[17]' of 'bmsWIDEDFFRSE' unit is dangling and will be cleaned.
W: Public-4008: [C:/CPLD/pango/2_Tieta_Feiteng/Tieta_Feiteng_2001_PGC7KD69MBG400/rtl/communication/uart_master.v(line number: 201)] Instance 'uart_master_u0/reg_par_data_out[18]' of 'bmsWIDEDFFRSE' unit is dangling and will be cleaned.
W: Public-4008: [C:/CPLD/pango/2_Tieta_Feiteng/Tieta_Feiteng_2001_PGC7KD69MBG400/rtl/communication/uart_master.v(line number: 103)] Instance 'uart_master_u0/wait_time[2]' of 'bmsWIDEDFFCPE' unit is dangling and will be cleaned.
W: Public-4008: [C:/CPLD/pango/2_Tieta_Feiteng/Tieta_Feiteng_2001_PGC7KD69MBG400/rtl/communication/uart_master.v(line number: 103)] Instance 'uart_master_u0/wait_time[3]' of 'bmsWIDEDFFCPE' unit is dangling and will be cleaned.
W: Public-4008: [C:/CPLD/pango/2_Tieta_Feiteng/Tieta_Feiteng_2001_PGC7KD69MBG400/rtl/communication/uart_master.v(line number: 103)] Instance 'uart_master_u0/wait_time[4]' of 'bmsWIDEDFFCPE' unit is dangling and will be cleaned.
W: Public-4008: [C:/CPLD/pango/2_Tieta_Feiteng/Tieta_Feiteng_2001_PGC7KD69MBG400/rtl/communication/uart_master.v(line number: 201)] Instance 'uart_master_u12/reg_par_data_out[11]' of 'bmsWIDEDFFRSE' unit is dangling and will be cleaned.
W: Public-4008: [C:/CPLD/pango/2_Tieta_Feiteng/Tieta_Feiteng_2001_PGC7KD69MBG400/rtl/communication/uart_master.v(line number: 201)] Instance 'uart_master_u12/reg_par_data_out[12]' of 'bmsWIDEDFFRSE' unit is dangling and will be cleaned.
W: Public-4008: [C:/CPLD/pango/2_Tieta_Feiteng/Tieta_Feiteng_2001_PGC7KD69MBG400/rtl/communication/uart_master.v(line number: 201)] Instance 'uart_master_u12/reg_par_data_out[13]' of 'bmsWIDEDFFRSE' unit is dangling and will be cleaned.
W: Public-4008: [C:/CPLD/pango/2_Tieta_Feiteng/Tieta_Feiteng_2001_PGC7KD69MBG400/rtl/communication/uart_master.v(line number: 201)] Instance 'uart_master_u12/reg_par_data_out[14]' of 'bmsWIDEDFFRSE' unit is dangling and will be cleaned.
W: Public-4008: [C:/CPLD/pango/2_Tieta_Feiteng/Tieta_Feiteng_2001_PGC7KD69MBG400/rtl/communication/uart_master.v(line number: 201)] Instance 'uart_master_u12/reg_par_data_out[15]' of 'bmsWIDEDFFRSE' unit is dangling and will be cleaned.
W: Public-4008: [C:/CPLD/pango/2_Tieta_Feiteng/Tieta_Feiteng_2001_PGC7KD69MBG400/rtl/communication/uart_master.v(line number: 201)] Instance 'uart_master_u12/reg_par_data_out[16]' of 'bmsWIDEDFFRSE' unit is dangling and will be cleaned.
W: Public-4008: [C:/CPLD/pango/2_Tieta_Feiteng/Tieta_Feiteng_2001_PGC7KD69MBG400/rtl/communication/uart_master.v(line number: 201)] Instance 'uart_master_u12/reg_par_data_out[17]' of 'bmsWIDEDFFRSE' unit is dangling and will be cleaned.
W: Public-4008: [C:/CPLD/pango/2_Tieta_Feiteng/Tieta_Feiteng_2001_PGC7KD69MBG400/rtl/communication/uart_master.v(line number: 201)] Instance 'uart_master_u12/reg_par_data_out[18]' of 'bmsWIDEDFFRSE' unit is dangling and will be cleaned.
W: Public-4008: [C:/CPLD/pango/2_Tieta_Feiteng/Tieta_Feiteng_2001_PGC7KD69MBG400/rtl/communication/uart_master.v(line number: 252)] Instance 'uart_master_u1/par_data_out[8]' of 'bmsWIDEDFFCPE' unit is dangling and will be cleaned.
W: Public-4008: [C:/CPLD/pango/2_Tieta_Feiteng/Tieta_Feiteng_2001_PGC7KD69MBG400/rtl/communication/uart_master.v(line number: 252)] Instance 'uart_master_u1/par_data_out[9]' of 'bmsWIDEDFFCPE' unit is dangling and will be cleaned.
W: Public-4008: [C:/CPLD/pango/2_Tieta_Feiteng/Tieta_Feiteng_2001_PGC7KD69MBG400/rtl/communication/uart_master.v(line number: 252)] Instance 'uart_master_u1/par_data_out[10]' of 'bmsWIDEDFFCPE' unit is dangling and will be cleaned.
W: Public-4008: [C:/CPLD/pango/2_Tieta_Feiteng/Tieta_Feiteng_2001_PGC7KD69MBG400/rtl/communication/uart_master.v(line number: 252)] Instance 'uart_master_u1/par_data_out[11]' of 'bmsWIDEDFFCPE' unit is dangling and will be cleaned.
W: Public-4008: [C:/CPLD/pango/2_Tieta_Feiteng/Tieta_Feiteng_2001_PGC7KD69MBG400/rtl/communication/uart_master.v(line number: 252)] Instance 'uart_master_u1/par_data_out[12]' of 'bmsWIDEDFFCPE' unit is dangling and will be cleaned.
W: Public-4008: [C:/CPLD/pango/2_Tieta_Feiteng/Tieta_Feiteng_2001_PGC7KD69MBG400/rtl/communication/uart_master.v(line number: 252)] Instance 'uart_master_u1/par_data_out[13]' of 'bmsWIDEDFFCPE' unit is dangling and will be cleaned.
W: Public-4008: [C:/CPLD/pango/2_Tieta_Feiteng/Tieta_Feiteng_2001_PGC7KD69MBG400/rtl/communication/uart_master.v(line number: 252)] Instance 'uart_master_u1/par_data_out[14]' of 'bmsWIDEDFFCPE' unit is dangling and will be cleaned.
W: Public-4008: [C:/CPLD/pango/2_Tieta_Feiteng/Tieta_Feiteng_2001_PGC7KD69MBG400/rtl/communication/uart_master.v(line number: 252)] Instance 'uart_master_u1/par_data_out[15]' of 'bmsWIDEDFFCPE' unit is dangling and will be cleaned.
W: Public-4008: [C:/CPLD/pango/2_Tieta_Feiteng/Tieta_Feiteng_2001_PGC7KD69MBG400/rtl/communication/uart_master.v(line number: 201)] Instance 'uart_master_u1/reg_par_data_out[11]' of 'bmsWIDEDFFRSE' unit is dangling and will be cleaned.
W: Public-4008: [C:/CPLD/pango/2_Tieta_Feiteng/Tieta_Feiteng_2001_PGC7KD69MBG400/rtl/communication/uart_master.v(line number: 201)] Instance 'uart_master_u1/reg_par_data_out[12]' of 'bmsWIDEDFFRSE' unit is dangling and will be cleaned.
W: Public-4008: [C:/CPLD/pango/2_Tieta_Feiteng/Tieta_Feiteng_2001_PGC7KD69MBG400/rtl/communication/uart_master.v(line number: 201)] Instance 'uart_master_u1/reg_par_data_out[13]' of 'bmsWIDEDFFRSE' unit is dangling and will be cleaned.
W: Public-4008: [C:/CPLD/pango/2_Tieta_Feiteng/Tieta_Feiteng_2001_PGC7KD69MBG400/rtl/communication/uart_master.v(line number: 201)] Instance 'uart_master_u1/reg_par_data_out[14]' of 'bmsWIDEDFFRSE' unit is dangling and will be cleaned.
W: Public-4008: [C:/CPLD/pango/2_Tieta_Feiteng/Tieta_Feiteng_2001_PGC7KD69MBG400/rtl/communication/uart_master.v(line number: 201)] Instance 'uart_master_u1/reg_par_data_out[15]' of 'bmsWIDEDFFRSE' unit is dangling and will be cleaned.
W: Public-4008: [C:/CPLD/pango/2_Tieta_Feiteng/Tieta_Feiteng_2001_PGC7KD69MBG400/rtl/communication/uart_master.v(line number: 201)] Instance 'uart_master_u1/reg_par_data_out[16]' of 'bmsWIDEDFFRSE' unit is dangling and will be cleaned.
W: Public-4008: [C:/CPLD/pango/2_Tieta_Feiteng/Tieta_Feiteng_2001_PGC7KD69MBG400/rtl/communication/uart_master.v(line number: 201)] Instance 'uart_master_u1/reg_par_data_out[17]' of 'bmsWIDEDFFRSE' unit is dangling and will be cleaned.
W: Public-4008: [C:/CPLD/pango/2_Tieta_Feiteng/Tieta_Feiteng_2001_PGC7KD69MBG400/rtl/communication/uart_master.v(line number: 201)] Instance 'uart_master_u1/reg_par_data_out[18]' of 'bmsWIDEDFFRSE' unit is dangling and will be cleaned.
W: Public-4008: [C:/CPLD/pango/2_Tieta_Feiteng/Tieta_Feiteng_2001_PGC7KD69MBG400/rtl/communication/uart_master.v(line number: 103)] Instance 'uart_master_u1/wait_time[2]' of 'bmsWIDEDFFCPE' unit is dangling and will be cleaned.
W: Public-4008: [C:/CPLD/pango/2_Tieta_Feiteng/Tieta_Feiteng_2001_PGC7KD69MBG400/rtl/communication/uart_master.v(line number: 103)] Instance 'uart_master_u1/wait_time[3]' of 'bmsWIDEDFFCPE' unit is dangling and will be cleaned.
W: Public-4008: [C:/CPLD/pango/2_Tieta_Feiteng/Tieta_Feiteng_2001_PGC7KD69MBG400/rtl/communication/uart_master.v(line number: 103)] Instance 'uart_master_u1/wait_time[4]' of 'bmsWIDEDFFCPE' unit is dangling and will be cleaned.
W: Public-4008: [C:/CPLD/pango/2_Tieta_Feiteng/Tieta_Feiteng_2001_PGC7KD69MBG400/rtl/communication/uart_master.v(line number: 252)] Instance 'uart_master_u2/par_data_out[8]' of 'bmsWIDEDFFCPE' unit is dangling and will be cleaned.
W: Public-4008: [C:/CPLD/pango/2_Tieta_Feiteng/Tieta_Feiteng_2001_PGC7KD69MBG400/rtl/communication/uart_master.v(line number: 252)] Instance 'uart_master_u2/par_data_out[9]' of 'bmsWIDEDFFCPE' unit is dangling and will be cleaned.
W: Public-4008: [C:/CPLD/pango/2_Tieta_Feiteng/Tieta_Feiteng_2001_PGC7KD69MBG400/rtl/communication/uart_master.v(line number: 252)] Instance 'uart_master_u2/par_data_out[10]' of 'bmsWIDEDFFCPE' unit is dangling and will be cleaned.
W: Public-4008: [C:/CPLD/pango/2_Tieta_Feiteng/Tieta_Feiteng_2001_PGC7KD69MBG400/rtl/communication/uart_master.v(line number: 252)] Instance 'uart_master_u2/par_data_out[11]' of 'bmsWIDEDFFCPE' unit is dangling and will be cleaned.
W: Public-4008: [C:/CPLD/pango/2_Tieta_Feiteng/Tieta_Feiteng_2001_PGC7KD69MBG400/rtl/communication/uart_master.v(line number: 252)] Instance 'uart_master_u2/par_data_out[12]' of 'bmsWIDEDFFCPE' unit is dangling and will be cleaned.
W: Public-4008: [C:/CPLD/pango/2_Tieta_Feiteng/Tieta_Feiteng_2001_PGC7KD69MBG400/rtl/communication/uart_master.v(line number: 252)] Instance 'uart_master_u2/par_data_out[13]' of 'bmsWIDEDFFCPE' unit is dangling and will be cleaned.
W: Public-4008: [C:/CPLD/pango/2_Tieta_Feiteng/Tieta_Feiteng_2001_PGC7KD69MBG400/rtl/communication/uart_master.v(line number: 252)] Instance 'uart_master_u2/par_data_out[14]' of 'bmsWIDEDFFCPE' unit is dangling and will be cleaned.
W: Public-4008: [C:/CPLD/pango/2_Tieta_Feiteng/Tieta_Feiteng_2001_PGC7KD69MBG400/rtl/communication/uart_master.v(line number: 252)] Instance 'uart_master_u2/par_data_out[15]' of 'bmsWIDEDFFCPE' unit is dangling and will be cleaned.
W: Public-4008: [C:/CPLD/pango/2_Tieta_Feiteng/Tieta_Feiteng_2001_PGC7KD69MBG400/rtl/communication/uart_master.v(line number: 201)] Instance 'uart_master_u2/reg_par_data_out[11]' of 'bmsWIDEDFFRSE' unit is dangling and will be cleaned.
W: Public-4008: [C:/CPLD/pango/2_Tieta_Feiteng/Tieta_Feiteng_2001_PGC7KD69MBG400/rtl/communication/uart_master.v(line number: 201)] Instance 'uart_master_u2/reg_par_data_out[12]' of 'bmsWIDEDFFRSE' unit is dangling and will be cleaned.
W: Public-4008: [C:/CPLD/pango/2_Tieta_Feiteng/Tieta_Feiteng_2001_PGC7KD69MBG400/rtl/communication/uart_master.v(line number: 201)] Instance 'uart_master_u2/reg_par_data_out[13]' of 'bmsWIDEDFFRSE' unit is dangling and will be cleaned.
W: Public-4008: [C:/CPLD/pango/2_Tieta_Feiteng/Tieta_Feiteng_2001_PGC7KD69MBG400/rtl/communication/uart_master.v(line number: 201)] Instance 'uart_master_u2/reg_par_data_out[14]' of 'bmsWIDEDFFRSE' unit is dangling and will be cleaned.
W: Public-4008: [C:/CPLD/pango/2_Tieta_Feiteng/Tieta_Feiteng_2001_PGC7KD69MBG400/rtl/communication/uart_master.v(line number: 201)] Instance 'uart_master_u2/reg_par_data_out[15]' of 'bmsWIDEDFFRSE' unit is dangling and will be cleaned.
W: Public-4008: [C:/CPLD/pango/2_Tieta_Feiteng/Tieta_Feiteng_2001_PGC7KD69MBG400/rtl/communication/uart_master.v(line number: 201)] Instance 'uart_master_u2/reg_par_data_out[16]' of 'bmsWIDEDFFRSE' unit is dangling and will be cleaned.
W: Public-4008: [C:/CPLD/pango/2_Tieta_Feiteng/Tieta_Feiteng_2001_PGC7KD69MBG400/rtl/communication/uart_master.v(line number: 201)] Instance 'uart_master_u2/reg_par_data_out[17]' of 'bmsWIDEDFFRSE' unit is dangling and will be cleaned.
W: Public-4008: [C:/CPLD/pango/2_Tieta_Feiteng/Tieta_Feiteng_2001_PGC7KD69MBG400/rtl/communication/uart_master.v(line number: 201)] Instance 'uart_master_u2/reg_par_data_out[18]' of 'bmsWIDEDFFRSE' unit is dangling and will be cleaned.
W: Public-4008: [C:/CPLD/pango/2_Tieta_Feiteng/Tieta_Feiteng_2001_PGC7KD69MBG400/rtl/communication/uart_master.v(line number: 103)] Instance 'uart_master_u2/wait_time[2]' of 'bmsWIDEDFFCPE' unit is dangling and will be cleaned.
W: Public-4008: [C:/CPLD/pango/2_Tieta_Feiteng/Tieta_Feiteng_2001_PGC7KD69MBG400/rtl/communication/uart_master.v(line number: 103)] Instance 'uart_master_u2/wait_time[3]' of 'bmsWIDEDFFCPE' unit is dangling and will be cleaned.
W: Public-4008: [C:/CPLD/pango/2_Tieta_Feiteng/Tieta_Feiteng_2001_PGC7KD69MBG400/rtl/communication/uart_master.v(line number: 103)] Instance 'uart_master_u2/wait_time[4]' of 'bmsWIDEDFFCPE' unit is dangling and will be cleaned.
W: Public-4008: [C:/CPLD/pango/2_Tieta_Feiteng/Tieta_Feiteng_2001_PGC7KD69MBG400/rtl/communication/uart_master.v(line number: 252)] Instance 'uart_master_u3/par_data_out[8]' of 'bmsWIDEDFFCPE' unit is dangling and will be cleaned.
W: Public-4008: [C:/CPLD/pango/2_Tieta_Feiteng/Tieta_Feiteng_2001_PGC7KD69MBG400/rtl/communication/uart_master.v(line number: 252)] Instance 'uart_master_u3/par_data_out[9]' of 'bmsWIDEDFFCPE' unit is dangling and will be cleaned.
W: Public-4008: [C:/CPLD/pango/2_Tieta_Feiteng/Tieta_Feiteng_2001_PGC7KD69MBG400/rtl/communication/uart_master.v(line number: 252)] Instance 'uart_master_u3/par_data_out[10]' of 'bmsWIDEDFFCPE' unit is dangling and will be cleaned.
W: Public-4008: [C:/CPLD/pango/2_Tieta_Feiteng/Tieta_Feiteng_2001_PGC7KD69MBG400/rtl/communication/uart_master.v(line number: 252)] Instance 'uart_master_u3/par_data_out[11]' of 'bmsWIDEDFFCPE' unit is dangling and will be cleaned.
W: Public-4008: [C:/CPLD/pango/2_Tieta_Feiteng/Tieta_Feiteng_2001_PGC7KD69MBG400/rtl/communication/uart_master.v(line number: 252)] Instance 'uart_master_u3/par_data_out[12]' of 'bmsWIDEDFFCPE' unit is dangling and will be cleaned.
W: Public-4008: [C:/CPLD/pango/2_Tieta_Feiteng/Tieta_Feiteng_2001_PGC7KD69MBG400/rtl/communication/uart_master.v(line number: 252)] Instance 'uart_master_u3/par_data_out[13]' of 'bmsWIDEDFFCPE' unit is dangling and will be cleaned.
W: Public-4008: [C:/CPLD/pango/2_Tieta_Feiteng/Tieta_Feiteng_2001_PGC7KD69MBG400/rtl/communication/uart_master.v(line number: 252)] Instance 'uart_master_u3/par_data_out[14]' of 'bmsWIDEDFFCPE' unit is dangling and will be cleaned.
W: Public-4008: [C:/CPLD/pango/2_Tieta_Feiteng/Tieta_Feiteng_2001_PGC7KD69MBG400/rtl/communication/uart_master.v(line number: 252)] Instance 'uart_master_u3/par_data_out[15]' of 'bmsWIDEDFFCPE' unit is dangling and will be cleaned.
W: Public-4008: [C:/CPLD/pango/2_Tieta_Feiteng/Tieta_Feiteng_2001_PGC7KD69MBG400/rtl/communication/uart_master.v(line number: 201)] Instance 'uart_master_u3/reg_par_data_out[11]' of 'bmsWIDEDFFRSE' unit is dangling and will be cleaned.
W: Public-4008: [C:/CPLD/pango/2_Tieta_Feiteng/Tieta_Feiteng_2001_PGC7KD69MBG400/rtl/communication/uart_master.v(line number: 201)] Instance 'uart_master_u3/reg_par_data_out[12]' of 'bmsWIDEDFFRSE' unit is dangling and will be cleaned.
W: Public-4008: [C:/CPLD/pango/2_Tieta_Feiteng/Tieta_Feiteng_2001_PGC7KD69MBG400/rtl/communication/uart_master.v(line number: 201)] Instance 'uart_master_u3/reg_par_data_out[13]' of 'bmsWIDEDFFRSE' unit is dangling and will be cleaned.
W: Public-4008: [C:/CPLD/pango/2_Tieta_Feiteng/Tieta_Feiteng_2001_PGC7KD69MBG400/rtl/communication/uart_master.v(line number: 201)] Instance 'uart_master_u3/reg_par_data_out[14]' of 'bmsWIDEDFFRSE' unit is dangling and will be cleaned.
W: Public-4008: [C:/CPLD/pango/2_Tieta_Feiteng/Tieta_Feiteng_2001_PGC7KD69MBG400/rtl/communication/uart_master.v(line number: 201)] Instance 'uart_master_u3/reg_par_data_out[15]' of 'bmsWIDEDFFRSE' unit is dangling and will be cleaned.
W: Public-4008: [C:/CPLD/pango/2_Tieta_Feiteng/Tieta_Feiteng_2001_PGC7KD69MBG400/rtl/communication/uart_master.v(line number: 201)] Instance 'uart_master_u3/reg_par_data_out[16]' of 'bmsWIDEDFFRSE' unit is dangling and will be cleaned.
W: Public-4008: [C:/CPLD/pango/2_Tieta_Feiteng/Tieta_Feiteng_2001_PGC7KD69MBG400/rtl/communication/uart_master.v(line number: 201)] Instance 'uart_master_u3/reg_par_data_out[17]' of 'bmsWIDEDFFRSE' unit is dangling and will be cleaned.
W: Public-4008: [C:/CPLD/pango/2_Tieta_Feiteng/Tieta_Feiteng_2001_PGC7KD69MBG400/rtl/communication/uart_master.v(line number: 201)] Instance 'uart_master_u3/reg_par_data_out[18]' of 'bmsWIDEDFFRSE' unit is dangling and will be cleaned.
W: Public-4008: [C:/CPLD/pango/2_Tieta_Feiteng/Tieta_Feiteng_2001_PGC7KD69MBG400/rtl/communication/uart_master.v(line number: 103)] Instance 'uart_master_u3/wait_time[2]' of 'bmsWIDEDFFCPE' unit is dangling and will be cleaned.
W: Public-4008: [C:/CPLD/pango/2_Tieta_Feiteng/Tieta_Feiteng_2001_PGC7KD69MBG400/rtl/communication/uart_master.v(line number: 103)] Instance 'uart_master_u3/wait_time[3]' of 'bmsWIDEDFFCPE' unit is dangling and will be cleaned.
W: Public-4008: [C:/CPLD/pango/2_Tieta_Feiteng/Tieta_Feiteng_2001_PGC7KD69MBG400/rtl/communication/uart_master.v(line number: 103)] Instance 'uart_master_u3/wait_time[4]' of 'bmsWIDEDFFCPE' unit is dangling and will be cleaned.
W: Public-4008: [C:/CPLD/pango/2_Tieta_Feiteng/Tieta_Feiteng_2001_PGC7KD69MBG400/rtl/communication/uart_master.v(line number: 252)] Instance 'uart_master_u11/par_data_out[8]' of 'bmsWIDEDFFCPE' unit is dangling and will be cleaned.
W: Public-4008: [C:/CPLD/pango/2_Tieta_Feiteng/Tieta_Feiteng_2001_PGC7KD69MBG400/rtl/communication/uart_master.v(line number: 252)] Instance 'uart_master_u11/par_data_out[9]' of 'bmsWIDEDFFCPE' unit is dangling and will be cleaned.
W: Public-4008: [C:/CPLD/pango/2_Tieta_Feiteng/Tieta_Feiteng_2001_PGC7KD69MBG400/rtl/communication/uart_master.v(line number: 252)] Instance 'uart_master_u11/par_data_out[10]' of 'bmsWIDEDFFCPE' unit is dangling and will be cleaned.
W: Public-4008: [C:/CPLD/pango/2_Tieta_Feiteng/Tieta_Feiteng_2001_PGC7KD69MBG400/rtl/communication/uart_master.v(line number: 252)] Instance 'uart_master_u11/par_data_out[11]' of 'bmsWIDEDFFCPE' unit is dangling and will be cleaned.
W: Public-4008: [C:/CPLD/pango/2_Tieta_Feiteng/Tieta_Feiteng_2001_PGC7KD69MBG400/rtl/communication/uart_master.v(line number: 252)] Instance 'uart_master_u11/par_data_out[12]' of 'bmsWIDEDFFCPE' unit is dangling and will be cleaned.
W: Public-4008: [C:/CPLD/pango/2_Tieta_Feiteng/Tieta_Feiteng_2001_PGC7KD69MBG400/rtl/communication/uart_master.v(line number: 252)] Instance 'uart_master_u11/par_data_out[13]' of 'bmsWIDEDFFCPE' unit is dangling and will be cleaned.
W: Public-4008: [C:/CPLD/pango/2_Tieta_Feiteng/Tieta_Feiteng_2001_PGC7KD69MBG400/rtl/communication/uart_master.v(line number: 252)] Instance 'uart_master_u11/par_data_out[14]' of 'bmsWIDEDFFCPE' unit is dangling and will be cleaned.
W: Public-4008: [C:/CPLD/pango/2_Tieta_Feiteng/Tieta_Feiteng_2001_PGC7KD69MBG400/rtl/communication/uart_master.v(line number: 252)] Instance 'uart_master_u11/par_data_out[15]' of 'bmsWIDEDFFCPE' unit is dangling and will be cleaned.
W: Public-4008: [C:/CPLD/pango/2_Tieta_Feiteng/Tieta_Feiteng_2001_PGC7KD69MBG400/rtl/communication/uart_master.v(line number: 201)] Instance 'uart_master_u11/reg_par_data_out[11]' of 'bmsWIDEDFFRSE' unit is dangling and will be cleaned.
W: Public-4008: [C:/CPLD/pango/2_Tieta_Feiteng/Tieta_Feiteng_2001_PGC7KD69MBG400/rtl/communication/uart_master.v(line number: 201)] Instance 'uart_master_u11/reg_par_data_out[12]' of 'bmsWIDEDFFRSE' unit is dangling and will be cleaned.
W: Public-4008: [C:/CPLD/pango/2_Tieta_Feiteng/Tieta_Feiteng_2001_PGC7KD69MBG400/rtl/communication/uart_master.v(line number: 201)] Instance 'uart_master_u11/reg_par_data_out[13]' of 'bmsWIDEDFFRSE' unit is dangling and will be cleaned.
W: Public-4008: [C:/CPLD/pango/2_Tieta_Feiteng/Tieta_Feiteng_2001_PGC7KD69MBG400/rtl/communication/uart_master.v(line number: 201)] Instance 'uart_master_u11/reg_par_data_out[14]' of 'bmsWIDEDFFRSE' unit is dangling and will be cleaned.
W: Public-4008: [C:/CPLD/pango/2_Tieta_Feiteng/Tieta_Feiteng_2001_PGC7KD69MBG400/rtl/communication/uart_master.v(line number: 201)] Instance 'uart_master_u11/reg_par_data_out[15]' of 'bmsWIDEDFFRSE' unit is dangling and will be cleaned.
W: Public-4008: [C:/CPLD/pango/2_Tieta_Feiteng/Tieta_Feiteng_2001_PGC7KD69MBG400/rtl/communication/uart_master.v(line number: 201)] Instance 'uart_master_u11/reg_par_data_out[16]' of 'bmsWIDEDFFRSE' unit is dangling and will be cleaned.
W: Public-4008: [C:/CPLD/pango/2_Tieta_Feiteng/Tieta_Feiteng_2001_PGC7KD69MBG400/rtl/communication/uart_master.v(line number: 201)] Instance 'uart_master_u11/reg_par_data_out[17]' of 'bmsWIDEDFFRSE' unit is dangling and will be cleaned.
W: Public-4008: [C:/CPLD/pango/2_Tieta_Feiteng/Tieta_Feiteng_2001_PGC7KD69MBG400/rtl/communication/uart_master.v(line number: 201)] Instance 'uart_master_u11/reg_par_data_out[18]' of 'bmsWIDEDFFRSE' unit is dangling and will be cleaned.
W: Public-4008: [C:/CPLD/pango/2_Tieta_Feiteng/Tieta_Feiteng_2001_PGC7KD69MBG400/rtl/communication/uart_master.v(line number: 103)] Instance 'uart_master_u11/wait_time[2]' of 'bmsWIDEDFFCPE' unit is dangling and will be cleaned.
W: Public-4008: [C:/CPLD/pango/2_Tieta_Feiteng/Tieta_Feiteng_2001_PGC7KD69MBG400/rtl/communication/uart_master.v(line number: 103)] Instance 'uart_master_u11/wait_time[3]' of 'bmsWIDEDFFCPE' unit is dangling and will be cleaned.
W: Public-4008: [C:/CPLD/pango/2_Tieta_Feiteng/Tieta_Feiteng_2001_PGC7KD69MBG400/rtl/communication/uart_master.v(line number: 103)] Instance 'uart_master_u11/wait_time[4]' of 'bmsWIDEDFFCPE' unit is dangling and will be cleaned.
W: Public-4008: [C:/CPLD/pango/2_Tieta_Feiteng/Tieta_Feiteng_2001_PGC7KD69MBG400/rtl/i2c/bmc_cpld_i2c_ram.v(line number: 44)] Instance 'bmc_cpld_i2c_ram_u1/r_i2c_data_in[1]' of 'bmsWIDEDFFCPE' unit is dangling and will be cleaned.
W: Public-4008: [C:/CPLD/pango/2_Tieta_Feiteng/Tieta_Feiteng_2001_PGC7KD69MBG400/rtl/i2c/bmc_cpld_i2c_ram.v(line number: 44)] Instance 'bmc_cpld_i2c_ram_u1/r_i2c_data_in[2]' of 'bmsWIDEDFFCPE' unit is dangling and will be cleaned.
W: Public-4008: [C:/CPLD/pango/2_Tieta_Feiteng/Tieta_Feiteng_2001_PGC7KD69MBG400/rtl/i2c/bmc_cpld_i2c_ram.v(line number: 44)] Instance 'bmc_cpld_i2c_ram_u1/r_i2c_data_in[3]' of 'bmsWIDEDFFCPE' unit is dangling and will be cleaned.
W: Public-4008: [C:/CPLD/pango/2_Tieta_Feiteng/Tieta_Feiteng_2001_PGC7KD69MBG400/rtl/i2c/bmc_cpld_i2c_ram.v(line number: 44)] Instance 'bmc_cpld_i2c_ram_u1/r_i2c_data_in[4]' of 'bmsWIDEDFFCPE' unit is dangling and will be cleaned.
W: Public-4008: [C:/CPLD/pango/2_Tieta_Feiteng/Tieta_Feiteng_2001_PGC7KD69MBG400/rtl/i2c/bmc_cpld_i2c_ram.v(line number: 44)] Instance 'bmc_cpld_i2c_ram_u1/r_i2c_data_in[5]' of 'bmsWIDEDFFCPE' unit is dangling and will be cleaned.
W: Public-4008: [C:/CPLD/pango/2_Tieta_Feiteng/Tieta_Feiteng_2001_PGC7KD69MBG400/rtl/i2c/bmc_cpld_i2c_ram.v(line number: 44)] Instance 'bmc_cpld_i2c_ram_u1/r_i2c_data_in[6]' of 'bmsWIDEDFFCPE' unit is dangling and will be cleaned.
W: Public-4008: [C:/CPLD/pango/2_Tieta_Feiteng/Tieta_Feiteng_2001_PGC7KD69MBG400/rtl/i2c/bmc_cpld_i2c_ram.v(line number: 44)] Instance 'bmc_cpld_i2c_ram_u1/r_i2c_data_in[7]' of 'bmsWIDEDFFCPE' unit is dangling and will be cleaned.
W: Public-4008: [C:/CPLD/pango/4_Tieta_Feiteng/Tieta_Feiteng_2001_PGC7KD69MBG400/rtl/i2c/i2c_slave_bmc.v(line number: 152)] Instance 'bmc_cpld_i2c_ram_u1/i2c_slave_bmc_u1/r_i2c_command[0]' of 'bmsWIDEDFFCPE' unit is dangling and will be cleaned.
W: Public-4008: [C:/CPLD/pango/4_Tieta_Feiteng/Tieta_Feiteng_2001_PGC7KD69MBG400/rtl/i2c/i2c_slave_bmc.v(line number: 182)] Instance 'bmc_cpld_i2c_ram_u1/i2c_slave_bmc_u1/r_i2c_data_in[1]' of 'bmsWIDEDFFCPE' unit is dangling and will be cleaned.
W: Public-4008: [C:/CPLD/pango/4_Tieta_Feiteng/Tieta_Feiteng_2001_PGC7KD69MBG400/rtl/i2c/i2c_slave_bmc.v(line number: 182)] Instance 'bmc_cpld_i2c_ram_u1/i2c_slave_bmc_u1/r_i2c_data_in[2]' of 'bmsWIDEDFFCPE' unit is dangling and will be cleaned.
W: Public-4008: [C:/CPLD/pango/4_Tieta_Feiteng/Tieta_Feiteng_2001_PGC7KD69MBG400/rtl/i2c/i2c_slave_bmc.v(line number: 182)] Instance 'bmc_cpld_i2c_ram_u1/i2c_slave_bmc_u1/r_i2c_data_in[3]' of 'bmsWIDEDFFCPE' unit is dangling and will be cleaned.
W: Public-4008: [C:/CPLD/pango/4_Tieta_Feiteng/Tieta_Feiteng_2001_PGC7KD69MBG400/rtl/i2c/i2c_slave_bmc.v(line number: 182)] Instance 'bmc_cpld_i2c_ram_u1/i2c_slave_bmc_u1/r_i2c_data_in[4]' of 'bmsWIDEDFFCPE' unit is dangling and will be cleaned.
W: Public-4008: [C:/CPLD/pango/4_Tieta_Feiteng/Tieta_Feiteng_2001_PGC7KD69MBG400/rtl/i2c/i2c_slave_bmc.v(line number: 182)] Instance 'bmc_cpld_i2c_ram_u1/i2c_slave_bmc_u1/r_i2c_data_in[5]' of 'bmsWIDEDFFCPE' unit is dangling and will be cleaned.
W: Public-4008: [C:/CPLD/pango/4_Tieta_Feiteng/Tieta_Feiteng_2001_PGC7KD69MBG400/rtl/i2c/i2c_slave_bmc.v(line number: 182)] Instance 'bmc_cpld_i2c_ram_u1/i2c_slave_bmc_u1/r_i2c_data_in[6]' of 'bmsWIDEDFFCPE' unit is dangling and will be cleaned.
W: Public-4008: [C:/CPLD/pango/4_Tieta_Feiteng/Tieta_Feiteng_2001_PGC7KD69MBG400/rtl/i2c/i2c_slave_bmc.v(line number: 182)] Instance 'bmc_cpld_i2c_ram_u1/i2c_slave_bmc_u1/r_i2c_data_in[7]' of 'bmsWIDEDFFCPE' unit is dangling and will be cleaned.
W: Public-4008: [C:/CPLD/pango/4_Tieta_Feiteng/Tieta_Feiteng_2001_PGC7KD69MBG400/rtl/i2c/i2c_slave_basic0.v(line number: 275)] Instance 'bmc_cpld_i2c_ram_u1/i2c_slave_bmc_u1/i2c_slave_basic0_u0/r_data_in[2]' of 'bmsWIDEDFFCPE' unit is dangling and will be cleaned.
W: Public-4008: [C:/CPLD/pango/4_Tieta_Feiteng/Tieta_Feiteng_2001_PGC7KD69MBG400/rtl/i2c/i2c_slave_basic0.v(line number: 275)] Instance 'bmc_cpld_i2c_ram_u1/i2c_slave_bmc_u1/i2c_slave_basic0_u0/r_data_in[3]' of 'bmsWIDEDFFCPE' unit is dangling and will be cleaned.
W: Public-4008: [C:/CPLD/pango/4_Tieta_Feiteng/Tieta_Feiteng_2001_PGC7KD69MBG400/rtl/i2c/i2c_slave_basic0.v(line number: 275)] Instance 'bmc_cpld_i2c_ram_u1/i2c_slave_bmc_u1/i2c_slave_basic0_u0/r_data_in[4]' of 'bmsWIDEDFFCPE' unit is dangling and will be cleaned.
W: Public-4008: [C:/CPLD/pango/4_Tieta_Feiteng/Tieta_Feiteng_2001_PGC7KD69MBG400/rtl/i2c/i2c_slave_basic0.v(line number: 275)] Instance 'bmc_cpld_i2c_ram_u1/i2c_slave_bmc_u1/i2c_slave_basic0_u0/r_data_in[5]' of 'bmsWIDEDFFCPE' unit is dangling and will be cleaned.
W: Public-4008: [C:/CPLD/pango/4_Tieta_Feiteng/Tieta_Feiteng_2001_PGC7KD69MBG400/rtl/i2c/i2c_slave_basic0.v(line number: 275)] Instance 'bmc_cpld_i2c_ram_u1/i2c_slave_bmc_u1/i2c_slave_basic0_u0/r_data_in[6]' of 'bmsWIDEDFFCPE' unit is dangling and will be cleaned.
W: Public-4008: [C:/CPLD/pango/4_Tieta_Feiteng/Tieta_Feiteng_2001_PGC7KD69MBG400/rtl/i2c/i2c_slave_basic0.v(line number: 275)] Instance 'bmc_cpld_i2c_ram_u1/i2c_slave_bmc_u1/i2c_slave_basic0_u0/r_data_in[7]' of 'bmsWIDEDFFCPE' unit is dangling and will be cleaned.
I: Removed bmsWIDEDFFCPE inst pon_reset_inst/reset2_reg[0] that is redundant to pon_reset_inst/reset1_reg[0]
I: Removed bmsWIDEDFFCPE inst pon_reset_inst/reset2_reg[1] that is redundant to pon_reset_inst/reset1_reg[1]
I: Removed bmsWIDEDFFCPE inst pon_reset_inst/reset2_reg[2] that is redundant to pon_reset_inst/reset1_reg[2]
C: Adm-2003: [C:/CPLD/pango/4_Tieta_Feiteng/Tieta_Feiteng_2001_PGC7KD69MBG400/rtl/i2c/i2c_slave_basic0.v(line number:136)] Register bmc_cpld_i2c_ram_u1/i2c_slave_bmc_u1/i2c_slave_basic0_u0/r_sampledData_scl_q[0] has dual asynchronous reset and set, this is not a recommended register coding style.
C: Adm-2003: [C:/CPLD/pango/4_Tieta_Feiteng/Tieta_Feiteng_2001_PGC7KD69MBG400/rtl/i2c/i2c_slave_basic0.v(line number:136)] Register bmc_cpld_i2c_ram_u1/i2c_slave_bmc_u1/i2c_slave_basic0_u0/r_sampledData_scl_q[1] has dual asynchronous reset and set, this is not a recommended register coding style.
C: Adm-2003: [C:/CPLD/pango/4_Tieta_Feiteng/Tieta_Feiteng_2001_PGC7KD69MBG400/rtl/i2c/i2c_slave_basic0.v(line number:136)] Register bmc_cpld_i2c_ram_u1/i2c_slave_bmc_u1/i2c_slave_basic0_u0/r_sampledData_scl_q[2] has dual asynchronous reset and set, this is not a recommended register coding style.
C: Adm-2003: [C:/CPLD/pango/4_Tieta_Feiteng/Tieta_Feiteng_2001_PGC7KD69MBG400/rtl/i2c/i2c_slave_basic0.v(line number:165)] Register bmc_cpld_i2c_ram_u1/i2c_slave_bmc_u1/i2c_slave_basic0_u0/r_sampledData_sda_q[0] has dual asynchronous reset and set, this is not a recommended register coding style.
C: Adm-2003: [C:/CPLD/pango/4_Tieta_Feiteng/Tieta_Feiteng_2001_PGC7KD69MBG400/rtl/i2c/i2c_slave_basic0.v(line number:165)] Register bmc_cpld_i2c_ram_u1/i2c_slave_bmc_u1/i2c_slave_basic0_u0/r_sampledData_sda_q[1] has dual asynchronous reset and set, this is not a recommended register coding style.
C: Adm-2003: [C:/CPLD/pango/4_Tieta_Feiteng/Tieta_Feiteng_2001_PGC7KD69MBG400/rtl/i2c/i2c_slave_basic0.v(line number:165)] Register bmc_cpld_i2c_ram_u1/i2c_slave_bmc_u1/i2c_slave_basic0_u0/r_sampledData_sda_q[2] has dual asynchronous reset and set, this is not a recommended register coding style.
I: Removed GTP_DFF_CE inst bmc_cpld_i2c_ram_u1/i2c_slave_bmc_u1/i2c_slave_basic0_u0/r_sampledData_scl_q_sel_1 that is redundant to bmc_cpld_i2c_ram_u1/i2c_slave_bmc_u1/i2c_slave_basic0_u0/r_sampledData_scl_q_sel
I: Removed GTP_DFF_CE inst bmc_cpld_i2c_ram_u1/i2c_slave_bmc_u1/i2c_slave_basic0_u0/r_sampledData_scl_q_sel_2 that is redundant to bmc_cpld_i2c_ram_u1/i2c_slave_bmc_u1/i2c_slave_basic0_u0/r_sampledData_scl_q_sel
I: Removed GTP_DFF_CE inst bmc_cpld_i2c_ram_u1/i2c_slave_bmc_u1/i2c_slave_basic0_u0/r_sampledData_sda_q_sel_1 that is redundant to bmc_cpld_i2c_ram_u1/i2c_slave_bmc_u1/i2c_slave_basic0_u0/r_sampledData_sda_q_sel
I: Removed GTP_DFF_CE inst bmc_cpld_i2c_ram_u1/i2c_slave_bmc_u1/i2c_slave_basic0_u0/r_sampledData_sda_q_sel_2 that is redundant to bmc_cpld_i2c_ram_u1/i2c_slave_bmc_u1/i2c_slave_basic0_u0/r_sampledData_sda_q_sel
I: Removed GTP_DLATCH_C inst bmc_cpld_i2c_ram_u1/i2c_slave_bmc_u1/i2c_slave_basic0_u0/r_sampledData_scl_q_cp_1 that is redundant to bmc_cpld_i2c_ram_u1/i2c_slave_bmc_u1/i2c_slave_basic0_u0/r_sampledData_scl_q_cp
I: Removed GTP_DLATCH_C inst bmc_cpld_i2c_ram_u1/i2c_slave_bmc_u1/i2c_slave_basic0_u0/r_sampledData_scl_q_cp_2 that is redundant to bmc_cpld_i2c_ram_u1/i2c_slave_bmc_u1/i2c_slave_basic0_u0/r_sampledData_scl_q_cp
I: Removed GTP_DLATCH_C inst bmc_cpld_i2c_ram_u1/i2c_slave_bmc_u1/i2c_slave_basic0_u0/r_sampledData_sda_q_cp_1 that is redundant to bmc_cpld_i2c_ram_u1/i2c_slave_bmc_u1/i2c_slave_basic0_u0/r_sampledData_sda_q_cp
I: Removed GTP_DLATCH_C inst bmc_cpld_i2c_ram_u1/i2c_slave_bmc_u1/i2c_slave_basic0_u0/r_sampledData_sda_q_cp_2 that is redundant to bmc_cpld_i2c_ram_u1/i2c_slave_bmc_u1/i2c_slave_basic0_u0/r_sampledData_sda_q_cp
Executing : tech-mapping phase 1 successfully. Time elapsed: 0.302s wall, 0.313s user + 0.000s system = 0.313s CPU (103.5%)

Start tech-mapping phase 2.
Executing : tech-mapping phase 2 successfully. Time elapsed: 2.022s wall, 1.859s user + 0.328s system = 2.188s CPU (108.2%)

Start tech-optimization.
Executing : tech-optimization successfully. Time elapsed: 0.346s wall, 0.422s user + 0.094s system = 0.516s CPU (148.9%)

Start phys-optimization.
Executing : phys-optimization successfully. Time elapsed: 0.000s wall, 0.000s user + 0.000s system = 0.000s CPU (n/a%)

Start restore-hierarchy.
Executing : restore-hierarchy successfully. Time elapsed: 0.236s wall, 0.234s user + 0.000s system = 0.234s CPU (99.3%)


Cell Usage:
GTP_DFF                       9 uses
GTP_DFF_C                   240 uses
GTP_DFF_CE                 2122 uses
GTP_DFF_E                    88 uses
GTP_DFF_P                    97 uses
GTP_DFF_PE                   40 uses
GTP_DLATCH                   16 uses
GTP_DLATCH_C                  2 uses
GTP_GRS                       1 use
GTP_INV                       2 uses
GTP_LUT1                     26 uses
GTP_LUT2                     73 uses
GTP_LUT3                    183 uses
GTP_LUT4                   1036 uses
GTP_LUT5                    373 uses
GTP_LUT5CARRY               184 uses
GTP_LUT5M                   166 uses
GTP_MUX2LUT6                 47 uses
GTP_MUX2LUT7                  9 uses
GTP_MUX2LUT8                  1 use
GTP_PLL_E2                    1 use

I/O ports: 287
GTP_INBUF                 166 uses
GTP_IOBUF                   9 uses
GTP_OUTBUF                 80 uses
GTP_OUTBUFT                32 uses

Mapping Summary:
Total LUTs: 2041 of 5920 (34.48%)
	LUTs as dram: 0 of 3552 (0.00%)
	LUTs as logic: 2041
Total Registers: 2596 of 8880 (29.23%)
Total Latches: 18

DRM9K:
Total DRM9Ks = 0 of 26 (0.00%)

Total I/O ports = 287 of 336 (85.42%)


Overview of Control Sets:

Number of unique control sets : 100

Histogram:
**************************************************************
  Fanout      | Count    | Sync Set/Reset    Async Set/Reset
--------------------------------------------------------------
  [0, 2)      | 6        | 2                 4
  [2, 4)      | 35       | 1                 34
  [4, 6)      | 8        | 0                 8
  [6, 8)      | 9        | 0                 9
  [8, 10)     | 23       | 1                 22
  [10, 12)    | 1        | 0                 1
  [12, 14)    | 0        | 0                 0
  [14, 16)    | 7        | 6                 1
  [16, Inf)   | 11       | 0                 11
--------------------------------------------------------------
  The maximum fanout: 512
==============================================================

Flip-Flop Distribution:
************************************************************************
  Clock Enable    Sync Set/Reset    Async Set/Reset    Total Registers
------------------------------------------------------------------------
  NO              NO                NO                 9
  NO              NO                YES                337
  NO              YES               NO                 0
  YES             NO                NO                 88
  YES             NO                YES                2162
  YES             YES               NO                 0
========================================================================

Latch Distribution:
************************************************
  Gate Enable    Preset/Clear    Total Latches
************************************************
  NO             NO              16
  NO             YES             2
  YES            NO              0
  YES            YES             0
************************************************

Design 'Tieta_Feiteng_2001_top' has been successfully synthesized to architecture-specific objects.
Saving design to DB.
Action synthesize: Export DB successfully.
Saving design to Tieta_Feiteng_2001_top_syn.vm
Constructing timing graph ...
Timing graph has been constructed successfully
C: STA-3009: The clock clk_25m is not connected to any clock endpoints,it will be treated as a normal port or pin.
W: STA-3011: Clock pin 'bmc_cpld_i2c_ram_u1/i2c_slave_bmc_u1/i2c_slave_basic0_u0/r_sampledData_scl_q_cp/G' (GTP_DLATCH_C.G) has no clock, timing propagation is disabled at the pin.
W: STA-3011: Clock pin 'bmc_cpld_i2c_ram_u1/i2c_slave_bmc_u1/i2c_slave_basic0_u0/r_sampledData_sda_q_cp/G' (GTP_DLATCH_C.G) has no clock, timing propagation is disabled at the pin.
W: STA-3011: Clock pin 'bmc_cpld_i2c_ram_u1/i2c_slave_bmc_u1/w_i2c_command[0]/G' (GTP_DLATCH.G) has no clock, timing propagation is disabled at the pin.
W: STA-3011: Clock pin 'bmc_cpld_i2c_ram_u1/i2c_slave_bmc_u1/w_i2c_command[1]/G' (GTP_DLATCH.G) has no clock, timing propagation is disabled at the pin.
W: STA-3011: Clock pin 'bmc_cpld_i2c_ram_u1/i2c_slave_bmc_u1/w_i2c_command[2]/G' (GTP_DLATCH.G) has no clock, timing propagation is disabled at the pin.
W: STA-3011: Clock pin 'bmc_cpld_i2c_ram_u1/i2c_slave_bmc_u1/w_i2c_command[3]/G' (GTP_DLATCH.G) has no clock, timing propagation is disabled at the pin.
W: STA-3011: Clock pin 'bmc_cpld_i2c_ram_u1/i2c_slave_bmc_u1/w_i2c_command[4]/G' (GTP_DLATCH.G) has no clock, timing propagation is disabled at the pin.
W: STA-3011: Clock pin 'bmc_cpld_i2c_ram_u1/i2c_slave_bmc_u1/w_i2c_command[5]/G' (GTP_DLATCH.G) has no clock, timing propagation is disabled at the pin.
W: STA-3011: Clock pin 'bmc_cpld_i2c_ram_u1/i2c_slave_bmc_u1/w_i2c_command[6]/G' (GTP_DLATCH.G) has no clock, timing propagation is disabled at the pin.
W: STA-3011: Clock pin 'bmc_cpld_i2c_ram_u1/i2c_slave_bmc_u1/w_i2c_command[7]/G' (GTP_DLATCH.G) has no clock, timing propagation is disabled at the pin.
W: STA-3011: Clock pin 'bmc_cpld_i2c_ram_u1/i2c_slave_bmc_u1/w_i2c_command[8]/G' (GTP_DLATCH.G) has no clock, timing propagation is disabled at the pin.
W: STA-3011: Clock pin 'bmc_cpld_i2c_ram_u1/i2c_slave_bmc_u1/w_i2c_command[9]/G' (GTP_DLATCH.G) has no clock, timing propagation is disabled at the pin.
W: STA-3011: Clock pin 'bmc_cpld_i2c_ram_u1/i2c_slave_bmc_u1/w_i2c_command[10]/G' (GTP_DLATCH.G) has no clock, timing propagation is disabled at the pin.
W: STA-3011: Clock pin 'bmc_cpld_i2c_ram_u1/i2c_slave_bmc_u1/w_i2c_command[11]/G' (GTP_DLATCH.G) has no clock, timing propagation is disabled at the pin.
W: STA-3011: Clock pin 'bmc_cpld_i2c_ram_u1/i2c_slave_bmc_u1/w_i2c_command[12]/G' (GTP_DLATCH.G) has no clock, timing propagation is disabled at the pin.
W: STA-3011: Clock pin 'bmc_cpld_i2c_ram_u1/i2c_slave_bmc_u1/w_i2c_command[13]/G' (GTP_DLATCH.G) has no clock, timing propagation is disabled at the pin.
W: STA-3011: Clock pin 'bmc_cpld_i2c_ram_u1/i2c_slave_bmc_u1/w_i2c_command[14]/G' (GTP_DLATCH.G) has no clock, timing propagation is disabled at the pin.
W: STA-3011: Clock pin 'bmc_cpld_i2c_ram_u1/i2c_slave_bmc_u1/w_i2c_command[15]/G' (GTP_DLATCH.G) has no clock, timing propagation is disabled at the pin.
W: Timing-4086: Port 'io_BMC_I2C3_PAL_S_SDA1_R' is not constrained, it is treated as combinational input.
W: Timing-4087: Port 'io_BMC_I2C3_PAL_S_SDA1_R' is not constrained, it is treated as combinational output.
W: Timing-4086: Port 'io_CPU0_D0_I2C1_PE_STRAP_SDA' is not constrained, it is treated as combinational input.
W: Timing-4087: Port 'io_CPU0_D0_I2C1_PE_STRAP_SDA' is not constrained, it is treated as combinational output.
W: Timing-4087: Port 'io_CPU1_D0_I2C1_PE_STRAP_SDA' is not constrained, it is treated as combinational output.
W: Timing-4086: Port 'io_MCIO_PWR_EN0_R' is not constrained, it is treated as combinational input.
W: Timing-4087: Port 'io_MCIO_PWR_EN0_R' is not constrained, it is treated as combinational output.
W: Timing-4086: Port 'io_MCIO_PWR_EN2_R' is not constrained, it is treated as combinational input.
W: Timing-4087: Port 'io_MCIO_PWR_EN2_R' is not constrained, it is treated as combinational output.
W: Timing-4086: Port 'io_MCIO_PWR_EN3_R' is not constrained, it is treated as combinational input.
W: Timing-4087: Port 'io_MCIO_PWR_EN3_R' is not constrained, it is treated as combinational output.
W: Timing-4086: Port 'io_MCIO_PWR_EN5_R' is not constrained, it is treated as combinational input.
W: Timing-4087: Port 'io_MCIO_PWR_EN5_R' is not constrained, it is treated as combinational output.
W: Timing-4086: Port 'io_MCIO_PWR_EN7_R' is not constrained, it is treated as combinational input.
W: Timing-4087: Port 'io_MCIO_PWR_EN7_R' is not constrained, it is treated as combinational output.
W: Timing-4086: Port 'io_MCIO_PWR_EN8_R' is not constrained, it is treated as combinational input.
W: Timing-4087: Port 'io_MCIO_PWR_EN8_R' is not constrained, it is treated as combinational output.
W: Timing-4087: Port 'o_CPLD_M_S_EXCHANGE_S2' is not constrained, it is treated as combinational output.
W: Timing-4087: Port 'o_CPLD_M_S_SGPIO1_MISO_R' is not constrained, it is treated as combinational output.
W: Timing-4087: Port 'o_CPLD_M_S_SGPIO_MISO_R' is not constrained, it is treated as combinational output.
W: Timing-4087: Port 'o_CPU0_D0_UART1_RX' is not constrained, it is treated as combinational output.
W: Timing-4087: Port 'o_CPU0_D0_UART_SIN' is not constrained, it is treated as combinational output.
W: Timing-4087: Port 'o_CPU0_D1_UART1_RX' is not constrained, it is treated as combinational output.
W: Timing-4087: Port 'o_CPU0_RISER1_9548_RST_N_R' is not constrained, it is treated as combinational output.
W: Timing-4087: Port 'o_CPU1_D0_UART1_RX' is not constrained, it is treated as combinational output.
W: Timing-4087: Port 'o_CPU1_D0_UART_SIN' is not constrained, it is treated as combinational output.
W: Timing-4087: Port 'o_CPU1_D1_UART1_RX' is not constrained, it is treated as combinational output.
W: Timing-4087: Port 'o_CPU1_RISER2_9548_RST_N_R' is not constrained, it is treated as combinational output.
W: Timing-4087: Port 'o_CPU_MCIO0_GPU_THROTTLE_N_R' is not constrained, it is treated as combinational output.
W: Timing-4087: Port 'o_CPU_MCIO2_GPU_THROTTLE_N_R' is not constrained, it is treated as combinational output.
W: Timing-4087: Port 'o_CPU_MCIO3_GPU_THROTTLE_N_R' is not constrained, it is treated as combinational output.
W: Timing-4087: Port 'o_CPU_MCIO5_GPU_THROTTLE_N_R' is not constrained, it is treated as combinational output.
W: Timing-4087: Port 'o_CPU_MCIO7_GPU_THROTTLE_N_R' is not constrained, it is treated as combinational output.
W: Timing-4087: Port 'o_CPU_MCIO8_GPU_THROTTLE_N_R' is not constrained, it is treated as combinational output.
W: Timing-4087: Port 'o_DB9_TOD_UART_TX' is not constrained, it is treated as combinational output.
W: Timing-4087: Port 'o_DBG_CPU0_UART1_TX_CONN_R' is not constrained, it is treated as combinational output.
W: Timing-4087: Port 'o_DBG_PAL_BMC_UART1_TX_CONN_R' is not constrained, it is treated as combinational output.
W: Timing-4087: Port 'o_DB_UART_TX_R' is not constrained, it is treated as combinational output.
W: Timing-4087: Port 'o_JACK_CPU0_D0_UART_SOUT' is not constrained, it is treated as combinational output.
W: Timing-4087: Port 'o_JACK_CPU0_UART1_TX' is not constrained, it is treated as combinational output.
W: Timing-4087: Port 'o_JACK_CPU1_D0_UART_SOUT' is not constrained, it is treated as combinational output.
W: Timing-4087: Port 'o_JACK_CPU1_UART1_TX' is not constrained, it is treated as combinational output.
W: Timing-4087: Port 'o_LEAR_CPU0_UART1_TX' is not constrained, it is treated as combinational output.
W: Timing-4087: Port 'o_LED1_N' is not constrained, it is treated as combinational output.
W: Timing-4087: Port 'o_LED2_N' is not constrained, it is treated as combinational output.
W: Timing-4087: Port 'o_LED3_N' is not constrained, it is treated as combinational output.
W: Timing-4087: Port 'o_LED4_N' is not constrained, it is treated as combinational output.
W: Timing-4087: Port 'o_LED5_N' is not constrained, it is treated as combinational output.
W: Timing-4087: Port 'o_LED6_N' is not constrained, it is treated as combinational output.
W: Timing-4087: Port 'o_LED7_N' is not constrained, it is treated as combinational output.
W: Timing-4087: Port 'o_LED8_N' is not constrained, it is treated as combinational output.
W: Timing-4087: Port 'o_MCIO11_RISER1_PERST2_N' is not constrained, it is treated as combinational output.
W: Timing-4087: Port 'o_P5V_USB2_EN' is not constrained, it is treated as combinational output.
W: Timing-4087: Port 'o_PAL_BMC_SS_CLK' is not constrained, it is treated as combinational output.
W: Timing-4087: Port 'o_PAL_BMC_SS_DATA_OUT' is not constrained, it is treated as combinational output.
W: Timing-4087: Port 'o_PAL_BMC_SS_LOAD_N' is not constrained, it is treated as combinational output.
W: Timing-4087: Port 'o_PAL_BMC_UART1_RX' is not constrained, it is treated as combinational output.
W: Timing-4087: Port 'o_PAL_BMC_UART4_RX' is not constrained, it is treated as combinational output.
W: Timing-4087: Port 'o_PAL_CK440_OE_N_R' is not constrained, it is treated as combinational output.
W: Timing-4087: Port 'o_PAL_CPU0_I3C_SPD_SEL' is not constrained, it is treated as combinational output.
W: Timing-4087: Port 'o_PAL_CPU1_I3C_SPD_SEL' is not constrained, it is treated as combinational output.
W: Timing-4087: Port 'o_PAL_DB800_1_OE_N_R' is not constrained, it is treated as combinational output.
W: Timing-4087: Port 'o_PAL_DB800_1_PD_R' is not constrained, it is treated as combinational output.
W: Timing-4087: Port 'o_PAL_DB2000_1_OE_N_R' is not constrained, it is treated as combinational output.
W: Timing-4087: Port 'o_PAL_DB2000_1_PD_R' is not constrained, it is treated as combinational output.
W: Timing-4087: Port 'o_PAL_GPU1_EFUSE_EN_R' is not constrained, it is treated as combinational output.
W: Timing-4087: Port 'o_PAL_GPU2_EFUSE_EN_R' is not constrained, it is treated as combinational output.
W: Timing-4087: Port 'o_PAL_GPU3_EFUSE_EN_R' is not constrained, it is treated as combinational output.
W: Timing-4087: Port 'o_PAL_GPU4_EFUSE_EN_R' is not constrained, it is treated as combinational output.
W: Timing-4087: Port 'o_PAL_LED_HEL_GR_R' is not constrained, it is treated as combinational output.
W: Timing-4087: Port 'o_PAL_LED_HEL_RED_R' is not constrained, it is treated as combinational output.
W: Timing-4087: Port 'o_PAL_LED_PWRBTN_AMB_R' is not constrained, it is treated as combinational output.
W: Timing-4087: Port 'o_PAL_LED_PWRBTN_GR_R' is not constrained, it is treated as combinational output.
W: Timing-4087: Port 'o_PAL_LED_UID_R' is not constrained, it is treated as combinational output.
W: Timing-4087: Port 'o_PAL_M2_0_PERST_N_R' is not constrained, it is treated as combinational output.
W: Timing-4087: Port 'o_PAL_M2_1_PERST_N_R' is not constrained, it is treated as combinational output.
W: Timing-4087: Port 'o_PAL_M2_PWR_EN_R' is not constrained, it is treated as combinational output.
W: Timing-4087: Port 'o_PAL_OCP_NCSI_CLK_50M_R' is not constrained, it is treated as combinational output.
W: Timing-4087: Port 'o_PAL_OCP_NCSI_SW_EN_N_R' is not constrained, it is treated as combinational output.
W: Timing-4087: Port 'o_PAL_P1V1_STBY_EN_R' is not constrained, it is treated as combinational output.
W: Timing-4087: Port 'o_PAL_P12V_STBY_EFUSE_EN_R' is not constrained, it is treated as combinational output.
W: Timing-4087: Port 'o_PAL_RISER1_SLOT_PERST_N_R' is not constrained, it is treated as combinational output.
W: Timing-4087: Port 'o_PAL_RISER1_SS_CLK' is not constrained, it is treated as combinational output.
W: Timing-4087: Port 'o_PAL_RISER1_SS_LD_N' is not constrained, it is treated as combinational output.
W: Timing-4087: Port 'o_PAL_RISER2_SLOT_PERST_N_R' is not constrained, it is treated as combinational output.
W: Timing-4087: Port 'o_PAL_RISER2_SS_CLK' is not constrained, it is treated as combinational output.
W: Timing-4087: Port 'o_PAL_RISER2_SS_LD_N' is not constrained, it is treated as combinational output.
W: Timing-4087: Port 'o_PAL_RJ45_1_100M_LED' is not constrained, it is treated as combinational output.
W: Timing-4087: Port 'o_PAL_RJ45_1_1000M_LED' is not constrained, it is treated as combinational output.
W: Timing-4087: Port 'o_PAL_RJ45_1_ACT_LED' is not constrained, it is treated as combinational output.
W: Timing-4087: Port 'o_PAL_RJ45_2_100M_LED' is not constrained, it is treated as combinational output.
W: Timing-4087: Port 'o_PAL_RJ45_2_1000M_LED' is not constrained, it is treated as combinational output.
W: Timing-4087: Port 'o_PAL_RJ45_2_ACT_LED' is not constrained, it is treated as combinational output.
W: Timing-4087: Port 'o_PAL_RST_TCM_N_R' is not constrained, it is treated as combinational output.
W: Timing-4087: Port 'o_PAL_SPI_SELECT_R' is not constrained, it is treated as combinational output.
W: Timing-4087: Port 'o_PAL_SPI_SWITCH_EN_R' is not constrained, it is treated as combinational output.
W: Timing-4087: Port 'o_PAL_TEST_BAT_EN' is not constrained, it is treated as combinational output.
W: Timing-4087: Port 'o_PAL_THROTTLE_RISER1_R' is not constrained, it is treated as combinational output.
W: Timing-4087: Port 'o_PAL_THROTTLE_RISER2_R' is not constrained, it is treated as combinational output.
W: Timing-4087: Port 'o_PAL_TPM_DRQ1_N' is not constrained, it is treated as combinational output.
W: Timing-4087: Port 'o_PAL_UART4_OCP_DEBUG_TX' is not constrained, it is treated as combinational output.
W: Timing-4087: Port 'o_PAL_UPD1_P1V1_EN_R' is not constrained, it is treated as combinational output.
W: Timing-4087: Port 'o_PAL_UPD1_P3V3_EN_R' is not constrained, it is treated as combinational output.
W: Timing-4087: Port 'o_PAL_UPD1_PERST_N_R' is not constrained, it is treated as combinational output.
W: Timing-4087: Port 'o_PAL_UPD1_PONRST_N_R' is not constrained, it is treated as combinational output.
W: Timing-4087: Port 'o_PAL_UPD2_P1V1_EN_R' is not constrained, it is treated as combinational output.
W: Timing-4087: Port 'o_PAL_UPD2_P3V3_EN_R' is not constrained, it is treated as combinational output.
W: Timing-4087: Port 'o_PAL_UPD2_PERST_N_R' is not constrained, it is treated as combinational output.
W: Timing-4087: Port 'o_PAL_UPD2_PONRST_N_R' is not constrained, it is treated as combinational output.
W: Timing-4087: Port 'o_PAL_WX1860_NCSI_CLK_50M_R' is not constrained, it is treated as combinational output.
W: Timing-4087: Port 'o_PAL_WX1860_NCSI_SW_EN_N_R' is not constrained, it is treated as combinational output.
W: Timing-4087: Port 'o_RISER1_SELECT' is not constrained, it is treated as combinational output.
W: Timing-4087: Port 'o_RISER1_SWITCH_EN' is not constrained, it is treated as combinational output.
W: Timing-4087: Port 'o_RISER_AUX_TOD_UART1_TXD' is not constrained, it is treated as combinational output.
W: Timing-4087: Port 'o_RISER_AUX_TOD_UART2_TXD' is not constrained, it is treated as combinational output.
W: Timing-4087: Port 'o_RST_I2C1_MUX_N_R' is not constrained, it is treated as combinational output.
W: Timing-4087: Port 'o_RST_I2C2_MUX_N_R' is not constrained, it is treated as combinational output.
W: Timing-4087: Port 'o_RST_I2C3_MUX_N_R' is not constrained, it is treated as combinational output.
W: Timing-4087: Port 'o_RST_I2C4_1_MUX_N_R' is not constrained, it is treated as combinational output.
W: Timing-4087: Port 'o_RST_I2C4_2_MUX_N_R' is not constrained, it is treated as combinational output.
W: Timing-4087: Port 'o_RST_I2C5_MUX_N_R' is not constrained, it is treated as combinational output.
W: Timing-4087: Port 'o_RST_I2C12_MUX_N_R' is not constrained, it is treated as combinational output.
W: Timing-4087: Port 'o_RST_I2C13_MUX_N_R' is not constrained, it is treated as combinational output.
W: Timing-4087: Port 'o_RST_I2C_BMC_9548_MUX_N_R' is not constrained, it is treated as combinational output.
W: Timing-4087: Port 'o_Riser1_TOD_UART_TXD_R' is not constrained, it is treated as combinational output.
W: Timing-4087: Port 'o_Riser2_TOD_UART_TXD_R' is not constrained, it is treated as combinational output.
W: Timing-4087: Port 'o_UART0_CPU_LOG_TX' is not constrained, it is treated as combinational output.
W: Timing-4087: Port 'o_UART2_PAL_OCP_TX_R' is not constrained, it is treated as combinational output.
W: Timing-4087: Port 'o_USB2_SW_SEL_R' is not constrained, it is treated as combinational output.
W: Timing-4086: Port 'i_BMC_I2C3_PAL_S_SCL1_R' is not constrained, it is treated as combinational input.
W: Timing-4086: Port 'i_CHASSIS_ID0_N' is not constrained, it is treated as combinational input.
W: Timing-4086: Port 'i_CHASSIS_ID1_N' is not constrained, it is treated as combinational input.
W: Timing-4086: Port 'i_CPLD_M_S_EXCHANGE_S1' is not constrained, it is treated as combinational input.
W: Timing-4086: Port 'i_CPLD_M_S_SGPIO_CLK' is not constrained, it is treated as combinational input.
W: Timing-4086: Port 'i_CPLD_M_S_SGPIO_LD_N' is not constrained, it is treated as combinational input.
W: Timing-4086: Port 'i_CPLD_M_S_SGPIO_MOSI' is not constrained, it is treated as combinational input.
W: Timing-4086: Port 'i_CPU0_D0_I2C1_PE_STRAP_SCL' is not constrained, it is treated as combinational input.
W: Timing-4086: Port 'i_CPU0_D0_TEMP_OVER' is not constrained, it is treated as combinational input.
W: Timing-4086: Port 'i_CPU0_D0_UART1_TX' is not constrained, it is treated as combinational input.
W: Timing-4086: Port 'i_CPU0_D0_UART_SOUT' is not constrained, it is treated as combinational input.
W: Timing-4086: Port 'i_CPU0_D1_TEMP_OVER' is not constrained, it is treated as combinational input.
W: Timing-4086: Port 'i_CPU0_MCIO0_CABLE_ID0_R' is not constrained, it is treated as combinational input.
W: Timing-4086: Port 'i_CPU0_MCIO0_CABLE_ID1_R' is not constrained, it is treated as combinational input.
W: Timing-4086: Port 'i_CPU0_MCIO2_CABLE_ID0_R' is not constrained, it is treated as combinational input.
W: Timing-4086: Port 'i_CPU0_MCIO2_CABLE_ID1_R' is not constrained, it is treated as combinational input.
W: Timing-4086: Port 'i_CPU0_MCIO3_CABLE_ID0_R' is not constrained, it is treated as combinational input.
W: Timing-4086: Port 'i_CPU0_MCIO3_CABLE_ID1_R' is not constrained, it is treated as combinational input.
W: Timing-4086: Port 'i_CPU1_D0_TEMP_OVER' is not constrained, it is treated as combinational input.
W: Timing-4086: Port 'i_CPU1_D0_UART1_TX' is not constrained, it is treated as combinational input.
W: Timing-4086: Port 'i_CPU1_D0_UART_SOUT' is not constrained, it is treated as combinational input.
W: Timing-4086: Port 'i_CPU1_D1_TEMP_OVER' is not constrained, it is treated as combinational input.
W: Timing-4086: Port 'i_CPU1_MCIO0_CABLE_ID0_R' is not constrained, it is treated as combinational input.
W: Timing-4086: Port 'i_CPU1_MCIO0_CABLE_ID1_R' is not constrained, it is treated as combinational input.
W: Timing-4086: Port 'i_CPU1_MCIO2_CABLE_ID0_R' is not constrained, it is treated as combinational input.
W: Timing-4086: Port 'i_CPU1_MCIO2_CABLE_ID1_R' is not constrained, it is treated as combinational input.
W: Timing-4086: Port 'i_CPU1_MCIO3_CABLE_ID0_R' is not constrained, it is treated as combinational input.
W: Timing-4086: Port 'i_CPU1_MCIO3_CABLE_ID1_R' is not constrained, it is treated as combinational input.
W: Timing-4086: Port 'i_CPU_NVME0_PRSNT_N' is not constrained, it is treated as combinational input.
W: Timing-4086: Port 'i_CPU_NVME1_PRSNT_N' is not constrained, it is treated as combinational input.
W: Timing-4086: Port 'i_CPU_NVME4_PRSNT_N' is not constrained, it is treated as combinational input.
W: Timing-4086: Port 'i_CPU_NVME5_PRSNT_N' is not constrained, it is treated as combinational input.
W: Timing-4086: Port 'i_CPU_NVME6_PRSNT_N' is not constrained, it is treated as combinational input.
W: Timing-4086: Port 'i_CPU_NVME7_PRSNT_N' is not constrained, it is treated as combinational input.
W: Timing-4086: Port 'i_CPU_NVME10_PRSNT_N' is not constrained, it is treated as combinational input.
W: Timing-4086: Port 'i_CPU_NVME11_PRSNT_N' is not constrained, it is treated as combinational input.
W: Timing-4086: Port 'i_CPU_NVME14_PRSNT_N' is not constrained, it is treated as combinational input.
W: Timing-4086: Port 'i_CPU_NVME15_PRSNT_N' is not constrained, it is treated as combinational input.
W: Timing-4086: Port 'i_CPU_NVME16_PRSNT_N' is not constrained, it is treated as combinational input.
W: Timing-4086: Port 'i_CPU_NVME17_PRSNT_N' is not constrained, it is treated as combinational input.
W: Timing-4086: Port 'i_FAN_SNS_ALERT' is not constrained, it is treated as combinational input.
W: Timing-4086: Port 'i_JACK_CPU0_D0_UART_SIN' is not constrained, it is treated as combinational input.
W: Timing-4086: Port 'i_JACK_CPU0_UART1_RX' is not constrained, it is treated as combinational input.
W: Timing-4086: Port 'i_JACK_CPU1_D0_UART_SIN' is not constrained, it is treated as combinational input.
W: Timing-4086: Port 'i_JACK_CPU1_UART1_RX' is not constrained, it is treated as combinational input.
W: Timing-4086: Port 'i_N0_100M' is not constrained, it is treated as combinational input.
W: Timing-4086: Port 'i_N0_1000M' is not constrained, it is treated as combinational input.
W: Timing-4086: Port 'i_N0_ACT' is not constrained, it is treated as combinational input.
W: Timing-4086: Port 'i_N1_100M' is not constrained, it is treated as combinational input.
W: Timing-4086: Port 'i_N1_1000M' is not constrained, it is treated as combinational input.
W: Timing-4086: Port 'i_N1_ACT' is not constrained, it is treated as combinational input.
W: Timing-4086: Port 'i_P12V_STBY_SNS_ALERT' is not constrained, it is treated as combinational input.
W: Timing-4086: Port 'i_PAL_BMC_NCSI_CLK_50M_R' is not constrained, it is treated as combinational input.
W: Timing-4086: Port 'i_PAL_BMC_SS_DATA_IN' is not constrained, it is treated as combinational input.
W: Timing-4086: Port 'i_PAL_BMC_UART1_TX' is not constrained, it is treated as combinational input.
W: Timing-4086: Port 'i_PAL_BMC_UART4_TX' is not constrained, it is treated as combinational input.
W: Timing-4086: Port 'i_PAL_EXT_RST_N' is not constrained, it is treated as combinational input.
W: Timing-4086: Port 'i_PAL_GPU1_EFUSE_OC' is not constrained, it is treated as combinational input.
W: Timing-4086: Port 'i_PAL_GPU1_EFUSE_PG' is not constrained, it is treated as combinational input.
W: Timing-4086: Port 'i_PAL_GPU2_EFUSE_OC' is not constrained, it is treated as combinational input.
W: Timing-4086: Port 'i_PAL_GPU2_EFUSE_PG' is not constrained, it is treated as combinational input.
W: Timing-4086: Port 'i_PAL_GPU3_EFUSE_OC' is not constrained, it is treated as combinational input.
W: Timing-4086: Port 'i_PAL_GPU3_EFUSE_PG' is not constrained, it is treated as combinational input.
W: Timing-4086: Port 'i_PAL_GPU4_EFUSE_OC' is not constrained, it is treated as combinational input.
W: Timing-4086: Port 'i_PAL_GPU4_EFUSE_PG' is not constrained, it is treated as combinational input.
W: Timing-4086: Port 'i_PAL_M2_0_PRSNT_N' is not constrained, it is treated as combinational input.
W: Timing-4086: Port 'i_PAL_M2_1_PRSNT_N' is not constrained, it is treated as combinational input.
W: Timing-4086: Port 'i_PAL_OCP_PRSNT_N' is not constrained, it is treated as combinational input.
W: Timing-4086: Port 'i_PAL_P12V_RISER1_VIN_FLTB' is not constrained, it is treated as combinational input.
W: Timing-4086: Port 'i_PAL_P12V_RISER1_VIN_PG' is not constrained, it is treated as combinational input.
W: Timing-4086: Port 'i_PAL_P12V_RISER2_VIN_FLTB' is not constrained, it is treated as combinational input.
W: Timing-4086: Port 'i_PAL_P12V_RISER2_VIN_PG' is not constrained, it is treated as combinational input.
W: Timing-4086: Port 'i_PAL_P12V_STBY_EFUSE_FLTB' is not constrained, it is treated as combinational input.
W: Timing-4086: Port 'i_PAL_P12V_STBY_EFUSE_PG' is not constrained, it is treated as combinational input.
W: Timing-4086: Port 'i_PAL_PGD_USB_UPD1_P1V1' is not constrained, it is treated as combinational input.
W: Timing-4086: Port 'i_PAL_PGD_USB_UPD2_P1V1' is not constrained, it is treated as combinational input.
W: Timing-4086: Port 'i_PAL_PWR_SW_IN_N' is not constrained, it is treated as combinational input.
W: Timing-4086: Port 'i_PAL_RISER1_PRSNT_N' is not constrained, it is treated as combinational input.
W: Timing-4086: Port 'i_PAL_RISER2_PRSNT_N' is not constrained, it is treated as combinational input.
W: Timing-4086: Port 'i_PAL_RISER4_PWR_PGD' is not constrained, it is treated as combinational input.
W: Timing-4086: Port 'i_PAL_UART4_OCP_DEBUG_RX' is not constrained, it is treated as combinational input.
W: Timing-4086: Port 'i_PAL_UPD72020_1_ALART' is not constrained, it is treated as combinational input.
W: Timing-4086: Port 'i_PAL_UPD72020_2_ALART' is not constrained, it is treated as combinational input.
W: Timing-4086: Port 'i_PCA_REVISION_0' is not constrained, it is treated as combinational input.
W: Timing-4086: Port 'i_PCA_REVISION_1' is not constrained, it is treated as combinational input.
W: Timing-4086: Port 'i_PCA_REVISION_2' is not constrained, it is treated as combinational input.
W: Timing-4086: Port 'i_PCB_REVISION_0' is not constrained, it is treated as combinational input.
W: Timing-4086: Port 'i_PCB_REVISION_1' is not constrained, it is treated as combinational input.
W: Timing-4086: Port 'i_SW_1' is not constrained, it is treated as combinational input.
W: Timing-4086: Port 'i_SW_2' is not constrained, it is treated as combinational input.
W: Timing-4086: Port 'i_SW_3' is not constrained, it is treated as combinational input.
W: Timing-4086: Port 'i_SW_4' is not constrained, it is treated as combinational input.
W: Timing-4086: Port 'i_SW_5' is not constrained, it is treated as combinational input.
W: Timing-4086: Port 'i_SW_6' is not constrained, it is treated as combinational input.
W: Timing-4086: Port 'i_SW_7' is not constrained, it is treated as combinational input.
W: Timing-4086: Port 'i_SW_8' is not constrained, it is treated as combinational input.
Action synthesize: Real time elapsed is 0h:0m:10s
Action synthesize: CPU time elapsed is 0h:0m:8s
Action synthesize: Process CPU time elapsed is 0h:0m:9s
Action synthesize: Peak memory pool usage is 280 MB

Current time: Fri Mar 27 18:43:46 2026
