#Build: Fabric Compiler 2024.2-SP1.2, Build 187561, May 22 18:16 2025
#Install: C:\studyware\pango\PDS_2024.2-SP1.2-ads\bin
#Application name: pds.exe
#OS: Windows 10 10.0.18363
#Hostname: z02665mj
Generated by Fabric Compiler (version 2024.2-SP1.2 build 187561) at Wed Mar 11 12:55:09 2026
Parse module hierarchy of project 'C:/CPLD/pango/2_Tieta_Feiteng/Tieta_Feiteng_1001_PGC7KD69MBG400/prj/Tieta_M/temp_projects/Main_Flow/Main_Flow.pds' (ADS Parser)
Delete file 'C:/CPLD/pango/2_Tieta_Feiteng/Tieta_Feiteng_1001_PGC7KD69MBG400/prj/Tieta_M/pds.log' failed.


 
Command: compile -top_module {work.Tieta_Feiteng_1001_top} -include_path {C:/CPLD/pango/2_Tieta_Feiteng/Tieta_Feiteng_1001_PGC7KD69MBG400/rtl/include	C:/CPLD/pango/2_Tieta_Feiteng/Tieta_Feiteng_1001_PGC7KD69MBG400/rtl/include} 
Process "Compile" started.
Current time: Wed Mar 11 12:55:30 2026
Compiling architecture definition.
Analyzing project file 'C:/CPLD/pango/2_Tieta_Feiteng/Tieta_Feiteng_1001_PGC7KD69MBG400/prj/Tieta_M/Tieta_M.pds'.
Generated by Fabric Compiler (version 2024.2-SP1.2 build 187561) at Wed Mar 11 12:55:31 2026
Parameters for debugging are loaded as follows:
License checkout: fabric_ads from C:/studyware/pango/PDS_2024.2-SP1.2-ads/license/new_pds_6805cabd4893.lic
Compiling verification operator library.
Loading technology operator library.
Compiling technology operator library.
Compiling technology operator (valence) library.
Generated by Fabric Compiler (version 2024.2-SP1.2 build 187561) at Wed Mar 11 12:55:32 2026
I: Enable Verilog2k features and keywords
Start rtl-analyze.
I: Include path: C:/CPLD/pango/2_Tieta_Feiteng/Tieta_Feiteng_1001_PGC7KD69MBG400/rtl/include
I: Include path: C:/CPLD/pango/2_Tieta_Feiteng/Tieta_Feiteng_1001_PGC7KD69MBG400/rtl/include
I: Include path: C:/CPLD/pango/2_Tieta_Feiteng/Tieta_Feiteng_1001_PGC7KD69MBG400/prj/Tieta_M
I: Verilog-0001: Analyzing file C:/CPLD/pango/2_Tieta_Feiteng/Tieta_Feiteng_1001_PGC7KD69MBG400/rtl/source/Tieta_Feiteng_1001_top.v.
I: Found Verilog include file C:/CPLD/pango/2_Tieta_Feiteng/Tieta_Feiteng_1001_PGC7KD69MBG400/rtl/include/pwrseq_define.v
I: Verilog-0008: [C:/CPLD/pango/2_Tieta_Feiteng/Tieta_Feiteng_1001_PGC7KD69MBG400/rtl/include/pwrseq_define.v(line number: 1)] Define macro SM_RESET_STATE 6'h00.
I: Verilog-0008: [C:/CPLD/pango/2_Tieta_Feiteng/Tieta_Feiteng_1001_PGC7KD69MBG400/rtl/include/pwrseq_define.v(line number: 2)] Define macro SM_DISABLE_S5_DEVICES 6'h01.
I: Verilog-0008: [C:/CPLD/pango/2_Tieta_Feiteng/Tieta_Feiteng_1001_PGC7KD69MBG400/rtl/include/pwrseq_define.v(line number: 4)] Define macro SM_OFF_STANDBY 6'h02.
I: Verilog-0008: [C:/CPLD/pango/2_Tieta_Feiteng/Tieta_Feiteng_1001_PGC7KD69MBG400/rtl/include/pwrseq_define.v(line number: 5)] Define macro SM_ENABLE_S5_DEVICES 6'h03.
I: Verilog-0008: [C:/CPLD/pango/2_Tieta_Feiteng/Tieta_Feiteng_1001_PGC7KD69MBG400/rtl/include/pwrseq_define.v(line number: 6)] Define macro SM_PS_ON 6'h04.
I: Verilog-0008: [C:/CPLD/pango/2_Tieta_Feiteng/Tieta_Feiteng_1001_PGC7KD69MBG400/rtl/include/pwrseq_define.v(line number: 7)] Define macro SM_EN_5V_STBY 6'h05.
I: Verilog-0008: [C:/CPLD/pango/2_Tieta_Feiteng/Tieta_Feiteng_1001_PGC7KD69MBG400/rtl/include/pwrseq_define.v(line number: 8)] Define macro SM_EN_TELEM 6'h06.
I: Verilog-0008: [C:/CPLD/pango/2_Tieta_Feiteng/Tieta_Feiteng_1001_PGC7KD69MBG400/rtl/include/pwrseq_define.v(line number: 9)] Define macro SM_EN_MAIN_EFUSE 6'h07.
I: Verilog-0008: [C:/CPLD/pango/2_Tieta_Feiteng/Tieta_Feiteng_1001_PGC7KD69MBG400/rtl/include/pwrseq_define.v(line number: 10)] Define macro SM_EN_5V 6'h08.
I: Verilog-0008: [C:/CPLD/pango/2_Tieta_Feiteng/Tieta_Feiteng_1001_PGC7KD69MBG400/rtl/include/pwrseq_define.v(line number: 11)] Define macro SM_EN_3V3 6'h09.
I: Verilog-0008: [C:/CPLD/pango/2_Tieta_Feiteng/Tieta_Feiteng_1001_PGC7KD69MBG400/rtl/include/pwrseq_define.v(line number: 12)] Define macro SM_EN_1V1 6'h0A.
I: Verilog-0008: [C:/CPLD/pango/2_Tieta_Feiteng/Tieta_Feiteng_1001_PGC7KD69MBG400/rtl/include/pwrseq_define.v(line number: 14)] Define macro SM_EN_CPU_CORE 6'h0B.
I: Verilog-0008: [C:/CPLD/pango/2_Tieta_Feiteng/Tieta_Feiteng_1001_PGC7KD69MBG400/rtl/include/pwrseq_define.v(line number: 15)] Define macro SM_EN_CPU_P1V8 6'h0C.
I: Verilog-0008: [C:/CPLD/pango/2_Tieta_Feiteng/Tieta_Feiteng_1001_PGC7KD69MBG400/rtl/include/pwrseq_define.v(line number: 16)] Define macro SM_EN_CPU_DDR 6'h0D.
I: Verilog-0008: [C:/CPLD/pango/2_Tieta_Feiteng/Tieta_Feiteng_1001_PGC7KD69MBG400/rtl/include/pwrseq_define.v(line number: 17)] Define macro SM_EN_CPU_VP 6'h0E.
I: Verilog-0008: [C:/CPLD/pango/2_Tieta_Feiteng/Tieta_Feiteng_1001_PGC7KD69MBG400/rtl/include/pwrseq_define.v(line number: 19)] Define macro PEX_RESET 6'h0F.
I: Verilog-0008: [C:/CPLD/pango/2_Tieta_Feiteng/Tieta_Feiteng_1001_PGC7KD69MBG400/rtl/include/pwrseq_define.v(line number: 20)] Define macro SM_CPU_RESET 6'h10.
I: Verilog-0008: [C:/CPLD/pango/2_Tieta_Feiteng/Tieta_Feiteng_1001_PGC7KD69MBG400/rtl/include/pwrseq_define.v(line number: 22)] Define macro SM_WAIT_POWEROK 6'h11.
I: Verilog-0008: [C:/CPLD/pango/2_Tieta_Feiteng/Tieta_Feiteng_1001_PGC7KD69MBG400/rtl/include/pwrseq_define.v(line number: 23)] Define macro SM_STEADY_PWROK 6'h12.
I: Verilog-0008: [C:/CPLD/pango/2_Tieta_Feiteng/Tieta_Feiteng_1001_PGC7KD69MBG400/rtl/include/pwrseq_define.v(line number: 24)] Define macro SM_CRITICAL_FAIL 6'h13.
I: Verilog-0008: [C:/CPLD/pango/2_Tieta_Feiteng/Tieta_Feiteng_1001_PGC7KD69MBG400/rtl/include/pwrseq_define.v(line number: 26)] Define macro SM_DISABLE_CPU_VP 6'h14.
I: Verilog-0008: [C:/CPLD/pango/2_Tieta_Feiteng/Tieta_Feiteng_1001_PGC7KD69MBG400/rtl/include/pwrseq_define.v(line number: 27)] Define macro SM_DISABLE_CPU_DDR 6'h15.
I: Verilog-0008: [C:/CPLD/pango/2_Tieta_Feiteng/Tieta_Feiteng_1001_PGC7KD69MBG400/rtl/include/pwrseq_define.v(line number: 28)] Define macro SM_DISABLE_CPU_P1V8 6'h16.
I: Verilog-0008: [C:/CPLD/pango/2_Tieta_Feiteng/Tieta_Feiteng_1001_PGC7KD69MBG400/rtl/include/pwrseq_define.v(line number: 29)] Define macro SM_DISABLE_CPU_CORE 6'h17.
I: Verilog-0008: [C:/CPLD/pango/2_Tieta_Feiteng/Tieta_Feiteng_1001_PGC7KD69MBG400/rtl/include/pwrseq_define.v(line number: 31)] Define macro SM_DISABLE_1V1 6'h18.
I: Verilog-0008: [C:/CPLD/pango/2_Tieta_Feiteng/Tieta_Feiteng_1001_PGC7KD69MBG400/rtl/include/pwrseq_define.v(line number: 32)] Define macro SM_DISABLE_3V3 6'h19.
I: Verilog-0008: [C:/CPLD/pango/2_Tieta_Feiteng/Tieta_Feiteng_1001_PGC7KD69MBG400/rtl/include/pwrseq_define.v(line number: 33)] Define macro SM_DISABLE_5V 6'h1A.
I: Verilog-0008: [C:/CPLD/pango/2_Tieta_Feiteng/Tieta_Feiteng_1001_PGC7KD69MBG400/rtl/include/pwrseq_define.v(line number: 35)] Define macro SM_DISABLE_MAIN_EFUSE 6'h1B.
I: Verilog-0008: [C:/CPLD/pango/2_Tieta_Feiteng/Tieta_Feiteng_1001_PGC7KD69MBG400/rtl/include/pwrseq_define.v(line number: 36)] Define macro SM_DISABLE_TELEM 6'h1C.
I: Verilog-0008: [C:/CPLD/pango/2_Tieta_Feiteng/Tieta_Feiteng_1001_PGC7KD69MBG400/rtl/include/pwrseq_define.v(line number: 37)] Define macro SM_DISABLE_PS_ON 6'h1D.
I: Verilog-0008: [C:/CPLD/pango/2_Tieta_Feiteng/Tieta_Feiteng_1001_PGC7KD69MBG400/rtl/include/pwrseq_define.v(line number: 39)] Define macro SM_HALT_POWER_CYCLE 6'h1E.
I: Verilog-0008: [C:/CPLD/pango/2_Tieta_Feiteng/Tieta_Feiteng_1001_PGC7KD69MBG400/rtl/include/pwrseq_define.v(line number: 40)] Define macro SM_AUX_FAIL_RECOVERY 6'h1F.
I: Found Verilog include file C:/CPLD/pango/2_Tieta_Feiteng/Tieta_Feiteng_1001_PGC7KD69MBG400/rtl/include/top_define.v
I: Verilog-0008: [C:/CPLD/pango/2_Tieta_Feiteng/Tieta_Feiteng_1001_PGC7KD69MBG400/rtl/include/top_define.v(line number: 6)] Define macro RS35M2C16S_VA.
I: Verilog-0008: [C:/CPLD/pango/2_Tieta_Feiteng/Tieta_Feiteng_1001_PGC7KD69MBG400/rtl/include/top_define.v(line number: 8)] Define macro RS41M2C9S.
I: Verilog-0008: [C:/CPLD/pango/2_Tieta_Feiteng/Tieta_Feiteng_1001_PGC7KD69MBG400/rtl/include/top_define.v(line number: 14)] Define macro H3C_2014_RS35M2C16S_VA.
I: Verilog-0008: [C:/CPLD/pango/2_Tieta_Feiteng/Tieta_Feiteng_1001_PGC7KD69MBG400/rtl/include/top_define.v(line number: 18)] Define macro SPECIFIC_POWER_P1V8_PCH_STBY.
I: Verilog-0008: [C:/CPLD/pango/2_Tieta_Feiteng/Tieta_Feiteng_1001_PGC7KD69MBG400/rtl/include/top_define.v(line number: 23)] Define macro PCH_MODE_LPC.
I: Verilog-0008: [C:/CPLD/pango/2_Tieta_Feiteng/Tieta_Feiteng_1001_PGC7KD69MBG400/rtl/include/top_define.v(line number: 25)] Define macro PSU_CTRL.
I: Verilog-0008: [C:/CPLD/pango/2_Tieta_Feiteng/Tieta_Feiteng_1001_PGC7KD69MBG400/rtl/include/top_define.v(line number: 30)] Define macro CPLD_DATE_YYYYMMDD 32'h20240608.
I: Verilog-0008: [C:/CPLD/pango/2_Tieta_Feiteng/Tieta_Feiteng_1001_PGC7KD69MBG400/rtl/include/top_define.v(line number: 33)] Define macro CPLD_TIME_HHMMSSXX {24'h151400, `CPLD_TIME_XX}.
I: Verilog-0008: [C:/CPLD/pango/2_Tieta_Feiteng/Tieta_Feiteng_1001_PGC7KD69MBG400/rtl/include/top_define.v(line number: 35)] Define macro CPLD_TIME_XX 8'hZZ.
I: Verilog-0008: [C:/CPLD/pango/2_Tieta_Feiteng/Tieta_Feiteng_1001_PGC7KD69MBG400/rtl/include/top_define.v(line number: 38)] Define macro H3C_2014_RS35M2C16S_VA.
I: Verilog-0008: [C:/CPLD/pango/2_Tieta_Feiteng/Tieta_Feiteng_1001_PGC7KD69MBG400/rtl/include/top_define.v(line number: 51)] Define macro CPLD_VER 16'h01A1.
I: Verilog-0008: [C:/CPLD/pango/2_Tieta_Feiteng/Tieta_Feiteng_1001_PGC7KD69MBG400/rtl/include/top_define.v(line number: 52)] Define macro PFR_CPLD_VER 16'h0500.
I: Verilog-0008: [C:/CPLD/pango/2_Tieta_Feiteng/Tieta_Feiteng_1001_PGC7KD69MBG400/rtl/include/top_define.v(line number: 53)] Define macro DB_CPLD_VER 16'h0500.
I: Verilog-0008: [C:/CPLD/pango/2_Tieta_Feiteng/Tieta_Feiteng_1001_PGC7KD69MBG400/rtl/include/top_define.v(line number: 56)] Define macro GEN_ID_RSVD 4'b0000.
I: Verilog-0008: [C:/CPLD/pango/2_Tieta_Feiteng/Tieta_Feiteng_1001_PGC7KD69MBG400/rtl/include/top_define.v(line number: 57)] Define macro GEN_ID_G2 4'b0010.
I: Verilog-0008: [C:/CPLD/pango/2_Tieta_Feiteng/Tieta_Feiteng_1001_PGC7KD69MBG400/rtl/include/top_define.v(line number: 58)] Define macro GEN_ID_G3 4'b0011.
I: Verilog-0008: [C:/CPLD/pango/2_Tieta_Feiteng/Tieta_Feiteng_1001_PGC7KD69MBG400/rtl/include/top_define.v(line number: 59)] Define macro GEN_ID_G5 4'b0101.
I: Verilog-0008: [C:/CPLD/pango/2_Tieta_Feiteng/Tieta_Feiteng_1001_PGC7KD69MBG400/rtl/include/top_define.v(line number: 63)] Define macro GEN_ID `GEN_ID_RSVD.
I: Verilog-0008: [C:/CPLD/pango/2_Tieta_Feiteng/Tieta_Feiteng_1001_PGC7KD69MBG400/rtl/include/top_define.v(line number: 67)] Define macro BOARD_ID_RSVD 4'b0000.
I: Verilog-0008: [C:/CPLD/pango/2_Tieta_Feiteng/Tieta_Feiteng_1001_PGC7KD69MBG400/rtl/include/top_define.v(line number: 68)] Define macro BOARD_ID_RS03M2C9S 4'b0100.
I: Verilog-0008: [C:/CPLD/pango/2_Tieta_Feiteng/Tieta_Feiteng_1001_PGC7KD69MBG400/rtl/include/top_define.v(line number: 69)] Define macro BOARD_ID_RS23M2C6S 4'b0011.
I: Verilog-0008: [C:/CPLD/pango/2_Tieta_Feiteng/Tieta_Feiteng_1001_PGC7KD69MBG400/rtl/include/top_define.v(line number: 70)] Define macro BOARD_ID_RS33M2C9S 4'b0100.
I: Verilog-0008: [C:/CPLD/pango/2_Tieta_Feiteng/Tieta_Feiteng_1001_PGC7KD69MBG400/rtl/include/top_define.v(line number: 71)] Define macro BOARD_ID_RS05M2C9S 4'b0101.
I: Verilog-0008: [C:/CPLD/pango/2_Tieta_Feiteng/Tieta_Feiteng_1001_PGC7KD69MBG400/rtl/include/top_define.v(line number: 72)] Define macro BOARD_ID_RS35M2C5S 4'b0011.
I: Verilog-0008: [C:/CPLD/pango/2_Tieta_Feiteng/Tieta_Feiteng_1001_PGC7KD69MBG400/rtl/include/top_define.v(line number: 73)] Define macro BOARD_ID_RS35M2C16S 4'b0100.
I: Verilog-0008: [C:/CPLD/pango/2_Tieta_Feiteng/Tieta_Feiteng_1001_PGC7KD69MBG400/rtl/include/top_define.v(line number: 75)] Define macro BOARD_ID_RS41M2C9S 4'b0001.
I: Verilog-0008: [C:/CPLD/pango/2_Tieta_Feiteng/Tieta_Feiteng_1001_PGC7KD69MBG400/rtl/include/top_define.v(line number: 83)] Define macro CHASSIS_ID_1U 3'b001.
I: Verilog-0008: [C:/CPLD/pango/2_Tieta_Feiteng/Tieta_Feiteng_1001_PGC7KD69MBG400/rtl/include/top_define.v(line number: 84)] Define macro CHASSIS_ID_2U 3'b010.
I: Verilog-0008: [C:/CPLD/pango/2_Tieta_Feiteng/Tieta_Feiteng_1001_PGC7KD69MBG400/rtl/include/top_define.v(line number: 85)] Define macro CHASSIS_ID_4U 3'b000.
I: Verilog-0008: [C:/CPLD/pango/2_Tieta_Feiteng/Tieta_Feiteng_1001_PGC7KD69MBG400/rtl/include/top_define.v(line number: 86)] Define macro CHASSIS_ID_8U 3'b011.
I: Verilog-0008: [C:/CPLD/pango/2_Tieta_Feiteng/Tieta_Feiteng_1001_PGC7KD69MBG400/rtl/include/top_define.v(line number: 90)] Define macro SERVER_ID_RSVD 16'h0000.
I: Verilog-0008: [C:/CPLD/pango/2_Tieta_Feiteng/Tieta_Feiteng_1001_PGC7KD69MBG400/rtl/include/top_define.v(line number: 91)] Define macro SERVER_ID_R4900 16'h4900.
I: Verilog-0008: [C:/CPLD/pango/2_Tieta_Feiteng/Tieta_Feiteng_1001_PGC7KD69MBG400/rtl/include/top_define.v(line number: 92)] Define macro SERVER_ID_R4700 16'h4700.
I: Verilog-0008: [C:/CPLD/pango/2_Tieta_Feiteng/Tieta_Feiteng_1001_PGC7KD69MBG400/rtl/include/top_define.v(line number: 93)] Define macro SERVER_ID_R2900 16'h2900.
I: Verilog-0008: [C:/CPLD/pango/2_Tieta_Feiteng/Tieta_Feiteng_1001_PGC7KD69MBG400/rtl/include/top_define.v(line number: 94)] Define macro SERVER_ID_R2700 16'h2700.
I: Verilog-0008: [C:/CPLD/pango/2_Tieta_Feiteng/Tieta_Feiteng_1001_PGC7KD69MBG400/rtl/include/top_define.v(line number: 96)] Define macro SERVER_ID_R6900 16'h6900.
I: Verilog-0008: [C:/CPLD/pango/2_Tieta_Feiteng/Tieta_Feiteng_1001_PGC7KD69MBG400/rtl/include/top_define.v(line number: 100)] Define macro CPU_PKG_ID_NOMCP 3'b000.
I: Verilog-0008: [C:/CPLD/pango/2_Tieta_Feiteng/Tieta_Feiteng_1001_PGC7KD69MBG400/rtl/include/top_define.v(line number: 101)] Define macro CPU_PKG_ID_FABRIC 3'b001.
I: Verilog-0008: [C:/CPLD/pango/2_Tieta_Feiteng/Tieta_Feiteng_1001_PGC7KD69MBG400/rtl/include/top_define.v(line number: 102)] Define macro CPU_PKG_ID_FPGA 3'b010.
I: Verilog-0008: [C:/CPLD/pango/2_Tieta_Feiteng/Tieta_Feiteng_1001_PGC7KD69MBG400/rtl/include/top_define.v(line number: 103)] Define macro CPU_PKG_ID_RSVD011 3'b011.
I: Verilog-0008: [C:/CPLD/pango/2_Tieta_Feiteng/Tieta_Feiteng_1001_PGC7KD69MBG400/rtl/include/top_define.v(line number: 104)] Define macro CPU_PKG_ID_RSVD100 3'b100.
I: Verilog-0008: [C:/CPLD/pango/2_Tieta_Feiteng/Tieta_Feiteng_1001_PGC7KD69MBG400/rtl/include/top_define.v(line number: 105)] Define macro CPU_PKG_ID_RSVD101 3'b101.
I: Verilog-0008: [C:/CPLD/pango/2_Tieta_Feiteng/Tieta_Feiteng_1001_PGC7KD69MBG400/rtl/include/top_define.v(line number: 106)] Define macro CPU_PKG_ID_RSVD110 3'b110.
I: Verilog-0008: [C:/CPLD/pango/2_Tieta_Feiteng/Tieta_Feiteng_1001_PGC7KD69MBG400/rtl/include/top_define.v(line number: 107)] Define macro CPU_PKG_ID_RSVD111 3'b111.
I: Verilog-0008: [C:/CPLD/pango/2_Tieta_Feiteng/Tieta_Feiteng_1001_PGC7KD69MBG400/rtl/include/top_define.v(line number: 116)] Define macro AROC_TYPE_HBA 2'b00.
I: Verilog-0008: [C:/CPLD/pango/2_Tieta_Feiteng/Tieta_Feiteng_1001_PGC7KD69MBG400/rtl/include/top_define.v(line number: 117)] Define macro AROC_TYPE_RAID 2'b01.
I: Verilog-0008: [C:/CPLD/pango/2_Tieta_Feiteng/Tieta_Feiteng_1001_PGC7KD69MBG400/rtl/include/top_define.v(line number: 118)] Define macro AROC_TYPE_MEZZ 2'b10.
I: Verilog-0008: [C:/CPLD/pango/2_Tieta_Feiteng/Tieta_Feiteng_1001_PGC7KD69MBG400/rtl/include/top_define.v(line number: 119)] Define macro AROC_TYPE_RSVD 2'b11.
I: Verilog-0008: [C:/CPLD/pango/2_Tieta_Feiteng/Tieta_Feiteng_1001_PGC7KD69MBG400/rtl/include/top_define.v(line number: 126)] Define macro RISER_ID_RS35R3X16 5'b00001.
I: Verilog-0008: [C:/CPLD/pango/2_Tieta_Feiteng/Tieta_Feiteng_1001_PGC7KD69MBG400/rtl/include/top_define.v(line number: 127)] Define macro RISER_ID_RS35RX16X8X8 5'b00010.
I: Verilog-0008: [C:/CPLD/pango/2_Tieta_Feiteng/Tieta_Feiteng_1001_PGC7KD69MBG400/rtl/include/top_define.v(line number: 128)] Define macro RISER_ID_RS35R2X8 5'b00011.
I: Verilog-0008: [C:/CPLD/pango/2_Tieta_Feiteng/Tieta_Feiteng_1001_PGC7KD69MBG400/rtl/include/top_define.v(line number: 129)] Define macro RISER_ID_RS35R2X16 5'b00100.
I: Verilog-0008: [C:/CPLD/pango/2_Tieta_Feiteng/Tieta_Feiteng_1001_PGC7KD69MBG400/rtl/include/top_define.v(line number: 130)] Define macro RISER_ID_RS35RX16 5'b00101.
I: Verilog-0008: [C:/CPLD/pango/2_Tieta_Feiteng/Tieta_Feiteng_1001_PGC7KD69MBG400/rtl/include/top_define.v(line number: 131)] Define macro RISER_ID_RS33RLPX8 5'b00111.
I: Verilog-0008: [C:/CPLD/pango/2_Tieta_Feiteng/Tieta_Feiteng_1001_PGC7KD69MBG400/rtl/include/top_define.v(line number: 132)] Define macro RISER_ID_RS35R5X8 5'b01000.
I: Verilog-0008: [C:/CPLD/pango/2_Tieta_Feiteng/Tieta_Feiteng_1001_PGC7KD69MBG400/rtl/include/top_define.v(line number: 133)] Define macro RISER_ID_RS35R1X16 5'b01010.
I: Verilog-0008: [C:/CPLD/pango/2_Tieta_Feiteng/Tieta_Feiteng_1001_PGC7KD69MBG400/rtl/include/top_define.v(line number: 134)] Define macro RISER_ID_RS35R2X8A 5'b01011.
I: Verilog-0008: [C:/CPLD/pango/2_Tieta_Feiteng/Tieta_Feiteng_1001_PGC7KD69MBG400/rtl/include/top_define.v(line number: 135)] Define macro RISER_ID_RS35ROCP 5'b01100.
I: Verilog-0008: [C:/CPLD/pango/2_Tieta_Feiteng/Tieta_Feiteng_1001_PGC7KD69MBG400/rtl/include/top_define.v(line number: 136)] Define macro RISER_ID_RS35R1X16C 5'b01101.
I: Verilog-0008: [C:/CPLD/pango/2_Tieta_Feiteng/Tieta_Feiteng_1001_PGC7KD69MBG400/rtl/include/top_define.v(line number: 139)] Define macro GPU_CABLE_ID_RSVD 2'b11.
I: Verilog-0008: [C:/CPLD/pango/2_Tieta_Feiteng/Tieta_Feiteng_1001_PGC7KD69MBG400/rtl/include/top_define.v(line number: 142)] Define macro BMC_MEM_SIZE_1G 2'b00.
I: Verilog-0008: [C:/CPLD/pango/2_Tieta_Feiteng/Tieta_Feiteng_1001_PGC7KD69MBG400/rtl/include/top_define.v(line number: 143)] Define macro BMC_MEM_SIZE_2G 2'b01.
I: Verilog-0008: [C:/CPLD/pango/2_Tieta_Feiteng/Tieta_Feiteng_1001_PGC7KD69MBG400/rtl/include/top_define.v(line number: 144)] Define macro BMC_MEM_SIZE_4G 2'b10.
I: Verilog-0008: [C:/CPLD/pango/2_Tieta_Feiteng/Tieta_Feiteng_1001_PGC7KD69MBG400/rtl/include/top_define.v(line number: 145)] Define macro BMC_MEM_SIZE_8G 2'b11.
I: Verilog-0008: [C:/CPLD/pango/2_Tieta_Feiteng/Tieta_Feiteng_1001_PGC7KD69MBG400/rtl/include/top_define.v(line number: 147)] Define macro BMC_MEM_SIZE `BMC_MEM_SIZE_2G.
I: Verilog-0008: [C:/CPLD/pango/2_Tieta_Feiteng/Tieta_Feiteng_1001_PGC7KD69MBG400/rtl/include/top_define.v(line number: 150)] Define macro PCB_VA 2'b00.
I: Verilog-0008: [C:/CPLD/pango/2_Tieta_Feiteng/Tieta_Feiteng_1001_PGC7KD69MBG400/rtl/include/top_define.v(line number: 156)] Define macro NUM_CPU 2.
I: Verilog-0008: [C:/CPLD/pango/2_Tieta_Feiteng/Tieta_Feiteng_1001_PGC7KD69MBG400/rtl/include/top_define.v(line number: 157)] Define macro NUM_CPUVR 2.
I: Verilog-0008: [C:/CPLD/pango/2_Tieta_Feiteng/Tieta_Feiteng_1001_PGC7KD69MBG400/rtl/include/top_define.v(line number: 158)] Define macro NUM_MEMVR 4.
I: Verilog-0008: [C:/CPLD/pango/2_Tieta_Feiteng/Tieta_Feiteng_1001_PGC7KD69MBG400/rtl/include/top_define.v(line number: 159)] Define macro NUM_CHN 4.
I: Verilog-0008: [C:/CPLD/pango/2_Tieta_Feiteng/Tieta_Feiteng_1001_PGC7KD69MBG400/rtl/include/top_define.v(line number: 160)] Define macro NUM_FAN 8.
I: Verilog-0008: [C:/CPLD/pango/2_Tieta_Feiteng/Tieta_Feiteng_1001_PGC7KD69MBG400/rtl/include/top_define.v(line number: 161)] Define macro NUM_NIC 4.
I: Verilog-0008: [C:/CPLD/pango/2_Tieta_Feiteng/Tieta_Feiteng_1001_PGC7KD69MBG400/rtl/include/top_define.v(line number: 162)] Define macro NUM_PSU 2.
I: Verilog-0008: [C:/CPLD/pango/2_Tieta_Feiteng/Tieta_Feiteng_1001_PGC7KD69MBG400/rtl/include/top_define.v(line number: 164)] Define macro NUM_IO 1.
I: Verilog-0008: [C:/CPLD/pango/2_Tieta_Feiteng/Tieta_Feiteng_1001_PGC7KD69MBG400/rtl/include/top_define.v(line number: 165)] Define macro NUM_RISER 6.
I: Verilog-0008: [C:/CPLD/pango/2_Tieta_Feiteng/Tieta_Feiteng_1001_PGC7KD69MBG400/rtl/include/top_define.v(line number: 166)] Define macro port_num 3.
I: Verilog-0008: [C:/CPLD/pango/2_Tieta_Feiteng/Tieta_Feiteng_1001_PGC7KD69MBG400/rtl/include/top_define.v(line number: 169)] Define macro SYS_HAS_UID_BTN.
I: Verilog-0008: [C:/CPLD/pango/2_Tieta_Feiteng/Tieta_Feiteng_1001_PGC7KD69MBG400/rtl/include/top_define.v(line number: 171)] Define macro NUM_BP 8      /********G5 2P**********/.
I: Verilog-0008: [C:/CPLD/pango/2_Tieta_Feiteng/Tieta_Feiteng_1001_PGC7KD69MBG400/rtl/include/top_define.v(line number: 173)] Define macro NUM_S5DEV 2      /********G5 2P**********/.
I: Verilog-0008: [C:/CPLD/pango/2_Tieta_Feiteng/Tieta_Feiteng_1001_PGC7KD69MBG400/rtl/include/top_define.v(line number: 187)] Define macro BOARD_TYPE 4'b0000.
I: Verilog-0008: [C:/CPLD/pango/2_Tieta_Feiteng/Tieta_Feiteng_1001_PGC7KD69MBG400/rtl/include/top_define.v(line number: 188)] Define macro OEM_TYPE 4'b0111.
I: Verilog-0008: [C:/CPLD/pango/2_Tieta_Feiteng/Tieta_Feiteng_1001_PGC7KD69MBG400/rtl/include/top_define.v(line number: 191)] Define macro MFR_ID_RSVD 8'h00.
I: Verilog-0008: [C:/CPLD/pango/2_Tieta_Feiteng/Tieta_Feiteng_1001_PGC7KD69MBG400/rtl/include/top_define.v(line number: 192)] Define macro MFR_ID_H3C 8'h03.
I: Verilog-0008: [C:/CPLD/pango/2_Tieta_Feiteng/Tieta_Feiteng_1001_PGC7KD69MBG400/rtl/include/top_define.v(line number: 194)] Define macro MFR_ID `MFR_ID_H3C.
I: Verilog-0008: [C:/CPLD/pango/2_Tieta_Feiteng/Tieta_Feiteng_1001_PGC7KD69MBG400/rtl/include/top_define.v(line number: 197)] Define macro ODM_ID_RSVD 8'h00.
I: Verilog-0008: [C:/CPLD/pango/2_Tieta_Feiteng/Tieta_Feiteng_1001_PGC7KD69MBG400/rtl/include/top_define.v(line number: 198)] Define macro ODM_ID_H3C 8'h03.
I: Verilog-0008: [C:/CPLD/pango/2_Tieta_Feiteng/Tieta_Feiteng_1001_PGC7KD69MBG400/rtl/include/top_define.v(line number: 200)] Define macro ODM_ID `ODM_ID_H3C.
I: Verilog-0008: [C:/CPLD/pango/2_Tieta_Feiteng/Tieta_Feiteng_1001_PGC7KD69MBG400/rtl/include/top_define.v(line number: 203)] Define macro PDT_LINE_RSVD 8'h00.
I: Verilog-0008: [C:/CPLD/pango/2_Tieta_Feiteng/Tieta_Feiteng_1001_PGC7KD69MBG400/rtl/include/top_define.v(line number: 204)] Define macro PDT_LINE_H3C_2014_LLS 8'h01.
I: Verilog-0008: [C:/CPLD/pango/2_Tieta_Feiteng/Tieta_Feiteng_1001_PGC7KD69MBG400/rtl/include/top_define.v(line number: 206)] Define macro PDT_LINE_H3C_OEM_IN 8'h63.
I: Verilog-0008: [C:/CPLD/pango/2_Tieta_Feiteng/Tieta_Feiteng_1001_PGC7KD69MBG400/rtl/include/top_define.v(line number: 208)] Define macro PDT_LINE `PDT_LINE_H3C_OEM_IN.
I: Verilog-0008: [C:/CPLD/pango/2_Tieta_Feiteng/Tieta_Feiteng_1001_PGC7KD69MBG400/rtl/include/top_define.v(line number: 211)] Define macro PDT_GEN_RSVD 8'h00.
I: Verilog-0008: [C:/CPLD/pango/2_Tieta_Feiteng/Tieta_Feiteng_1001_PGC7KD69MBG400/rtl/include/top_define.v(line number: 212)] Define macro PDT_GEN_H3C_2014_G2 8'h02.
I: Verilog-0008: [C:/CPLD/pango/2_Tieta_Feiteng/Tieta_Feiteng_1001_PGC7KD69MBG400/rtl/include/top_define.v(line number: 213)] Define macro PDT_GEN_H3C_2014_G3 8'h03.
I: Verilog-0008: [C:/CPLD/pango/2_Tieta_Feiteng/Tieta_Feiteng_1001_PGC7KD69MBG400/rtl/include/top_define.v(line number: 215)] Define macro PDT_GEN_H3C_S5000C 8'h07.
I: Verilog-0008: [C:/CPLD/pango/2_Tieta_Feiteng/Tieta_Feiteng_1001_PGC7KD69MBG400/rtl/include/top_define.v(line number: 218)] Define macro PDT_GEN `PDT_GEN_H3C_S5000C.
I: Verilog-0008: [C:/CPLD/pango/2_Tieta_Feiteng/Tieta_Feiteng_1001_PGC7KD69MBG400/rtl/include/top_define.v(line number: 221)] Define macro PDT_REV_RSVD 8'h00.
I: Verilog-0008: [C:/CPLD/pango/2_Tieta_Feiteng/Tieta_Feiteng_1001_PGC7KD69MBG400/rtl/include/top_define.v(line number: 222)] Define macro PDT_REV_H3C_2014_V100R001 8'h11.
I: Verilog-0008: [C:/CPLD/pango/2_Tieta_Feiteng/Tieta_Feiteng_1001_PGC7KD69MBG400/rtl/include/top_define.v(line number: 223)] Define macro PDT_REV_H3C_2014_V200R002 8'h22.
I: Verilog-0008: [C:/CPLD/pango/2_Tieta_Feiteng/Tieta_Feiteng_1001_PGC7KD69MBG400/rtl/include/top_define.v(line number: 224)] Define macro PDT_REV_H3C_2014_V500R002 8'h52.
I: Verilog-0008: [C:/CPLD/pango/2_Tieta_Feiteng/Tieta_Feiteng_1001_PGC7KD69MBG400/rtl/include/top_define.v(line number: 225)] Define macro PDT_REV_H3C_2014_V800R001 8'h81.
I: Verilog-0008: [C:/CPLD/pango/2_Tieta_Feiteng/Tieta_Feiteng_1001_PGC7KD69MBG400/rtl/include/top_define.v(line number: 226)] Define macro PDT_REV_H3C_2014_V200R005 8'h25.
I: Verilog-0008: [C:/CPLD/pango/2_Tieta_Feiteng/Tieta_Feiteng_1001_PGC7KD69MBG400/rtl/include/top_define.v(line number: 228)] Define macro PDT_REV_H3C_2014_V500R003 8'h53.
I: Verilog-0008: [C:/CPLD/pango/2_Tieta_Feiteng/Tieta_Feiteng_1001_PGC7KD69MBG400/rtl/include/top_define.v(line number: 229)] Define macro PDT_REV_H3C_2014_V500R005 8'h55.
I: Verilog-0008: [C:/CPLD/pango/2_Tieta_Feiteng/Tieta_Feiteng_1001_PGC7KD69MBG400/rtl/include/top_define.v(line number: 230)] Define macro PDT_REV_H3C_IT_C_RACK_V700R001 8'h71.
I: Verilog-0008: [C:/CPLD/pango/2_Tieta_Feiteng/Tieta_Feiteng_1001_PGC7KD69MBG400/rtl/include/top_define.v(line number: 234)] Define macro PDT_REV `PDT_REV_H3C_IT_C_RACK_V700R001.
I: Verilog-0008: [C:/CPLD/pango/2_Tieta_Feiteng/Tieta_Feiteng_1001_PGC7KD69MBG400/rtl/include/top_define.v(line number: 237)] Define macro SERVER_ID_H3C_2014_RSVD 8'h00.
I: Verilog-0008: [C:/CPLD/pango/2_Tieta_Feiteng/Tieta_Feiteng_1001_PGC7KD69MBG400/rtl/include/top_define.v(line number: 238)] Define macro SERVER_ID_H3C_2014_R2700 8'h01.
I: Verilog-0008: [C:/CPLD/pango/2_Tieta_Feiteng/Tieta_Feiteng_1001_PGC7KD69MBG400/rtl/include/top_define.v(line number: 239)] Define macro SERVER_ID_H3C_2014_R2900 8'h03.
I: Verilog-0008: [C:/CPLD/pango/2_Tieta_Feiteng/Tieta_Feiteng_1001_PGC7KD69MBG400/rtl/include/top_define.v(line number: 240)] Define macro SERVER_ID_H3C_2014_R4700 8'h11.
I: Verilog-0008: [C:/CPLD/pango/2_Tieta_Feiteng/Tieta_Feiteng_1001_PGC7KD69MBG400/rtl/include/top_define.v(line number: 241)] Define macro SERVER_ID_H3C_2014_R4900 8'h13.
I: Verilog-0008: [C:/CPLD/pango/2_Tieta_Feiteng/Tieta_Feiteng_1001_PGC7KD69MBG400/rtl/include/top_define.v(line number: 242)] Define macro SERVER_ID_H3C_2014_R6900 8'h23.
I: Verilog-0008: [C:/CPLD/pango/2_Tieta_Feiteng/Tieta_Feiteng_1001_PGC7KD69MBG400/rtl/include/top_define.v(line number: 243)] Define macro SERVER_ID_H3C_2014_R8900 8'h33.
I: Verilog-0008: [C:/CPLD/pango/2_Tieta_Feiteng/Tieta_Feiteng_1001_PGC7KD69MBG400/rtl/include/top_define.v(line number: 246)] Define macro BOARD_ID_H3C_2014_RSVD 8'h00.
I: Verilog-0008: [C:/CPLD/pango/2_Tieta_Feiteng/Tieta_Feiteng_1001_PGC7KD69MBG400/rtl/include/top_define.v(line number: 247)] Define macro BOARD_ID_H3C_2014_RS03M2C9S 8'h04.
I: Verilog-0008: [C:/CPLD/pango/2_Tieta_Feiteng/Tieta_Feiteng_1001_PGC7KD69MBG400/rtl/include/top_define.v(line number: 248)] Define macro BOARD_ID_H3C_2014_RS23M2C6S 8'h03.
I: Verilog-0008: [C:/CPLD/pango/2_Tieta_Feiteng/Tieta_Feiteng_1001_PGC7KD69MBG400/rtl/include/top_define.v(line number: 249)] Define macro BOARD_ID_H3C_2014_RS33M2C9S 8'h04.
I: Verilog-0008: [C:/CPLD/pango/2_Tieta_Feiteng/Tieta_Feiteng_1001_PGC7KD69MBG400/rtl/include/top_define.v(line number: 250)] Define macro BOARD_ID_H3C_2014_RS35M2C5S 8'h03.
I: Verilog-0008: [C:/CPLD/pango/2_Tieta_Feiteng/Tieta_Feiteng_1001_PGC7KD69MBG400/rtl/include/top_define.v(line number: 251)] Define macro BOARD_ID_H3C_2014_RS35M2C16S 8'h04.
I: Verilog-0008: [C:/CPLD/pango/2_Tieta_Feiteng/Tieta_Feiteng_1001_PGC7KD69MBG400/rtl/include/top_define.v(line number: 253)] Define macro BOARD_ID_H3C_2014_RS41M2C9S 8'h11.
I: Verilog-0008: [C:/CPLD/pango/2_Tieta_Feiteng/Tieta_Feiteng_1001_PGC7KD69MBG400/rtl/include/top_define.v(line number: 256)] Define macro CHASSIS_ID_H3C_2014_RSVD 8'h00.
I: Verilog-0008: [C:/CPLD/pango/2_Tieta_Feiteng/Tieta_Feiteng_1001_PGC7KD69MBG400/rtl/include/top_define.v(line number: 257)] Define macro CHASSIS_ID_H3C_2014_1U 8'h01.
I: Verilog-0008: [C:/CPLD/pango/2_Tieta_Feiteng/Tieta_Feiteng_1001_PGC7KD69MBG400/rtl/include/top_define.v(line number: 258)] Define macro CHASSIS_ID_H3C_2014_2U 8'h02.
I: Verilog-0008: [C:/CPLD/pango/2_Tieta_Feiteng/Tieta_Feiteng_1001_PGC7KD69MBG400/rtl/include/top_define.v(line number: 259)] Define macro CHASSIS_ID_H3C_2014_NONE 8'h03.
I: Verilog-0008: [C:/CPLD/pango/2_Tieta_Feiteng/Tieta_Feiteng_1001_PGC7KD69MBG400/rtl/include/top_define.v(line number: 262)] Define macro PLT_CPU_MFR_RSVD 8'h00.
I: Verilog-0008: [C:/CPLD/pango/2_Tieta_Feiteng/Tieta_Feiteng_1001_PGC7KD69MBG400/rtl/include/top_define.v(line number: 263)] Define macro PLT_CPU_MFR_INTEL 8'h01.
I: Verilog-0008: [C:/CPLD/pango/2_Tieta_Feiteng/Tieta_Feiteng_1001_PGC7KD69MBG400/rtl/include/top_define.v(line number: 264)] Define macro PLT_CPU_MFR_AMD 8'h02.
I: Verilog-0008: [C:/CPLD/pango/2_Tieta_Feiteng/Tieta_Feiteng_1001_PGC7KD69MBG400/rtl/include/top_define.v(line number: 265)] Define macro PLT_CPU_MFR_FT 8'h03.
I: Verilog-0008: [C:/CPLD/pango/2_Tieta_Feiteng/Tieta_Feiteng_1001_PGC7KD69MBG400/rtl/include/top_define.v(line number: 267)] Define macro PLT_CPU_MFR `PLT_CPU_MFR_FT.
I: Verilog-0008: [C:/CPLD/pango/2_Tieta_Feiteng/Tieta_Feiteng_1001_PGC7KD69MBG400/rtl/include/top_define.v(line number: 270)] Define macro PLT_CPU_GEN_RSVD 8'h00.
I: Verilog-0008: [C:/CPLD/pango/2_Tieta_Feiteng/Tieta_Feiteng_1001_PGC7KD69MBG400/rtl/include/top_define.v(line number: 271)] Define macro PLT_CPU_GEN_BROADWELL 8'h00.
I: Verilog-0008: [C:/CPLD/pango/2_Tieta_Feiteng/Tieta_Feiteng_1001_PGC7KD69MBG400/rtl/include/top_define.v(line number: 272)] Define macro PLT_CPU_GEN_SKYLATE 8'h01.
I: Verilog-0008: [C:/CPLD/pango/2_Tieta_Feiteng/Tieta_Feiteng_1001_PGC7KD69MBG400/rtl/include/top_define.v(line number: 273)] Define macro PLT_CPU_GEN_ICELATE 8'h10.
I: Verilog-0008: [C:/CPLD/pango/2_Tieta_Feiteng/Tieta_Feiteng_1001_PGC7KD69MBG400/rtl/include/top_define.v(line number: 274)] Define macro PLT_CPU_GEN_FT2500 8'h05.
I: Verilog-0008: [C:/CPLD/pango/2_Tieta_Feiteng/Tieta_Feiteng_1001_PGC7KD69MBG400/rtl/include/top_define.v(line number: 276)] Define macro PLT_CPU_GEN `PLT_CPU_GEN_FT2500.
I: Verilog-0008: [C:/CPLD/pango/2_Tieta_Feiteng/Tieta_Feiteng_1001_PGC7KD69MBG400/rtl/include/top_define.v(line number: 281)] Define macro INT_MODE_RISING 2'b01.
I: Verilog-0008: [C:/CPLD/pango/2_Tieta_Feiteng/Tieta_Feiteng_1001_PGC7KD69MBG400/rtl/include/top_define.v(line number: 282)] Define macro INT_MODE_FALLING 2'b10.
I: Verilog-0008: [C:/CPLD/pango/2_Tieta_Feiteng/Tieta_Feiteng_1001_PGC7KD69MBG400/rtl/include/top_define.v(line number: 283)] Define macro INT_MODE_BOTH 2'b11.
I: Verilog-0008: [C:/CPLD/pango/2_Tieta_Feiteng/Tieta_Feiteng_1001_PGC7KD69MBG400/rtl/include/top_define.v(line number: 288)] Define macro PN_RS03M2C9S {`ASCII_A, `ASCII_3, `ASCII_F, `ASCII_T}.
I: Verilog-0008: [C:/CPLD/pango/2_Tieta_Feiteng/Tieta_Feiteng_1001_PGC7KD69MBG400/rtl/include/top_define.v(line number: 289)] Define macro PN_RS33M2C9S {`ASCII_A, `ASCII_3, `ASCII_F, `ASCII_Q}.
I: Verilog-0008: [C:/CPLD/pango/2_Tieta_Feiteng/Tieta_Feiteng_1001_PGC7KD69MBG400/rtl/include/top_define.v(line number: 290)] Define macro PN_RS23M2C6S {`ASCII_A, `ASCII_3, `ASCII_F, `ASCII_R}.
I: Verilog-0008: [C:/CPLD/pango/2_Tieta_Feiteng/Tieta_Feiteng_1001_PGC7KD69MBG400/rtl/include/top_define.v(line number: 291)] Define macro PN_RS05M2C9S {`ASCII_A, `ASCII_4, `ASCII_L, `ASCII_M}.
I: Verilog-0008: [C:/CPLD/pango/2_Tieta_Feiteng/Tieta_Feiteng_1001_PGC7KD69MBG400/rtl/include/top_define.v(line number: 292)] Define macro PN_RS35M2C16S {`ASCII_A, `ASCII_5, `ASCII_B, `ASCII_8}.
I: Verilog-0008: [C:/CPLD/pango/2_Tieta_Feiteng/Tieta_Feiteng_1001_PGC7KD69MBG400/rtl/include/top_define.v(line number: 293)] Define macro PN_RS41M2C9S {`ASCII_A, `ASCII_5, `ASCII_K, `ASCII_B}.
I: Verilog-0008: [C:/CPLD/pango/2_Tieta_Feiteng/Tieta_Feiteng_1001_PGC7KD69MBG400/rtl/include/top_define.v(line number: 294)] Define macro PN_RSVD 32'h0000_0000.
I: Verilog-0008: [C:/CPLD/pango/2_Tieta_Feiteng/Tieta_Feiteng_1001_PGC7KD69MBG400/rtl/include/top_define.v(line number: 301)] Define macro BOARD_PN `PN_RS41M2C9S.
I: Verilog-0008: [C:/CPLD/pango/2_Tieta_Feiteng/Tieta_Feiteng_1001_PGC7KD69MBG400/rtl/include/top_define.v(line number: 306)] Define macro ASCII_0 8'h30.
I: Verilog-0008: [C:/CPLD/pango/2_Tieta_Feiteng/Tieta_Feiteng_1001_PGC7KD69MBG400/rtl/include/top_define.v(line number: 307)] Define macro ASCII_1 8'h31.
I: Verilog-0008: [C:/CPLD/pango/2_Tieta_Feiteng/Tieta_Feiteng_1001_PGC7KD69MBG400/rtl/include/top_define.v(line number: 308)] Define macro ASCII_2 8'h32.
I: Verilog-0008: [C:/CPLD/pango/2_Tieta_Feiteng/Tieta_Feiteng_1001_PGC7KD69MBG400/rtl/include/top_define.v(line number: 309)] Define macro ASCII_3 8'h33.
I: Verilog-0008: [C:/CPLD/pango/2_Tieta_Feiteng/Tieta_Feiteng_1001_PGC7KD69MBG400/rtl/include/top_define.v(line number: 310)] Define macro ASCII_4 8'h34.
I: Verilog-0008: [C:/CPLD/pango/2_Tieta_Feiteng/Tieta_Feiteng_1001_PGC7KD69MBG400/rtl/include/top_define.v(line number: 311)] Define macro ASCII_5 8'h35.
I: Verilog-0008: [C:/CPLD/pango/2_Tieta_Feiteng/Tieta_Feiteng_1001_PGC7KD69MBG400/rtl/include/top_define.v(line number: 312)] Define macro ASCII_6 8'h36.
I: Verilog-0008: [C:/CPLD/pango/2_Tieta_Feiteng/Tieta_Feiteng_1001_PGC7KD69MBG400/rtl/include/top_define.v(line number: 313)] Define macro ASCII_7 8'h37.
I: Verilog-0008: [C:/CPLD/pango/2_Tieta_Feiteng/Tieta_Feiteng_1001_PGC7KD69MBG400/rtl/include/top_define.v(line number: 314)] Define macro ASCII_8 8'h38.
I: Verilog-0008: [C:/CPLD/pango/2_Tieta_Feiteng/Tieta_Feiteng_1001_PGC7KD69MBG400/rtl/include/top_define.v(line number: 315)] Define macro ASCII_9 8'h39.
I: Verilog-0008: [C:/CPLD/pango/2_Tieta_Feiteng/Tieta_Feiteng_1001_PGC7KD69MBG400/rtl/include/top_define.v(line number: 316)] Define macro ASCII_A 8'h41.
I: Verilog-0008: [C:/CPLD/pango/2_Tieta_Feiteng/Tieta_Feiteng_1001_PGC7KD69MBG400/rtl/include/top_define.v(line number: 317)] Define macro ASCII_B 8'h42.
I: Verilog-0008: [C:/CPLD/pango/2_Tieta_Feiteng/Tieta_Feiteng_1001_PGC7KD69MBG400/rtl/include/top_define.v(line number: 318)] Define macro ASCII_C 8'h43.
I: Verilog-0008: [C:/CPLD/pango/2_Tieta_Feiteng/Tieta_Feiteng_1001_PGC7KD69MBG400/rtl/include/top_define.v(line number: 319)] Define macro ASCII_D 8'h44.
I: Verilog-0008: [C:/CPLD/pango/2_Tieta_Feiteng/Tieta_Feiteng_1001_PGC7KD69MBG400/rtl/include/top_define.v(line number: 320)] Define macro ASCII_E 8'h45.
I: Verilog-0008: [C:/CPLD/pango/2_Tieta_Feiteng/Tieta_Feiteng_1001_PGC7KD69MBG400/rtl/include/top_define.v(line number: 321)] Define macro ASCII_F 8'h46.
I: Verilog-0008: [C:/CPLD/pango/2_Tieta_Feiteng/Tieta_Feiteng_1001_PGC7KD69MBG400/rtl/include/top_define.v(line number: 322)] Define macro ASCII_G 8'h47.
I: Verilog-0008: [C:/CPLD/pango/2_Tieta_Feiteng/Tieta_Feiteng_1001_PGC7KD69MBG400/rtl/include/top_define.v(line number: 323)] Define macro ASCII_H 8'h48.
I: Verilog-0008: [C:/CPLD/pango/2_Tieta_Feiteng/Tieta_Feiteng_1001_PGC7KD69MBG400/rtl/include/top_define.v(line number: 324)] Define macro ASCII_I 8'h49.
I: Verilog-0008: [C:/CPLD/pango/2_Tieta_Feiteng/Tieta_Feiteng_1001_PGC7KD69MBG400/rtl/include/top_define.v(line number: 325)] Define macro ASCII_J 8'h4A.
I: Verilog-0008: [C:/CPLD/pango/2_Tieta_Feiteng/Tieta_Feiteng_1001_PGC7KD69MBG400/rtl/include/top_define.v(line number: 326)] Define macro ASCII_K 8'h4B.
I: Verilog-0008: [C:/CPLD/pango/2_Tieta_Feiteng/Tieta_Feiteng_1001_PGC7KD69MBG400/rtl/include/top_define.v(line number: 327)] Define macro ASCII_L 8'h4C.
I: Verilog-0008: [C:/CPLD/pango/2_Tieta_Feiteng/Tieta_Feiteng_1001_PGC7KD69MBG400/rtl/include/top_define.v(line number: 328)] Define macro ASCII_M 8'h4D.
I: Verilog-0008: [C:/CPLD/pango/2_Tieta_Feiteng/Tieta_Feiteng_1001_PGC7KD69MBG400/rtl/include/top_define.v(line number: 329)] Define macro ASCII_N 8'h4E.
I: Verilog-0008: [C:/CPLD/pango/2_Tieta_Feiteng/Tieta_Feiteng_1001_PGC7KD69MBG400/rtl/include/top_define.v(line number: 330)] Define macro ASCII_O 8'h4F.
I: Verilog-0008: [C:/CPLD/pango/2_Tieta_Feiteng/Tieta_Feiteng_1001_PGC7KD69MBG400/rtl/include/top_define.v(line number: 331)] Define macro ASCII_P 8'h50.
I: Verilog-0008: [C:/CPLD/pango/2_Tieta_Feiteng/Tieta_Feiteng_1001_PGC7KD69MBG400/rtl/include/top_define.v(line number: 332)] Define macro ASCII_Q 8'h51.
I: Verilog-0008: [C:/CPLD/pango/2_Tieta_Feiteng/Tieta_Feiteng_1001_PGC7KD69MBG400/rtl/include/top_define.v(line number: 333)] Define macro ASCII_R 8'h52.
I: Verilog-0008: [C:/CPLD/pango/2_Tieta_Feiteng/Tieta_Feiteng_1001_PGC7KD69MBG400/rtl/include/top_define.v(line number: 334)] Define macro ASCII_S 8'h53.
I: Verilog-0008: [C:/CPLD/pango/2_Tieta_Feiteng/Tieta_Feiteng_1001_PGC7KD69MBG400/rtl/include/top_define.v(line number: 335)] Define macro ASCII_T 8'h54.
I: Verilog-0008: [C:/CPLD/pango/2_Tieta_Feiteng/Tieta_Feiteng_1001_PGC7KD69MBG400/rtl/include/top_define.v(line number: 336)] Define macro ASCII_U 8'h55.
I: Verilog-0008: [C:/CPLD/pango/2_Tieta_Feiteng/Tieta_Feiteng_1001_PGC7KD69MBG400/rtl/include/top_define.v(line number: 337)] Define macro ASCII_V 8'h56.
I: Verilog-0008: [C:/CPLD/pango/2_Tieta_Feiteng/Tieta_Feiteng_1001_PGC7KD69MBG400/rtl/include/top_define.v(line number: 338)] Define macro ASCII_W 8'h57.
I: Verilog-0008: [C:/CPLD/pango/2_Tieta_Feiteng/Tieta_Feiteng_1001_PGC7KD69MBG400/rtl/include/top_define.v(line number: 339)] Define macro ASCII_X 8'h58.
I: Verilog-0008: [C:/CPLD/pango/2_Tieta_Feiteng/Tieta_Feiteng_1001_PGC7KD69MBG400/rtl/include/top_define.v(line number: 340)] Define macro ASCII_Y 8'h59.
I: Verilog-0008: [C:/CPLD/pango/2_Tieta_Feiteng/Tieta_Feiteng_1001_PGC7KD69MBG400/rtl/include/top_define.v(line number: 341)] Define macro ASCII_Z 8'h5A.
I: Found Verilog include file C:/CPLD/pango/2_Tieta_Feiteng/Tieta_Feiteng_1001_PGC7KD69MBG400/rtl/include/tpm_define.v
I: Verilog-0008: [C:/CPLD/pango/2_Tieta_Feiteng/Tieta_Feiteng_1001_PGC7KD69MBG400/rtl/include/tpm_define.v(line number: 6)] Define macro FSM_SPI_MOSI_BIT0 8'h00.
I: Verilog-0008: [C:/CPLD/pango/2_Tieta_Feiteng/Tieta_Feiteng_1001_PGC7KD69MBG400/rtl/include/tpm_define.v(line number: 7)] Define macro FSM_SPI_MOSI_BIT1 8'h01.
I: Verilog-0008: [C:/CPLD/pango/2_Tieta_Feiteng/Tieta_Feiteng_1001_PGC7KD69MBG400/rtl/include/tpm_define.v(line number: 8)] Define macro FSM_SPI_MOSI_BIT2 8'h02.
I: Verilog-0008: [C:/CPLD/pango/2_Tieta_Feiteng/Tieta_Feiteng_1001_PGC7KD69MBG400/rtl/include/tpm_define.v(line number: 9)] Define macro FSM_SPI_MOSI_BIT3 8'h03.
I: Verilog-0008: [C:/CPLD/pango/2_Tieta_Feiteng/Tieta_Feiteng_1001_PGC7KD69MBG400/rtl/include/tpm_define.v(line number: 10)] Define macro FSM_SPI_MOSI_BIT4 8'h04.
I: Verilog-0008: [C:/CPLD/pango/2_Tieta_Feiteng/Tieta_Feiteng_1001_PGC7KD69MBG400/rtl/include/tpm_define.v(line number: 11)] Define macro FSM_SPI_MOSI_BIT5 8'h05.
I: Verilog-0008: [C:/CPLD/pango/2_Tieta_Feiteng/Tieta_Feiteng_1001_PGC7KD69MBG400/rtl/include/tpm_define.v(line number: 12)] Define macro FSM_SPI_MOSI_BIT6 8'h06.
I: Verilog-0008: [C:/CPLD/pango/2_Tieta_Feiteng/Tieta_Feiteng_1001_PGC7KD69MBG400/rtl/include/tpm_define.v(line number: 13)] Define macro FSM_SPI_MOSI_BIT7 8'h07.
I: Verilog-0008: [C:/CPLD/pango/2_Tieta_Feiteng/Tieta_Feiteng_1001_PGC7KD69MBG400/rtl/include/tpm_define.v(line number: 15)] Define macro FSM_SPI_MISO_BIT0 8'h00.
I: Verilog-0008: [C:/CPLD/pango/2_Tieta_Feiteng/Tieta_Feiteng_1001_PGC7KD69MBG400/rtl/include/tpm_define.v(line number: 16)] Define macro FSM_SPI_MISO_BIT1 8'h01.
I: Verilog-0008: [C:/CPLD/pango/2_Tieta_Feiteng/Tieta_Feiteng_1001_PGC7KD69MBG400/rtl/include/tpm_define.v(line number: 17)] Define macro FSM_SPI_MISO_BIT2 8'h02.
I: Verilog-0008: [C:/CPLD/pango/2_Tieta_Feiteng/Tieta_Feiteng_1001_PGC7KD69MBG400/rtl/include/tpm_define.v(line number: 18)] Define macro FSM_SPI_MISO_BIT3 8'h03.
I: Verilog-0008: [C:/CPLD/pango/2_Tieta_Feiteng/Tieta_Feiteng_1001_PGC7KD69MBG400/rtl/include/tpm_define.v(line number: 19)] Define macro FSM_SPI_MISO_BIT4 8'h04.
I: Verilog-0008: [C:/CPLD/pango/2_Tieta_Feiteng/Tieta_Feiteng_1001_PGC7KD69MBG400/rtl/include/tpm_define.v(line number: 20)] Define macro FSM_SPI_MISO_BIT5 8'h05.
I: Verilog-0008: [C:/CPLD/pango/2_Tieta_Feiteng/Tieta_Feiteng_1001_PGC7KD69MBG400/rtl/include/tpm_define.v(line number: 21)] Define macro FSM_SPI_MISO_BIT6 8'h06.
I: Verilog-0008: [C:/CPLD/pango/2_Tieta_Feiteng/Tieta_Feiteng_1001_PGC7KD69MBG400/rtl/include/tpm_define.v(line number: 22)] Define macro FSM_SPI_MISO_BIT7 8'h07.
I: Verilog-0008: [C:/CPLD/pango/2_Tieta_Feiteng/Tieta_Feiteng_1001_PGC7KD69MBG400/rtl/include/tpm_define.v(line number: 25)] Define macro FSM_SPI_IDLE 8'h00.
I: Verilog-0008: [C:/CPLD/pango/2_Tieta_Feiteng/Tieta_Feiteng_1001_PGC7KD69MBG400/rtl/include/tpm_define.v(line number: 26)] Define macro FSM_SPI 8'h01.
I: Verilog-0008: [C:/CPLD/pango/2_Tieta_Feiteng/Tieta_Feiteng_1001_PGC7KD69MBG400/rtl/include/tpm_define.v(line number: 27)] Define macro FSM_SPI_COMMAND 8'h02.
I: Verilog-0008: [C:/CPLD/pango/2_Tieta_Feiteng/Tieta_Feiteng_1001_PGC7KD69MBG400/rtl/include/tpm_define.v(line number: 28)] Define macro FSM_SPI_ADDRESS2 8'h03.
I: Verilog-0008: [C:/CPLD/pango/2_Tieta_Feiteng/Tieta_Feiteng_1001_PGC7KD69MBG400/rtl/include/tpm_define.v(line number: 29)] Define macro FSM_SPI_ADDRESS1 8'h04.
I: Verilog-0008: [C:/CPLD/pango/2_Tieta_Feiteng/Tieta_Feiteng_1001_PGC7KD69MBG400/rtl/include/tpm_define.v(line number: 30)] Define macro FSM_SPI_ADDRESS0 8'h05.
I: Verilog-0008: [C:/CPLD/pango/2_Tieta_Feiteng/Tieta_Feiteng_1001_PGC7KD69MBG400/rtl/include/tpm_define.v(line number: 31)] Define macro FSM_SPI_WDATA0 8'h06.
I: Verilog-0008: [C:/CPLD/pango/2_Tieta_Feiteng/Tieta_Feiteng_1001_PGC7KD69MBG400/rtl/include/tpm_define.v(line number: 32)] Define macro FSM_SPI_WDATA1 8'h07.
I: Verilog-0008: [C:/CPLD/pango/2_Tieta_Feiteng/Tieta_Feiteng_1001_PGC7KD69MBG400/rtl/include/tpm_define.v(line number: 33)] Define macro FSM_SPI_WDATA2 8'h08.
I: Verilog-0008: [C:/CPLD/pango/2_Tieta_Feiteng/Tieta_Feiteng_1001_PGC7KD69MBG400/rtl/include/tpm_define.v(line number: 34)] Define macro FSM_SPI_WDATA3 8'h09.
I: Verilog-0008: [C:/CPLD/pango/2_Tieta_Feiteng/Tieta_Feiteng_1001_PGC7KD69MBG400/rtl/include/tpm_define.v(line number: 35)] Define macro FSM_SPI_WDATA_DONE 8'h0A.
I: Verilog-0008: [C:/CPLD/pango/2_Tieta_Feiteng/Tieta_Feiteng_1001_PGC7KD69MBG400/rtl/include/tpm_define.v(line number: 36)] Define macro FSM_SPI_WAIT 8'h0B.
I: Verilog-0008: [C:/CPLD/pango/2_Tieta_Feiteng/Tieta_Feiteng_1001_PGC7KD69MBG400/rtl/include/tpm_define.v(line number: 37)] Define macro FSM_SPI_WAIT_RDY 8'h0C.
I: Verilog-0008: [C:/CPLD/pango/2_Tieta_Feiteng/Tieta_Feiteng_1001_PGC7KD69MBG400/rtl/include/tpm_define.v(line number: 38)] Define macro FSM_SPI_WAIT_END 8'h0D.
I: Verilog-0008: [C:/CPLD/pango/2_Tieta_Feiteng/Tieta_Feiteng_1001_PGC7KD69MBG400/rtl/include/tpm_define.v(line number: 39)] Define macro FSM_SPI_WAIT_DONE 8'h0E.
I: Verilog-0008: [C:/CPLD/pango/2_Tieta_Feiteng/Tieta_Feiteng_1001_PGC7KD69MBG400/rtl/include/tpm_define.v(line number: 40)] Define macro FSM_SPI_RDATA0 8'h0F.
I: Verilog-0008: [C:/CPLD/pango/2_Tieta_Feiteng/Tieta_Feiteng_1001_PGC7KD69MBG400/rtl/include/tpm_define.v(line number: 41)] Define macro FSM_SPI_RDATA1 8'h10.
I: Verilog-0008: [C:/CPLD/pango/2_Tieta_Feiteng/Tieta_Feiteng_1001_PGC7KD69MBG400/rtl/include/tpm_define.v(line number: 42)] Define macro FSM_SPI_RDATA2 8'h11.
I: Verilog-0008: [C:/CPLD/pango/2_Tieta_Feiteng/Tieta_Feiteng_1001_PGC7KD69MBG400/rtl/include/tpm_define.v(line number: 43)] Define macro FSM_SPI_RDATA3 8'h12.
I: Verilog-0008: [C:/CPLD/pango/2_Tieta_Feiteng/Tieta_Feiteng_1001_PGC7KD69MBG400/rtl/include/tpm_define.v(line number: 44)] Define macro FSM_SPI_RDATA_DONE 8'h13.
I: Verilog-0008: [C:/CPLD/pango/2_Tieta_Feiteng/Tieta_Feiteng_1001_PGC7KD69MBG400/rtl/include/tpm_define.v(line number: 45)] Define macro FSM_SPI_FAULT 8'h14.
I: Verilog-0008: [C:/CPLD/pango/2_Tieta_Feiteng/Tieta_Feiteng_1001_PGC7KD69MBG400/rtl/include/tpm_define.v(line number: 46)] Define macro FSM_SPI_DONE 8'h15.
I: Verilog-0008: [C:/CPLD/pango/2_Tieta_Feiteng/Tieta_Feiteng_1001_PGC7KD69MBG400/rtl/include/tpm_define.v(line number: 48)] Define macro FSM_BUF_IDLE 8'h00.
I: Verilog-0008: [C:/CPLD/pango/2_Tieta_Feiteng/Tieta_Feiteng_1001_PGC7KD69MBG400/rtl/include/tpm_define.v(line number: 49)] Define macro FSM_BUF_SPI_WDATA_DONE 8'h01.
I: Verilog-0008: [C:/CPLD/pango/2_Tieta_Feiteng/Tieta_Feiteng_1001_PGC7KD69MBG400/rtl/include/tpm_define.v(line number: 50)] Define macro FSM_BUF_SPI_TX_LPC_TX 8'h02.
I: Verilog-0008: [C:/CPLD/pango/2_Tieta_Feiteng/Tieta_Feiteng_1001_PGC7KD69MBG400/rtl/include/tpm_define.v(line number: 51)] Define macro FSM_BUF_LPC_TX_BUFFER 8'h03.
I: Verilog-0008: [C:/CPLD/pango/2_Tieta_Feiteng/Tieta_Feiteng_1001_PGC7KD69MBG400/rtl/include/tpm_define.v(line number: 52)] Define macro FSM_BUF_LPC_TX 8'h04.
I: Verilog-0008: [C:/CPLD/pango/2_Tieta_Feiteng/Tieta_Feiteng_1001_PGC7KD69MBG400/rtl/include/tpm_define.v(line number: 53)] Define macro FSM_BUF_LPC_DONE_TX 8'h05.
I: Verilog-0008: [C:/CPLD/pango/2_Tieta_Feiteng/Tieta_Feiteng_1001_PGC7KD69MBG400/rtl/include/tpm_define.v(line number: 54)] Define macro FSM_BUF_SPI_WAIT 8'h06.
I: Verilog-0008: [C:/CPLD/pango/2_Tieta_Feiteng/Tieta_Feiteng_1001_PGC7KD69MBG400/rtl/include/tpm_define.v(line number: 55)] Define macro FSM_BUF_SPI_RX_LPC_RX 8'h07.
I: Verilog-0008: [C:/CPLD/pango/2_Tieta_Feiteng/Tieta_Feiteng_1001_PGC7KD69MBG400/rtl/include/tpm_define.v(line number: 56)] Define macro FSM_BUF_LPC_RX_BUFFER 8'h08.
I: Verilog-0008: [C:/CPLD/pango/2_Tieta_Feiteng/Tieta_Feiteng_1001_PGC7KD69MBG400/rtl/include/tpm_define.v(line number: 57)] Define macro FSM_BUF_LPC_RX 8'h09.
I: Verilog-0008: [C:/CPLD/pango/2_Tieta_Feiteng/Tieta_Feiteng_1001_PGC7KD69MBG400/rtl/include/tpm_define.v(line number: 58)] Define macro FSM_BUF_LPC_DONE_RX 8'h0A.
I: Verilog-0008: [C:/CPLD/pango/2_Tieta_Feiteng/Tieta_Feiteng_1001_PGC7KD69MBG400/rtl/include/tpm_define.v(line number: 59)] Define macro FSM_BUF_LPC_RX_SPI_RX 8'h0B.
I: Verilog-0008: [C:/CPLD/pango/2_Tieta_Feiteng/Tieta_Feiteng_1001_PGC7KD69MBG400/rtl/include/tpm_define.v(line number: 60)] Define macro FSM_BUF_SPI_RDATA_BUFFER 8'h0C.
I: Verilog-0008: [C:/CPLD/pango/2_Tieta_Feiteng/Tieta_Feiteng_1001_PGC7KD69MBG400/rtl/include/tpm_define.v(line number: 61)] Define macro FSM_BUF_SPI_RDATA0 8'h0D.
I: Verilog-0008: [C:/CPLD/pango/2_Tieta_Feiteng/Tieta_Feiteng_1001_PGC7KD69MBG400/rtl/include/tpm_define.v(line number: 62)] Define macro FSM_BUF_SPI_WAIT_DONE 8'h0E.
I: Verilog-0008: [C:/CPLD/pango/2_Tieta_Feiteng/Tieta_Feiteng_1001_PGC7KD69MBG400/rtl/include/tpm_define.v(line number: 63)] Define macro FSM_BUF_DONE 8'h0F.
I: Verilog-0008: [C:/CPLD/pango/2_Tieta_Feiteng/Tieta_Feiteng_1001_PGC7KD69MBG400/rtl/include/tpm_define.v(line number: 65)] Define macro FSM_LPC_IDLE 8'h00.
I: Verilog-0008: [C:/CPLD/pango/2_Tieta_Feiteng/Tieta_Feiteng_1001_PGC7KD69MBG400/rtl/include/tpm_define.v(line number: 66)] Define macro FSM_LPC 8'h01.
I: Verilog-0008: [C:/CPLD/pango/2_Tieta_Feiteng/Tieta_Feiteng_1001_PGC7KD69MBG400/rtl/include/tpm_define.v(line number: 67)] Define macro FSM_LPC_START0 8'h02.
I: Verilog-0008: [C:/CPLD/pango/2_Tieta_Feiteng/Tieta_Feiteng_1001_PGC7KD69MBG400/rtl/include/tpm_define.v(line number: 68)] Define macro FSM_LPC_START 8'h03.
I: Verilog-0008: [C:/CPLD/pango/2_Tieta_Feiteng/Tieta_Feiteng_1001_PGC7KD69MBG400/rtl/include/tpm_define.v(line number: 69)] Define macro FSM_LPC_CTDIR 8'h04.
I: Verilog-0008: [C:/CPLD/pango/2_Tieta_Feiteng/Tieta_Feiteng_1001_PGC7KD69MBG400/rtl/include/tpm_define.v(line number: 70)] Define macro FSM_LPC_ADDR_3 8'h05.
I: Verilog-0008: [C:/CPLD/pango/2_Tieta_Feiteng/Tieta_Feiteng_1001_PGC7KD69MBG400/rtl/include/tpm_define.v(line number: 71)] Define macro FSM_LPC_ADDR_2 8'h06.
I: Verilog-0008: [C:/CPLD/pango/2_Tieta_Feiteng/Tieta_Feiteng_1001_PGC7KD69MBG400/rtl/include/tpm_define.v(line number: 72)] Define macro FSM_LPC_ADDR_1 8'h07.
I: Verilog-0008: [C:/CPLD/pango/2_Tieta_Feiteng/Tieta_Feiteng_1001_PGC7KD69MBG400/rtl/include/tpm_define.v(line number: 73)] Define macro FSM_LPC_ADDR_0 8'h08.
I: Verilog-0008: [C:/CPLD/pango/2_Tieta_Feiteng/Tieta_Feiteng_1001_PGC7KD69MBG400/rtl/include/tpm_define.v(line number: 74)] Define macro FSM_LPC_WDATA_0 8'h09.
I: Verilog-0008: [C:/CPLD/pango/2_Tieta_Feiteng/Tieta_Feiteng_1001_PGC7KD69MBG400/rtl/include/tpm_define.v(line number: 75)] Define macro FSM_LPC_WDATA_1 8'h0A.
I: Verilog-0008: [C:/CPLD/pango/2_Tieta_Feiteng/Tieta_Feiteng_1001_PGC7KD69MBG400/rtl/include/tpm_define.v(line number: 76)] Define macro FSM_LPC_WTAR_0 8'h0B.
I: Verilog-0008: [C:/CPLD/pango/2_Tieta_Feiteng/Tieta_Feiteng_1001_PGC7KD69MBG400/rtl/include/tpm_define.v(line number: 77)] Define macro FSM_LPC_WTAR_1 8'h0C.
I: Verilog-0008: [C:/CPLD/pango/2_Tieta_Feiteng/Tieta_Feiteng_1001_PGC7KD69MBG400/rtl/include/tpm_define.v(line number: 78)] Define macro FSM_LPC_WSYNC 8'h0D.
I: Verilog-0008: [C:/CPLD/pango/2_Tieta_Feiteng/Tieta_Feiteng_1001_PGC7KD69MBG400/rtl/include/tpm_define.v(line number: 79)] Define macro FSM_LPC_RDATA_0 8'h0E.
I: Verilog-0008: [C:/CPLD/pango/2_Tieta_Feiteng/Tieta_Feiteng_1001_PGC7KD69MBG400/rtl/include/tpm_define.v(line number: 80)] Define macro FSM_LPC_RDATA_1 8'h0F.
I: Verilog-0008: [C:/CPLD/pango/2_Tieta_Feiteng/Tieta_Feiteng_1001_PGC7KD69MBG400/rtl/include/tpm_define.v(line number: 81)] Define macro FSM_LPC_RTAR_0 8'h10.
I: Verilog-0008: [C:/CPLD/pango/2_Tieta_Feiteng/Tieta_Feiteng_1001_PGC7KD69MBG400/rtl/include/tpm_define.v(line number: 82)] Define macro FSM_LPC_RTAR_1 8'h11.
I: Verilog-0008: [C:/CPLD/pango/2_Tieta_Feiteng/Tieta_Feiteng_1001_PGC7KD69MBG400/rtl/include/tpm_define.v(line number: 83)] Define macro FSM_LPC_RSYNC 8'h12.
I: Verilog-0008: [C:/CPLD/pango/2_Tieta_Feiteng/Tieta_Feiteng_1001_PGC7KD69MBG400/rtl/include/tpm_define.v(line number: 84)] Define macro FSM_LPC_TAR2_0 8'h13.
I: Verilog-0008: [C:/CPLD/pango/2_Tieta_Feiteng/Tieta_Feiteng_1001_PGC7KD69MBG400/rtl/include/tpm_define.v(line number: 85)] Define macro FSM_LPC_TAR2_1 8'h14.
I: Verilog-0008: [C:/CPLD/pango/2_Tieta_Feiteng/Tieta_Feiteng_1001_PGC7KD69MBG400/rtl/include/tpm_define.v(line number: 86)] Define macro FSM_LPC_FAULT 8'h15.
I: Verilog-0008: [C:/CPLD/pango/2_Tieta_Feiteng/Tieta_Feiteng_1001_PGC7KD69MBG400/rtl/include/tpm_define.v(line number: 87)] Define macro FSM_LPC_DONE 8'h16.
I: Verilog-0008: [C:/CPLD/pango/2_Tieta_Feiteng/Tieta_Feiteng_1001_PGC7KD69MBG400/rtl/include/tpm_define.v(line number: 164)] Define macro LPC_CYCTYPE_IO 2'b00.
I: Verilog-0008: [C:/CPLD/pango/2_Tieta_Feiteng/Tieta_Feiteng_1001_PGC7KD69MBG400/rtl/include/tpm_define.v(line number: 170)] Define macro LPC_DIRECTION_RD 1'b0.
I: Verilog-0008: [C:/CPLD/pango/2_Tieta_Feiteng/Tieta_Feiteng_1001_PGC7KD69MBG400/rtl/include/tpm_define.v(line number: 171)] Define macro LPC_DIRECTION_WR 1'b1.
I: Verilog-0008: [C:/CPLD/pango/2_Tieta_Feiteng/Tieta_Feiteng_1001_PGC7KD69MBG400/rtl/include/tpm_define.v(line number: 180)] Define macro LPC_SYNC_RDY 4'b0000.
I: Verilog-0002: [C:/CPLD/pango/2_Tieta_Feiteng/Tieta_Feiteng_1001_PGC7KD69MBG400/rtl/source/Tieta_Feiteng_1001_top.v(line number: 4)] Analyzing module Tieta_Feiteng_1001_top (library work).
W: Verilog-2057: [C:/CPLD/pango/2_Tieta_Feiteng/Tieta_Feiteng_1001_PGC7KD69MBG400/rtl/source/Tieta_Feiteng_1001_top.v(line number: 1711)] i_PAL_OCP1_FAN_PRSNT_N is declared implicitly.
W: Verilog-2057: [C:/CPLD/pango/2_Tieta_Feiteng/Tieta_Feiteng_1001_PGC7KD69MBG400/rtl/source/Tieta_Feiteng_1001_top.v(line number: 1760)] db_i_pal_ocp1_fan_prsnt_n is declared implicitly.
W: Verilog-2057: [C:/CPLD/pango/2_Tieta_Feiteng/Tieta_Feiteng_1001_PGC7KD69MBG400/rtl/source/Tieta_Feiteng_1001_top.v(line number: 1807)] i_PAL_CPU0_VR_PMALT_UPD is declared implicitly.
W: Verilog-2057: [C:/CPLD/pango/2_Tieta_Feiteng/Tieta_Feiteng_1001_PGC7KD69MBG400/rtl/source/Tieta_Feiteng_1001_top.v(line number: 1808)] i_PAL_CPU1_VR_PMALT_UPD is declared implicitly.
W: Verilog-2057: [C:/CPLD/pango/2_Tieta_Feiteng/Tieta_Feiteng_1001_PGC7KD69MBG400/rtl/source/Tieta_Feiteng_1001_top.v(line number: 1825)] ocp_pvt_act_p0_n is declared implicitly.
W: Verilog-2057: [C:/CPLD/pango/2_Tieta_Feiteng/Tieta_Feiteng_1001_PGC7KD69MBG400/rtl/source/Tieta_Feiteng_1001_top.v(line number: 1826)] ocp_pvt_act_p1_n is declared implicitly.
W: Verilog-2057: [C:/CPLD/pango/2_Tieta_Feiteng/Tieta_Feiteng_1001_PGC7KD69MBG400/rtl/source/Tieta_Feiteng_1001_top.v(line number: 1827)] ocp_pvt_act_p2_n is declared implicitly.
W: Verilog-2057: [C:/CPLD/pango/2_Tieta_Feiteng/Tieta_Feiteng_1001_PGC7KD69MBG400/rtl/source/Tieta_Feiteng_1001_top.v(line number: 1828)] ocp_pvt_act_p3_n is declared implicitly.
W: Verilog-2057: [C:/CPLD/pango/2_Tieta_Feiteng/Tieta_Feiteng_1001_PGC7KD69MBG400/rtl/source/Tieta_Feiteng_1001_top.v(line number: 1829)] ocp_pvt_act_p4_n is declared implicitly.
W: Verilog-2057: [C:/CPLD/pango/2_Tieta_Feiteng/Tieta_Feiteng_1001_PGC7KD69MBG400/rtl/source/Tieta_Feiteng_1001_top.v(line number: 1830)] ocp_pvt_act_p5_n is declared implicitly.
W: Verilog-2057: [C:/CPLD/pango/2_Tieta_Feiteng/Tieta_Feiteng_1001_PGC7KD69MBG400/rtl/source/Tieta_Feiteng_1001_top.v(line number: 1831)] ocp_pvt_act_p6_n is declared implicitly.
W: Verilog-2057: [C:/CPLD/pango/2_Tieta_Feiteng/Tieta_Feiteng_1001_PGC7KD69MBG400/rtl/source/Tieta_Feiteng_1001_top.v(line number: 1832)] ocp_pvt_act_p7_n is declared implicitly.
W: Verilog-2057: [C:/CPLD/pango/2_Tieta_Feiteng/Tieta_Feiteng_1001_PGC7KD69MBG400/rtl/source/Tieta_Feiteng_1001_top.v(line number: 1833)] ocp_pvt_link_spda_p0_n is declared implicitly.
W: Verilog-2057: [C:/CPLD/pango/2_Tieta_Feiteng/Tieta_Feiteng_1001_PGC7KD69MBG400/rtl/source/Tieta_Feiteng_1001_top.v(line number: 1833)] ocp_pvt_link_spdb_p0_n is declared implicitly.
W: Verilog-2057: [C:/CPLD/pango/2_Tieta_Feiteng/Tieta_Feiteng_1001_PGC7KD69MBG400/rtl/source/Tieta_Feiteng_1001_top.v(line number: 1834)] ocp_pvt_link_spda_p1_n is declared implicitly.
W: Verilog-2057: [C:/CPLD/pango/2_Tieta_Feiteng/Tieta_Feiteng_1001_PGC7KD69MBG400/rtl/source/Tieta_Feiteng_1001_top.v(line number: 1834)] ocp_pvt_link_spdb_p1_n is declared implicitly.
W: Verilog-2057: [C:/CPLD/pango/2_Tieta_Feiteng/Tieta_Feiteng_1001_PGC7KD69MBG400/rtl/source/Tieta_Feiteng_1001_top.v(line number: 1835)] ocp_pvt_link_spda_p2_n is declared implicitly.
W: Verilog-2057: [C:/CPLD/pango/2_Tieta_Feiteng/Tieta_Feiteng_1001_PGC7KD69MBG400/rtl/source/Tieta_Feiteng_1001_top.v(line number: 1835)] ocp_pvt_link_spdb_p2_n is declared implicitly.
W: Verilog-2057: [C:/CPLD/pango/2_Tieta_Feiteng/Tieta_Feiteng_1001_PGC7KD69MBG400/rtl/source/Tieta_Feiteng_1001_top.v(line number: 1836)] ocp_pvt_link_spda_p3_n is declared implicitly.
W: Verilog-2057: [C:/CPLD/pango/2_Tieta_Feiteng/Tieta_Feiteng_1001_PGC7KD69MBG400/rtl/source/Tieta_Feiteng_1001_top.v(line number: 1836)] ocp_pvt_link_spdb_p3_n is declared implicitly.
W: Verilog-2057: [C:/CPLD/pango/2_Tieta_Feiteng/Tieta_Feiteng_1001_PGC7KD69MBG400/rtl/source/Tieta_Feiteng_1001_top.v(line number: 1837)] ocp_pvt_link_spda_p4_n is declared implicitly.
W: Verilog-2057: [C:/CPLD/pango/2_Tieta_Feiteng/Tieta_Feiteng_1001_PGC7KD69MBG400/rtl/source/Tieta_Feiteng_1001_top.v(line number: 1837)] ocp_pvt_link_spdb_p4_n is declared implicitly.
W: Verilog-2057: [C:/CPLD/pango/2_Tieta_Feiteng/Tieta_Feiteng_1001_PGC7KD69MBG400/rtl/source/Tieta_Feiteng_1001_top.v(line number: 1838)] ocp_pvt_link_spda_p5_n is declared implicitly.
W: Verilog-2057: [C:/CPLD/pango/2_Tieta_Feiteng/Tieta_Feiteng_1001_PGC7KD69MBG400/rtl/source/Tieta_Feiteng_1001_top.v(line number: 1838)] ocp_pvt_link_spdb_p5_n is declared implicitly.
W: Verilog-2057: [C:/CPLD/pango/2_Tieta_Feiteng/Tieta_Feiteng_1001_PGC7KD69MBG400/rtl/source/Tieta_Feiteng_1001_top.v(line number: 1839)] ocp_pvt_link_spda_p6_n is declared implicitly.
W: Verilog-2057: [C:/CPLD/pango/2_Tieta_Feiteng/Tieta_Feiteng_1001_PGC7KD69MBG400/rtl/source/Tieta_Feiteng_1001_top.v(line number: 1839)] ocp_pvt_link_spdb_p6_n is declared implicitly.
W: Verilog-2057: [C:/CPLD/pango/2_Tieta_Feiteng/Tieta_Feiteng_1001_PGC7KD69MBG400/rtl/source/Tieta_Feiteng_1001_top.v(line number: 1840)] ocp_pvt_link_spda_p7_n is declared implicitly.
W: Verilog-2057: [C:/CPLD/pango/2_Tieta_Feiteng/Tieta_Feiteng_1001_PGC7KD69MBG400/rtl/source/Tieta_Feiteng_1001_top.v(line number: 1840)] ocp_pvt_link_spdb_p7_n is declared implicitly.
W: Verilog-2057: [C:/CPLD/pango/2_Tieta_Feiteng/Tieta_Feiteng_1001_PGC7KD69MBG400/rtl/source/Tieta_Feiteng_1001_top.v(line number: 1841)] ocp2_pvt_act_p0_n is declared implicitly.
W: Verilog-2057: [C:/CPLD/pango/2_Tieta_Feiteng/Tieta_Feiteng_1001_PGC7KD69MBG400/rtl/source/Tieta_Feiteng_1001_top.v(line number: 1842)] ocp2_pvt_act_p1_n is declared implicitly.
W: Verilog-2057: [C:/CPLD/pango/2_Tieta_Feiteng/Tieta_Feiteng_1001_PGC7KD69MBG400/rtl/source/Tieta_Feiteng_1001_top.v(line number: 1843)] ocp2_pvt_act_p2_n is declared implicitly.
W: Verilog-2057: [C:/CPLD/pango/2_Tieta_Feiteng/Tieta_Feiteng_1001_PGC7KD69MBG400/rtl/source/Tieta_Feiteng_1001_top.v(line number: 1844)] ocp2_pvt_act_p3_n is declared implicitly.
W: Verilog-2057: [C:/CPLD/pango/2_Tieta_Feiteng/Tieta_Feiteng_1001_PGC7KD69MBG400/rtl/source/Tieta_Feiteng_1001_top.v(line number: 1845)] ocp2_pvt_act_p4_n is declared implicitly.
W: Verilog-2057: [C:/CPLD/pango/2_Tieta_Feiteng/Tieta_Feiteng_1001_PGC7KD69MBG400/rtl/source/Tieta_Feiteng_1001_top.v(line number: 1846)] ocp2_pvt_act_p5_n is declared implicitly.
W: Verilog-2057: [C:/CPLD/pango/2_Tieta_Feiteng/Tieta_Feiteng_1001_PGC7KD69MBG400/rtl/source/Tieta_Feiteng_1001_top.v(line number: 1847)] ocp2_pvt_act_p6_n is declared implicitly.
W: Verilog-2057: [C:/CPLD/pango/2_Tieta_Feiteng/Tieta_Feiteng_1001_PGC7KD69MBG400/rtl/source/Tieta_Feiteng_1001_top.v(line number: 1848)] ocp2_pvt_act_p7_n is declared implicitly.
W: Verilog-2057: [C:/CPLD/pango/2_Tieta_Feiteng/Tieta_Feiteng_1001_PGC7KD69MBG400/rtl/source/Tieta_Feiteng_1001_top.v(line number: 1849)] ocp2_pvt_link_spda_p0_n is declared implicitly.
W: Verilog-2057: [C:/CPLD/pango/2_Tieta_Feiteng/Tieta_Feiteng_1001_PGC7KD69MBG400/rtl/source/Tieta_Feiteng_1001_top.v(line number: 1849)] ocp2_pvt_link_spdb_p0_n is declared implicitly.
W: Verilog-2057: [C:/CPLD/pango/2_Tieta_Feiteng/Tieta_Feiteng_1001_PGC7KD69MBG400/rtl/source/Tieta_Feiteng_1001_top.v(line number: 1850)] ocp2_pvt_link_spda_p1_n is declared implicitly.
W: Verilog-2057: [C:/CPLD/pango/2_Tieta_Feiteng/Tieta_Feiteng_1001_PGC7KD69MBG400/rtl/source/Tieta_Feiteng_1001_top.v(line number: 1850)] ocp2_pvt_link_spdb_p1_n is declared implicitly.
W: Verilog-2057: [C:/CPLD/pango/2_Tieta_Feiteng/Tieta_Feiteng_1001_PGC7KD69MBG400/rtl/source/Tieta_Feiteng_1001_top.v(line number: 1851)] ocp2_pvt_link_spda_p2_n is declared implicitly.
W: Verilog-2057: [C:/CPLD/pango/2_Tieta_Feiteng/Tieta_Feiteng_1001_PGC7KD69MBG400/rtl/source/Tieta_Feiteng_1001_top.v(line number: 1851)] ocp2_pvt_link_spdb_p2_n is declared implicitly.
W: Verilog-2057: [C:/CPLD/pango/2_Tieta_Feiteng/Tieta_Feiteng_1001_PGC7KD69MBG400/rtl/source/Tieta_Feiteng_1001_top.v(line number: 1852)] ocp2_pvt_link_spda_p3_n is declared implicitly.
W: Verilog-2057: [C:/CPLD/pango/2_Tieta_Feiteng/Tieta_Feiteng_1001_PGC7KD69MBG400/rtl/source/Tieta_Feiteng_1001_top.v(line number: 1852)] ocp2_pvt_link_spdb_p3_n is declared implicitly.
W: Verilog-2057: [C:/CPLD/pango/2_Tieta_Feiteng/Tieta_Feiteng_1001_PGC7KD69MBG400/rtl/source/Tieta_Feiteng_1001_top.v(line number: 1853)] ocp2_pvt_link_spda_p4_n is declared implicitly.
W: Verilog-2057: [C:/CPLD/pango/2_Tieta_Feiteng/Tieta_Feiteng_1001_PGC7KD69MBG400/rtl/source/Tieta_Feiteng_1001_top.v(line number: 1853)] ocp2_pvt_link_spdb_p4_n is declared implicitly.
W: Verilog-2057: [C:/CPLD/pango/2_Tieta_Feiteng/Tieta_Feiteng_1001_PGC7KD69MBG400/rtl/source/Tieta_Feiteng_1001_top.v(line number: 1854)] ocp2_pvt_link_spda_p5_n is declared implicitly.
W: Verilog-2057: [C:/CPLD/pango/2_Tieta_Feiteng/Tieta_Feiteng_1001_PGC7KD69MBG400/rtl/source/Tieta_Feiteng_1001_top.v(line number: 1854)] ocp2_pvt_link_spdb_p5_n is declared implicitly.
W: Verilog-2057: [C:/CPLD/pango/2_Tieta_Feiteng/Tieta_Feiteng_1001_PGC7KD69MBG400/rtl/source/Tieta_Feiteng_1001_top.v(line number: 1855)] ocp2_pvt_link_spda_p6_n is declared implicitly.
W: Verilog-2057: [C:/CPLD/pango/2_Tieta_Feiteng/Tieta_Feiteng_1001_PGC7KD69MBG400/rtl/source/Tieta_Feiteng_1001_top.v(line number: 1855)] ocp2_pvt_link_spdb_p6_n is declared implicitly.
W: Verilog-2057: [C:/CPLD/pango/2_Tieta_Feiteng/Tieta_Feiteng_1001_PGC7KD69MBG400/rtl/source/Tieta_Feiteng_1001_top.v(line number: 1856)] ocp2_pvt_link_spda_p7_n is declared implicitly.
W: Verilog-2057: [C:/CPLD/pango/2_Tieta_Feiteng/Tieta_Feiteng_1001_PGC7KD69MBG400/rtl/source/Tieta_Feiteng_1001_top.v(line number: 1856)] ocp2_pvt_link_spdb_p7_n is declared implicitly.
W: Verilog-2057: [C:/CPLD/pango/2_Tieta_Feiteng/Tieta_Feiteng_1001_PGC7KD69MBG400/rtl/source/Tieta_Feiteng_1001_top.v(line number: 2943)] stby_failure_detected is declared implicitly.
W: Verilog-2057: [C:/CPLD/pango/2_Tieta_Feiteng/Tieta_Feiteng_1001_PGC7KD69MBG400/rtl/source/Tieta_Feiteng_1001_top.v(line number: 2945)] dc_failure_detected is declared implicitly.
W: Verilog-2057: [C:/CPLD/pango/2_Tieta_Feiteng/Tieta_Feiteng_1001_PGC7KD69MBG400/rtl/source/Tieta_Feiteng_1001_top.v(line number: 2947)] rt_failure_detected is declared implicitly.
W: Verilog-2057: [C:/CPLD/pango/2_Tieta_Feiteng/Tieta_Feiteng_1001_PGC7KD69MBG400/rtl/source/Tieta_Feiteng_1001_top.v(line number: 2949)] cpld_latch_sys_off is declared implicitly.
W: Verilog-2057: [C:/CPLD/pango/2_Tieta_Feiteng/Tieta_Feiteng_1001_PGC7KD69MBG400/rtl/source/Tieta_Feiteng_1001_top.v(line number: 3061)] p1v1_en_r is declared implicitly.
W: Verilog-2057: [C:/CPLD/pango/2_Tieta_Feiteng/Tieta_Feiteng_1001_PGC7KD69MBG400/rtl/source/Tieta_Feiteng_1001_top.v(line number: 4267)] vga2_dis is declared implicitly.
Parsing done.
W: Public-4030: File 'C:/CPLD/pango/2_Tieta_Feiteng/Tieta_Feiteng_1001_PGC7KD69MBG400/rtl/include/pwrseq_define.v' has been added. It is skipped.
I: Verilog-0001: Analyzing file C:/CPLD/pango/2_Tieta_Feiteng/Tieta_Feiteng_1001_PGC7KD69MBG400/rtl/include/pwrseq_define.v.
I: Verilog-0008: [C:/CPLD/pango/2_Tieta_Feiteng/Tieta_Feiteng_1001_PGC7KD69MBG400/rtl/include/pwrseq_define.v(line number: 1)] Define macro SM_RESET_STATE 6'h00.
I: Verilog-0008: [C:/CPLD/pango/2_Tieta_Feiteng/Tieta_Feiteng_1001_PGC7KD69MBG400/rtl/include/pwrseq_define.v(line number: 2)] Define macro SM_DISABLE_S5_DEVICES 6'h01.
I: Verilog-0008: [C:/CPLD/pango/2_Tieta_Feiteng/Tieta_Feiteng_1001_PGC7KD69MBG400/rtl/include/pwrseq_define.v(line number: 4)] Define macro SM_OFF_STANDBY 6'h02.
I: Verilog-0008: [C:/CPLD/pango/2_Tieta_Feiteng/Tieta_Feiteng_1001_PGC7KD69MBG400/rtl/include/pwrseq_define.v(line number: 5)] Define macro SM_ENABLE_S5_DEVICES 6'h03.
I: Verilog-0008: [C:/CPLD/pango/2_Tieta_Feiteng/Tieta_Feiteng_1001_PGC7KD69MBG400/rtl/include/pwrseq_define.v(line number: 6)] Define macro SM_PS_ON 6'h04.
I: Verilog-0008: [C:/CPLD/pango/2_Tieta_Feiteng/Tieta_Feiteng_1001_PGC7KD69MBG400/rtl/include/pwrseq_define.v(line number: 7)] Define macro SM_EN_5V_STBY 6'h05.
I: Verilog-0008: [C:/CPLD/pango/2_Tieta_Feiteng/Tieta_Feiteng_1001_PGC7KD69MBG400/rtl/include/pwrseq_define.v(line number: 8)] Define macro SM_EN_TELEM 6'h06.
I: Verilog-0008: [C:/CPLD/pango/2_Tieta_Feiteng/Tieta_Feiteng_1001_PGC7KD69MBG400/rtl/include/pwrseq_define.v(line number: 9)] Define macro SM_EN_MAIN_EFUSE 6'h07.
I: Verilog-0008: [C:/CPLD/pango/2_Tieta_Feiteng/Tieta_Feiteng_1001_PGC7KD69MBG400/rtl/include/pwrseq_define.v(line number: 10)] Define macro SM_EN_5V 6'h08.
I: Verilog-0008: [C:/CPLD/pango/2_Tieta_Feiteng/Tieta_Feiteng_1001_PGC7KD69MBG400/rtl/include/pwrseq_define.v(line number: 11)] Define macro SM_EN_3V3 6'h09.
I: Verilog-0008: [C:/CPLD/pango/2_Tieta_Feiteng/Tieta_Feiteng_1001_PGC7KD69MBG400/rtl/include/pwrseq_define.v(line number: 12)] Define macro SM_EN_1V1 6'h0A.
I: Verilog-0008: [C:/CPLD/pango/2_Tieta_Feiteng/Tieta_Feiteng_1001_PGC7KD69MBG400/rtl/include/pwrseq_define.v(line number: 14)] Define macro SM_EN_CPU_CORE 6'h0B.
I: Verilog-0008: [C:/CPLD/pango/2_Tieta_Feiteng/Tieta_Feiteng_1001_PGC7KD69MBG400/rtl/include/pwrseq_define.v(line number: 15)] Define macro SM_EN_CPU_P1V8 6'h0C.
I: Verilog-0008: [C:/CPLD/pango/2_Tieta_Feiteng/Tieta_Feiteng_1001_PGC7KD69MBG400/rtl/include/pwrseq_define.v(line number: 16)] Define macro SM_EN_CPU_DDR 6'h0D.
I: Verilog-0008: [C:/CPLD/pango/2_Tieta_Feiteng/Tieta_Feiteng_1001_PGC7KD69MBG400/rtl/include/pwrseq_define.v(line number: 17)] Define macro SM_EN_CPU_VP 6'h0E.
I: Verilog-0008: [C:/CPLD/pango/2_Tieta_Feiteng/Tieta_Feiteng_1001_PGC7KD69MBG400/rtl/include/pwrseq_define.v(line number: 19)] Define macro PEX_RESET 6'h0F.
I: Verilog-0008: [C:/CPLD/pango/2_Tieta_Feiteng/Tieta_Feiteng_1001_PGC7KD69MBG400/rtl/include/pwrseq_define.v(line number: 20)] Define macro SM_CPU_RESET 6'h10.
I: Verilog-0008: [C:/CPLD/pango/2_Tieta_Feiteng/Tieta_Feiteng_1001_PGC7KD69MBG400/rtl/include/pwrseq_define.v(line number: 22)] Define macro SM_WAIT_POWEROK 6'h11.
I: Verilog-0008: [C:/CPLD/pango/2_Tieta_Feiteng/Tieta_Feiteng_1001_PGC7KD69MBG400/rtl/include/pwrseq_define.v(line number: 23)] Define macro SM_STEADY_PWROK 6'h12.
I: Verilog-0008: [C:/CPLD/pango/2_Tieta_Feiteng/Tieta_Feiteng_1001_PGC7KD69MBG400/rtl/include/pwrseq_define.v(line number: 24)] Define macro SM_CRITICAL_FAIL 6'h13.
I: Verilog-0008: [C:/CPLD/pango/2_Tieta_Feiteng/Tieta_Feiteng_1001_PGC7KD69MBG400/rtl/include/pwrseq_define.v(line number: 26)] Define macro SM_DISABLE_CPU_VP 6'h14.
I: Verilog-0008: [C:/CPLD/pango/2_Tieta_Feiteng/Tieta_Feiteng_1001_PGC7KD69MBG400/rtl/include/pwrseq_define.v(line number: 27)] Define macro SM_DISABLE_CPU_DDR 6'h15.
I: Verilog-0008: [C:/CPLD/pango/2_Tieta_Feiteng/Tieta_Feiteng_1001_PGC7KD69MBG400/rtl/include/pwrseq_define.v(line number: 28)] Define macro SM_DISABLE_CPU_P1V8 6'h16.
I: Verilog-0008: [C:/CPLD/pango/2_Tieta_Feiteng/Tieta_Feiteng_1001_PGC7KD69MBG400/rtl/include/pwrseq_define.v(line number: 29)] Define macro SM_DISABLE_CPU_CORE 6'h17.
I: Verilog-0008: [C:/CPLD/pango/2_Tieta_Feiteng/Tieta_Feiteng_1001_PGC7KD69MBG400/rtl/include/pwrseq_define.v(line number: 31)] Define macro SM_DISABLE_1V1 6'h18.
I: Verilog-0008: [C:/CPLD/pango/2_Tieta_Feiteng/Tieta_Feiteng_1001_PGC7KD69MBG400/rtl/include/pwrseq_define.v(line number: 32)] Define macro SM_DISABLE_3V3 6'h19.
I: Verilog-0008: [C:/CPLD/pango/2_Tieta_Feiteng/Tieta_Feiteng_1001_PGC7KD69MBG400/rtl/include/pwrseq_define.v(line number: 33)] Define macro SM_DISABLE_5V 6'h1A.
I: Verilog-0008: [C:/CPLD/pango/2_Tieta_Feiteng/Tieta_Feiteng_1001_PGC7KD69MBG400/rtl/include/pwrseq_define.v(line number: 35)] Define macro SM_DISABLE_MAIN_EFUSE 6'h1B.
I: Verilog-0008: [C:/CPLD/pango/2_Tieta_Feiteng/Tieta_Feiteng_1001_PGC7KD69MBG400/rtl/include/pwrseq_define.v(line number: 36)] Define macro SM_DISABLE_TELEM 6'h1C.
I: Verilog-0008: [C:/CPLD/pango/2_Tieta_Feiteng/Tieta_Feiteng_1001_PGC7KD69MBG400/rtl/include/pwrseq_define.v(line number: 37)] Define macro SM_DISABLE_PS_ON 6'h1D.
I: Verilog-0008: [C:/CPLD/pango/2_Tieta_Feiteng/Tieta_Feiteng_1001_PGC7KD69MBG400/rtl/include/pwrseq_define.v(line number: 39)] Define macro SM_HALT_POWER_CYCLE 6'h1E.
I: Verilog-0008: [C:/CPLD/pango/2_Tieta_Feiteng/Tieta_Feiteng_1001_PGC7KD69MBG400/rtl/include/pwrseq_define.v(line number: 40)] Define macro SM_AUX_FAIL_RECOVERY 6'h1F.
Parsing done.
W: Public-4030: File 'C:/CPLD/pango/2_Tieta_Feiteng/Tieta_Feiteng_1001_PGC7KD69MBG400/rtl/include/tpm_define.v' has been added. It is skipped.
I: Verilog-0001: Analyzing file C:/CPLD/pango/2_Tieta_Feiteng/Tieta_Feiteng_1001_PGC7KD69MBG400/rtl/include/tpm_define.v.
I: Verilog-0008: [C:/CPLD/pango/2_Tieta_Feiteng/Tieta_Feiteng_1001_PGC7KD69MBG400/rtl/include/tpm_define.v(line number: 6)] Define macro FSM_SPI_MOSI_BIT0 8'h00.
I: Verilog-0008: [C:/CPLD/pango/2_Tieta_Feiteng/Tieta_Feiteng_1001_PGC7KD69MBG400/rtl/include/tpm_define.v(line number: 7)] Define macro FSM_SPI_MOSI_BIT1 8'h01.
I: Verilog-0008: [C:/CPLD/pango/2_Tieta_Feiteng/Tieta_Feiteng_1001_PGC7KD69MBG400/rtl/include/tpm_define.v(line number: 8)] Define macro FSM_SPI_MOSI_BIT2 8'h02.
I: Verilog-0008: [C:/CPLD/pango/2_Tieta_Feiteng/Tieta_Feiteng_1001_PGC7KD69MBG400/rtl/include/tpm_define.v(line number: 9)] Define macro FSM_SPI_MOSI_BIT3 8'h03.
I: Verilog-0008: [C:/CPLD/pango/2_Tieta_Feiteng/Tieta_Feiteng_1001_PGC7KD69MBG400/rtl/include/tpm_define.v(line number: 10)] Define macro FSM_SPI_MOSI_BIT4 8'h04.
I: Verilog-0008: [C:/CPLD/pango/2_Tieta_Feiteng/Tieta_Feiteng_1001_PGC7KD69MBG400/rtl/include/tpm_define.v(line number: 11)] Define macro FSM_SPI_MOSI_BIT5 8'h05.
I: Verilog-0008: [C:/CPLD/pango/2_Tieta_Feiteng/Tieta_Feiteng_1001_PGC7KD69MBG400/rtl/include/tpm_define.v(line number: 12)] Define macro FSM_SPI_MOSI_BIT6 8'h06.
I: Verilog-0008: [C:/CPLD/pango/2_Tieta_Feiteng/Tieta_Feiteng_1001_PGC7KD69MBG400/rtl/include/tpm_define.v(line number: 13)] Define macro FSM_SPI_MOSI_BIT7 8'h07.
I: Verilog-0008: [C:/CPLD/pango/2_Tieta_Feiteng/Tieta_Feiteng_1001_PGC7KD69MBG400/rtl/include/tpm_define.v(line number: 15)] Define macro FSM_SPI_MISO_BIT0 8'h00.
I: Verilog-0008: [C:/CPLD/pango/2_Tieta_Feiteng/Tieta_Feiteng_1001_PGC7KD69MBG400/rtl/include/tpm_define.v(line number: 16)] Define macro FSM_SPI_MISO_BIT1 8'h01.
I: Verilog-0008: [C:/CPLD/pango/2_Tieta_Feiteng/Tieta_Feiteng_1001_PGC7KD69MBG400/rtl/include/tpm_define.v(line number: 17)] Define macro FSM_SPI_MISO_BIT2 8'h02.
I: Verilog-0008: [C:/CPLD/pango/2_Tieta_Feiteng/Tieta_Feiteng_1001_PGC7KD69MBG400/rtl/include/tpm_define.v(line number: 18)] Define macro FSM_SPI_MISO_BIT3 8'h03.
I: Verilog-0008: [C:/CPLD/pango/2_Tieta_Feiteng/Tieta_Feiteng_1001_PGC7KD69MBG400/rtl/include/tpm_define.v(line number: 19)] Define macro FSM_SPI_MISO_BIT4 8'h04.
I: Verilog-0008: [C:/CPLD/pango/2_Tieta_Feiteng/Tieta_Feiteng_1001_PGC7KD69MBG400/rtl/include/tpm_define.v(line number: 20)] Define macro FSM_SPI_MISO_BIT5 8'h05.
I: Verilog-0008: [C:/CPLD/pango/2_Tieta_Feiteng/Tieta_Feiteng_1001_PGC7KD69MBG400/rtl/include/tpm_define.v(line number: 21)] Define macro FSM_SPI_MISO_BIT6 8'h06.
I: Verilog-0008: [C:/CPLD/pango/2_Tieta_Feiteng/Tieta_Feiteng_1001_PGC7KD69MBG400/rtl/include/tpm_define.v(line number: 22)] Define macro FSM_SPI_MISO_BIT7 8'h07.
I: Verilog-0008: [C:/CPLD/pango/2_Tieta_Feiteng/Tieta_Feiteng_1001_PGC7KD69MBG400/rtl/include/tpm_define.v(line number: 25)] Define macro FSM_SPI_IDLE 8'h00.
I: Verilog-0008: [C:/CPLD/pango/2_Tieta_Feiteng/Tieta_Feiteng_1001_PGC7KD69MBG400/rtl/include/tpm_define.v(line number: 26)] Define macro FSM_SPI 8'h01.
I: Verilog-0008: [C:/CPLD/pango/2_Tieta_Feiteng/Tieta_Feiteng_1001_PGC7KD69MBG400/rtl/include/tpm_define.v(line number: 27)] Define macro FSM_SPI_COMMAND 8'h02.
I: Verilog-0008: [C:/CPLD/pango/2_Tieta_Feiteng/Tieta_Feiteng_1001_PGC7KD69MBG400/rtl/include/tpm_define.v(line number: 28)] Define macro FSM_SPI_ADDRESS2 8'h03.
I: Verilog-0008: [C:/CPLD/pango/2_Tieta_Feiteng/Tieta_Feiteng_1001_PGC7KD69MBG400/rtl/include/tpm_define.v(line number: 29)] Define macro FSM_SPI_ADDRESS1 8'h04.
I: Verilog-0008: [C:/CPLD/pango/2_Tieta_Feiteng/Tieta_Feiteng_1001_PGC7KD69MBG400/rtl/include/tpm_define.v(line number: 30)] Define macro FSM_SPI_ADDRESS0 8'h05.
I: Verilog-0008: [C:/CPLD/pango/2_Tieta_Feiteng/Tieta_Feiteng_1001_PGC7KD69MBG400/rtl/include/tpm_define.v(line number: 31)] Define macro FSM_SPI_WDATA0 8'h06.
I: Verilog-0008: [C:/CPLD/pango/2_Tieta_Feiteng/Tieta_Feiteng_1001_PGC7KD69MBG400/rtl/include/tpm_define.v(line number: 32)] Define macro FSM_SPI_WDATA1 8'h07.
I: Verilog-0008: [C:/CPLD/pango/2_Tieta_Feiteng/Tieta_Feiteng_1001_PGC7KD69MBG400/rtl/include/tpm_define.v(line number: 33)] Define macro FSM_SPI_WDATA2 8'h08.
I: Verilog-0008: [C:/CPLD/pango/2_Tieta_Feiteng/Tieta_Feiteng_1001_PGC7KD69MBG400/rtl/include/tpm_define.v(line number: 34)] Define macro FSM_SPI_WDATA3 8'h09.
I: Verilog-0008: [C:/CPLD/pango/2_Tieta_Feiteng/Tieta_Feiteng_1001_PGC7KD69MBG400/rtl/include/tpm_define.v(line number: 35)] Define macro FSM_SPI_WDATA_DONE 8'h0A.
I: Verilog-0008: [C:/CPLD/pango/2_Tieta_Feiteng/Tieta_Feiteng_1001_PGC7KD69MBG400/rtl/include/tpm_define.v(line number: 36)] Define macro FSM_SPI_WAIT 8'h0B.
I: Verilog-0008: [C:/CPLD/pango/2_Tieta_Feiteng/Tieta_Feiteng_1001_PGC7KD69MBG400/rtl/include/tpm_define.v(line number: 37)] Define macro FSM_SPI_WAIT_RDY 8'h0C.
I: Verilog-0008: [C:/CPLD/pango/2_Tieta_Feiteng/Tieta_Feiteng_1001_PGC7KD69MBG400/rtl/include/tpm_define.v(line number: 38)] Define macro FSM_SPI_WAIT_END 8'h0D.
I: Verilog-0008: [C:/CPLD/pango/2_Tieta_Feiteng/Tieta_Feiteng_1001_PGC7KD69MBG400/rtl/include/tpm_define.v(line number: 39)] Define macro FSM_SPI_WAIT_DONE 8'h0E.
I: Verilog-0008: [C:/CPLD/pango/2_Tieta_Feiteng/Tieta_Feiteng_1001_PGC7KD69MBG400/rtl/include/tpm_define.v(line number: 40)] Define macro FSM_SPI_RDATA0 8'h0F.
I: Verilog-0008: [C:/CPLD/pango/2_Tieta_Feiteng/Tieta_Feiteng_1001_PGC7KD69MBG400/rtl/include/tpm_define.v(line number: 41)] Define macro FSM_SPI_RDATA1 8'h10.
I: Verilog-0008: [C:/CPLD/pango/2_Tieta_Feiteng/Tieta_Feiteng_1001_PGC7KD69MBG400/rtl/include/tpm_define.v(line number: 42)] Define macro FSM_SPI_RDATA2 8'h11.
I: Verilog-0008: [C:/CPLD/pango/2_Tieta_Feiteng/Tieta_Feiteng_1001_PGC7KD69MBG400/rtl/include/tpm_define.v(line number: 43)] Define macro FSM_SPI_RDATA3 8'h12.
I: Verilog-0008: [C:/CPLD/pango/2_Tieta_Feiteng/Tieta_Feiteng_1001_PGC7KD69MBG400/rtl/include/tpm_define.v(line number: 44)] Define macro FSM_SPI_RDATA_DONE 8'h13.
I: Verilog-0008: [C:/CPLD/pango/2_Tieta_Feiteng/Tieta_Feiteng_1001_PGC7KD69MBG400/rtl/include/tpm_define.v(line number: 45)] Define macro FSM_SPI_FAULT 8'h14.
I: Verilog-0008: [C:/CPLD/pango/2_Tieta_Feiteng/Tieta_Feiteng_1001_PGC7KD69MBG400/rtl/include/tpm_define.v(line number: 46)] Define macro FSM_SPI_DONE 8'h15.
I: Verilog-0008: [C:/CPLD/pango/2_Tieta_Feiteng/Tieta_Feiteng_1001_PGC7KD69MBG400/rtl/include/tpm_define.v(line number: 48)] Define macro FSM_BUF_IDLE 8'h00.
I: Verilog-0008: [C:/CPLD/pango/2_Tieta_Feiteng/Tieta_Feiteng_1001_PGC7KD69MBG400/rtl/include/tpm_define.v(line number: 49)] Define macro FSM_BUF_SPI_WDATA_DONE 8'h01.
I: Verilog-0008: [C:/CPLD/pango/2_Tieta_Feiteng/Tieta_Feiteng_1001_PGC7KD69MBG400/rtl/include/tpm_define.v(line number: 50)] Define macro FSM_BUF_SPI_TX_LPC_TX 8'h02.
I: Verilog-0008: [C:/CPLD/pango/2_Tieta_Feiteng/Tieta_Feiteng_1001_PGC7KD69MBG400/rtl/include/tpm_define.v(line number: 51)] Define macro FSM_BUF_LPC_TX_BUFFER 8'h03.
I: Verilog-0008: [C:/CPLD/pango/2_Tieta_Feiteng/Tieta_Feiteng_1001_PGC7KD69MBG400/rtl/include/tpm_define.v(line number: 52)] Define macro FSM_BUF_LPC_TX 8'h04.
I: Verilog-0008: [C:/CPLD/pango/2_Tieta_Feiteng/Tieta_Feiteng_1001_PGC7KD69MBG400/rtl/include/tpm_define.v(line number: 53)] Define macro FSM_BUF_LPC_DONE_TX 8'h05.
I: Verilog-0008: [C:/CPLD/pango/2_Tieta_Feiteng/Tieta_Feiteng_1001_PGC7KD69MBG400/rtl/include/tpm_define.v(line number: 54)] Define macro FSM_BUF_SPI_WAIT 8'h06.
I: Verilog-0008: [C:/CPLD/pango/2_Tieta_Feiteng/Tieta_Feiteng_1001_PGC7KD69MBG400/rtl/include/tpm_define.v(line number: 55)] Define macro FSM_BUF_SPI_RX_LPC_RX 8'h07.
I: Verilog-0008: [C:/CPLD/pango/2_Tieta_Feiteng/Tieta_Feiteng_1001_PGC7KD69MBG400/rtl/include/tpm_define.v(line number: 56)] Define macro FSM_BUF_LPC_RX_BUFFER 8'h08.
I: Verilog-0008: [C:/CPLD/pango/2_Tieta_Feiteng/Tieta_Feiteng_1001_PGC7KD69MBG400/rtl/include/tpm_define.v(line number: 57)] Define macro FSM_BUF_LPC_RX 8'h09.
I: Verilog-0008: [C:/CPLD/pango/2_Tieta_Feiteng/Tieta_Feiteng_1001_PGC7KD69MBG400/rtl/include/tpm_define.v(line number: 58)] Define macro FSM_BUF_LPC_DONE_RX 8'h0A.
I: Verilog-0008: [C:/CPLD/pango/2_Tieta_Feiteng/Tieta_Feiteng_1001_PGC7KD69MBG400/rtl/include/tpm_define.v(line number: 59)] Define macro FSM_BUF_LPC_RX_SPI_RX 8'h0B.
I: Verilog-0008: [C:/CPLD/pango/2_Tieta_Feiteng/Tieta_Feiteng_1001_PGC7KD69MBG400/rtl/include/tpm_define.v(line number: 60)] Define macro FSM_BUF_SPI_RDATA_BUFFER 8'h0C.
I: Verilog-0008: [C:/CPLD/pango/2_Tieta_Feiteng/Tieta_Feiteng_1001_PGC7KD69MBG400/rtl/include/tpm_define.v(line number: 61)] Define macro FSM_BUF_SPI_RDATA0 8'h0D.
I: Verilog-0008: [C:/CPLD/pango/2_Tieta_Feiteng/Tieta_Feiteng_1001_PGC7KD69MBG400/rtl/include/tpm_define.v(line number: 62)] Define macro FSM_BUF_SPI_WAIT_DONE 8'h0E.
I: Verilog-0008: [C:/CPLD/pango/2_Tieta_Feiteng/Tieta_Feiteng_1001_PGC7KD69MBG400/rtl/include/tpm_define.v(line number: 63)] Define macro FSM_BUF_DONE 8'h0F.
I: Verilog-0008: [C:/CPLD/pango/2_Tieta_Feiteng/Tieta_Feiteng_1001_PGC7KD69MBG400/rtl/include/tpm_define.v(line number: 65)] Define macro FSM_LPC_IDLE 8'h00.
I: Verilog-0008: [C:/CPLD/pango/2_Tieta_Feiteng/Tieta_Feiteng_1001_PGC7KD69MBG400/rtl/include/tpm_define.v(line number: 66)] Define macro FSM_LPC 8'h01.
I: Verilog-0008: [C:/CPLD/pango/2_Tieta_Feiteng/Tieta_Feiteng_1001_PGC7KD69MBG400/rtl/include/tpm_define.v(line number: 67)] Define macro FSM_LPC_START0 8'h02.
I: Verilog-0008: [C:/CPLD/pango/2_Tieta_Feiteng/Tieta_Feiteng_1001_PGC7KD69MBG400/rtl/include/tpm_define.v(line number: 68)] Define macro FSM_LPC_START 8'h03.
I: Verilog-0008: [C:/CPLD/pango/2_Tieta_Feiteng/Tieta_Feiteng_1001_PGC7KD69MBG400/rtl/include/tpm_define.v(line number: 69)] Define macro FSM_LPC_CTDIR 8'h04.
I: Verilog-0008: [C:/CPLD/pango/2_Tieta_Feiteng/Tieta_Feiteng_1001_PGC7KD69MBG400/rtl/include/tpm_define.v(line number: 70)] Define macro FSM_LPC_ADDR_3 8'h05.
I: Verilog-0008: [C:/CPLD/pango/2_Tieta_Feiteng/Tieta_Feiteng_1001_PGC7KD69MBG400/rtl/include/tpm_define.v(line number: 71)] Define macro FSM_LPC_ADDR_2 8'h06.
I: Verilog-0008: [C:/CPLD/pango/2_Tieta_Feiteng/Tieta_Feiteng_1001_PGC7KD69MBG400/rtl/include/tpm_define.v(line number: 72)] Define macro FSM_LPC_ADDR_1 8'h07.
I: Verilog-0008: [C:/CPLD/pango/2_Tieta_Feiteng/Tieta_Feiteng_1001_PGC7KD69MBG400/rtl/include/tpm_define.v(line number: 73)] Define macro FSM_LPC_ADDR_0 8'h08.
I: Verilog-0008: [C:/CPLD/pango/2_Tieta_Feiteng/Tieta_Feiteng_1001_PGC7KD69MBG400/rtl/include/tpm_define.v(line number: 74)] Define macro FSM_LPC_WDATA_0 8'h09.
I: Verilog-0008: [C:/CPLD/pango/2_Tieta_Feiteng/Tieta_Feiteng_1001_PGC7KD69MBG400/rtl/include/tpm_define.v(line number: 75)] Define macro FSM_LPC_WDATA_1 8'h0A.
I: Verilog-0008: [C:/CPLD/pango/2_Tieta_Feiteng/Tieta_Feiteng_1001_PGC7KD69MBG400/rtl/include/tpm_define.v(line number: 76)] Define macro FSM_LPC_WTAR_0 8'h0B.
I: Verilog-0008: [C:/CPLD/pango/2_Tieta_Feiteng/Tieta_Feiteng_1001_PGC7KD69MBG400/rtl/include/tpm_define.v(line number: 77)] Define macro FSM_LPC_WTAR_1 8'h0C.
I: Verilog-0008: [C:/CPLD/pango/2_Tieta_Feiteng/Tieta_Feiteng_1001_PGC7KD69MBG400/rtl/include/tpm_define.v(line number: 78)] Define macro FSM_LPC_WSYNC 8'h0D.
I: Verilog-0008: [C:/CPLD/pango/2_Tieta_Feiteng/Tieta_Feiteng_1001_PGC7KD69MBG400/rtl/include/tpm_define.v(line number: 79)] Define macro FSM_LPC_RDATA_0 8'h0E.
I: Verilog-0008: [C:/CPLD/pango/2_Tieta_Feiteng/Tieta_Feiteng_1001_PGC7KD69MBG400/rtl/include/tpm_define.v(line number: 80)] Define macro FSM_LPC_RDATA_1 8'h0F.
I: Verilog-0008: [C:/CPLD/pango/2_Tieta_Feiteng/Tieta_Feiteng_1001_PGC7KD69MBG400/rtl/include/tpm_define.v(line number: 81)] Define macro FSM_LPC_RTAR_0 8'h10.
I: Verilog-0008: [C:/CPLD/pango/2_Tieta_Feiteng/Tieta_Feiteng_1001_PGC7KD69MBG400/rtl/include/tpm_define.v(line number: 82)] Define macro FSM_LPC_RTAR_1 8'h11.
I: Verilog-0008: [C:/CPLD/pango/2_Tieta_Feiteng/Tieta_Feiteng_1001_PGC7KD69MBG400/rtl/include/tpm_define.v(line number: 83)] Define macro FSM_LPC_RSYNC 8'h12.
I: Verilog-0008: [C:/CPLD/pango/2_Tieta_Feiteng/Tieta_Feiteng_1001_PGC7KD69MBG400/rtl/include/tpm_define.v(line number: 84)] Define macro FSM_LPC_TAR2_0 8'h13.
I: Verilog-0008: [C:/CPLD/pango/2_Tieta_Feiteng/Tieta_Feiteng_1001_PGC7KD69MBG400/rtl/include/tpm_define.v(line number: 85)] Define macro FSM_LPC_TAR2_1 8'h14.
I: Verilog-0008: [C:/CPLD/pango/2_Tieta_Feiteng/Tieta_Feiteng_1001_PGC7KD69MBG400/rtl/include/tpm_define.v(line number: 86)] Define macro FSM_LPC_FAULT 8'h15.
I: Verilog-0008: [C:/CPLD/pango/2_Tieta_Feiteng/Tieta_Feiteng_1001_PGC7KD69MBG400/rtl/include/tpm_define.v(line number: 87)] Define macro FSM_LPC_DONE 8'h16.
I: Verilog-0008: [C:/CPLD/pango/2_Tieta_Feiteng/Tieta_Feiteng_1001_PGC7KD69MBG400/rtl/include/tpm_define.v(line number: 164)] Define macro LPC_CYCTYPE_IO 2'b00.
I: Verilog-0008: [C:/CPLD/pango/2_Tieta_Feiteng/Tieta_Feiteng_1001_PGC7KD69MBG400/rtl/include/tpm_define.v(line number: 170)] Define macro LPC_DIRECTION_RD 1'b0.
I: Verilog-0008: [C:/CPLD/pango/2_Tieta_Feiteng/Tieta_Feiteng_1001_PGC7KD69MBG400/rtl/include/tpm_define.v(line number: 171)] Define macro LPC_DIRECTION_WR 1'b1.
I: Verilog-0008: [C:/CPLD/pango/2_Tieta_Feiteng/Tieta_Feiteng_1001_PGC7KD69MBG400/rtl/include/tpm_define.v(line number: 180)] Define macro LPC_SYNC_RDY 4'b0000.
Parsing done.
I: Verilog-0001: Analyzing file C:/CPLD/pango/2_Tieta_Feiteng/Tieta_Feiteng_1001_PGC7KD69MBG400/rtl/source/button_ctrl/power_button.v.
I: Verilog-0002: [C:/CPLD/pango/2_Tieta_Feiteng/Tieta_Feiteng_1001_PGC7KD69MBG400/rtl/source/button_ctrl/power_button.v(line number: 16)] Analyzing module power_button (library work).
Parsing done.
I: Verilog-0001: Analyzing file C:/CPLD/pango/2_Tieta_Feiteng/Tieta_Feiteng_1001_PGC7KD69MBG400/rtl/source/common/edge_delay.v.
I: Verilog-0002: [C:/CPLD/pango/2_Tieta_Feiteng/Tieta_Feiteng_1001_PGC7KD69MBG400/rtl/source/common/edge_delay.v(line number: 24)] Analyzing module edge_delay (library work).
Parsing done.
I: Verilog-0001: Analyzing file C:/CPLD/pango/2_Tieta_Feiteng/Tieta_Feiteng_1001_PGC7KD69MBG400/rtl/source/common/edge_detect.v.
I: Verilog-0002: [C:/CPLD/pango/2_Tieta_Feiteng/Tieta_Feiteng_1001_PGC7KD69MBG400/rtl/source/common/edge_detect.v(line number: 4)] Analyzing module Edge_Detect (library work).
Parsing done.
I: Verilog-0001: Analyzing file C:/CPLD/pango/2_Tieta_Feiteng/Tieta_Feiteng_1001_PGC7KD69MBG400/rtl/source/common/Edge_Detect1.v.
I: Verilog-0002: [C:/CPLD/pango/2_Tieta_Feiteng/Tieta_Feiteng_1001_PGC7KD69MBG400/rtl/source/common/Edge_Detect1.v(line number: 4)] Analyzing module Edge_Detect1 (library work).
Parsing done.
I: Verilog-0001: Analyzing file C:/CPLD/pango/2_Tieta_Feiteng/Tieta_Feiteng_1001_PGC7KD69MBG400/rtl/source/common/edge_sync.v.
I: Verilog-0002: [C:/CPLD/pango/2_Tieta_Feiteng/Tieta_Feiteng_1001_PGC7KD69MBG400/rtl/source/common/edge_sync.v(line number: 19)] Analyzing module edge_sync (library work).
I: [C:/CPLD/pango/2_Tieta_Feiteng/Tieta_Feiteng_1001_PGC7KD69MBG400/rtl/source/common/edge_sync.v(line number: 21)] Convert attribute name from syn_preserve to PAP_PRESERVE
Parsing done.
I: Verilog-0001: Analyzing file C:/CPLD/pango/2_Tieta_Feiteng/Tieta_Feiteng_1001_PGC7KD69MBG400/rtl/source/common/led_blink_code.v.
I: Verilog-0008: [C:/CPLD/pango/2_Tieta_Feiteng/Tieta_Feiteng_1001_PGC7KD69MBG400/rtl/source/common/led_blink_code.v(line number: 33)] Define macro CLK_CYCLES_OFF 1.
I: Verilog-0002: [C:/CPLD/pango/2_Tieta_Feiteng/Tieta_Feiteng_1001_PGC7KD69MBG400/rtl/source/common/led_blink_code.v(line number: 35)] Analyzing module led_blink_code (library work).
Parsing done.
I: Verilog-0001: Analyzing file C:/CPLD/pango/2_Tieta_Feiteng/Tieta_Feiteng_1001_PGC7KD69MBG400/rtl/source/common/pon_reset.v.
I: Verilog-0002: [C:/CPLD/pango/2_Tieta_Feiteng/Tieta_Feiteng_1001_PGC7KD69MBG400/rtl/source/common/pon_reset.v(line number: 19)] Analyzing module pon_reset (library work).
Parsing done.
I: Verilog-0001: Analyzing file C:/CPLD/pango/2_Tieta_Feiteng/Tieta_Feiteng_1001_PGC7KD69MBG400/rtl/source/common/post_leds.v.
I: Verilog-0002: [C:/CPLD/pango/2_Tieta_Feiteng/Tieta_Feiteng_1001_PGC7KD69MBG400/rtl/source/common/post_leds.v(line number: 21)] Analyzing module post_leds (library work).
I: [C:/CPLD/pango/2_Tieta_Feiteng/Tieta_Feiteng_1001_PGC7KD69MBG400/rtl/source/common/post_leds.v(line number: 42)] Convert attribute name from syn_encoding to PAP_FSM_ENCODING
Parsing done.
I: Verilog-0001: Analyzing file C:/CPLD/pango/2_Tieta_Feiteng/Tieta_Feiteng_1001_PGC7KD69MBG400/rtl/source/common/synclib.v.
I: Verilog-0002: [C:/CPLD/pango/2_Tieta_Feiteng/Tieta_Feiteng_1001_PGC7KD69MBG400/rtl/source/common/synclib.v(line number: 50)] Analyzing module SYNC_RESET_N_AASD (library work).
I: Verilog-0002: [C:/CPLD/pango/2_Tieta_Feiteng/Tieta_Feiteng_1001_PGC7KD69MBG400/rtl/source/common/synclib.v(line number: 70)] Analyzing module SYNC_RESET_AASD (library work).
I: Verilog-0002: [C:/CPLD/pango/2_Tieta_Feiteng/Tieta_Feiteng_1001_PGC7KD69MBG400/rtl/source/common/synclib.v(line number: 90)] Analyzing module SYNC_RESET_SASD (library work).
I: Verilog-0002: [C:/CPLD/pango/2_Tieta_Feiteng/Tieta_Feiteng_1001_PGC7KD69MBG400/rtl/source/common/synclib.v(line number: 106)] Analyzing module SYNC_DATA_N (library work).
I: Verilog-0002: [C:/CPLD/pango/2_Tieta_Feiteng/Tieta_Feiteng_1001_PGC7KD69MBG400/rtl/source/common/synclib.v(line number: 130)] Analyzing module SYNC_DATA (library work).
I: Verilog-0002: [C:/CPLD/pango/2_Tieta_Feiteng/Tieta_Feiteng_1001_PGC7KD69MBG400/rtl/source/common/synclib.v(line number: 155)] Analyzing module STABLE (library work).
I: Verilog-0002: [C:/CPLD/pango/2_Tieta_Feiteng/Tieta_Feiteng_1001_PGC7KD69MBG400/rtl/source/common/synclib.v(line number: 182)] Analyzing module BREAK_COMBI_N (library work).
I: Verilog-0002: [C:/CPLD/pango/2_Tieta_Feiteng/Tieta_Feiteng_1001_PGC7KD69MBG400/rtl/source/common/synclib.v(line number: 198)] Analyzing module BREAK_COMBI (library work).
I: Verilog-0002: [C:/CPLD/pango/2_Tieta_Feiteng/Tieta_Feiteng_1001_PGC7KD69MBG400/rtl/source/common/synclib.v(line number: 217)] Analyzing module ISOLATE_COMBI (library work).
I: Verilog-0002: [C:/CPLD/pango/2_Tieta_Feiteng/Tieta_Feiteng_1001_PGC7KD69MBG400/rtl/source/common/synclib.v(line number: 269)] Analyzing module PGM_DEBOUNCE_N (library work).
I: Verilog-0002: [C:/CPLD/pango/2_Tieta_Feiteng/Tieta_Feiteng_1001_PGC7KD69MBG400/rtl/source/common/synclib.v(line number: 354)] Analyzing module PGM_DEBOUNCE (library work).
I: Verilog-0002: [C:/CPLD/pango/2_Tieta_Feiteng/Tieta_Feiteng_1001_PGC7KD69MBG400/rtl/source/common/synclib.v(line number: 456)] Analyzing module PGM_DEBOUNCE_GPO_N (library work).
Parsing done.
I: Verilog-0001: Analyzing file C:/CPLD/pango/2_Tieta_Feiteng/Tieta_Feiteng_1001_PGC7KD69MBG400/rtl/source/common/system_reset.v.
I: Verilog-0002: [C:/CPLD/pango/2_Tieta_Feiteng/Tieta_Feiteng_1001_PGC7KD69MBG400/rtl/source/common/system_reset.v(line number: 15)] Analyzing module system_reset (library work).
Parsing done.
I: Verilog-0001: Analyzing file C:/CPLD/pango/2_Tieta_Feiteng/Tieta_Feiteng_1001_PGC7KD69MBG400/rtl/source/common/thermal.v.
I: Found Verilog include file C:/CPLD/pango/2_Tieta_Feiteng/Tieta_Feiteng_1001_PGC7KD69MBG400/rtl/include/top_define.v
I: Verilog-0008: [C:/CPLD/pango/2_Tieta_Feiteng/Tieta_Feiteng_1001_PGC7KD69MBG400/rtl/include/top_define.v(line number: 6)] Define macro RS35M2C16S_VA.
I: Verilog-0008: [C:/CPLD/pango/2_Tieta_Feiteng/Tieta_Feiteng_1001_PGC7KD69MBG400/rtl/include/top_define.v(line number: 8)] Define macro RS41M2C9S.
I: Verilog-0008: [C:/CPLD/pango/2_Tieta_Feiteng/Tieta_Feiteng_1001_PGC7KD69MBG400/rtl/include/top_define.v(line number: 14)] Define macro H3C_2014_RS35M2C16S_VA.
I: Verilog-0008: [C:/CPLD/pango/2_Tieta_Feiteng/Tieta_Feiteng_1001_PGC7KD69MBG400/rtl/include/top_define.v(line number: 18)] Define macro SPECIFIC_POWER_P1V8_PCH_STBY.
I: Verilog-0008: [C:/CPLD/pango/2_Tieta_Feiteng/Tieta_Feiteng_1001_PGC7KD69MBG400/rtl/include/top_define.v(line number: 23)] Define macro PCH_MODE_LPC.
I: Verilog-0008: [C:/CPLD/pango/2_Tieta_Feiteng/Tieta_Feiteng_1001_PGC7KD69MBG400/rtl/include/top_define.v(line number: 25)] Define macro PSU_CTRL.
I: Verilog-0008: [C:/CPLD/pango/2_Tieta_Feiteng/Tieta_Feiteng_1001_PGC7KD69MBG400/rtl/include/top_define.v(line number: 30)] Define macro CPLD_DATE_YYYYMMDD 32'h20240608.
I: Verilog-0008: [C:/CPLD/pango/2_Tieta_Feiteng/Tieta_Feiteng_1001_PGC7KD69MBG400/rtl/include/top_define.v(line number: 33)] Define macro CPLD_TIME_HHMMSSXX {24'h151400, `CPLD_TIME_XX}.
I: Verilog-0008: [C:/CPLD/pango/2_Tieta_Feiteng/Tieta_Feiteng_1001_PGC7KD69MBG400/rtl/include/top_define.v(line number: 35)] Define macro CPLD_TIME_XX 8'hZZ.
I: Verilog-0008: [C:/CPLD/pango/2_Tieta_Feiteng/Tieta_Feiteng_1001_PGC7KD69MBG400/rtl/include/top_define.v(line number: 38)] Define macro H3C_2014_RS35M2C16S_VA.
I: Verilog-0008: [C:/CPLD/pango/2_Tieta_Feiteng/Tieta_Feiteng_1001_PGC7KD69MBG400/rtl/include/top_define.v(line number: 51)] Define macro CPLD_VER 16'h01A1.
I: Verilog-0008: [C:/CPLD/pango/2_Tieta_Feiteng/Tieta_Feiteng_1001_PGC7KD69MBG400/rtl/include/top_define.v(line number: 52)] Define macro PFR_CPLD_VER 16'h0500.
I: Verilog-0008: [C:/CPLD/pango/2_Tieta_Feiteng/Tieta_Feiteng_1001_PGC7KD69MBG400/rtl/include/top_define.v(line number: 53)] Define macro DB_CPLD_VER 16'h0500.
I: Verilog-0008: [C:/CPLD/pango/2_Tieta_Feiteng/Tieta_Feiteng_1001_PGC7KD69MBG400/rtl/include/top_define.v(line number: 56)] Define macro GEN_ID_RSVD 4'b0000.
I: Verilog-0008: [C:/CPLD/pango/2_Tieta_Feiteng/Tieta_Feiteng_1001_PGC7KD69MBG400/rtl/include/top_define.v(line number: 57)] Define macro GEN_ID_G2 4'b0010.
I: Verilog-0008: [C:/CPLD/pango/2_Tieta_Feiteng/Tieta_Feiteng_1001_PGC7KD69MBG400/rtl/include/top_define.v(line number: 58)] Define macro GEN_ID_G3 4'b0011.
I: Verilog-0008: [C:/CPLD/pango/2_Tieta_Feiteng/Tieta_Feiteng_1001_PGC7KD69MBG400/rtl/include/top_define.v(line number: 59)] Define macro GEN_ID_G5 4'b0101.
I: Verilog-0008: [C:/CPLD/pango/2_Tieta_Feiteng/Tieta_Feiteng_1001_PGC7KD69MBG400/rtl/include/top_define.v(line number: 63)] Define macro GEN_ID `GEN_ID_RSVD.
I: Verilog-0008: [C:/CPLD/pango/2_Tieta_Feiteng/Tieta_Feiteng_1001_PGC7KD69MBG400/rtl/include/top_define.v(line number: 67)] Define macro BOARD_ID_RSVD 4'b0000.
I: Verilog-0008: [C:/CPLD/pango/2_Tieta_Feiteng/Tieta_Feiteng_1001_PGC7KD69MBG400/rtl/include/top_define.v(line number: 68)] Define macro BOARD_ID_RS03M2C9S 4'b0100.
I: Verilog-0008: [C:/CPLD/pango/2_Tieta_Feiteng/Tieta_Feiteng_1001_PGC7KD69MBG400/rtl/include/top_define.v(line number: 69)] Define macro BOARD_ID_RS23M2C6S 4'b0011.
I: Verilog-0008: [C:/CPLD/pango/2_Tieta_Feiteng/Tieta_Feiteng_1001_PGC7KD69MBG400/rtl/include/top_define.v(line number: 70)] Define macro BOARD_ID_RS33M2C9S 4'b0100.
I: Verilog-0008: [C:/CPLD/pango/2_Tieta_Feiteng/Tieta_Feiteng_1001_PGC7KD69MBG400/rtl/include/top_define.v(line number: 71)] Define macro BOARD_ID_RS05M2C9S 4'b0101.
I: Verilog-0008: [C:/CPLD/pango/2_Tieta_Feiteng/Tieta_Feiteng_1001_PGC7KD69MBG400/rtl/include/top_define.v(line number: 72)] Define macro BOARD_ID_RS35M2C5S 4'b0011.
I: Verilog-0008: [C:/CPLD/pango/2_Tieta_Feiteng/Tieta_Feiteng_1001_PGC7KD69MBG400/rtl/include/top_define.v(line number: 73)] Define macro BOARD_ID_RS35M2C16S 4'b0100.
I: Verilog-0008: [C:/CPLD/pango/2_Tieta_Feiteng/Tieta_Feiteng_1001_PGC7KD69MBG400/rtl/include/top_define.v(line number: 75)] Define macro BOARD_ID_RS41M2C9S 4'b0001.
I: Verilog-0008: [C:/CPLD/pango/2_Tieta_Feiteng/Tieta_Feiteng_1001_PGC7KD69MBG400/rtl/include/top_define.v(line number: 83)] Define macro CHASSIS_ID_1U 3'b001.
I: Verilog-0008: [C:/CPLD/pango/2_Tieta_Feiteng/Tieta_Feiteng_1001_PGC7KD69MBG400/rtl/include/top_define.v(line number: 84)] Define macro CHASSIS_ID_2U 3'b010.
I: Verilog-0008: [C:/CPLD/pango/2_Tieta_Feiteng/Tieta_Feiteng_1001_PGC7KD69MBG400/rtl/include/top_define.v(line number: 85)] Define macro CHASSIS_ID_4U 3'b000.
I: Verilog-0008: [C:/CPLD/pango/2_Tieta_Feiteng/Tieta_Feiteng_1001_PGC7KD69MBG400/rtl/include/top_define.v(line number: 86)] Define macro CHASSIS_ID_8U 3'b011.
I: Verilog-0008: [C:/CPLD/pango/2_Tieta_Feiteng/Tieta_Feiteng_1001_PGC7KD69MBG400/rtl/include/top_define.v(line number: 90)] Define macro SERVER_ID_RSVD 16'h0000.
I: Verilog-0008: [C:/CPLD/pango/2_Tieta_Feiteng/Tieta_Feiteng_1001_PGC7KD69MBG400/rtl/include/top_define.v(line number: 91)] Define macro SERVER_ID_R4900 16'h4900.
I: Verilog-0008: [C:/CPLD/pango/2_Tieta_Feiteng/Tieta_Feiteng_1001_PGC7KD69MBG400/rtl/include/top_define.v(line number: 92)] Define macro SERVER_ID_R4700 16'h4700.
I: Verilog-0008: [C:/CPLD/pango/2_Tieta_Feiteng/Tieta_Feiteng_1001_PGC7KD69MBG400/rtl/include/top_define.v(line number: 93)] Define macro SERVER_ID_R2900 16'h2900.
I: Verilog-0008: [C:/CPLD/pango/2_Tieta_Feiteng/Tieta_Feiteng_1001_PGC7KD69MBG400/rtl/include/top_define.v(line number: 94)] Define macro SERVER_ID_R2700 16'h2700.
I: Verilog-0008: [C:/CPLD/pango/2_Tieta_Feiteng/Tieta_Feiteng_1001_PGC7KD69MBG400/rtl/include/top_define.v(line number: 96)] Define macro SERVER_ID_R6900 16'h6900.
I: Verilog-0008: [C:/CPLD/pango/2_Tieta_Feiteng/Tieta_Feiteng_1001_PGC7KD69MBG400/rtl/include/top_define.v(line number: 100)] Define macro CPU_PKG_ID_NOMCP 3'b000.
I: Verilog-0008: [C:/CPLD/pango/2_Tieta_Feiteng/Tieta_Feiteng_1001_PGC7KD69MBG400/rtl/include/top_define.v(line number: 101)] Define macro CPU_PKG_ID_FABRIC 3'b001.
I: Verilog-0008: [C:/CPLD/pango/2_Tieta_Feiteng/Tieta_Feiteng_1001_PGC7KD69MBG400/rtl/include/top_define.v(line number: 102)] Define macro CPU_PKG_ID_FPGA 3'b010.
I: Verilog-0008: [C:/CPLD/pango/2_Tieta_Feiteng/Tieta_Feiteng_1001_PGC7KD69MBG400/rtl/include/top_define.v(line number: 103)] Define macro CPU_PKG_ID_RSVD011 3'b011.
I: Verilog-0008: [C:/CPLD/pango/2_Tieta_Feiteng/Tieta_Feiteng_1001_PGC7KD69MBG400/rtl/include/top_define.v(line number: 104)] Define macro CPU_PKG_ID_RSVD100 3'b100.
I: Verilog-0008: [C:/CPLD/pango/2_Tieta_Feiteng/Tieta_Feiteng_1001_PGC7KD69MBG400/rtl/include/top_define.v(line number: 105)] Define macro CPU_PKG_ID_RSVD101 3'b101.
I: Verilog-0008: [C:/CPLD/pango/2_Tieta_Feiteng/Tieta_Feiteng_1001_PGC7KD69MBG400/rtl/include/top_define.v(line number: 106)] Define macro CPU_PKG_ID_RSVD110 3'b110.
I: Verilog-0008: [C:/CPLD/pango/2_Tieta_Feiteng/Tieta_Feiteng_1001_PGC7KD69MBG400/rtl/include/top_define.v(line number: 107)] Define macro CPU_PKG_ID_RSVD111 3'b111.
I: Verilog-0008: [C:/CPLD/pango/2_Tieta_Feiteng/Tieta_Feiteng_1001_PGC7KD69MBG400/rtl/include/top_define.v(line number: 116)] Define macro AROC_TYPE_HBA 2'b00.
I: Verilog-0008: [C:/CPLD/pango/2_Tieta_Feiteng/Tieta_Feiteng_1001_PGC7KD69MBG400/rtl/include/top_define.v(line number: 117)] Define macro AROC_TYPE_RAID 2'b01.
I: Verilog-0008: [C:/CPLD/pango/2_Tieta_Feiteng/Tieta_Feiteng_1001_PGC7KD69MBG400/rtl/include/top_define.v(line number: 118)] Define macro AROC_TYPE_MEZZ 2'b10.
I: Verilog-0008: [C:/CPLD/pango/2_Tieta_Feiteng/Tieta_Feiteng_1001_PGC7KD69MBG400/rtl/include/top_define.v(line number: 119)] Define macro AROC_TYPE_RSVD 2'b11.
I: Verilog-0008: [C:/CPLD/pango/2_Tieta_Feiteng/Tieta_Feiteng_1001_PGC7KD69MBG400/rtl/include/top_define.v(line number: 126)] Define macro RISER_ID_RS35R3X16 5'b00001.
I: Verilog-0008: [C:/CPLD/pango/2_Tieta_Feiteng/Tieta_Feiteng_1001_PGC7KD69MBG400/rtl/include/top_define.v(line number: 127)] Define macro RISER_ID_RS35RX16X8X8 5'b00010.
I: Verilog-0008: [C:/CPLD/pango/2_Tieta_Feiteng/Tieta_Feiteng_1001_PGC7KD69MBG400/rtl/include/top_define.v(line number: 128)] Define macro RISER_ID_RS35R2X8 5'b00011.
I: Verilog-0008: [C:/CPLD/pango/2_Tieta_Feiteng/Tieta_Feiteng_1001_PGC7KD69MBG400/rtl/include/top_define.v(line number: 129)] Define macro RISER_ID_RS35R2X16 5'b00100.
I: Verilog-0008: [C:/CPLD/pango/2_Tieta_Feiteng/Tieta_Feiteng_1001_PGC7KD69MBG400/rtl/include/top_define.v(line number: 130)] Define macro RISER_ID_RS35RX16 5'b00101.
I: Verilog-0008: [C:/CPLD/pango/2_Tieta_Feiteng/Tieta_Feiteng_1001_PGC7KD69MBG400/rtl/include/top_define.v(line number: 131)] Define macro RISER_ID_RS33RLPX8 5'b00111.
I: Verilog-0008: [C:/CPLD/pango/2_Tieta_Feiteng/Tieta_Feiteng_1001_PGC7KD69MBG400/rtl/include/top_define.v(line number: 132)] Define macro RISER_ID_RS35R5X8 5'b01000.
I: Verilog-0008: [C:/CPLD/pango/2_Tieta_Feiteng/Tieta_Feiteng_1001_PGC7KD69MBG400/rtl/include/top_define.v(line number: 133)] Define macro RISER_ID_RS35R1X16 5'b01010.
I: Verilog-0008: [C:/CPLD/pango/2_Tieta_Feiteng/Tieta_Feiteng_1001_PGC7KD69MBG400/rtl/include/top_define.v(line number: 134)] Define macro RISER_ID_RS35R2X8A 5'b01011.
I: Verilog-0008: [C:/CPLD/pango/2_Tieta_Feiteng/Tieta_Feiteng_1001_PGC7KD69MBG400/rtl/include/top_define.v(line number: 135)] Define macro RISER_ID_RS35ROCP 5'b01100.
I: Verilog-0008: [C:/CPLD/pango/2_Tieta_Feiteng/Tieta_Feiteng_1001_PGC7KD69MBG400/rtl/include/top_define.v(line number: 136)] Define macro RISER_ID_RS35R1X16C 5'b01101.
I: Verilog-0008: [C:/CPLD/pango/2_Tieta_Feiteng/Tieta_Feiteng_1001_PGC7KD69MBG400/rtl/include/top_define.v(line number: 139)] Define macro GPU_CABLE_ID_RSVD 2'b11.
I: Verilog-0008: [C:/CPLD/pango/2_Tieta_Feiteng/Tieta_Feiteng_1001_PGC7KD69MBG400/rtl/include/top_define.v(line number: 142)] Define macro BMC_MEM_SIZE_1G 2'b00.
I: Verilog-0008: [C:/CPLD/pango/2_Tieta_Feiteng/Tieta_Feiteng_1001_PGC7KD69MBG400/rtl/include/top_define.v(line number: 143)] Define macro BMC_MEM_SIZE_2G 2'b01.
I: Verilog-0008: [C:/CPLD/pango/2_Tieta_Feiteng/Tieta_Feiteng_1001_PGC7KD69MBG400/rtl/include/top_define.v(line number: 144)] Define macro BMC_MEM_SIZE_4G 2'b10.
I: Verilog-0008: [C:/CPLD/pango/2_Tieta_Feiteng/Tieta_Feiteng_1001_PGC7KD69MBG400/rtl/include/top_define.v(line number: 145)] Define macro BMC_MEM_SIZE_8G 2'b11.
I: Verilog-0008: [C:/CPLD/pango/2_Tieta_Feiteng/Tieta_Feiteng_1001_PGC7KD69MBG400/rtl/include/top_define.v(line number: 147)] Define macro BMC_MEM_SIZE `BMC_MEM_SIZE_2G.
I: Verilog-0008: [C:/CPLD/pango/2_Tieta_Feiteng/Tieta_Feiteng_1001_PGC7KD69MBG400/rtl/include/top_define.v(line number: 150)] Define macro PCB_VA 2'b00.
I: Verilog-0008: [C:/CPLD/pango/2_Tieta_Feiteng/Tieta_Feiteng_1001_PGC7KD69MBG400/rtl/include/top_define.v(line number: 156)] Define macro NUM_CPU 2.
I: Verilog-0008: [C:/CPLD/pango/2_Tieta_Feiteng/Tieta_Feiteng_1001_PGC7KD69MBG400/rtl/include/top_define.v(line number: 157)] Define macro NUM_CPUVR 2.
I: Verilog-0008: [C:/CPLD/pango/2_Tieta_Feiteng/Tieta_Feiteng_1001_PGC7KD69MBG400/rtl/include/top_define.v(line number: 158)] Define macro NUM_MEMVR 4.
I: Verilog-0008: [C:/CPLD/pango/2_Tieta_Feiteng/Tieta_Feiteng_1001_PGC7KD69MBG400/rtl/include/top_define.v(line number: 159)] Define macro NUM_CHN 4.
I: Verilog-0008: [C:/CPLD/pango/2_Tieta_Feiteng/Tieta_Feiteng_1001_PGC7KD69MBG400/rtl/include/top_define.v(line number: 160)] Define macro NUM_FAN 8.
I: Verilog-0008: [C:/CPLD/pango/2_Tieta_Feiteng/Tieta_Feiteng_1001_PGC7KD69MBG400/rtl/include/top_define.v(line number: 161)] Define macro NUM_NIC 4.
I: Verilog-0008: [C:/CPLD/pango/2_Tieta_Feiteng/Tieta_Feiteng_1001_PGC7KD69MBG400/rtl/include/top_define.v(line number: 162)] Define macro NUM_PSU 2.
I: Verilog-0008: [C:/CPLD/pango/2_Tieta_Feiteng/Tieta_Feiteng_1001_PGC7KD69MBG400/rtl/include/top_define.v(line number: 164)] Define macro NUM_IO 1.
I: Verilog-0008: [C:/CPLD/pango/2_Tieta_Feiteng/Tieta_Feiteng_1001_PGC7KD69MBG400/rtl/include/top_define.v(line number: 165)] Define macro NUM_RISER 6.
I: Verilog-0008: [C:/CPLD/pango/2_Tieta_Feiteng/Tieta_Feiteng_1001_PGC7KD69MBG400/rtl/include/top_define.v(line number: 166)] Define macro port_num 3.
I: Verilog-0008: [C:/CPLD/pango/2_Tieta_Feiteng/Tieta_Feiteng_1001_PGC7KD69MBG400/rtl/include/top_define.v(line number: 169)] Define macro SYS_HAS_UID_BTN.
I: Verilog-0008: [C:/CPLD/pango/2_Tieta_Feiteng/Tieta_Feiteng_1001_PGC7KD69MBG400/rtl/include/top_define.v(line number: 171)] Define macro NUM_BP 8      /********G5 2P**********/.
I: Verilog-0008: [C:/CPLD/pango/2_Tieta_Feiteng/Tieta_Feiteng_1001_PGC7KD69MBG400/rtl/include/top_define.v(line number: 173)] Define macro NUM_S5DEV 2      /********G5 2P**********/.
I: Verilog-0008: [C:/CPLD/pango/2_Tieta_Feiteng/Tieta_Feiteng_1001_PGC7KD69MBG400/rtl/include/top_define.v(line number: 187)] Define macro BOARD_TYPE 4'b0000.
I: Verilog-0008: [C:/CPLD/pango/2_Tieta_Feiteng/Tieta_Feiteng_1001_PGC7KD69MBG400/rtl/include/top_define.v(line number: 188)] Define macro OEM_TYPE 4'b0111.
I: Verilog-0008: [C:/CPLD/pango/2_Tieta_Feiteng/Tieta_Feiteng_1001_PGC7KD69MBG400/rtl/include/top_define.v(line number: 191)] Define macro MFR_ID_RSVD 8'h00.
I: Verilog-0008: [C:/CPLD/pango/2_Tieta_Feiteng/Tieta_Feiteng_1001_PGC7KD69MBG400/rtl/include/top_define.v(line number: 192)] Define macro MFR_ID_H3C 8'h03.
I: Verilog-0008: [C:/CPLD/pango/2_Tieta_Feiteng/Tieta_Feiteng_1001_PGC7KD69MBG400/rtl/include/top_define.v(line number: 194)] Define macro MFR_ID `MFR_ID_H3C.
I: Verilog-0008: [C:/CPLD/pango/2_Tieta_Feiteng/Tieta_Feiteng_1001_PGC7KD69MBG400/rtl/include/top_define.v(line number: 197)] Define macro ODM_ID_RSVD 8'h00.
I: Verilog-0008: [C:/CPLD/pango/2_Tieta_Feiteng/Tieta_Feiteng_1001_PGC7KD69MBG400/rtl/include/top_define.v(line number: 198)] Define macro ODM_ID_H3C 8'h03.
I: Verilog-0008: [C:/CPLD/pango/2_Tieta_Feiteng/Tieta_Feiteng_1001_PGC7KD69MBG400/rtl/include/top_define.v(line number: 200)] Define macro ODM_ID `ODM_ID_H3C.
I: Verilog-0008: [C:/CPLD/pango/2_Tieta_Feiteng/Tieta_Feiteng_1001_PGC7KD69MBG400/rtl/include/top_define.v(line number: 203)] Define macro PDT_LINE_RSVD 8'h00.
I: Verilog-0008: [C:/CPLD/pango/2_Tieta_Feiteng/Tieta_Feiteng_1001_PGC7KD69MBG400/rtl/include/top_define.v(line number: 204)] Define macro PDT_LINE_H3C_2014_LLS 8'h01.
I: Verilog-0008: [C:/CPLD/pango/2_Tieta_Feiteng/Tieta_Feiteng_1001_PGC7KD69MBG400/rtl/include/top_define.v(line number: 206)] Define macro PDT_LINE_H3C_OEM_IN 8'h63.
I: Verilog-0008: [C:/CPLD/pango/2_Tieta_Feiteng/Tieta_Feiteng_1001_PGC7KD69MBG400/rtl/include/top_define.v(line number: 208)] Define macro PDT_LINE `PDT_LINE_H3C_OEM_IN.
I: Verilog-0008: [C:/CPLD/pango/2_Tieta_Feiteng/Tieta_Feiteng_1001_PGC7KD69MBG400/rtl/include/top_define.v(line number: 211)] Define macro PDT_GEN_RSVD 8'h00.
I: Verilog-0008: [C:/CPLD/pango/2_Tieta_Feiteng/Tieta_Feiteng_1001_PGC7KD69MBG400/rtl/include/top_define.v(line number: 212)] Define macro PDT_GEN_H3C_2014_G2 8'h02.
I: Verilog-0008: [C:/CPLD/pango/2_Tieta_Feiteng/Tieta_Feiteng_1001_PGC7KD69MBG400/rtl/include/top_define.v(line number: 213)] Define macro PDT_GEN_H3C_2014_G3 8'h03.
I: Verilog-0008: [C:/CPLD/pango/2_Tieta_Feiteng/Tieta_Feiteng_1001_PGC7KD69MBG400/rtl/include/top_define.v(line number: 215)] Define macro PDT_GEN_H3C_S5000C 8'h07.
I: Verilog-0008: [C:/CPLD/pango/2_Tieta_Feiteng/Tieta_Feiteng_1001_PGC7KD69MBG400/rtl/include/top_define.v(line number: 218)] Define macro PDT_GEN `PDT_GEN_H3C_S5000C.
I: Verilog-0008: [C:/CPLD/pango/2_Tieta_Feiteng/Tieta_Feiteng_1001_PGC7KD69MBG400/rtl/include/top_define.v(line number: 221)] Define macro PDT_REV_RSVD 8'h00.
I: Verilog-0008: [C:/CPLD/pango/2_Tieta_Feiteng/Tieta_Feiteng_1001_PGC7KD69MBG400/rtl/include/top_define.v(line number: 222)] Define macro PDT_REV_H3C_2014_V100R001 8'h11.
I: Verilog-0008: [C:/CPLD/pango/2_Tieta_Feiteng/Tieta_Feiteng_1001_PGC7KD69MBG400/rtl/include/top_define.v(line number: 223)] Define macro PDT_REV_H3C_2014_V200R002 8'h22.
I: Verilog-0008: [C:/CPLD/pango/2_Tieta_Feiteng/Tieta_Feiteng_1001_PGC7KD69MBG400/rtl/include/top_define.v(line number: 224)] Define macro PDT_REV_H3C_2014_V500R002 8'h52.
I: Verilog-0008: [C:/CPLD/pango/2_Tieta_Feiteng/Tieta_Feiteng_1001_PGC7KD69MBG400/rtl/include/top_define.v(line number: 225)] Define macro PDT_REV_H3C_2014_V800R001 8'h81.
I: Verilog-0008: [C:/CPLD/pango/2_Tieta_Feiteng/Tieta_Feiteng_1001_PGC7KD69MBG400/rtl/include/top_define.v(line number: 226)] Define macro PDT_REV_H3C_2014_V200R005 8'h25.
I: Verilog-0008: [C:/CPLD/pango/2_Tieta_Feiteng/Tieta_Feiteng_1001_PGC7KD69MBG400/rtl/include/top_define.v(line number: 228)] Define macro PDT_REV_H3C_2014_V500R003 8'h53.
I: Verilog-0008: [C:/CPLD/pango/2_Tieta_Feiteng/Tieta_Feiteng_1001_PGC7KD69MBG400/rtl/include/top_define.v(line number: 229)] Define macro PDT_REV_H3C_2014_V500R005 8'h55.
I: Verilog-0008: [C:/CPLD/pango/2_Tieta_Feiteng/Tieta_Feiteng_1001_PGC7KD69MBG400/rtl/include/top_define.v(line number: 230)] Define macro PDT_REV_H3C_IT_C_RACK_V700R001 8'h71.
I: Verilog-0008: [C:/CPLD/pango/2_Tieta_Feiteng/Tieta_Feiteng_1001_PGC7KD69MBG400/rtl/include/top_define.v(line number: 234)] Define macro PDT_REV `PDT_REV_H3C_IT_C_RACK_V700R001.
I: Verilog-0008: [C:/CPLD/pango/2_Tieta_Feiteng/Tieta_Feiteng_1001_PGC7KD69MBG400/rtl/include/top_define.v(line number: 237)] Define macro SERVER_ID_H3C_2014_RSVD 8'h00.
I: Verilog-0008: [C:/CPLD/pango/2_Tieta_Feiteng/Tieta_Feiteng_1001_PGC7KD69MBG400/rtl/include/top_define.v(line number: 238)] Define macro SERVER_ID_H3C_2014_R2700 8'h01.
I: Verilog-0008: [C:/CPLD/pango/2_Tieta_Feiteng/Tieta_Feiteng_1001_PGC7KD69MBG400/rtl/include/top_define.v(line number: 239)] Define macro SERVER_ID_H3C_2014_R2900 8'h03.
I: Verilog-0008: [C:/CPLD/pango/2_Tieta_Feiteng/Tieta_Feiteng_1001_PGC7KD69MBG400/rtl/include/top_define.v(line number: 240)] Define macro SERVER_ID_H3C_2014_R4700 8'h11.
I: Verilog-0008: [C:/CPLD/pango/2_Tieta_Feiteng/Tieta_Feiteng_1001_PGC7KD69MBG400/rtl/include/top_define.v(line number: 241)] Define macro SERVER_ID_H3C_2014_R4900 8'h13.
I: Verilog-0008: [C:/CPLD/pango/2_Tieta_Feiteng/Tieta_Feiteng_1001_PGC7KD69MBG400/rtl/include/top_define.v(line number: 242)] Define macro SERVER_ID_H3C_2014_R6900 8'h23.
I: Verilog-0008: [C:/CPLD/pango/2_Tieta_Feiteng/Tieta_Feiteng_1001_PGC7KD69MBG400/rtl/include/top_define.v(line number: 243)] Define macro SERVER_ID_H3C_2014_R8900 8'h33.
I: Verilog-0008: [C:/CPLD/pango/2_Tieta_Feiteng/Tieta_Feiteng_1001_PGC7KD69MBG400/rtl/include/top_define.v(line number: 246)] Define macro BOARD_ID_H3C_2014_RSVD 8'h00.
I: Verilog-0008: [C:/CPLD/pango/2_Tieta_Feiteng/Tieta_Feiteng_1001_PGC7KD69MBG400/rtl/include/top_define.v(line number: 247)] Define macro BOARD_ID_H3C_2014_RS03M2C9S 8'h04.
I: Verilog-0008: [C:/CPLD/pango/2_Tieta_Feiteng/Tieta_Feiteng_1001_PGC7KD69MBG400/rtl/include/top_define.v(line number: 248)] Define macro BOARD_ID_H3C_2014_RS23M2C6S 8'h03.
I: Verilog-0008: [C:/CPLD/pango/2_Tieta_Feiteng/Tieta_Feiteng_1001_PGC7KD69MBG400/rtl/include/top_define.v(line number: 249)] Define macro BOARD_ID_H3C_2014_RS33M2C9S 8'h04.
I: Verilog-0008: [C:/CPLD/pango/2_Tieta_Feiteng/Tieta_Feiteng_1001_PGC7KD69MBG400/rtl/include/top_define.v(line number: 250)] Define macro BOARD_ID_H3C_2014_RS35M2C5S 8'h03.
I: Verilog-0008: [C:/CPLD/pango/2_Tieta_Feiteng/Tieta_Feiteng_1001_PGC7KD69MBG400/rtl/include/top_define.v(line number: 251)] Define macro BOARD_ID_H3C_2014_RS35M2C16S 8'h04.
I: Verilog-0008: [C:/CPLD/pango/2_Tieta_Feiteng/Tieta_Feiteng_1001_PGC7KD69MBG400/rtl/include/top_define.v(line number: 253)] Define macro BOARD_ID_H3C_2014_RS41M2C9S 8'h11.
I: Verilog-0008: [C:/CPLD/pango/2_Tieta_Feiteng/Tieta_Feiteng_1001_PGC7KD69MBG400/rtl/include/top_define.v(line number: 256)] Define macro CHASSIS_ID_H3C_2014_RSVD 8'h00.
I: Verilog-0008: [C:/CPLD/pango/2_Tieta_Feiteng/Tieta_Feiteng_1001_PGC7KD69MBG400/rtl/include/top_define.v(line number: 257)] Define macro CHASSIS_ID_H3C_2014_1U 8'h01.
I: Verilog-0008: [C:/CPLD/pango/2_Tieta_Feiteng/Tieta_Feiteng_1001_PGC7KD69MBG400/rtl/include/top_define.v(line number: 258)] Define macro CHASSIS_ID_H3C_2014_2U 8'h02.
I: Verilog-0008: [C:/CPLD/pango/2_Tieta_Feiteng/Tieta_Feiteng_1001_PGC7KD69MBG400/rtl/include/top_define.v(line number: 259)] Define macro CHASSIS_ID_H3C_2014_NONE 8'h03.
I: Verilog-0008: [C:/CPLD/pango/2_Tieta_Feiteng/Tieta_Feiteng_1001_PGC7KD69MBG400/rtl/include/top_define.v(line number: 262)] Define macro PLT_CPU_MFR_RSVD 8'h00.
I: Verilog-0008: [C:/CPLD/pango/2_Tieta_Feiteng/Tieta_Feiteng_1001_PGC7KD69MBG400/rtl/include/top_define.v(line number: 263)] Define macro PLT_CPU_MFR_INTEL 8'h01.
I: Verilog-0008: [C:/CPLD/pango/2_Tieta_Feiteng/Tieta_Feiteng_1001_PGC7KD69MBG400/rtl/include/top_define.v(line number: 264)] Define macro PLT_CPU_MFR_AMD 8'h02.
I: Verilog-0008: [C:/CPLD/pango/2_Tieta_Feiteng/Tieta_Feiteng_1001_PGC7KD69MBG400/rtl/include/top_define.v(line number: 265)] Define macro PLT_CPU_MFR_FT 8'h03.
I: Verilog-0008: [C:/CPLD/pango/2_Tieta_Feiteng/Tieta_Feiteng_1001_PGC7KD69MBG400/rtl/include/top_define.v(line number: 267)] Define macro PLT_CPU_MFR `PLT_CPU_MFR_FT.
I: Verilog-0008: [C:/CPLD/pango/2_Tieta_Feiteng/Tieta_Feiteng_1001_PGC7KD69MBG400/rtl/include/top_define.v(line number: 270)] Define macro PLT_CPU_GEN_RSVD 8'h00.
I: Verilog-0008: [C:/CPLD/pango/2_Tieta_Feiteng/Tieta_Feiteng_1001_PGC7KD69MBG400/rtl/include/top_define.v(line number: 271)] Define macro PLT_CPU_GEN_BROADWELL 8'h00.
I: Verilog-0008: [C:/CPLD/pango/2_Tieta_Feiteng/Tieta_Feiteng_1001_PGC7KD69MBG400/rtl/include/top_define.v(line number: 272)] Define macro PLT_CPU_GEN_SKYLATE 8'h01.
I: Verilog-0008: [C:/CPLD/pango/2_Tieta_Feiteng/Tieta_Feiteng_1001_PGC7KD69MBG400/rtl/include/top_define.v(line number: 273)] Define macro PLT_CPU_GEN_ICELATE 8'h10.
I: Verilog-0008: [C:/CPLD/pango/2_Tieta_Feiteng/Tieta_Feiteng_1001_PGC7KD69MBG400/rtl/include/top_define.v(line number: 274)] Define macro PLT_CPU_GEN_FT2500 8'h05.
I: Verilog-0008: [C:/CPLD/pango/2_Tieta_Feiteng/Tieta_Feiteng_1001_PGC7KD69MBG400/rtl/include/top_define.v(line number: 276)] Define macro PLT_CPU_GEN `PLT_CPU_GEN_FT2500.
I: Verilog-0008: [C:/CPLD/pango/2_Tieta_Feiteng/Tieta_Feiteng_1001_PGC7KD69MBG400/rtl/include/top_define.v(line number: 281)] Define macro INT_MODE_RISING 2'b01.
I: Verilog-0008: [C:/CPLD/pango/2_Tieta_Feiteng/Tieta_Feiteng_1001_PGC7KD69MBG400/rtl/include/top_define.v(line number: 282)] Define macro INT_MODE_FALLING 2'b10.
I: Verilog-0008: [C:/CPLD/pango/2_Tieta_Feiteng/Tieta_Feiteng_1001_PGC7KD69MBG400/rtl/include/top_define.v(line number: 283)] Define macro INT_MODE_BOTH 2'b11.
I: Verilog-0008: [C:/CPLD/pango/2_Tieta_Feiteng/Tieta_Feiteng_1001_PGC7KD69MBG400/rtl/include/top_define.v(line number: 288)] Define macro PN_RS03M2C9S {`ASCII_A, `ASCII_3, `ASCII_F, `ASCII_T}.
I: Verilog-0008: [C:/CPLD/pango/2_Tieta_Feiteng/Tieta_Feiteng_1001_PGC7KD69MBG400/rtl/include/top_define.v(line number: 289)] Define macro PN_RS33M2C9S {`ASCII_A, `ASCII_3, `ASCII_F, `ASCII_Q}.
I: Verilog-0008: [C:/CPLD/pango/2_Tieta_Feiteng/Tieta_Feiteng_1001_PGC7KD69MBG400/rtl/include/top_define.v(line number: 290)] Define macro PN_RS23M2C6S {`ASCII_A, `ASCII_3, `ASCII_F, `ASCII_R}.
I: Verilog-0008: [C:/CPLD/pango/2_Tieta_Feiteng/Tieta_Feiteng_1001_PGC7KD69MBG400/rtl/include/top_define.v(line number: 291)] Define macro PN_RS05M2C9S {`ASCII_A, `ASCII_4, `ASCII_L, `ASCII_M}.
I: Verilog-0008: [C:/CPLD/pango/2_Tieta_Feiteng/Tieta_Feiteng_1001_PGC7KD69MBG400/rtl/include/top_define.v(line number: 292)] Define macro PN_RS35M2C16S {`ASCII_A, `ASCII_5, `ASCII_B, `ASCII_8}.
I: Verilog-0008: [C:/CPLD/pango/2_Tieta_Feiteng/Tieta_Feiteng_1001_PGC7KD69MBG400/rtl/include/top_define.v(line number: 293)] Define macro PN_RS41M2C9S {`ASCII_A, `ASCII_5, `ASCII_K, `ASCII_B}.
I: Verilog-0008: [C:/CPLD/pango/2_Tieta_Feiteng/Tieta_Feiteng_1001_PGC7KD69MBG400/rtl/include/top_define.v(line number: 294)] Define macro PN_RSVD 32'h0000_0000.
I: Verilog-0008: [C:/CPLD/pango/2_Tieta_Feiteng/Tieta_Feiteng_1001_PGC7KD69MBG400/rtl/include/top_define.v(line number: 301)] Define macro BOARD_PN `PN_RS41M2C9S.
I: Verilog-0008: [C:/CPLD/pango/2_Tieta_Feiteng/Tieta_Feiteng_1001_PGC7KD69MBG400/rtl/include/top_define.v(line number: 306)] Define macro ASCII_0 8'h30.
I: Verilog-0008: [C:/CPLD/pango/2_Tieta_Feiteng/Tieta_Feiteng_1001_PGC7KD69MBG400/rtl/include/top_define.v(line number: 307)] Define macro ASCII_1 8'h31.
I: Verilog-0008: [C:/CPLD/pango/2_Tieta_Feiteng/Tieta_Feiteng_1001_PGC7KD69MBG400/rtl/include/top_define.v(line number: 308)] Define macro ASCII_2 8'h32.
I: Verilog-0008: [C:/CPLD/pango/2_Tieta_Feiteng/Tieta_Feiteng_1001_PGC7KD69MBG400/rtl/include/top_define.v(line number: 309)] Define macro ASCII_3 8'h33.
I: Verilog-0008: [C:/CPLD/pango/2_Tieta_Feiteng/Tieta_Feiteng_1001_PGC7KD69MBG400/rtl/include/top_define.v(line number: 310)] Define macro ASCII_4 8'h34.
I: Verilog-0008: [C:/CPLD/pango/2_Tieta_Feiteng/Tieta_Feiteng_1001_PGC7KD69MBG400/rtl/include/top_define.v(line number: 311)] Define macro ASCII_5 8'h35.
I: Verilog-0008: [C:/CPLD/pango/2_Tieta_Feiteng/Tieta_Feiteng_1001_PGC7KD69MBG400/rtl/include/top_define.v(line number: 312)] Define macro ASCII_6 8'h36.
I: Verilog-0008: [C:/CPLD/pango/2_Tieta_Feiteng/Tieta_Feiteng_1001_PGC7KD69MBG400/rtl/include/top_define.v(line number: 313)] Define macro ASCII_7 8'h37.
I: Verilog-0008: [C:/CPLD/pango/2_Tieta_Feiteng/Tieta_Feiteng_1001_PGC7KD69MBG400/rtl/include/top_define.v(line number: 314)] Define macro ASCII_8 8'h38.
I: Verilog-0008: [C:/CPLD/pango/2_Tieta_Feiteng/Tieta_Feiteng_1001_PGC7KD69MBG400/rtl/include/top_define.v(line number: 315)] Define macro ASCII_9 8'h39.
I: Verilog-0008: [C:/CPLD/pango/2_Tieta_Feiteng/Tieta_Feiteng_1001_PGC7KD69MBG400/rtl/include/top_define.v(line number: 316)] Define macro ASCII_A 8'h41.
I: Verilog-0008: [C:/CPLD/pango/2_Tieta_Feiteng/Tieta_Feiteng_1001_PGC7KD69MBG400/rtl/include/top_define.v(line number: 317)] Define macro ASCII_B 8'h42.
I: Verilog-0008: [C:/CPLD/pango/2_Tieta_Feiteng/Tieta_Feiteng_1001_PGC7KD69MBG400/rtl/include/top_define.v(line number: 318)] Define macro ASCII_C 8'h43.
I: Verilog-0008: [C:/CPLD/pango/2_Tieta_Feiteng/Tieta_Feiteng_1001_PGC7KD69MBG400/rtl/include/top_define.v(line number: 319)] Define macro ASCII_D 8'h44.
I: Verilog-0008: [C:/CPLD/pango/2_Tieta_Feiteng/Tieta_Feiteng_1001_PGC7KD69MBG400/rtl/include/top_define.v(line number: 320)] Define macro ASCII_E 8'h45.
I: Verilog-0008: [C:/CPLD/pango/2_Tieta_Feiteng/Tieta_Feiteng_1001_PGC7KD69MBG400/rtl/include/top_define.v(line number: 321)] Define macro ASCII_F 8'h46.
I: Verilog-0008: [C:/CPLD/pango/2_Tieta_Feiteng/Tieta_Feiteng_1001_PGC7KD69MBG400/rtl/include/top_define.v(line number: 322)] Define macro ASCII_G 8'h47.
I: Verilog-0008: [C:/CPLD/pango/2_Tieta_Feiteng/Tieta_Feiteng_1001_PGC7KD69MBG400/rtl/include/top_define.v(line number: 323)] Define macro ASCII_H 8'h48.
I: Verilog-0008: [C:/CPLD/pango/2_Tieta_Feiteng/Tieta_Feiteng_1001_PGC7KD69MBG400/rtl/include/top_define.v(line number: 324)] Define macro ASCII_I 8'h49.
I: Verilog-0008: [C:/CPLD/pango/2_Tieta_Feiteng/Tieta_Feiteng_1001_PGC7KD69MBG400/rtl/include/top_define.v(line number: 325)] Define macro ASCII_J 8'h4A.
I: Verilog-0008: [C:/CPLD/pango/2_Tieta_Feiteng/Tieta_Feiteng_1001_PGC7KD69MBG400/rtl/include/top_define.v(line number: 326)] Define macro ASCII_K 8'h4B.
I: Verilog-0008: [C:/CPLD/pango/2_Tieta_Feiteng/Tieta_Feiteng_1001_PGC7KD69MBG400/rtl/include/top_define.v(line number: 327)] Define macro ASCII_L 8'h4C.
I: Verilog-0008: [C:/CPLD/pango/2_Tieta_Feiteng/Tieta_Feiteng_1001_PGC7KD69MBG400/rtl/include/top_define.v(line number: 328)] Define macro ASCII_M 8'h4D.
I: Verilog-0008: [C:/CPLD/pango/2_Tieta_Feiteng/Tieta_Feiteng_1001_PGC7KD69MBG400/rtl/include/top_define.v(line number: 329)] Define macro ASCII_N 8'h4E.
I: Verilog-0008: [C:/CPLD/pango/2_Tieta_Feiteng/Tieta_Feiteng_1001_PGC7KD69MBG400/rtl/include/top_define.v(line number: 330)] Define macro ASCII_O 8'h4F.
I: Verilog-0008: [C:/CPLD/pango/2_Tieta_Feiteng/Tieta_Feiteng_1001_PGC7KD69MBG400/rtl/include/top_define.v(line number: 331)] Define macro ASCII_P 8'h50.
I: Verilog-0008: [C:/CPLD/pango/2_Tieta_Feiteng/Tieta_Feiteng_1001_PGC7KD69MBG400/rtl/include/top_define.v(line number: 332)] Define macro ASCII_Q 8'h51.
I: Verilog-0008: [C:/CPLD/pango/2_Tieta_Feiteng/Tieta_Feiteng_1001_PGC7KD69MBG400/rtl/include/top_define.v(line number: 333)] Define macro ASCII_R 8'h52.
I: Verilog-0008: [C:/CPLD/pango/2_Tieta_Feiteng/Tieta_Feiteng_1001_PGC7KD69MBG400/rtl/include/top_define.v(line number: 334)] Define macro ASCII_S 8'h53.
I: Verilog-0008: [C:/CPLD/pango/2_Tieta_Feiteng/Tieta_Feiteng_1001_PGC7KD69MBG400/rtl/include/top_define.v(line number: 335)] Define macro ASCII_T 8'h54.
I: Verilog-0008: [C:/CPLD/pango/2_Tieta_Feiteng/Tieta_Feiteng_1001_PGC7KD69MBG400/rtl/include/top_define.v(line number: 336)] Define macro ASCII_U 8'h55.
I: Verilog-0008: [C:/CPLD/pango/2_Tieta_Feiteng/Tieta_Feiteng_1001_PGC7KD69MBG400/rtl/include/top_define.v(line number: 337)] Define macro ASCII_V 8'h56.
I: Verilog-0008: [C:/CPLD/pango/2_Tieta_Feiteng/Tieta_Feiteng_1001_PGC7KD69MBG400/rtl/include/top_define.v(line number: 338)] Define macro ASCII_W 8'h57.
I: Verilog-0008: [C:/CPLD/pango/2_Tieta_Feiteng/Tieta_Feiteng_1001_PGC7KD69MBG400/rtl/include/top_define.v(line number: 339)] Define macro ASCII_X 8'h58.
I: Verilog-0008: [C:/CPLD/pango/2_Tieta_Feiteng/Tieta_Feiteng_1001_PGC7KD69MBG400/rtl/include/top_define.v(line number: 340)] Define macro ASCII_Y 8'h59.
I: Verilog-0008: [C:/CPLD/pango/2_Tieta_Feiteng/Tieta_Feiteng_1001_PGC7KD69MBG400/rtl/include/top_define.v(line number: 341)] Define macro ASCII_Z 8'h5A.
I: Verilog-0002: [C:/CPLD/pango/2_Tieta_Feiteng/Tieta_Feiteng_1001_PGC7KD69MBG400/rtl/source/common/thermal.v(line number: 18)] Analyzing module thermal (library work).
Parsing done.
I: Verilog-0001: Analyzing file C:/CPLD/pango/2_Tieta_Feiteng/Tieta_Feiteng_1001_PGC7KD69MBG400/rtl/source/common/UID_Function.v.
I: Verilog-0002: [C:/CPLD/pango/2_Tieta_Feiteng/Tieta_Feiteng_1001_PGC7KD69MBG400/rtl/source/common/UID_Function.v(line number: 27)] Analyzing module UID_Function (library work).
Parsing done.
I: Verilog-0001: Analyzing file C:/CPLD/pango/2_Tieta_Feiteng/Tieta_Feiteng_1001_PGC7KD69MBG400/rtl/source/communication/p2s_master.v.
I: Verilog-0002: [C:/CPLD/pango/2_Tieta_Feiteng/Tieta_Feiteng_1001_PGC7KD69MBG400/rtl/source/communication/p2s_master.v(line number: 27)] Analyzing module p2s_master (library work).
I: [C:/CPLD/pango/2_Tieta_Feiteng/Tieta_Feiteng_1001_PGC7KD69MBG400/rtl/source/communication/p2s_master.v(line number: 27)] Convert attribute name from syn_preserve to PAP_PRESERVE
Parsing done.
I: Verilog-0001: Analyzing file C:/CPLD/pango/2_Tieta_Feiteng/Tieta_Feiteng_1001_PGC7KD69MBG400/rtl/source/communication/p2s_slave.v.
I: Verilog-0002: [C:/CPLD/pango/2_Tieta_Feiteng/Tieta_Feiteng_1001_PGC7KD69MBG400/rtl/source/communication/p2s_slave.v(line number: 28)] Analyzing module p2s_slave (library work).
I: [C:/CPLD/pango/2_Tieta_Feiteng/Tieta_Feiteng_1001_PGC7KD69MBG400/rtl/source/communication/p2s_slave.v(line number: 28)] Convert attribute name from syn_preserve to PAP_PRESERVE
Parsing done.
I: Verilog-0001: Analyzing file C:/CPLD/pango/2_Tieta_Feiteng/Tieta_Feiteng_1001_PGC7KD69MBG400/rtl/source/communication/s2p_master.v.
I: Verilog-0002: [C:/CPLD/pango/2_Tieta_Feiteng/Tieta_Feiteng_1001_PGC7KD69MBG400/rtl/source/communication/s2p_master.v(line number: 27)] Analyzing module s2p_master (library work).
I: [C:/CPLD/pango/2_Tieta_Feiteng/Tieta_Feiteng_1001_PGC7KD69MBG400/rtl/source/communication/s2p_master.v(line number: 27)] Convert attribute name from syn_preserve to PAP_PRESERVE
Parsing done.
I: Verilog-0001: Analyzing file C:/CPLD/pango/2_Tieta_Feiteng/Tieta_Feiteng_1001_PGC7KD69MBG400/rtl/source/communication/s2p_slave.v.
I: Verilog-0002: [C:/CPLD/pango/2_Tieta_Feiteng/Tieta_Feiteng_1001_PGC7KD69MBG400/rtl/source/communication/s2p_slave.v(line number: 27)] Analyzing module s2p_slave (library work).
I: [C:/CPLD/pango/2_Tieta_Feiteng/Tieta_Feiteng_1001_PGC7KD69MBG400/rtl/source/communication/s2p_slave.v(line number: 28)] Convert attribute name from syn_preserve to PAP_PRESERVE
Parsing done.
I: Verilog-0001: Analyzing file C:/CPLD/pango/2_Tieta_Feiteng/Tieta_Feiteng_1001_PGC7KD69MBG400/rtl/source/communication/uart_master.v.
I: Verilog-0002: [C:/CPLD/pango/2_Tieta_Feiteng/Tieta_Feiteng_1001_PGC7KD69MBG400/rtl/source/communication/uart_master.v(line number: 25)] Analyzing module UART_MASTER (library work).
Parsing done.
I: Verilog-0001: Analyzing file C:/CPLD/pango/2_Tieta_Feiteng/Tieta_Feiteng_1001_PGC7KD69MBG400/rtl/source/fan_ctrl/fan_counter.v.
I: Verilog-0002: [C:/CPLD/pango/2_Tieta_Feiteng/Tieta_Feiteng_1001_PGC7KD69MBG400/rtl/source/fan_ctrl/fan_counter.v(line number: 24)] Analyzing module fan_counter (library work).
Parsing done.
I: Verilog-0001: Analyzing file C:/CPLD/pango/2_Tieta_Feiteng/Tieta_Feiteng_1001_PGC7KD69MBG400/rtl/source/fan_ctrl/fan_pwm_tach.v.
I: Verilog-0002: [C:/CPLD/pango/2_Tieta_Feiteng/Tieta_Feiteng_1001_PGC7KD69MBG400/rtl/source/fan_ctrl/fan_pwm_tach.v(line number: 11)] Analyzing module fan_pwm_tach (library work).
Parsing done.
I: Verilog-0001: Analyzing file C:/CPLD/pango/2_Tieta_Feiteng/Tieta_Feiteng_1001_PGC7KD69MBG400/rtl/source/i2c/bmc_cpld_i2c_ram.v.
I: Verilog-0002: [C:/CPLD/pango/2_Tieta_Feiteng/Tieta_Feiteng_1001_PGC7KD69MBG400/rtl/source/i2c/bmc_cpld_i2c_ram.v(line number: 3)] Analyzing module bmc_cpld_i2c_ram (library work).
Parsing done.
I: Verilog-0001: Analyzing file C:/CPLD/pango/2_Tieta_Feiteng/Tieta_Feiteng_1001_PGC7KD69MBG400/rtl/source/pwrseq/psu.v.
I: Found Verilog include file C:/CPLD/pango/2_Tieta_Feiteng/Tieta_Feiteng_1001_PGC7KD69MBG400/rtl/include/pwrseq_define.v
I: Verilog-0008: [C:/CPLD/pango/2_Tieta_Feiteng/Tieta_Feiteng_1001_PGC7KD69MBG400/rtl/include/pwrseq_define.v(line number: 1)] Define macro SM_RESET_STATE 6'h00.
I: Verilog-0008: [C:/CPLD/pango/2_Tieta_Feiteng/Tieta_Feiteng_1001_PGC7KD69MBG400/rtl/include/pwrseq_define.v(line number: 2)] Define macro SM_DISABLE_S5_DEVICES 6'h01.
I: Verilog-0008: [C:/CPLD/pango/2_Tieta_Feiteng/Tieta_Feiteng_1001_PGC7KD69MBG400/rtl/include/pwrseq_define.v(line number: 4)] Define macro SM_OFF_STANDBY 6'h02.
I: Verilog-0008: [C:/CPLD/pango/2_Tieta_Feiteng/Tieta_Feiteng_1001_PGC7KD69MBG400/rtl/include/pwrseq_define.v(line number: 5)] Define macro SM_ENABLE_S5_DEVICES 6'h03.
I: Verilog-0008: [C:/CPLD/pango/2_Tieta_Feiteng/Tieta_Feiteng_1001_PGC7KD69MBG400/rtl/include/pwrseq_define.v(line number: 6)] Define macro SM_PS_ON 6'h04.
I: Verilog-0008: [C:/CPLD/pango/2_Tieta_Feiteng/Tieta_Feiteng_1001_PGC7KD69MBG400/rtl/include/pwrseq_define.v(line number: 7)] Define macro SM_EN_5V_STBY 6'h05.
I: Verilog-0008: [C:/CPLD/pango/2_Tieta_Feiteng/Tieta_Feiteng_1001_PGC7KD69MBG400/rtl/include/pwrseq_define.v(line number: 8)] Define macro SM_EN_TELEM 6'h06.
I: Verilog-0008: [C:/CPLD/pango/2_Tieta_Feiteng/Tieta_Feiteng_1001_PGC7KD69MBG400/rtl/include/pwrseq_define.v(line number: 9)] Define macro SM_EN_MAIN_EFUSE 6'h07.
I: Verilog-0008: [C:/CPLD/pango/2_Tieta_Feiteng/Tieta_Feiteng_1001_PGC7KD69MBG400/rtl/include/pwrseq_define.v(line number: 10)] Define macro SM_EN_5V 6'h08.
I: Verilog-0008: [C:/CPLD/pango/2_Tieta_Feiteng/Tieta_Feiteng_1001_PGC7KD69MBG400/rtl/include/pwrseq_define.v(line number: 11)] Define macro SM_EN_3V3 6'h09.
I: Verilog-0008: [C:/CPLD/pango/2_Tieta_Feiteng/Tieta_Feiteng_1001_PGC7KD69MBG400/rtl/include/pwrseq_define.v(line number: 12)] Define macro SM_EN_1V1 6'h0A.
I: Verilog-0008: [C:/CPLD/pango/2_Tieta_Feiteng/Tieta_Feiteng_1001_PGC7KD69MBG400/rtl/include/pwrseq_define.v(line number: 14)] Define macro SM_EN_CPU_CORE 6'h0B.
I: Verilog-0008: [C:/CPLD/pango/2_Tieta_Feiteng/Tieta_Feiteng_1001_PGC7KD69MBG400/rtl/include/pwrseq_define.v(line number: 15)] Define macro SM_EN_CPU_P1V8 6'h0C.
I: Verilog-0008: [C:/CPLD/pango/2_Tieta_Feiteng/Tieta_Feiteng_1001_PGC7KD69MBG400/rtl/include/pwrseq_define.v(line number: 16)] Define macro SM_EN_CPU_DDR 6'h0D.
I: Verilog-0008: [C:/CPLD/pango/2_Tieta_Feiteng/Tieta_Feiteng_1001_PGC7KD69MBG400/rtl/include/pwrseq_define.v(line number: 17)] Define macro SM_EN_CPU_VP 6'h0E.
I: Verilog-0008: [C:/CPLD/pango/2_Tieta_Feiteng/Tieta_Feiteng_1001_PGC7KD69MBG400/rtl/include/pwrseq_define.v(line number: 19)] Define macro PEX_RESET 6'h0F.
I: Verilog-0008: [C:/CPLD/pango/2_Tieta_Feiteng/Tieta_Feiteng_1001_PGC7KD69MBG400/rtl/include/pwrseq_define.v(line number: 20)] Define macro SM_CPU_RESET 6'h10.
I: Verilog-0008: [C:/CPLD/pango/2_Tieta_Feiteng/Tieta_Feiteng_1001_PGC7KD69MBG400/rtl/include/pwrseq_define.v(line number: 22)] Define macro SM_WAIT_POWEROK 6'h11.
I: Verilog-0008: [C:/CPLD/pango/2_Tieta_Feiteng/Tieta_Feiteng_1001_PGC7KD69MBG400/rtl/include/pwrseq_define.v(line number: 23)] Define macro SM_STEADY_PWROK 6'h12.
I: Verilog-0008: [C:/CPLD/pango/2_Tieta_Feiteng/Tieta_Feiteng_1001_PGC7KD69MBG400/rtl/include/pwrseq_define.v(line number: 24)] Define macro SM_CRITICAL_FAIL 6'h13.
I: Verilog-0008: [C:/CPLD/pango/2_Tieta_Feiteng/Tieta_Feiteng_1001_PGC7KD69MBG400/rtl/include/pwrseq_define.v(line number: 26)] Define macro SM_DISABLE_CPU_VP 6'h14.
I: Verilog-0008: [C:/CPLD/pango/2_Tieta_Feiteng/Tieta_Feiteng_1001_PGC7KD69MBG400/rtl/include/pwrseq_define.v(line number: 27)] Define macro SM_DISABLE_CPU_DDR 6'h15.
I: Verilog-0008: [C:/CPLD/pango/2_Tieta_Feiteng/Tieta_Feiteng_1001_PGC7KD69MBG400/rtl/include/pwrseq_define.v(line number: 28)] Define macro SM_DISABLE_CPU_P1V8 6'h16.
I: Verilog-0008: [C:/CPLD/pango/2_Tieta_Feiteng/Tieta_Feiteng_1001_PGC7KD69MBG400/rtl/include/pwrseq_define.v(line number: 29)] Define macro SM_DISABLE_CPU_CORE 6'h17.
I: Verilog-0008: [C:/CPLD/pango/2_Tieta_Feiteng/Tieta_Feiteng_1001_PGC7KD69MBG400/rtl/include/pwrseq_define.v(line number: 31)] Define macro SM_DISABLE_1V1 6'h18.
I: Verilog-0008: [C:/CPLD/pango/2_Tieta_Feiteng/Tieta_Feiteng_1001_PGC7KD69MBG400/rtl/include/pwrseq_define.v(line number: 32)] Define macro SM_DISABLE_3V3 6'h19.
I: Verilog-0008: [C:/CPLD/pango/2_Tieta_Feiteng/Tieta_Feiteng_1001_PGC7KD69MBG400/rtl/include/pwrseq_define.v(line number: 33)] Define macro SM_DISABLE_5V 6'h1A.
I: Verilog-0008: [C:/CPLD/pango/2_Tieta_Feiteng/Tieta_Feiteng_1001_PGC7KD69MBG400/rtl/include/pwrseq_define.v(line number: 35)] Define macro SM_DISABLE_MAIN_EFUSE 6'h1B.
I: Verilog-0008: [C:/CPLD/pango/2_Tieta_Feiteng/Tieta_Feiteng_1001_PGC7KD69MBG400/rtl/include/pwrseq_define.v(line number: 36)] Define macro SM_DISABLE_TELEM 6'h1C.
I: Verilog-0008: [C:/CPLD/pango/2_Tieta_Feiteng/Tieta_Feiteng_1001_PGC7KD69MBG400/rtl/include/pwrseq_define.v(line number: 37)] Define macro SM_DISABLE_PS_ON 6'h1D.
I: Verilog-0008: [C:/CPLD/pango/2_Tieta_Feiteng/Tieta_Feiteng_1001_PGC7KD69MBG400/rtl/include/pwrseq_define.v(line number: 39)] Define macro SM_HALT_POWER_CYCLE 6'h1E.
I: Verilog-0008: [C:/CPLD/pango/2_Tieta_Feiteng/Tieta_Feiteng_1001_PGC7KD69MBG400/rtl/include/pwrseq_define.v(line number: 40)] Define macro SM_AUX_FAIL_RECOVERY 6'h1F.
I: Verilog-0002: [C:/CPLD/pango/2_Tieta_Feiteng/Tieta_Feiteng_1001_PGC7KD69MBG400/rtl/source/pwrseq/psu.v(line number: 16)] Analyzing module psu (library work).
Parsing done.
I: Verilog-0001: Analyzing file C:/CPLD/pango/2_Tieta_Feiteng/Tieta_Feiteng_1001_PGC7KD69MBG400/rtl/source/pwrseq/pwrcap.v.
I: Found Verilog include file C:/CPLD/pango/2_Tieta_Feiteng/Tieta_Feiteng_1001_PGC7KD69MBG400/rtl/include/top_define.v
I: Verilog-0008: [C:/CPLD/pango/2_Tieta_Feiteng/Tieta_Feiteng_1001_PGC7KD69MBG400/rtl/include/top_define.v(line number: 6)] Define macro RS35M2C16S_VA.
I: Verilog-0008: [C:/CPLD/pango/2_Tieta_Feiteng/Tieta_Feiteng_1001_PGC7KD69MBG400/rtl/include/top_define.v(line number: 8)] Define macro RS41M2C9S.
I: Verilog-0008: [C:/CPLD/pango/2_Tieta_Feiteng/Tieta_Feiteng_1001_PGC7KD69MBG400/rtl/include/top_define.v(line number: 14)] Define macro H3C_2014_RS35M2C16S_VA.
I: Verilog-0008: [C:/CPLD/pango/2_Tieta_Feiteng/Tieta_Feiteng_1001_PGC7KD69MBG400/rtl/include/top_define.v(line number: 18)] Define macro SPECIFIC_POWER_P1V8_PCH_STBY.
I: Verilog-0008: [C:/CPLD/pango/2_Tieta_Feiteng/Tieta_Feiteng_1001_PGC7KD69MBG400/rtl/include/top_define.v(line number: 23)] Define macro PCH_MODE_LPC.
I: Verilog-0008: [C:/CPLD/pango/2_Tieta_Feiteng/Tieta_Feiteng_1001_PGC7KD69MBG400/rtl/include/top_define.v(line number: 25)] Define macro PSU_CTRL.
I: Verilog-0008: [C:/CPLD/pango/2_Tieta_Feiteng/Tieta_Feiteng_1001_PGC7KD69MBG400/rtl/include/top_define.v(line number: 30)] Define macro CPLD_DATE_YYYYMMDD 32'h20240608.
I: Verilog-0008: [C:/CPLD/pango/2_Tieta_Feiteng/Tieta_Feiteng_1001_PGC7KD69MBG400/rtl/include/top_define.v(line number: 33)] Define macro CPLD_TIME_HHMMSSXX {24'h151400, `CPLD_TIME_XX}.
I: Verilog-0008: [C:/CPLD/pango/2_Tieta_Feiteng/Tieta_Feiteng_1001_PGC7KD69MBG400/rtl/include/top_define.v(line number: 35)] Define macro CPLD_TIME_XX 8'hZZ.
I: Verilog-0008: [C:/CPLD/pango/2_Tieta_Feiteng/Tieta_Feiteng_1001_PGC7KD69MBG400/rtl/include/top_define.v(line number: 38)] Define macro H3C_2014_RS35M2C16S_VA.
I: Verilog-0008: [C:/CPLD/pango/2_Tieta_Feiteng/Tieta_Feiteng_1001_PGC7KD69MBG400/rtl/include/top_define.v(line number: 51)] Define macro CPLD_VER 16'h01A1.
I: Verilog-0008: [C:/CPLD/pango/2_Tieta_Feiteng/Tieta_Feiteng_1001_PGC7KD69MBG400/rtl/include/top_define.v(line number: 52)] Define macro PFR_CPLD_VER 16'h0500.
I: Verilog-0008: [C:/CPLD/pango/2_Tieta_Feiteng/Tieta_Feiteng_1001_PGC7KD69MBG400/rtl/include/top_define.v(line number: 53)] Define macro DB_CPLD_VER 16'h0500.
I: Verilog-0008: [C:/CPLD/pango/2_Tieta_Feiteng/Tieta_Feiteng_1001_PGC7KD69MBG400/rtl/include/top_define.v(line number: 56)] Define macro GEN_ID_RSVD 4'b0000.
I: Verilog-0008: [C:/CPLD/pango/2_Tieta_Feiteng/Tieta_Feiteng_1001_PGC7KD69MBG400/rtl/include/top_define.v(line number: 57)] Define macro GEN_ID_G2 4'b0010.
I: Verilog-0008: [C:/CPLD/pango/2_Tieta_Feiteng/Tieta_Feiteng_1001_PGC7KD69MBG400/rtl/include/top_define.v(line number: 58)] Define macro GEN_ID_G3 4'b0011.
I: Verilog-0008: [C:/CPLD/pango/2_Tieta_Feiteng/Tieta_Feiteng_1001_PGC7KD69MBG400/rtl/include/top_define.v(line number: 59)] Define macro GEN_ID_G5 4'b0101.
I: Verilog-0008: [C:/CPLD/pango/2_Tieta_Feiteng/Tieta_Feiteng_1001_PGC7KD69MBG400/rtl/include/top_define.v(line number: 63)] Define macro GEN_ID `GEN_ID_RSVD.
I: Verilog-0008: [C:/CPLD/pango/2_Tieta_Feiteng/Tieta_Feiteng_1001_PGC7KD69MBG400/rtl/include/top_define.v(line number: 67)] Define macro BOARD_ID_RSVD 4'b0000.
I: Verilog-0008: [C:/CPLD/pango/2_Tieta_Feiteng/Tieta_Feiteng_1001_PGC7KD69MBG400/rtl/include/top_define.v(line number: 68)] Define macro BOARD_ID_RS03M2C9S 4'b0100.
I: Verilog-0008: [C:/CPLD/pango/2_Tieta_Feiteng/Tieta_Feiteng_1001_PGC7KD69MBG400/rtl/include/top_define.v(line number: 69)] Define macro BOARD_ID_RS23M2C6S 4'b0011.
I: Verilog-0008: [C:/CPLD/pango/2_Tieta_Feiteng/Tieta_Feiteng_1001_PGC7KD69MBG400/rtl/include/top_define.v(line number: 70)] Define macro BOARD_ID_RS33M2C9S 4'b0100.
I: Verilog-0008: [C:/CPLD/pango/2_Tieta_Feiteng/Tieta_Feiteng_1001_PGC7KD69MBG400/rtl/include/top_define.v(line number: 71)] Define macro BOARD_ID_RS05M2C9S 4'b0101.
I: Verilog-0008: [C:/CPLD/pango/2_Tieta_Feiteng/Tieta_Feiteng_1001_PGC7KD69MBG400/rtl/include/top_define.v(line number: 72)] Define macro BOARD_ID_RS35M2C5S 4'b0011.
I: Verilog-0008: [C:/CPLD/pango/2_Tieta_Feiteng/Tieta_Feiteng_1001_PGC7KD69MBG400/rtl/include/top_define.v(line number: 73)] Define macro BOARD_ID_RS35M2C16S 4'b0100.
I: Verilog-0008: [C:/CPLD/pango/2_Tieta_Feiteng/Tieta_Feiteng_1001_PGC7KD69MBG400/rtl/include/top_define.v(line number: 75)] Define macro BOARD_ID_RS41M2C9S 4'b0001.
I: Verilog-0008: [C:/CPLD/pango/2_Tieta_Feiteng/Tieta_Feiteng_1001_PGC7KD69MBG400/rtl/include/top_define.v(line number: 83)] Define macro CHASSIS_ID_1U 3'b001.
I: Verilog-0008: [C:/CPLD/pango/2_Tieta_Feiteng/Tieta_Feiteng_1001_PGC7KD69MBG400/rtl/include/top_define.v(line number: 84)] Define macro CHASSIS_ID_2U 3'b010.
I: Verilog-0008: [C:/CPLD/pango/2_Tieta_Feiteng/Tieta_Feiteng_1001_PGC7KD69MBG400/rtl/include/top_define.v(line number: 85)] Define macro CHASSIS_ID_4U 3'b000.
I: Verilog-0008: [C:/CPLD/pango/2_Tieta_Feiteng/Tieta_Feiteng_1001_PGC7KD69MBG400/rtl/include/top_define.v(line number: 86)] Define macro CHASSIS_ID_8U 3'b011.
I: Verilog-0008: [C:/CPLD/pango/2_Tieta_Feiteng/Tieta_Feiteng_1001_PGC7KD69MBG400/rtl/include/top_define.v(line number: 90)] Define macro SERVER_ID_RSVD 16'h0000.
I: Verilog-0008: [C:/CPLD/pango/2_Tieta_Feiteng/Tieta_Feiteng_1001_PGC7KD69MBG400/rtl/include/top_define.v(line number: 91)] Define macro SERVER_ID_R4900 16'h4900.
I: Verilog-0008: [C:/CPLD/pango/2_Tieta_Feiteng/Tieta_Feiteng_1001_PGC7KD69MBG400/rtl/include/top_define.v(line number: 92)] Define macro SERVER_ID_R4700 16'h4700.
I: Verilog-0008: [C:/CPLD/pango/2_Tieta_Feiteng/Tieta_Feiteng_1001_PGC7KD69MBG400/rtl/include/top_define.v(line number: 93)] Define macro SERVER_ID_R2900 16'h2900.
I: Verilog-0008: [C:/CPLD/pango/2_Tieta_Feiteng/Tieta_Feiteng_1001_PGC7KD69MBG400/rtl/include/top_define.v(line number: 94)] Define macro SERVER_ID_R2700 16'h2700.
I: Verilog-0008: [C:/CPLD/pango/2_Tieta_Feiteng/Tieta_Feiteng_1001_PGC7KD69MBG400/rtl/include/top_define.v(line number: 96)] Define macro SERVER_ID_R6900 16'h6900.
I: Verilog-0008: [C:/CPLD/pango/2_Tieta_Feiteng/Tieta_Feiteng_1001_PGC7KD69MBG400/rtl/include/top_define.v(line number: 100)] Define macro CPU_PKG_ID_NOMCP 3'b000.
I: Verilog-0008: [C:/CPLD/pango/2_Tieta_Feiteng/Tieta_Feiteng_1001_PGC7KD69MBG400/rtl/include/top_define.v(line number: 101)] Define macro CPU_PKG_ID_FABRIC 3'b001.
I: Verilog-0008: [C:/CPLD/pango/2_Tieta_Feiteng/Tieta_Feiteng_1001_PGC7KD69MBG400/rtl/include/top_define.v(line number: 102)] Define macro CPU_PKG_ID_FPGA 3'b010.
I: Verilog-0008: [C:/CPLD/pango/2_Tieta_Feiteng/Tieta_Feiteng_1001_PGC7KD69MBG400/rtl/include/top_define.v(line number: 103)] Define macro CPU_PKG_ID_RSVD011 3'b011.
I: Verilog-0008: [C:/CPLD/pango/2_Tieta_Feiteng/Tieta_Feiteng_1001_PGC7KD69MBG400/rtl/include/top_define.v(line number: 104)] Define macro CPU_PKG_ID_RSVD100 3'b100.
I: Verilog-0008: [C:/CPLD/pango/2_Tieta_Feiteng/Tieta_Feiteng_1001_PGC7KD69MBG400/rtl/include/top_define.v(line number: 105)] Define macro CPU_PKG_ID_RSVD101 3'b101.
I: Verilog-0008: [C:/CPLD/pango/2_Tieta_Feiteng/Tieta_Feiteng_1001_PGC7KD69MBG400/rtl/include/top_define.v(line number: 106)] Define macro CPU_PKG_ID_RSVD110 3'b110.
I: Verilog-0008: [C:/CPLD/pango/2_Tieta_Feiteng/Tieta_Feiteng_1001_PGC7KD69MBG400/rtl/include/top_define.v(line number: 107)] Define macro CPU_PKG_ID_RSVD111 3'b111.
I: Verilog-0008: [C:/CPLD/pango/2_Tieta_Feiteng/Tieta_Feiteng_1001_PGC7KD69MBG400/rtl/include/top_define.v(line number: 116)] Define macro AROC_TYPE_HBA 2'b00.
I: Verilog-0008: [C:/CPLD/pango/2_Tieta_Feiteng/Tieta_Feiteng_1001_PGC7KD69MBG400/rtl/include/top_define.v(line number: 117)] Define macro AROC_TYPE_RAID 2'b01.
I: Verilog-0008: [C:/CPLD/pango/2_Tieta_Feiteng/Tieta_Feiteng_1001_PGC7KD69MBG400/rtl/include/top_define.v(line number: 118)] Define macro AROC_TYPE_MEZZ 2'b10.
I: Verilog-0008: [C:/CPLD/pango/2_Tieta_Feiteng/Tieta_Feiteng_1001_PGC7KD69MBG400/rtl/include/top_define.v(line number: 119)] Define macro AROC_TYPE_RSVD 2'b11.
I: Verilog-0008: [C:/CPLD/pango/2_Tieta_Feiteng/Tieta_Feiteng_1001_PGC7KD69MBG400/rtl/include/top_define.v(line number: 126)] Define macro RISER_ID_RS35R3X16 5'b00001.
I: Verilog-0008: [C:/CPLD/pango/2_Tieta_Feiteng/Tieta_Feiteng_1001_PGC7KD69MBG400/rtl/include/top_define.v(line number: 127)] Define macro RISER_ID_RS35RX16X8X8 5'b00010.
I: Verilog-0008: [C:/CPLD/pango/2_Tieta_Feiteng/Tieta_Feiteng_1001_PGC7KD69MBG400/rtl/include/top_define.v(line number: 128)] Define macro RISER_ID_RS35R2X8 5'b00011.
I: Verilog-0008: [C:/CPLD/pango/2_Tieta_Feiteng/Tieta_Feiteng_1001_PGC7KD69MBG400/rtl/include/top_define.v(line number: 129)] Define macro RISER_ID_RS35R2X16 5'b00100.
I: Verilog-0008: [C:/CPLD/pango/2_Tieta_Feiteng/Tieta_Feiteng_1001_PGC7KD69MBG400/rtl/include/top_define.v(line number: 130)] Define macro RISER_ID_RS35RX16 5'b00101.
I: Verilog-0008: [C:/CPLD/pango/2_Tieta_Feiteng/Tieta_Feiteng_1001_PGC7KD69MBG400/rtl/include/top_define.v(line number: 131)] Define macro RISER_ID_RS33RLPX8 5'b00111.
I: Verilog-0008: [C:/CPLD/pango/2_Tieta_Feiteng/Tieta_Feiteng_1001_PGC7KD69MBG400/rtl/include/top_define.v(line number: 132)] Define macro RISER_ID_RS35R5X8 5'b01000.
I: Verilog-0008: [C:/CPLD/pango/2_Tieta_Feiteng/Tieta_Feiteng_1001_PGC7KD69MBG400/rtl/include/top_define.v(line number: 133)] Define macro RISER_ID_RS35R1X16 5'b01010.
I: Verilog-0008: [C:/CPLD/pango/2_Tieta_Feiteng/Tieta_Feiteng_1001_PGC7KD69MBG400/rtl/include/top_define.v(line number: 134)] Define macro RISER_ID_RS35R2X8A 5'b01011.
I: Verilog-0008: [C:/CPLD/pango/2_Tieta_Feiteng/Tieta_Feiteng_1001_PGC7KD69MBG400/rtl/include/top_define.v(line number: 135)] Define macro RISER_ID_RS35ROCP 5'b01100.
I: Verilog-0008: [C:/CPLD/pango/2_Tieta_Feiteng/Tieta_Feiteng_1001_PGC7KD69MBG400/rtl/include/top_define.v(line number: 136)] Define macro RISER_ID_RS35R1X16C 5'b01101.
I: Verilog-0008: [C:/CPLD/pango/2_Tieta_Feiteng/Tieta_Feiteng_1001_PGC7KD69MBG400/rtl/include/top_define.v(line number: 139)] Define macro GPU_CABLE_ID_RSVD 2'b11.
I: Verilog-0008: [C:/CPLD/pango/2_Tieta_Feiteng/Tieta_Feiteng_1001_PGC7KD69MBG400/rtl/include/top_define.v(line number: 142)] Define macro BMC_MEM_SIZE_1G 2'b00.
I: Verilog-0008: [C:/CPLD/pango/2_Tieta_Feiteng/Tieta_Feiteng_1001_PGC7KD69MBG400/rtl/include/top_define.v(line number: 143)] Define macro BMC_MEM_SIZE_2G 2'b01.
I: Verilog-0008: [C:/CPLD/pango/2_Tieta_Feiteng/Tieta_Feiteng_1001_PGC7KD69MBG400/rtl/include/top_define.v(line number: 144)] Define macro BMC_MEM_SIZE_4G 2'b10.
I: Verilog-0008: [C:/CPLD/pango/2_Tieta_Feiteng/Tieta_Feiteng_1001_PGC7KD69MBG400/rtl/include/top_define.v(line number: 145)] Define macro BMC_MEM_SIZE_8G 2'b11.
I: Verilog-0008: [C:/CPLD/pango/2_Tieta_Feiteng/Tieta_Feiteng_1001_PGC7KD69MBG400/rtl/include/top_define.v(line number: 147)] Define macro BMC_MEM_SIZE `BMC_MEM_SIZE_2G.
I: Verilog-0008: [C:/CPLD/pango/2_Tieta_Feiteng/Tieta_Feiteng_1001_PGC7KD69MBG400/rtl/include/top_define.v(line number: 150)] Define macro PCB_VA 2'b00.
I: Verilog-0008: [C:/CPLD/pango/2_Tieta_Feiteng/Tieta_Feiteng_1001_PGC7KD69MBG400/rtl/include/top_define.v(line number: 156)] Define macro NUM_CPU 2.
I: Verilog-0008: [C:/CPLD/pango/2_Tieta_Feiteng/Tieta_Feiteng_1001_PGC7KD69MBG400/rtl/include/top_define.v(line number: 157)] Define macro NUM_CPUVR 2.
I: Verilog-0008: [C:/CPLD/pango/2_Tieta_Feiteng/Tieta_Feiteng_1001_PGC7KD69MBG400/rtl/include/top_define.v(line number: 158)] Define macro NUM_MEMVR 4.
I: Verilog-0008: [C:/CPLD/pango/2_Tieta_Feiteng/Tieta_Feiteng_1001_PGC7KD69MBG400/rtl/include/top_define.v(line number: 159)] Define macro NUM_CHN 4.
I: Verilog-0008: [C:/CPLD/pango/2_Tieta_Feiteng/Tieta_Feiteng_1001_PGC7KD69MBG400/rtl/include/top_define.v(line number: 160)] Define macro NUM_FAN 8.
I: Verilog-0008: [C:/CPLD/pango/2_Tieta_Feiteng/Tieta_Feiteng_1001_PGC7KD69MBG400/rtl/include/top_define.v(line number: 161)] Define macro NUM_NIC 4.
I: Verilog-0008: [C:/CPLD/pango/2_Tieta_Feiteng/Tieta_Feiteng_1001_PGC7KD69MBG400/rtl/include/top_define.v(line number: 162)] Define macro NUM_PSU 2.
I: Verilog-0008: [C:/CPLD/pango/2_Tieta_Feiteng/Tieta_Feiteng_1001_PGC7KD69MBG400/rtl/include/top_define.v(line number: 164)] Define macro NUM_IO 1.
I: Verilog-0008: [C:/CPLD/pango/2_Tieta_Feiteng/Tieta_Feiteng_1001_PGC7KD69MBG400/rtl/include/top_define.v(line number: 165)] Define macro NUM_RISER 6.
I: Verilog-0008: [C:/CPLD/pango/2_Tieta_Feiteng/Tieta_Feiteng_1001_PGC7KD69MBG400/rtl/include/top_define.v(line number: 166)] Define macro port_num 3.
I: Verilog-0008: [C:/CPLD/pango/2_Tieta_Feiteng/Tieta_Feiteng_1001_PGC7KD69MBG400/rtl/include/top_define.v(line number: 169)] Define macro SYS_HAS_UID_BTN.
I: Verilog-0008: [C:/CPLD/pango/2_Tieta_Feiteng/Tieta_Feiteng_1001_PGC7KD69MBG400/rtl/include/top_define.v(line number: 171)] Define macro NUM_BP 8      /********G5 2P**********/.
I: Verilog-0008: [C:/CPLD/pango/2_Tieta_Feiteng/Tieta_Feiteng_1001_PGC7KD69MBG400/rtl/include/top_define.v(line number: 173)] Define macro NUM_S5DEV 2      /********G5 2P**********/.
I: Verilog-0008: [C:/CPLD/pango/2_Tieta_Feiteng/Tieta_Feiteng_1001_PGC7KD69MBG400/rtl/include/top_define.v(line number: 187)] Define macro BOARD_TYPE 4'b0000.
I: Verilog-0008: [C:/CPLD/pango/2_Tieta_Feiteng/Tieta_Feiteng_1001_PGC7KD69MBG400/rtl/include/top_define.v(line number: 188)] Define macro OEM_TYPE 4'b0111.
I: Verilog-0008: [C:/CPLD/pango/2_Tieta_Feiteng/Tieta_Feiteng_1001_PGC7KD69MBG400/rtl/include/top_define.v(line number: 191)] Define macro MFR_ID_RSVD 8'h00.
I: Verilog-0008: [C:/CPLD/pango/2_Tieta_Feiteng/Tieta_Feiteng_1001_PGC7KD69MBG400/rtl/include/top_define.v(line number: 192)] Define macro MFR_ID_H3C 8'h03.
I: Verilog-0008: [C:/CPLD/pango/2_Tieta_Feiteng/Tieta_Feiteng_1001_PGC7KD69MBG400/rtl/include/top_define.v(line number: 194)] Define macro MFR_ID `MFR_ID_H3C.
I: Verilog-0008: [C:/CPLD/pango/2_Tieta_Feiteng/Tieta_Feiteng_1001_PGC7KD69MBG400/rtl/include/top_define.v(line number: 197)] Define macro ODM_ID_RSVD 8'h00.
I: Verilog-0008: [C:/CPLD/pango/2_Tieta_Feiteng/Tieta_Feiteng_1001_PGC7KD69MBG400/rtl/include/top_define.v(line number: 198)] Define macro ODM_ID_H3C 8'h03.
I: Verilog-0008: [C:/CPLD/pango/2_Tieta_Feiteng/Tieta_Feiteng_1001_PGC7KD69MBG400/rtl/include/top_define.v(line number: 200)] Define macro ODM_ID `ODM_ID_H3C.
I: Verilog-0008: [C:/CPLD/pango/2_Tieta_Feiteng/Tieta_Feiteng_1001_PGC7KD69MBG400/rtl/include/top_define.v(line number: 203)] Define macro PDT_LINE_RSVD 8'h00.
I: Verilog-0008: [C:/CPLD/pango/2_Tieta_Feiteng/Tieta_Feiteng_1001_PGC7KD69MBG400/rtl/include/top_define.v(line number: 204)] Define macro PDT_LINE_H3C_2014_LLS 8'h01.
I: Verilog-0008: [C:/CPLD/pango/2_Tieta_Feiteng/Tieta_Feiteng_1001_PGC7KD69MBG400/rtl/include/top_define.v(line number: 206)] Define macro PDT_LINE_H3C_OEM_IN 8'h63.
I: Verilog-0008: [C:/CPLD/pango/2_Tieta_Feiteng/Tieta_Feiteng_1001_PGC7KD69MBG400/rtl/include/top_define.v(line number: 208)] Define macro PDT_LINE `PDT_LINE_H3C_OEM_IN.
I: Verilog-0008: [C:/CPLD/pango/2_Tieta_Feiteng/Tieta_Feiteng_1001_PGC7KD69MBG400/rtl/include/top_define.v(line number: 211)] Define macro PDT_GEN_RSVD 8'h00.
I: Verilog-0008: [C:/CPLD/pango/2_Tieta_Feiteng/Tieta_Feiteng_1001_PGC7KD69MBG400/rtl/include/top_define.v(line number: 212)] Define macro PDT_GEN_H3C_2014_G2 8'h02.
I: Verilog-0008: [C:/CPLD/pango/2_Tieta_Feiteng/Tieta_Feiteng_1001_PGC7KD69MBG400/rtl/include/top_define.v(line number: 213)] Define macro PDT_GEN_H3C_2014_G3 8'h03.
I: Verilog-0008: [C:/CPLD/pango/2_Tieta_Feiteng/Tieta_Feiteng_1001_PGC7KD69MBG400/rtl/include/top_define.v(line number: 215)] Define macro PDT_GEN_H3C_S5000C 8'h07.
I: Verilog-0008: [C:/CPLD/pango/2_Tieta_Feiteng/Tieta_Feiteng_1001_PGC7KD69MBG400/rtl/include/top_define.v(line number: 218)] Define macro PDT_GEN `PDT_GEN_H3C_S5000C.
I: Verilog-0008: [C:/CPLD/pango/2_Tieta_Feiteng/Tieta_Feiteng_1001_PGC7KD69MBG400/rtl/include/top_define.v(line number: 221)] Define macro PDT_REV_RSVD 8'h00.
I: Verilog-0008: [C:/CPLD/pango/2_Tieta_Feiteng/Tieta_Feiteng_1001_PGC7KD69MBG400/rtl/include/top_define.v(line number: 222)] Define macro PDT_REV_H3C_2014_V100R001 8'h11.
I: Verilog-0008: [C:/CPLD/pango/2_Tieta_Feiteng/Tieta_Feiteng_1001_PGC7KD69MBG400/rtl/include/top_define.v(line number: 223)] Define macro PDT_REV_H3C_2014_V200R002 8'h22.
I: Verilog-0008: [C:/CPLD/pango/2_Tieta_Feiteng/Tieta_Feiteng_1001_PGC7KD69MBG400/rtl/include/top_define.v(line number: 224)] Define macro PDT_REV_H3C_2014_V500R002 8'h52.
I: Verilog-0008: [C:/CPLD/pango/2_Tieta_Feiteng/Tieta_Feiteng_1001_PGC7KD69MBG400/rtl/include/top_define.v(line number: 225)] Define macro PDT_REV_H3C_2014_V800R001 8'h81.
I: Verilog-0008: [C:/CPLD/pango/2_Tieta_Feiteng/Tieta_Feiteng_1001_PGC7KD69MBG400/rtl/include/top_define.v(line number: 226)] Define macro PDT_REV_H3C_2014_V200R005 8'h25.
I: Verilog-0008: [C:/CPLD/pango/2_Tieta_Feiteng/Tieta_Feiteng_1001_PGC7KD69MBG400/rtl/include/top_define.v(line number: 228)] Define macro PDT_REV_H3C_2014_V500R003 8'h53.
I: Verilog-0008: [C:/CPLD/pango/2_Tieta_Feiteng/Tieta_Feiteng_1001_PGC7KD69MBG400/rtl/include/top_define.v(line number: 229)] Define macro PDT_REV_H3C_2014_V500R005 8'h55.
I: Verilog-0008: [C:/CPLD/pango/2_Tieta_Feiteng/Tieta_Feiteng_1001_PGC7KD69MBG400/rtl/include/top_define.v(line number: 230)] Define macro PDT_REV_H3C_IT_C_RACK_V700R001 8'h71.
I: Verilog-0008: [C:/CPLD/pango/2_Tieta_Feiteng/Tieta_Feiteng_1001_PGC7KD69MBG400/rtl/include/top_define.v(line number: 234)] Define macro PDT_REV `PDT_REV_H3C_IT_C_RACK_V700R001.
I: Verilog-0008: [C:/CPLD/pango/2_Tieta_Feiteng/Tieta_Feiteng_1001_PGC7KD69MBG400/rtl/include/top_define.v(line number: 237)] Define macro SERVER_ID_H3C_2014_RSVD 8'h00.
I: Verilog-0008: [C:/CPLD/pango/2_Tieta_Feiteng/Tieta_Feiteng_1001_PGC7KD69MBG400/rtl/include/top_define.v(line number: 238)] Define macro SERVER_ID_H3C_2014_R2700 8'h01.
I: Verilog-0008: [C:/CPLD/pango/2_Tieta_Feiteng/Tieta_Feiteng_1001_PGC7KD69MBG400/rtl/include/top_define.v(line number: 239)] Define macro SERVER_ID_H3C_2014_R2900 8'h03.
I: Verilog-0008: [C:/CPLD/pango/2_Tieta_Feiteng/Tieta_Feiteng_1001_PGC7KD69MBG400/rtl/include/top_define.v(line number: 240)] Define macro SERVER_ID_H3C_2014_R4700 8'h11.
I: Verilog-0008: [C:/CPLD/pango/2_Tieta_Feiteng/Tieta_Feiteng_1001_PGC7KD69MBG400/rtl/include/top_define.v(line number: 241)] Define macro SERVER_ID_H3C_2014_R4900 8'h13.
I: Verilog-0008: [C:/CPLD/pango/2_Tieta_Feiteng/Tieta_Feiteng_1001_PGC7KD69MBG400/rtl/include/top_define.v(line number: 242)] Define macro SERVER_ID_H3C_2014_R6900 8'h23.
I: Verilog-0008: [C:/CPLD/pango/2_Tieta_Feiteng/Tieta_Feiteng_1001_PGC7KD69MBG400/rtl/include/top_define.v(line number: 243)] Define macro SERVER_ID_H3C_2014_R8900 8'h33.
I: Verilog-0008: [C:/CPLD/pango/2_Tieta_Feiteng/Tieta_Feiteng_1001_PGC7KD69MBG400/rtl/include/top_define.v(line number: 246)] Define macro BOARD_ID_H3C_2014_RSVD 8'h00.
I: Verilog-0008: [C:/CPLD/pango/2_Tieta_Feiteng/Tieta_Feiteng_1001_PGC7KD69MBG400/rtl/include/top_define.v(line number: 247)] Define macro BOARD_ID_H3C_2014_RS03M2C9S 8'h04.
I: Verilog-0008: [C:/CPLD/pango/2_Tieta_Feiteng/Tieta_Feiteng_1001_PGC7KD69MBG400/rtl/include/top_define.v(line number: 248)] Define macro BOARD_ID_H3C_2014_RS23M2C6S 8'h03.
I: Verilog-0008: [C:/CPLD/pango/2_Tieta_Feiteng/Tieta_Feiteng_1001_PGC7KD69MBG400/rtl/include/top_define.v(line number: 249)] Define macro BOARD_ID_H3C_2014_RS33M2C9S 8'h04.
I: Verilog-0008: [C:/CPLD/pango/2_Tieta_Feiteng/Tieta_Feiteng_1001_PGC7KD69MBG400/rtl/include/top_define.v(line number: 250)] Define macro BOARD_ID_H3C_2014_RS35M2C5S 8'h03.
I: Verilog-0008: [C:/CPLD/pango/2_Tieta_Feiteng/Tieta_Feiteng_1001_PGC7KD69MBG400/rtl/include/top_define.v(line number: 251)] Define macro BOARD_ID_H3C_2014_RS35M2C16S 8'h04.
I: Verilog-0008: [C:/CPLD/pango/2_Tieta_Feiteng/Tieta_Feiteng_1001_PGC7KD69MBG400/rtl/include/top_define.v(line number: 253)] Define macro BOARD_ID_H3C_2014_RS41M2C9S 8'h11.
I: Verilog-0008: [C:/CPLD/pango/2_Tieta_Feiteng/Tieta_Feiteng_1001_PGC7KD69MBG400/rtl/include/top_define.v(line number: 256)] Define macro CHASSIS_ID_H3C_2014_RSVD 8'h00.
I: Verilog-0008: [C:/CPLD/pango/2_Tieta_Feiteng/Tieta_Feiteng_1001_PGC7KD69MBG400/rtl/include/top_define.v(line number: 257)] Define macro CHASSIS_ID_H3C_2014_1U 8'h01.
I: Verilog-0008: [C:/CPLD/pango/2_Tieta_Feiteng/Tieta_Feiteng_1001_PGC7KD69MBG400/rtl/include/top_define.v(line number: 258)] Define macro CHASSIS_ID_H3C_2014_2U 8'h02.
I: Verilog-0008: [C:/CPLD/pango/2_Tieta_Feiteng/Tieta_Feiteng_1001_PGC7KD69MBG400/rtl/include/top_define.v(line number: 259)] Define macro CHASSIS_ID_H3C_2014_NONE 8'h03.
I: Verilog-0008: [C:/CPLD/pango/2_Tieta_Feiteng/Tieta_Feiteng_1001_PGC7KD69MBG400/rtl/include/top_define.v(line number: 262)] Define macro PLT_CPU_MFR_RSVD 8'h00.
I: Verilog-0008: [C:/CPLD/pango/2_Tieta_Feiteng/Tieta_Feiteng_1001_PGC7KD69MBG400/rtl/include/top_define.v(line number: 263)] Define macro PLT_CPU_MFR_INTEL 8'h01.
I: Verilog-0008: [C:/CPLD/pango/2_Tieta_Feiteng/Tieta_Feiteng_1001_PGC7KD69MBG400/rtl/include/top_define.v(line number: 264)] Define macro PLT_CPU_MFR_AMD 8'h02.
I: Verilog-0008: [C:/CPLD/pango/2_Tieta_Feiteng/Tieta_Feiteng_1001_PGC7KD69MBG400/rtl/include/top_define.v(line number: 265)] Define macro PLT_CPU_MFR_FT 8'h03.
I: Verilog-0008: [C:/CPLD/pango/2_Tieta_Feiteng/Tieta_Feiteng_1001_PGC7KD69MBG400/rtl/include/top_define.v(line number: 267)] Define macro PLT_CPU_MFR `PLT_CPU_MFR_FT.
I: Verilog-0008: [C:/CPLD/pango/2_Tieta_Feiteng/Tieta_Feiteng_1001_PGC7KD69MBG400/rtl/include/top_define.v(line number: 270)] Define macro PLT_CPU_GEN_RSVD 8'h00.
I: Verilog-0008: [C:/CPLD/pango/2_Tieta_Feiteng/Tieta_Feiteng_1001_PGC7KD69MBG400/rtl/include/top_define.v(line number: 271)] Define macro PLT_CPU_GEN_BROADWELL 8'h00.
I: Verilog-0008: [C:/CPLD/pango/2_Tieta_Feiteng/Tieta_Feiteng_1001_PGC7KD69MBG400/rtl/include/top_define.v(line number: 272)] Define macro PLT_CPU_GEN_SKYLATE 8'h01.
I: Verilog-0008: [C:/CPLD/pango/2_Tieta_Feiteng/Tieta_Feiteng_1001_PGC7KD69MBG400/rtl/include/top_define.v(line number: 273)] Define macro PLT_CPU_GEN_ICELATE 8'h10.
I: Verilog-0008: [C:/CPLD/pango/2_Tieta_Feiteng/Tieta_Feiteng_1001_PGC7KD69MBG400/rtl/include/top_define.v(line number: 274)] Define macro PLT_CPU_GEN_FT2500 8'h05.
I: Verilog-0008: [C:/CPLD/pango/2_Tieta_Feiteng/Tieta_Feiteng_1001_PGC7KD69MBG400/rtl/include/top_define.v(line number: 276)] Define macro PLT_CPU_GEN `PLT_CPU_GEN_FT2500.
I: Verilog-0008: [C:/CPLD/pango/2_Tieta_Feiteng/Tieta_Feiteng_1001_PGC7KD69MBG400/rtl/include/top_define.v(line number: 281)] Define macro INT_MODE_RISING 2'b01.
I: Verilog-0008: [C:/CPLD/pango/2_Tieta_Feiteng/Tieta_Feiteng_1001_PGC7KD69MBG400/rtl/include/top_define.v(line number: 282)] Define macro INT_MODE_FALLING 2'b10.
I: Verilog-0008: [C:/CPLD/pango/2_Tieta_Feiteng/Tieta_Feiteng_1001_PGC7KD69MBG400/rtl/include/top_define.v(line number: 283)] Define macro INT_MODE_BOTH 2'b11.
I: Verilog-0008: [C:/CPLD/pango/2_Tieta_Feiteng/Tieta_Feiteng_1001_PGC7KD69MBG400/rtl/include/top_define.v(line number: 288)] Define macro PN_RS03M2C9S {`ASCII_A, `ASCII_3, `ASCII_F, `ASCII_T}.
I: Verilog-0008: [C:/CPLD/pango/2_Tieta_Feiteng/Tieta_Feiteng_1001_PGC7KD69MBG400/rtl/include/top_define.v(line number: 289)] Define macro PN_RS33M2C9S {`ASCII_A, `ASCII_3, `ASCII_F, `ASCII_Q}.
I: Verilog-0008: [C:/CPLD/pango/2_Tieta_Feiteng/Tieta_Feiteng_1001_PGC7KD69MBG400/rtl/include/top_define.v(line number: 290)] Define macro PN_RS23M2C6S {`ASCII_A, `ASCII_3, `ASCII_F, `ASCII_R}.
I: Verilog-0008: [C:/CPLD/pango/2_Tieta_Feiteng/Tieta_Feiteng_1001_PGC7KD69MBG400/rtl/include/top_define.v(line number: 291)] Define macro PN_RS05M2C9S {`ASCII_A, `ASCII_4, `ASCII_L, `ASCII_M}.
I: Verilog-0008: [C:/CPLD/pango/2_Tieta_Feiteng/Tieta_Feiteng_1001_PGC7KD69MBG400/rtl/include/top_define.v(line number: 292)] Define macro PN_RS35M2C16S {`ASCII_A, `ASCII_5, `ASCII_B, `ASCII_8}.
I: Verilog-0008: [C:/CPLD/pango/2_Tieta_Feiteng/Tieta_Feiteng_1001_PGC7KD69MBG400/rtl/include/top_define.v(line number: 293)] Define macro PN_RS41M2C9S {`ASCII_A, `ASCII_5, `ASCII_K, `ASCII_B}.
I: Verilog-0008: [C:/CPLD/pango/2_Tieta_Feiteng/Tieta_Feiteng_1001_PGC7KD69MBG400/rtl/include/top_define.v(line number: 294)] Define macro PN_RSVD 32'h0000_0000.
I: Verilog-0008: [C:/CPLD/pango/2_Tieta_Feiteng/Tieta_Feiteng_1001_PGC7KD69MBG400/rtl/include/top_define.v(line number: 301)] Define macro BOARD_PN `PN_RS41M2C9S.
I: Verilog-0008: [C:/CPLD/pango/2_Tieta_Feiteng/Tieta_Feiteng_1001_PGC7KD69MBG400/rtl/include/top_define.v(line number: 306)] Define macro ASCII_0 8'h30.
I: Verilog-0008: [C:/CPLD/pango/2_Tieta_Feiteng/Tieta_Feiteng_1001_PGC7KD69MBG400/rtl/include/top_define.v(line number: 307)] Define macro ASCII_1 8'h31.
I: Verilog-0008: [C:/CPLD/pango/2_Tieta_Feiteng/Tieta_Feiteng_1001_PGC7KD69MBG400/rtl/include/top_define.v(line number: 308)] Define macro ASCII_2 8'h32.
I: Verilog-0008: [C:/CPLD/pango/2_Tieta_Feiteng/Tieta_Feiteng_1001_PGC7KD69MBG400/rtl/include/top_define.v(line number: 309)] Define macro ASCII_3 8'h33.
I: Verilog-0008: [C:/CPLD/pango/2_Tieta_Feiteng/Tieta_Feiteng_1001_PGC7KD69MBG400/rtl/include/top_define.v(line number: 310)] Define macro ASCII_4 8'h34.
I: Verilog-0008: [C:/CPLD/pango/2_Tieta_Feiteng/Tieta_Feiteng_1001_PGC7KD69MBG400/rtl/include/top_define.v(line number: 311)] Define macro ASCII_5 8'h35.
I: Verilog-0008: [C:/CPLD/pango/2_Tieta_Feiteng/Tieta_Feiteng_1001_PGC7KD69MBG400/rtl/include/top_define.v(line number: 312)] Define macro ASCII_6 8'h36.
I: Verilog-0008: [C:/CPLD/pango/2_Tieta_Feiteng/Tieta_Feiteng_1001_PGC7KD69MBG400/rtl/include/top_define.v(line number: 313)] Define macro ASCII_7 8'h37.
I: Verilog-0008: [C:/CPLD/pango/2_Tieta_Feiteng/Tieta_Feiteng_1001_PGC7KD69MBG400/rtl/include/top_define.v(line number: 314)] Define macro ASCII_8 8'h38.
I: Verilog-0008: [C:/CPLD/pango/2_Tieta_Feiteng/Tieta_Feiteng_1001_PGC7KD69MBG400/rtl/include/top_define.v(line number: 315)] Define macro ASCII_9 8'h39.
I: Verilog-0008: [C:/CPLD/pango/2_Tieta_Feiteng/Tieta_Feiteng_1001_PGC7KD69MBG400/rtl/include/top_define.v(line number: 316)] Define macro ASCII_A 8'h41.
I: Verilog-0008: [C:/CPLD/pango/2_Tieta_Feiteng/Tieta_Feiteng_1001_PGC7KD69MBG400/rtl/include/top_define.v(line number: 317)] Define macro ASCII_B 8'h42.
I: Verilog-0008: [C:/CPLD/pango/2_Tieta_Feiteng/Tieta_Feiteng_1001_PGC7KD69MBG400/rtl/include/top_define.v(line number: 318)] Define macro ASCII_C 8'h43.
I: Verilog-0008: [C:/CPLD/pango/2_Tieta_Feiteng/Tieta_Feiteng_1001_PGC7KD69MBG400/rtl/include/top_define.v(line number: 319)] Define macro ASCII_D 8'h44.
I: Verilog-0008: [C:/CPLD/pango/2_Tieta_Feiteng/Tieta_Feiteng_1001_PGC7KD69MBG400/rtl/include/top_define.v(line number: 320)] Define macro ASCII_E 8'h45.
I: Verilog-0008: [C:/CPLD/pango/2_Tieta_Feiteng/Tieta_Feiteng_1001_PGC7KD69MBG400/rtl/include/top_define.v(line number: 321)] Define macro ASCII_F 8'h46.
I: Verilog-0008: [C:/CPLD/pango/2_Tieta_Feiteng/Tieta_Feiteng_1001_PGC7KD69MBG400/rtl/include/top_define.v(line number: 322)] Define macro ASCII_G 8'h47.
I: Verilog-0008: [C:/CPLD/pango/2_Tieta_Feiteng/Tieta_Feiteng_1001_PGC7KD69MBG400/rtl/include/top_define.v(line number: 323)] Define macro ASCII_H 8'h48.
I: Verilog-0008: [C:/CPLD/pango/2_Tieta_Feiteng/Tieta_Feiteng_1001_PGC7KD69MBG400/rtl/include/top_define.v(line number: 324)] Define macro ASCII_I 8'h49.
I: Verilog-0008: [C:/CPLD/pango/2_Tieta_Feiteng/Tieta_Feiteng_1001_PGC7KD69MBG400/rtl/include/top_define.v(line number: 325)] Define macro ASCII_J 8'h4A.
I: Verilog-0008: [C:/CPLD/pango/2_Tieta_Feiteng/Tieta_Feiteng_1001_PGC7KD69MBG400/rtl/include/top_define.v(line number: 326)] Define macro ASCII_K 8'h4B.
I: Verilog-0008: [C:/CPLD/pango/2_Tieta_Feiteng/Tieta_Feiteng_1001_PGC7KD69MBG400/rtl/include/top_define.v(line number: 327)] Define macro ASCII_L 8'h4C.
I: Verilog-0008: [C:/CPLD/pango/2_Tieta_Feiteng/Tieta_Feiteng_1001_PGC7KD69MBG400/rtl/include/top_define.v(line number: 328)] Define macro ASCII_M 8'h4D.
I: Verilog-0008: [C:/CPLD/pango/2_Tieta_Feiteng/Tieta_Feiteng_1001_PGC7KD69MBG400/rtl/include/top_define.v(line number: 329)] Define macro ASCII_N 8'h4E.
I: Verilog-0008: [C:/CPLD/pango/2_Tieta_Feiteng/Tieta_Feiteng_1001_PGC7KD69MBG400/rtl/include/top_define.v(line number: 330)] Define macro ASCII_O 8'h4F.
I: Verilog-0008: [C:/CPLD/pango/2_Tieta_Feiteng/Tieta_Feiteng_1001_PGC7KD69MBG400/rtl/include/top_define.v(line number: 331)] Define macro ASCII_P 8'h50.
I: Verilog-0008: [C:/CPLD/pango/2_Tieta_Feiteng/Tieta_Feiteng_1001_PGC7KD69MBG400/rtl/include/top_define.v(line number: 332)] Define macro ASCII_Q 8'h51.
I: Verilog-0008: [C:/CPLD/pango/2_Tieta_Feiteng/Tieta_Feiteng_1001_PGC7KD69MBG400/rtl/include/top_define.v(line number: 333)] Define macro ASCII_R 8'h52.
I: Verilog-0008: [C:/CPLD/pango/2_Tieta_Feiteng/Tieta_Feiteng_1001_PGC7KD69MBG400/rtl/include/top_define.v(line number: 334)] Define macro ASCII_S 8'h53.
I: Verilog-0008: [C:/CPLD/pango/2_Tieta_Feiteng/Tieta_Feiteng_1001_PGC7KD69MBG400/rtl/include/top_define.v(line number: 335)] Define macro ASCII_T 8'h54.
I: Verilog-0008: [C:/CPLD/pango/2_Tieta_Feiteng/Tieta_Feiteng_1001_PGC7KD69MBG400/rtl/include/top_define.v(line number: 336)] Define macro ASCII_U 8'h55.
I: Verilog-0008: [C:/CPLD/pango/2_Tieta_Feiteng/Tieta_Feiteng_1001_PGC7KD69MBG400/rtl/include/top_define.v(line number: 337)] Define macro ASCII_V 8'h56.
I: Verilog-0008: [C:/CPLD/pango/2_Tieta_Feiteng/Tieta_Feiteng_1001_PGC7KD69MBG400/rtl/include/top_define.v(line number: 338)] Define macro ASCII_W 8'h57.
I: Verilog-0008: [C:/CPLD/pango/2_Tieta_Feiteng/Tieta_Feiteng_1001_PGC7KD69MBG400/rtl/include/top_define.v(line number: 339)] Define macro ASCII_X 8'h58.
I: Verilog-0008: [C:/CPLD/pango/2_Tieta_Feiteng/Tieta_Feiteng_1001_PGC7KD69MBG400/rtl/include/top_define.v(line number: 340)] Define macro ASCII_Y 8'h59.
I: Verilog-0008: [C:/CPLD/pango/2_Tieta_Feiteng/Tieta_Feiteng_1001_PGC7KD69MBG400/rtl/include/top_define.v(line number: 341)] Define macro ASCII_Z 8'h5A.
I: Verilog-0002: [C:/CPLD/pango/2_Tieta_Feiteng/Tieta_Feiteng_1001_PGC7KD69MBG400/rtl/source/pwrseq/pwrcap.v(line number: 25)] Analyzing module pwrcap (library work).
Parsing done.
I: Verilog-0001: Analyzing file C:/CPLD/pango/2_Tieta_Feiteng/Tieta_Feiteng_1001_PGC7KD69MBG400/rtl/source/pwrseq/pwrseq_master.v.
I: Found Verilog include file C:/CPLD/pango/2_Tieta_Feiteng/Tieta_Feiteng_1001_PGC7KD69MBG400/rtl/include/pwrseq_define.v
I: Verilog-0008: [C:/CPLD/pango/2_Tieta_Feiteng/Tieta_Feiteng_1001_PGC7KD69MBG400/rtl/include/pwrseq_define.v(line number: 1)] Define macro SM_RESET_STATE 6'h00.
I: Verilog-0008: [C:/CPLD/pango/2_Tieta_Feiteng/Tieta_Feiteng_1001_PGC7KD69MBG400/rtl/include/pwrseq_define.v(line number: 2)] Define macro SM_DISABLE_S5_DEVICES 6'h01.
I: Verilog-0008: [C:/CPLD/pango/2_Tieta_Feiteng/Tieta_Feiteng_1001_PGC7KD69MBG400/rtl/include/pwrseq_define.v(line number: 4)] Define macro SM_OFF_STANDBY 6'h02.
I: Verilog-0008: [C:/CPLD/pango/2_Tieta_Feiteng/Tieta_Feiteng_1001_PGC7KD69MBG400/rtl/include/pwrseq_define.v(line number: 5)] Define macro SM_ENABLE_S5_DEVICES 6'h03.
I: Verilog-0008: [C:/CPLD/pango/2_Tieta_Feiteng/Tieta_Feiteng_1001_PGC7KD69MBG400/rtl/include/pwrseq_define.v(line number: 6)] Define macro SM_PS_ON 6'h04.
I: Verilog-0008: [C:/CPLD/pango/2_Tieta_Feiteng/Tieta_Feiteng_1001_PGC7KD69MBG400/rtl/include/pwrseq_define.v(line number: 7)] Define macro SM_EN_5V_STBY 6'h05.
I: Verilog-0008: [C:/CPLD/pango/2_Tieta_Feiteng/Tieta_Feiteng_1001_PGC7KD69MBG400/rtl/include/pwrseq_define.v(line number: 8)] Define macro SM_EN_TELEM 6'h06.
I: Verilog-0008: [C:/CPLD/pango/2_Tieta_Feiteng/Tieta_Feiteng_1001_PGC7KD69MBG400/rtl/include/pwrseq_define.v(line number: 9)] Define macro SM_EN_MAIN_EFUSE 6'h07.
I: Verilog-0008: [C:/CPLD/pango/2_Tieta_Feiteng/Tieta_Feiteng_1001_PGC7KD69MBG400/rtl/include/pwrseq_define.v(line number: 10)] Define macro SM_EN_5V 6'h08.
I: Verilog-0008: [C:/CPLD/pango/2_Tieta_Feiteng/Tieta_Feiteng_1001_PGC7KD69MBG400/rtl/include/pwrseq_define.v(line number: 11)] Define macro SM_EN_3V3 6'h09.
I: Verilog-0008: [C:/CPLD/pango/2_Tieta_Feiteng/Tieta_Feiteng_1001_PGC7KD69MBG400/rtl/include/pwrseq_define.v(line number: 12)] Define macro SM_EN_1V1 6'h0A.
I: Verilog-0008: [C:/CPLD/pango/2_Tieta_Feiteng/Tieta_Feiteng_1001_PGC7KD69MBG400/rtl/include/pwrseq_define.v(line number: 14)] Define macro SM_EN_CPU_CORE 6'h0B.
I: Verilog-0008: [C:/CPLD/pango/2_Tieta_Feiteng/Tieta_Feiteng_1001_PGC7KD69MBG400/rtl/include/pwrseq_define.v(line number: 15)] Define macro SM_EN_CPU_P1V8 6'h0C.
I: Verilog-0008: [C:/CPLD/pango/2_Tieta_Feiteng/Tieta_Feiteng_1001_PGC7KD69MBG400/rtl/include/pwrseq_define.v(line number: 16)] Define macro SM_EN_CPU_DDR 6'h0D.
I: Verilog-0008: [C:/CPLD/pango/2_Tieta_Feiteng/Tieta_Feiteng_1001_PGC7KD69MBG400/rtl/include/pwrseq_define.v(line number: 17)] Define macro SM_EN_CPU_VP 6'h0E.
I: Verilog-0008: [C:/CPLD/pango/2_Tieta_Feiteng/Tieta_Feiteng_1001_PGC7KD69MBG400/rtl/include/pwrseq_define.v(line number: 19)] Define macro PEX_RESET 6'h0F.
I: Verilog-0008: [C:/CPLD/pango/2_Tieta_Feiteng/Tieta_Feiteng_1001_PGC7KD69MBG400/rtl/include/pwrseq_define.v(line number: 20)] Define macro SM_CPU_RESET 6'h10.
I: Verilog-0008: [C:/CPLD/pango/2_Tieta_Feiteng/Tieta_Feiteng_1001_PGC7KD69MBG400/rtl/include/pwrseq_define.v(line number: 22)] Define macro SM_WAIT_POWEROK 6'h11.
I: Verilog-0008: [C:/CPLD/pango/2_Tieta_Feiteng/Tieta_Feiteng_1001_PGC7KD69MBG400/rtl/include/pwrseq_define.v(line number: 23)] Define macro SM_STEADY_PWROK 6'h12.
I: Verilog-0008: [C:/CPLD/pango/2_Tieta_Feiteng/Tieta_Feiteng_1001_PGC7KD69MBG400/rtl/include/pwrseq_define.v(line number: 24)] Define macro SM_CRITICAL_FAIL 6'h13.
I: Verilog-0008: [C:/CPLD/pango/2_Tieta_Feiteng/Tieta_Feiteng_1001_PGC7KD69MBG400/rtl/include/pwrseq_define.v(line number: 26)] Define macro SM_DISABLE_CPU_VP 6'h14.
I: Verilog-0008: [C:/CPLD/pango/2_Tieta_Feiteng/Tieta_Feiteng_1001_PGC7KD69MBG400/rtl/include/pwrseq_define.v(line number: 27)] Define macro SM_DISABLE_CPU_DDR 6'h15.
I: Verilog-0008: [C:/CPLD/pango/2_Tieta_Feiteng/Tieta_Feiteng_1001_PGC7KD69MBG400/rtl/include/pwrseq_define.v(line number: 28)] Define macro SM_DISABLE_CPU_P1V8 6'h16.
I: Verilog-0008: [C:/CPLD/pango/2_Tieta_Feiteng/Tieta_Feiteng_1001_PGC7KD69MBG400/rtl/include/pwrseq_define.v(line number: 29)] Define macro SM_DISABLE_CPU_CORE 6'h17.
I: Verilog-0008: [C:/CPLD/pango/2_Tieta_Feiteng/Tieta_Feiteng_1001_PGC7KD69MBG400/rtl/include/pwrseq_define.v(line number: 31)] Define macro SM_DISABLE_1V1 6'h18.
I: Verilog-0008: [C:/CPLD/pango/2_Tieta_Feiteng/Tieta_Feiteng_1001_PGC7KD69MBG400/rtl/include/pwrseq_define.v(line number: 32)] Define macro SM_DISABLE_3V3 6'h19.
I: Verilog-0008: [C:/CPLD/pango/2_Tieta_Feiteng/Tieta_Feiteng_1001_PGC7KD69MBG400/rtl/include/pwrseq_define.v(line number: 33)] Define macro SM_DISABLE_5V 6'h1A.
I: Verilog-0008: [C:/CPLD/pango/2_Tieta_Feiteng/Tieta_Feiteng_1001_PGC7KD69MBG400/rtl/include/pwrseq_define.v(line number: 35)] Define macro SM_DISABLE_MAIN_EFUSE 6'h1B.
I: Verilog-0008: [C:/CPLD/pango/2_Tieta_Feiteng/Tieta_Feiteng_1001_PGC7KD69MBG400/rtl/include/pwrseq_define.v(line number: 36)] Define macro SM_DISABLE_TELEM 6'h1C.
I: Verilog-0008: [C:/CPLD/pango/2_Tieta_Feiteng/Tieta_Feiteng_1001_PGC7KD69MBG400/rtl/include/pwrseq_define.v(line number: 37)] Define macro SM_DISABLE_PS_ON 6'h1D.
I: Verilog-0008: [C:/CPLD/pango/2_Tieta_Feiteng/Tieta_Feiteng_1001_PGC7KD69MBG400/rtl/include/pwrseq_define.v(line number: 39)] Define macro SM_HALT_POWER_CYCLE 6'h1E.
I: Verilog-0008: [C:/CPLD/pango/2_Tieta_Feiteng/Tieta_Feiteng_1001_PGC7KD69MBG400/rtl/include/pwrseq_define.v(line number: 40)] Define macro SM_AUX_FAIL_RECOVERY 6'h1F.
I: Verilog-0002: [C:/CPLD/pango/2_Tieta_Feiteng/Tieta_Feiteng_1001_PGC7KD69MBG400/rtl/source/pwrseq/pwrseq_master.v(line number: 13)] Analyzing module pwrseq_master (library work).
Parsing done.
I: Verilog-0001: Analyzing file C:/CPLD/pango/2_Tieta_Feiteng/Tieta_Feiteng_1001_PGC7KD69MBG400/rtl/source/pwrseq/pwrseq_slave.v.
I: Found Verilog include file C:/CPLD/pango/2_Tieta_Feiteng/Tieta_Feiteng_1001_PGC7KD69MBG400/rtl/include/pwrseq_define.v
I: Verilog-0008: [C:/CPLD/pango/2_Tieta_Feiteng/Tieta_Feiteng_1001_PGC7KD69MBG400/rtl/include/pwrseq_define.v(line number: 1)] Define macro SM_RESET_STATE 6'h00.
I: Verilog-0008: [C:/CPLD/pango/2_Tieta_Feiteng/Tieta_Feiteng_1001_PGC7KD69MBG400/rtl/include/pwrseq_define.v(line number: 2)] Define macro SM_DISABLE_S5_DEVICES 6'h01.
I: Verilog-0008: [C:/CPLD/pango/2_Tieta_Feiteng/Tieta_Feiteng_1001_PGC7KD69MBG400/rtl/include/pwrseq_define.v(line number: 4)] Define macro SM_OFF_STANDBY 6'h02.
I: Verilog-0008: [C:/CPLD/pango/2_Tieta_Feiteng/Tieta_Feiteng_1001_PGC7KD69MBG400/rtl/include/pwrseq_define.v(line number: 5)] Define macro SM_ENABLE_S5_DEVICES 6'h03.
I: Verilog-0008: [C:/CPLD/pango/2_Tieta_Feiteng/Tieta_Feiteng_1001_PGC7KD69MBG400/rtl/include/pwrseq_define.v(line number: 6)] Define macro SM_PS_ON 6'h04.
I: Verilog-0008: [C:/CPLD/pango/2_Tieta_Feiteng/Tieta_Feiteng_1001_PGC7KD69MBG400/rtl/include/pwrseq_define.v(line number: 7)] Define macro SM_EN_5V_STBY 6'h05.
I: Verilog-0008: [C:/CPLD/pango/2_Tieta_Feiteng/Tieta_Feiteng_1001_PGC7KD69MBG400/rtl/include/pwrseq_define.v(line number: 8)] Define macro SM_EN_TELEM 6'h06.
I: Verilog-0008: [C:/CPLD/pango/2_Tieta_Feiteng/Tieta_Feiteng_1001_PGC7KD69MBG400/rtl/include/pwrseq_define.v(line number: 9)] Define macro SM_EN_MAIN_EFUSE 6'h07.
I: Verilog-0008: [C:/CPLD/pango/2_Tieta_Feiteng/Tieta_Feiteng_1001_PGC7KD69MBG400/rtl/include/pwrseq_define.v(line number: 10)] Define macro SM_EN_5V 6'h08.
I: Verilog-0008: [C:/CPLD/pango/2_Tieta_Feiteng/Tieta_Feiteng_1001_PGC7KD69MBG400/rtl/include/pwrseq_define.v(line number: 11)] Define macro SM_EN_3V3 6'h09.
I: Verilog-0008: [C:/CPLD/pango/2_Tieta_Feiteng/Tieta_Feiteng_1001_PGC7KD69MBG400/rtl/include/pwrseq_define.v(line number: 12)] Define macro SM_EN_1V1 6'h0A.
I: Verilog-0008: [C:/CPLD/pango/2_Tieta_Feiteng/Tieta_Feiteng_1001_PGC7KD69MBG400/rtl/include/pwrseq_define.v(line number: 14)] Define macro SM_EN_CPU_CORE 6'h0B.
I: Verilog-0008: [C:/CPLD/pango/2_Tieta_Feiteng/Tieta_Feiteng_1001_PGC7KD69MBG400/rtl/include/pwrseq_define.v(line number: 15)] Define macro SM_EN_CPU_P1V8 6'h0C.
I: Verilog-0008: [C:/CPLD/pango/2_Tieta_Feiteng/Tieta_Feiteng_1001_PGC7KD69MBG400/rtl/include/pwrseq_define.v(line number: 16)] Define macro SM_EN_CPU_DDR 6'h0D.
I: Verilog-0008: [C:/CPLD/pango/2_Tieta_Feiteng/Tieta_Feiteng_1001_PGC7KD69MBG400/rtl/include/pwrseq_define.v(line number: 17)] Define macro SM_EN_CPU_VP 6'h0E.
I: Verilog-0008: [C:/CPLD/pango/2_Tieta_Feiteng/Tieta_Feiteng_1001_PGC7KD69MBG400/rtl/include/pwrseq_define.v(line number: 19)] Define macro PEX_RESET 6'h0F.
I: Verilog-0008: [C:/CPLD/pango/2_Tieta_Feiteng/Tieta_Feiteng_1001_PGC7KD69MBG400/rtl/include/pwrseq_define.v(line number: 20)] Define macro SM_CPU_RESET 6'h10.
I: Verilog-0008: [C:/CPLD/pango/2_Tieta_Feiteng/Tieta_Feiteng_1001_PGC7KD69MBG400/rtl/include/pwrseq_define.v(line number: 22)] Define macro SM_WAIT_POWEROK 6'h11.
I: Verilog-0008: [C:/CPLD/pango/2_Tieta_Feiteng/Tieta_Feiteng_1001_PGC7KD69MBG400/rtl/include/pwrseq_define.v(line number: 23)] Define macro SM_STEADY_PWROK 6'h12.
I: Verilog-0008: [C:/CPLD/pango/2_Tieta_Feiteng/Tieta_Feiteng_1001_PGC7KD69MBG400/rtl/include/pwrseq_define.v(line number: 24)] Define macro SM_CRITICAL_FAIL 6'h13.
I: Verilog-0008: [C:/CPLD/pango/2_Tieta_Feiteng/Tieta_Feiteng_1001_PGC7KD69MBG400/rtl/include/pwrseq_define.v(line number: 26)] Define macro SM_DISABLE_CPU_VP 6'h14.
I: Verilog-0008: [C:/CPLD/pango/2_Tieta_Feiteng/Tieta_Feiteng_1001_PGC7KD69MBG400/rtl/include/pwrseq_define.v(line number: 27)] Define macro SM_DISABLE_CPU_DDR 6'h15.
I: Verilog-0008: [C:/CPLD/pango/2_Tieta_Feiteng/Tieta_Feiteng_1001_PGC7KD69MBG400/rtl/include/pwrseq_define.v(line number: 28)] Define macro SM_DISABLE_CPU_P1V8 6'h16.
I: Verilog-0008: [C:/CPLD/pango/2_Tieta_Feiteng/Tieta_Feiteng_1001_PGC7KD69MBG400/rtl/include/pwrseq_define.v(line number: 29)] Define macro SM_DISABLE_CPU_CORE 6'h17.
I: Verilog-0008: [C:/CPLD/pango/2_Tieta_Feiteng/Tieta_Feiteng_1001_PGC7KD69MBG400/rtl/include/pwrseq_define.v(line number: 31)] Define macro SM_DISABLE_1V1 6'h18.
I: Verilog-0008: [C:/CPLD/pango/2_Tieta_Feiteng/Tieta_Feiteng_1001_PGC7KD69MBG400/rtl/include/pwrseq_define.v(line number: 32)] Define macro SM_DISABLE_3V3 6'h19.
I: Verilog-0008: [C:/CPLD/pango/2_Tieta_Feiteng/Tieta_Feiteng_1001_PGC7KD69MBG400/rtl/include/pwrseq_define.v(line number: 33)] Define macro SM_DISABLE_5V 6'h1A.
I: Verilog-0008: [C:/CPLD/pango/2_Tieta_Feiteng/Tieta_Feiteng_1001_PGC7KD69MBG400/rtl/include/pwrseq_define.v(line number: 35)] Define macro SM_DISABLE_MAIN_EFUSE 6'h1B.
I: Verilog-0008: [C:/CPLD/pango/2_Tieta_Feiteng/Tieta_Feiteng_1001_PGC7KD69MBG400/rtl/include/pwrseq_define.v(line number: 36)] Define macro SM_DISABLE_TELEM 6'h1C.
I: Verilog-0008: [C:/CPLD/pango/2_Tieta_Feiteng/Tieta_Feiteng_1001_PGC7KD69MBG400/rtl/include/pwrseq_define.v(line number: 37)] Define macro SM_DISABLE_PS_ON 6'h1D.
I: Verilog-0008: [C:/CPLD/pango/2_Tieta_Feiteng/Tieta_Feiteng_1001_PGC7KD69MBG400/rtl/include/pwrseq_define.v(line number: 39)] Define macro SM_HALT_POWER_CYCLE 6'h1E.
I: Verilog-0008: [C:/CPLD/pango/2_Tieta_Feiteng/Tieta_Feiteng_1001_PGC7KD69MBG400/rtl/include/pwrseq_define.v(line number: 40)] Define macro SM_AUX_FAIL_RECOVERY 6'h1F.
I: Verilog-0002: [C:/CPLD/pango/2_Tieta_Feiteng/Tieta_Feiteng_1001_PGC7KD69MBG400/rtl/source/pwrseq/pwrseq_slave.v(line number: 12)] Analyzing module pwrseq_slave (library work).
Parsing done.
I: Verilog-0001: Analyzing file C:/CPLD/pango/2_Tieta_Feiteng/Tieta_Feiteng_1001_PGC7KD69MBG400/rtl/source/common/timer_gen_50mhz.v.
I: Verilog-0002: [C:/CPLD/pango/2_Tieta_Feiteng/Tieta_Feiteng_1001_PGC7KD69MBG400/rtl/source/common/timer_gen_50mhz.v(line number: 15)] Analyzing module timer_gen (library work).
Parsing done.
I: Verilog-0001: Analyzing file C:/CPLD/pango/2_Tieta_Feiteng/Tieta_Feiteng_1001_PGC7KD69MBG400/rtl/source/common/pme_filter.v.
I: Verilog-0002: [C:/CPLD/pango/2_Tieta_Feiteng/Tieta_Feiteng_1001_PGC7KD69MBG400/rtl/source/common/pme_filter.v(line number: 16)] Analyzing module pme_filter (library work).
Parsing done.
I: Verilog-0001: Analyzing file C:/CPLD/pango/2_Tieta_Feiteng/Tieta_Feiteng_1001_PGC7KD69MBG400/rtl/source/pwrseq/fault_detectB_chklive.v.
I: Verilog-0002: [C:/CPLD/pango/2_Tieta_Feiteng/Tieta_Feiteng_1001_PGC7KD69MBG400/rtl/source/pwrseq/fault_detectB_chklive.v(line number: 20)] Analyzing module fault_detectB_chklive (library work).
Parsing done.
I: Verilog-0001: Analyzing file C:/CPLD/pango/2_Tieta_Feiteng/Tieta_Feiteng_1001_PGC7KD69MBG400/rtl/source/pwrseq/pwrseq_slave_dev.v.
I: Verilog-0002: [C:/CPLD/pango/2_Tieta_Feiteng/Tieta_Feiteng_1001_PGC7KD69MBG400/rtl/source/pwrseq/pwrseq_slave_dev.v(line number: 19)] Analyzing module pwrseq_slave_dev (library work).
Parsing done.
I: Verilog-0001: Analyzing file C:/CPLD/pango/2_Tieta_Feiteng/Tieta_Feiteng_1001_PGC7KD69MBG400/rtl/source/common/lowpass_filter.v.
I: Verilog-0002: [C:/CPLD/pango/2_Tieta_Feiteng/Tieta_Feiteng_1001_PGC7KD69MBG400/rtl/source/common/lowpass_filter.v(line number: 23)] Analyzing module lowpass_filter (library work).
Parsing done.
I: Verilog-0001: Analyzing file C:/CPLD/pango/2_Tieta_Feiteng/Tieta_Feiteng_1001_PGC7KD69MBG400/rtl/source/pwrseq/edge_detect.v.
I: Verilog-0002: [C:/CPLD/pango/2_Tieta_Feiteng/Tieta_Feiteng_1001_PGC7KD69MBG400/rtl/source/pwrseq/edge_detect.v(line number: 28)] Analyzing module edge_detect (library work).
Parsing done.
I: Verilog-0001: Analyzing file C:/CPLD/pango/2_Tieta_Feiteng/Tieta_Feiteng_1001_PGC7KD69MBG400/rtl/source/common/pwrcap_pwrbtn_led.v.
I: Found Verilog include file C:/CPLD/pango/2_Tieta_Feiteng/Tieta_Feiteng_1001_PGC7KD69MBG400/rtl/include/top_define.v
I: Verilog-0008: [C:/CPLD/pango/2_Tieta_Feiteng/Tieta_Feiteng_1001_PGC7KD69MBG400/rtl/include/top_define.v(line number: 6)] Define macro RS35M2C16S_VA.
I: Verilog-0008: [C:/CPLD/pango/2_Tieta_Feiteng/Tieta_Feiteng_1001_PGC7KD69MBG400/rtl/include/top_define.v(line number: 8)] Define macro RS41M2C9S.
I: Verilog-0008: [C:/CPLD/pango/2_Tieta_Feiteng/Tieta_Feiteng_1001_PGC7KD69MBG400/rtl/include/top_define.v(line number: 14)] Define macro H3C_2014_RS35M2C16S_VA.
I: Verilog-0008: [C:/CPLD/pango/2_Tieta_Feiteng/Tieta_Feiteng_1001_PGC7KD69MBG400/rtl/include/top_define.v(line number: 18)] Define macro SPECIFIC_POWER_P1V8_PCH_STBY.
I: Verilog-0008: [C:/CPLD/pango/2_Tieta_Feiteng/Tieta_Feiteng_1001_PGC7KD69MBG400/rtl/include/top_define.v(line number: 23)] Define macro PCH_MODE_LPC.
I: Verilog-0008: [C:/CPLD/pango/2_Tieta_Feiteng/Tieta_Feiteng_1001_PGC7KD69MBG400/rtl/include/top_define.v(line number: 25)] Define macro PSU_CTRL.
I: Verilog-0008: [C:/CPLD/pango/2_Tieta_Feiteng/Tieta_Feiteng_1001_PGC7KD69MBG400/rtl/include/top_define.v(line number: 30)] Define macro CPLD_DATE_YYYYMMDD 32'h20240608.
I: Verilog-0008: [C:/CPLD/pango/2_Tieta_Feiteng/Tieta_Feiteng_1001_PGC7KD69MBG400/rtl/include/top_define.v(line number: 33)] Define macro CPLD_TIME_HHMMSSXX {24'h151400, `CPLD_TIME_XX}.
I: Verilog-0008: [C:/CPLD/pango/2_Tieta_Feiteng/Tieta_Feiteng_1001_PGC7KD69MBG400/rtl/include/top_define.v(line number: 35)] Define macro CPLD_TIME_XX 8'hZZ.
I: Verilog-0008: [C:/CPLD/pango/2_Tieta_Feiteng/Tieta_Feiteng_1001_PGC7KD69MBG400/rtl/include/top_define.v(line number: 38)] Define macro H3C_2014_RS35M2C16S_VA.
I: Verilog-0008: [C:/CPLD/pango/2_Tieta_Feiteng/Tieta_Feiteng_1001_PGC7KD69MBG400/rtl/include/top_define.v(line number: 51)] Define macro CPLD_VER 16'h01A1.
I: Verilog-0008: [C:/CPLD/pango/2_Tieta_Feiteng/Tieta_Feiteng_1001_PGC7KD69MBG400/rtl/include/top_define.v(line number: 52)] Define macro PFR_CPLD_VER 16'h0500.
I: Verilog-0008: [C:/CPLD/pango/2_Tieta_Feiteng/Tieta_Feiteng_1001_PGC7KD69MBG400/rtl/include/top_define.v(line number: 53)] Define macro DB_CPLD_VER 16'h0500.
I: Verilog-0008: [C:/CPLD/pango/2_Tieta_Feiteng/Tieta_Feiteng_1001_PGC7KD69MBG400/rtl/include/top_define.v(line number: 56)] Define macro GEN_ID_RSVD 4'b0000.
I: Verilog-0008: [C:/CPLD/pango/2_Tieta_Feiteng/Tieta_Feiteng_1001_PGC7KD69MBG400/rtl/include/top_define.v(line number: 57)] Define macro GEN_ID_G2 4'b0010.
I: Verilog-0008: [C:/CPLD/pango/2_Tieta_Feiteng/Tieta_Feiteng_1001_PGC7KD69MBG400/rtl/include/top_define.v(line number: 58)] Define macro GEN_ID_G3 4'b0011.
I: Verilog-0008: [C:/CPLD/pango/2_Tieta_Feiteng/Tieta_Feiteng_1001_PGC7KD69MBG400/rtl/include/top_define.v(line number: 59)] Define macro GEN_ID_G5 4'b0101.
I: Verilog-0008: [C:/CPLD/pango/2_Tieta_Feiteng/Tieta_Feiteng_1001_PGC7KD69MBG400/rtl/include/top_define.v(line number: 63)] Define macro GEN_ID `GEN_ID_RSVD.
I: Verilog-0008: [C:/CPLD/pango/2_Tieta_Feiteng/Tieta_Feiteng_1001_PGC7KD69MBG400/rtl/include/top_define.v(line number: 67)] Define macro BOARD_ID_RSVD 4'b0000.
I: Verilog-0008: [C:/CPLD/pango/2_Tieta_Feiteng/Tieta_Feiteng_1001_PGC7KD69MBG400/rtl/include/top_define.v(line number: 68)] Define macro BOARD_ID_RS03M2C9S 4'b0100.
I: Verilog-0008: [C:/CPLD/pango/2_Tieta_Feiteng/Tieta_Feiteng_1001_PGC7KD69MBG400/rtl/include/top_define.v(line number: 69)] Define macro BOARD_ID_RS23M2C6S 4'b0011.
I: Verilog-0008: [C:/CPLD/pango/2_Tieta_Feiteng/Tieta_Feiteng_1001_PGC7KD69MBG400/rtl/include/top_define.v(line number: 70)] Define macro BOARD_ID_RS33M2C9S 4'b0100.
I: Verilog-0008: [C:/CPLD/pango/2_Tieta_Feiteng/Tieta_Feiteng_1001_PGC7KD69MBG400/rtl/include/top_define.v(line number: 71)] Define macro BOARD_ID_RS05M2C9S 4'b0101.
I: Verilog-0008: [C:/CPLD/pango/2_Tieta_Feiteng/Tieta_Feiteng_1001_PGC7KD69MBG400/rtl/include/top_define.v(line number: 72)] Define macro BOARD_ID_RS35M2C5S 4'b0011.
I: Verilog-0008: [C:/CPLD/pango/2_Tieta_Feiteng/Tieta_Feiteng_1001_PGC7KD69MBG400/rtl/include/top_define.v(line number: 73)] Define macro BOARD_ID_RS35M2C16S 4'b0100.
I: Verilog-0008: [C:/CPLD/pango/2_Tieta_Feiteng/Tieta_Feiteng_1001_PGC7KD69MBG400/rtl/include/top_define.v(line number: 75)] Define macro BOARD_ID_RS41M2C9S 4'b0001.
I: Verilog-0008: [C:/CPLD/pango/2_Tieta_Feiteng/Tieta_Feiteng_1001_PGC7KD69MBG400/rtl/include/top_define.v(line number: 83)] Define macro CHASSIS_ID_1U 3'b001.
I: Verilog-0008: [C:/CPLD/pango/2_Tieta_Feiteng/Tieta_Feiteng_1001_PGC7KD69MBG400/rtl/include/top_define.v(line number: 84)] Define macro CHASSIS_ID_2U 3'b010.
I: Verilog-0008: [C:/CPLD/pango/2_Tieta_Feiteng/Tieta_Feiteng_1001_PGC7KD69MBG400/rtl/include/top_define.v(line number: 85)] Define macro CHASSIS_ID_4U 3'b000.
I: Verilog-0008: [C:/CPLD/pango/2_Tieta_Feiteng/Tieta_Feiteng_1001_PGC7KD69MBG400/rtl/include/top_define.v(line number: 86)] Define macro CHASSIS_ID_8U 3'b011.
I: Verilog-0008: [C:/CPLD/pango/2_Tieta_Feiteng/Tieta_Feiteng_1001_PGC7KD69MBG400/rtl/include/top_define.v(line number: 90)] Define macro SERVER_ID_RSVD 16'h0000.
I: Verilog-0008: [C:/CPLD/pango/2_Tieta_Feiteng/Tieta_Feiteng_1001_PGC7KD69MBG400/rtl/include/top_define.v(line number: 91)] Define macro SERVER_ID_R4900 16'h4900.
I: Verilog-0008: [C:/CPLD/pango/2_Tieta_Feiteng/Tieta_Feiteng_1001_PGC7KD69MBG400/rtl/include/top_define.v(line number: 92)] Define macro SERVER_ID_R4700 16'h4700.
I: Verilog-0008: [C:/CPLD/pango/2_Tieta_Feiteng/Tieta_Feiteng_1001_PGC7KD69MBG400/rtl/include/top_define.v(line number: 93)] Define macro SERVER_ID_R2900 16'h2900.
I: Verilog-0008: [C:/CPLD/pango/2_Tieta_Feiteng/Tieta_Feiteng_1001_PGC7KD69MBG400/rtl/include/top_define.v(line number: 94)] Define macro SERVER_ID_R2700 16'h2700.
I: Verilog-0008: [C:/CPLD/pango/2_Tieta_Feiteng/Tieta_Feiteng_1001_PGC7KD69MBG400/rtl/include/top_define.v(line number: 96)] Define macro SERVER_ID_R6900 16'h6900.
I: Verilog-0008: [C:/CPLD/pango/2_Tieta_Feiteng/Tieta_Feiteng_1001_PGC7KD69MBG400/rtl/include/top_define.v(line number: 100)] Define macro CPU_PKG_ID_NOMCP 3'b000.
I: Verilog-0008: [C:/CPLD/pango/2_Tieta_Feiteng/Tieta_Feiteng_1001_PGC7KD69MBG400/rtl/include/top_define.v(line number: 101)] Define macro CPU_PKG_ID_FABRIC 3'b001.
I: Verilog-0008: [C:/CPLD/pango/2_Tieta_Feiteng/Tieta_Feiteng_1001_PGC7KD69MBG400/rtl/include/top_define.v(line number: 102)] Define macro CPU_PKG_ID_FPGA 3'b010.
I: Verilog-0008: [C:/CPLD/pango/2_Tieta_Feiteng/Tieta_Feiteng_1001_PGC7KD69MBG400/rtl/include/top_define.v(line number: 103)] Define macro CPU_PKG_ID_RSVD011 3'b011.
I: Verilog-0008: [C:/CPLD/pango/2_Tieta_Feiteng/Tieta_Feiteng_1001_PGC7KD69MBG400/rtl/include/top_define.v(line number: 104)] Define macro CPU_PKG_ID_RSVD100 3'b100.
I: Verilog-0008: [C:/CPLD/pango/2_Tieta_Feiteng/Tieta_Feiteng_1001_PGC7KD69MBG400/rtl/include/top_define.v(line number: 105)] Define macro CPU_PKG_ID_RSVD101 3'b101.
I: Verilog-0008: [C:/CPLD/pango/2_Tieta_Feiteng/Tieta_Feiteng_1001_PGC7KD69MBG400/rtl/include/top_define.v(line number: 106)] Define macro CPU_PKG_ID_RSVD110 3'b110.
I: Verilog-0008: [C:/CPLD/pango/2_Tieta_Feiteng/Tieta_Feiteng_1001_PGC7KD69MBG400/rtl/include/top_define.v(line number: 107)] Define macro CPU_PKG_ID_RSVD111 3'b111.
I: Verilog-0008: [C:/CPLD/pango/2_Tieta_Feiteng/Tieta_Feiteng_1001_PGC7KD69MBG400/rtl/include/top_define.v(line number: 116)] Define macro AROC_TYPE_HBA 2'b00.
I: Verilog-0008: [C:/CPLD/pango/2_Tieta_Feiteng/Tieta_Feiteng_1001_PGC7KD69MBG400/rtl/include/top_define.v(line number: 117)] Define macro AROC_TYPE_RAID 2'b01.
I: Verilog-0008: [C:/CPLD/pango/2_Tieta_Feiteng/Tieta_Feiteng_1001_PGC7KD69MBG400/rtl/include/top_define.v(line number: 118)] Define macro AROC_TYPE_MEZZ 2'b10.
I: Verilog-0008: [C:/CPLD/pango/2_Tieta_Feiteng/Tieta_Feiteng_1001_PGC7KD69MBG400/rtl/include/top_define.v(line number: 119)] Define macro AROC_TYPE_RSVD 2'b11.
I: Verilog-0008: [C:/CPLD/pango/2_Tieta_Feiteng/Tieta_Feiteng_1001_PGC7KD69MBG400/rtl/include/top_define.v(line number: 126)] Define macro RISER_ID_RS35R3X16 5'b00001.
I: Verilog-0008: [C:/CPLD/pango/2_Tieta_Feiteng/Tieta_Feiteng_1001_PGC7KD69MBG400/rtl/include/top_define.v(line number: 127)] Define macro RISER_ID_RS35RX16X8X8 5'b00010.
I: Verilog-0008: [C:/CPLD/pango/2_Tieta_Feiteng/Tieta_Feiteng_1001_PGC7KD69MBG400/rtl/include/top_define.v(line number: 128)] Define macro RISER_ID_RS35R2X8 5'b00011.
I: Verilog-0008: [C:/CPLD/pango/2_Tieta_Feiteng/Tieta_Feiteng_1001_PGC7KD69MBG400/rtl/include/top_define.v(line number: 129)] Define macro RISER_ID_RS35R2X16 5'b00100.
I: Verilog-0008: [C:/CPLD/pango/2_Tieta_Feiteng/Tieta_Feiteng_1001_PGC7KD69MBG400/rtl/include/top_define.v(line number: 130)] Define macro RISER_ID_RS35RX16 5'b00101.
I: Verilog-0008: [C:/CPLD/pango/2_Tieta_Feiteng/Tieta_Feiteng_1001_PGC7KD69MBG400/rtl/include/top_define.v(line number: 131)] Define macro RISER_ID_RS33RLPX8 5'b00111.
I: Verilog-0008: [C:/CPLD/pango/2_Tieta_Feiteng/Tieta_Feiteng_1001_PGC7KD69MBG400/rtl/include/top_define.v(line number: 132)] Define macro RISER_ID_RS35R5X8 5'b01000.
I: Verilog-0008: [C:/CPLD/pango/2_Tieta_Feiteng/Tieta_Feiteng_1001_PGC7KD69MBG400/rtl/include/top_define.v(line number: 133)] Define macro RISER_ID_RS35R1X16 5'b01010.
I: Verilog-0008: [C:/CPLD/pango/2_Tieta_Feiteng/Tieta_Feiteng_1001_PGC7KD69MBG400/rtl/include/top_define.v(line number: 134)] Define macro RISER_ID_RS35R2X8A 5'b01011.
I: Verilog-0008: [C:/CPLD/pango/2_Tieta_Feiteng/Tieta_Feiteng_1001_PGC7KD69MBG400/rtl/include/top_define.v(line number: 135)] Define macro RISER_ID_RS35ROCP 5'b01100.
I: Verilog-0008: [C:/CPLD/pango/2_Tieta_Feiteng/Tieta_Feiteng_1001_PGC7KD69MBG400/rtl/include/top_define.v(line number: 136)] Define macro RISER_ID_RS35R1X16C 5'b01101.
I: Verilog-0008: [C:/CPLD/pango/2_Tieta_Feiteng/Tieta_Feiteng_1001_PGC7KD69MBG400/rtl/include/top_define.v(line number: 139)] Define macro GPU_CABLE_ID_RSVD 2'b11.
I: Verilog-0008: [C:/CPLD/pango/2_Tieta_Feiteng/Tieta_Feiteng_1001_PGC7KD69MBG400/rtl/include/top_define.v(line number: 142)] Define macro BMC_MEM_SIZE_1G 2'b00.
I: Verilog-0008: [C:/CPLD/pango/2_Tieta_Feiteng/Tieta_Feiteng_1001_PGC7KD69MBG400/rtl/include/top_define.v(line number: 143)] Define macro BMC_MEM_SIZE_2G 2'b01.
I: Verilog-0008: [C:/CPLD/pango/2_Tieta_Feiteng/Tieta_Feiteng_1001_PGC7KD69MBG400/rtl/include/top_define.v(line number: 144)] Define macro BMC_MEM_SIZE_4G 2'b10.
I: Verilog-0008: [C:/CPLD/pango/2_Tieta_Feiteng/Tieta_Feiteng_1001_PGC7KD69MBG400/rtl/include/top_define.v(line number: 145)] Define macro BMC_MEM_SIZE_8G 2'b11.
I: Verilog-0008: [C:/CPLD/pango/2_Tieta_Feiteng/Tieta_Feiteng_1001_PGC7KD69MBG400/rtl/include/top_define.v(line number: 147)] Define macro BMC_MEM_SIZE `BMC_MEM_SIZE_2G.
I: Verilog-0008: [C:/CPLD/pango/2_Tieta_Feiteng/Tieta_Feiteng_1001_PGC7KD69MBG400/rtl/include/top_define.v(line number: 150)] Define macro PCB_VA 2'b00.
I: Verilog-0008: [C:/CPLD/pango/2_Tieta_Feiteng/Tieta_Feiteng_1001_PGC7KD69MBG400/rtl/include/top_define.v(line number: 156)] Define macro NUM_CPU 2.
I: Verilog-0008: [C:/CPLD/pango/2_Tieta_Feiteng/Tieta_Feiteng_1001_PGC7KD69MBG400/rtl/include/top_define.v(line number: 157)] Define macro NUM_CPUVR 2.
I: Verilog-0008: [C:/CPLD/pango/2_Tieta_Feiteng/Tieta_Feiteng_1001_PGC7KD69MBG400/rtl/include/top_define.v(line number: 158)] Define macro NUM_MEMVR 4.
I: Verilog-0008: [C:/CPLD/pango/2_Tieta_Feiteng/Tieta_Feiteng_1001_PGC7KD69MBG400/rtl/include/top_define.v(line number: 159)] Define macro NUM_CHN 4.
I: Verilog-0008: [C:/CPLD/pango/2_Tieta_Feiteng/Tieta_Feiteng_1001_PGC7KD69MBG400/rtl/include/top_define.v(line number: 160)] Define macro NUM_FAN 8.
I: Verilog-0008: [C:/CPLD/pango/2_Tieta_Feiteng/Tieta_Feiteng_1001_PGC7KD69MBG400/rtl/include/top_define.v(line number: 161)] Define macro NUM_NIC 4.
I: Verilog-0008: [C:/CPLD/pango/2_Tieta_Feiteng/Tieta_Feiteng_1001_PGC7KD69MBG400/rtl/include/top_define.v(line number: 162)] Define macro NUM_PSU 2.
I: Verilog-0008: [C:/CPLD/pango/2_Tieta_Feiteng/Tieta_Feiteng_1001_PGC7KD69MBG400/rtl/include/top_define.v(line number: 164)] Define macro NUM_IO 1.
I: Verilog-0008: [C:/CPLD/pango/2_Tieta_Feiteng/Tieta_Feiteng_1001_PGC7KD69MBG400/rtl/include/top_define.v(line number: 165)] Define macro NUM_RISER 6.
I: Verilog-0008: [C:/CPLD/pango/2_Tieta_Feiteng/Tieta_Feiteng_1001_PGC7KD69MBG400/rtl/include/top_define.v(line number: 166)] Define macro port_num 3.
I: Verilog-0008: [C:/CPLD/pango/2_Tieta_Feiteng/Tieta_Feiteng_1001_PGC7KD69MBG400/rtl/include/top_define.v(line number: 169)] Define macro SYS_HAS_UID_BTN.
I: Verilog-0008: [C:/CPLD/pango/2_Tieta_Feiteng/Tieta_Feiteng_1001_PGC7KD69MBG400/rtl/include/top_define.v(line number: 171)] Define macro NUM_BP 8      /********G5 2P**********/.
I: Verilog-0008: [C:/CPLD/pango/2_Tieta_Feiteng/Tieta_Feiteng_1001_PGC7KD69MBG400/rtl/include/top_define.v(line number: 173)] Define macro NUM_S5DEV 2      /********G5 2P**********/.
I: Verilog-0008: [C:/CPLD/pango/2_Tieta_Feiteng/Tieta_Feiteng_1001_PGC7KD69MBG400/rtl/include/top_define.v(line number: 187)] Define macro BOARD_TYPE 4'b0000.
I: Verilog-0008: [C:/CPLD/pango/2_Tieta_Feiteng/Tieta_Feiteng_1001_PGC7KD69MBG400/rtl/include/top_define.v(line number: 188)] Define macro OEM_TYPE 4'b0111.
I: Verilog-0008: [C:/CPLD/pango/2_Tieta_Feiteng/Tieta_Feiteng_1001_PGC7KD69MBG400/rtl/include/top_define.v(line number: 191)] Define macro MFR_ID_RSVD 8'h00.
I: Verilog-0008: [C:/CPLD/pango/2_Tieta_Feiteng/Tieta_Feiteng_1001_PGC7KD69MBG400/rtl/include/top_define.v(line number: 192)] Define macro MFR_ID_H3C 8'h03.
I: Verilog-0008: [C:/CPLD/pango/2_Tieta_Feiteng/Tieta_Feiteng_1001_PGC7KD69MBG400/rtl/include/top_define.v(line number: 194)] Define macro MFR_ID `MFR_ID_H3C.
I: Verilog-0008: [C:/CPLD/pango/2_Tieta_Feiteng/Tieta_Feiteng_1001_PGC7KD69MBG400/rtl/include/top_define.v(line number: 197)] Define macro ODM_ID_RSVD 8'h00.
I: Verilog-0008: [C:/CPLD/pango/2_Tieta_Feiteng/Tieta_Feiteng_1001_PGC7KD69MBG400/rtl/include/top_define.v(line number: 198)] Define macro ODM_ID_H3C 8'h03.
I: Verilog-0008: [C:/CPLD/pango/2_Tieta_Feiteng/Tieta_Feiteng_1001_PGC7KD69MBG400/rtl/include/top_define.v(line number: 200)] Define macro ODM_ID `ODM_ID_H3C.
I: Verilog-0008: [C:/CPLD/pango/2_Tieta_Feiteng/Tieta_Feiteng_1001_PGC7KD69MBG400/rtl/include/top_define.v(line number: 203)] Define macro PDT_LINE_RSVD 8'h00.
I: Verilog-0008: [C:/CPLD/pango/2_Tieta_Feiteng/Tieta_Feiteng_1001_PGC7KD69MBG400/rtl/include/top_define.v(line number: 204)] Define macro PDT_LINE_H3C_2014_LLS 8'h01.
I: Verilog-0008: [C:/CPLD/pango/2_Tieta_Feiteng/Tieta_Feiteng_1001_PGC7KD69MBG400/rtl/include/top_define.v(line number: 206)] Define macro PDT_LINE_H3C_OEM_IN 8'h63.
I: Verilog-0008: [C:/CPLD/pango/2_Tieta_Feiteng/Tieta_Feiteng_1001_PGC7KD69MBG400/rtl/include/top_define.v(line number: 208)] Define macro PDT_LINE `PDT_LINE_H3C_OEM_IN.
I: Verilog-0008: [C:/CPLD/pango/2_Tieta_Feiteng/Tieta_Feiteng_1001_PGC7KD69MBG400/rtl/include/top_define.v(line number: 211)] Define macro PDT_GEN_RSVD 8'h00.
I: Verilog-0008: [C:/CPLD/pango/2_Tieta_Feiteng/Tieta_Feiteng_1001_PGC7KD69MBG400/rtl/include/top_define.v(line number: 212)] Define macro PDT_GEN_H3C_2014_G2 8'h02.
I: Verilog-0008: [C:/CPLD/pango/2_Tieta_Feiteng/Tieta_Feiteng_1001_PGC7KD69MBG400/rtl/include/top_define.v(line number: 213)] Define macro PDT_GEN_H3C_2014_G3 8'h03.
I: Verilog-0008: [C:/CPLD/pango/2_Tieta_Feiteng/Tieta_Feiteng_1001_PGC7KD69MBG400/rtl/include/top_define.v(line number: 215)] Define macro PDT_GEN_H3C_S5000C 8'h07.
I: Verilog-0008: [C:/CPLD/pango/2_Tieta_Feiteng/Tieta_Feiteng_1001_PGC7KD69MBG400/rtl/include/top_define.v(line number: 218)] Define macro PDT_GEN `PDT_GEN_H3C_S5000C.
I: Verilog-0008: [C:/CPLD/pango/2_Tieta_Feiteng/Tieta_Feiteng_1001_PGC7KD69MBG400/rtl/include/top_define.v(line number: 221)] Define macro PDT_REV_RSVD 8'h00.
I: Verilog-0008: [C:/CPLD/pango/2_Tieta_Feiteng/Tieta_Feiteng_1001_PGC7KD69MBG400/rtl/include/top_define.v(line number: 222)] Define macro PDT_REV_H3C_2014_V100R001 8'h11.
I: Verilog-0008: [C:/CPLD/pango/2_Tieta_Feiteng/Tieta_Feiteng_1001_PGC7KD69MBG400/rtl/include/top_define.v(line number: 223)] Define macro PDT_REV_H3C_2014_V200R002 8'h22.
I: Verilog-0008: [C:/CPLD/pango/2_Tieta_Feiteng/Tieta_Feiteng_1001_PGC7KD69MBG400/rtl/include/top_define.v(line number: 224)] Define macro PDT_REV_H3C_2014_V500R002 8'h52.
I: Verilog-0008: [C:/CPLD/pango/2_Tieta_Feiteng/Tieta_Feiteng_1001_PGC7KD69MBG400/rtl/include/top_define.v(line number: 225)] Define macro PDT_REV_H3C_2014_V800R001 8'h81.
I: Verilog-0008: [C:/CPLD/pango/2_Tieta_Feiteng/Tieta_Feiteng_1001_PGC7KD69MBG400/rtl/include/top_define.v(line number: 226)] Define macro PDT_REV_H3C_2014_V200R005 8'h25.
I: Verilog-0008: [C:/CPLD/pango/2_Tieta_Feiteng/Tieta_Feiteng_1001_PGC7KD69MBG400/rtl/include/top_define.v(line number: 228)] Define macro PDT_REV_H3C_2014_V500R003 8'h53.
I: Verilog-0008: [C:/CPLD/pango/2_Tieta_Feiteng/Tieta_Feiteng_1001_PGC7KD69MBG400/rtl/include/top_define.v(line number: 229)] Define macro PDT_REV_H3C_2014_V500R005 8'h55.
I: Verilog-0008: [C:/CPLD/pango/2_Tieta_Feiteng/Tieta_Feiteng_1001_PGC7KD69MBG400/rtl/include/top_define.v(line number: 230)] Define macro PDT_REV_H3C_IT_C_RACK_V700R001 8'h71.
I: Verilog-0008: [C:/CPLD/pango/2_Tieta_Feiteng/Tieta_Feiteng_1001_PGC7KD69MBG400/rtl/include/top_define.v(line number: 234)] Define macro PDT_REV `PDT_REV_H3C_IT_C_RACK_V700R001.
I: Verilog-0008: [C:/CPLD/pango/2_Tieta_Feiteng/Tieta_Feiteng_1001_PGC7KD69MBG400/rtl/include/top_define.v(line number: 237)] Define macro SERVER_ID_H3C_2014_RSVD 8'h00.
I: Verilog-0008: [C:/CPLD/pango/2_Tieta_Feiteng/Tieta_Feiteng_1001_PGC7KD69MBG400/rtl/include/top_define.v(line number: 238)] Define macro SERVER_ID_H3C_2014_R2700 8'h01.
I: Verilog-0008: [C:/CPLD/pango/2_Tieta_Feiteng/Tieta_Feiteng_1001_PGC7KD69MBG400/rtl/include/top_define.v(line number: 239)] Define macro SERVER_ID_H3C_2014_R2900 8'h03.
I: Verilog-0008: [C:/CPLD/pango/2_Tieta_Feiteng/Tieta_Feiteng_1001_PGC7KD69MBG400/rtl/include/top_define.v(line number: 240)] Define macro SERVER_ID_H3C_2014_R4700 8'h11.
I: Verilog-0008: [C:/CPLD/pango/2_Tieta_Feiteng/Tieta_Feiteng_1001_PGC7KD69MBG400/rtl/include/top_define.v(line number: 241)] Define macro SERVER_ID_H3C_2014_R4900 8'h13.
I: Verilog-0008: [C:/CPLD/pango/2_Tieta_Feiteng/Tieta_Feiteng_1001_PGC7KD69MBG400/rtl/include/top_define.v(line number: 242)] Define macro SERVER_ID_H3C_2014_R6900 8'h23.
I: Verilog-0008: [C:/CPLD/pango/2_Tieta_Feiteng/Tieta_Feiteng_1001_PGC7KD69MBG400/rtl/include/top_define.v(line number: 243)] Define macro SERVER_ID_H3C_2014_R8900 8'h33.
I: Verilog-0008: [C:/CPLD/pango/2_Tieta_Feiteng/Tieta_Feiteng_1001_PGC7KD69MBG400/rtl/include/top_define.v(line number: 246)] Define macro BOARD_ID_H3C_2014_RSVD 8'h00.
I: Verilog-0008: [C:/CPLD/pango/2_Tieta_Feiteng/Tieta_Feiteng_1001_PGC7KD69MBG400/rtl/include/top_define.v(line number: 247)] Define macro BOARD_ID_H3C_2014_RS03M2C9S 8'h04.
I: Verilog-0008: [C:/CPLD/pango/2_Tieta_Feiteng/Tieta_Feiteng_1001_PGC7KD69MBG400/rtl/include/top_define.v(line number: 248)] Define macro BOARD_ID_H3C_2014_RS23M2C6S 8'h03.
I: Verilog-0008: [C:/CPLD/pango/2_Tieta_Feiteng/Tieta_Feiteng_1001_PGC7KD69MBG400/rtl/include/top_define.v(line number: 249)] Define macro BOARD_ID_H3C_2014_RS33M2C9S 8'h04.
I: Verilog-0008: [C:/CPLD/pango/2_Tieta_Feiteng/Tieta_Feiteng_1001_PGC7KD69MBG400/rtl/include/top_define.v(line number: 250)] Define macro BOARD_ID_H3C_2014_RS35M2C5S 8'h03.
I: Verilog-0008: [C:/CPLD/pango/2_Tieta_Feiteng/Tieta_Feiteng_1001_PGC7KD69MBG400/rtl/include/top_define.v(line number: 251)] Define macro BOARD_ID_H3C_2014_RS35M2C16S 8'h04.
I: Verilog-0008: [C:/CPLD/pango/2_Tieta_Feiteng/Tieta_Feiteng_1001_PGC7KD69MBG400/rtl/include/top_define.v(line number: 253)] Define macro BOARD_ID_H3C_2014_RS41M2C9S 8'h11.
I: Verilog-0008: [C:/CPLD/pango/2_Tieta_Feiteng/Tieta_Feiteng_1001_PGC7KD69MBG400/rtl/include/top_define.v(line number: 256)] Define macro CHASSIS_ID_H3C_2014_RSVD 8'h00.
I: Verilog-0008: [C:/CPLD/pango/2_Tieta_Feiteng/Tieta_Feiteng_1001_PGC7KD69MBG400/rtl/include/top_define.v(line number: 257)] Define macro CHASSIS_ID_H3C_2014_1U 8'h01.
I: Verilog-0008: [C:/CPLD/pango/2_Tieta_Feiteng/Tieta_Feiteng_1001_PGC7KD69MBG400/rtl/include/top_define.v(line number: 258)] Define macro CHASSIS_ID_H3C_2014_2U 8'h02.
I: Verilog-0008: [C:/CPLD/pango/2_Tieta_Feiteng/Tieta_Feiteng_1001_PGC7KD69MBG400/rtl/include/top_define.v(line number: 259)] Define macro CHASSIS_ID_H3C_2014_NONE 8'h03.
I: Verilog-0008: [C:/CPLD/pango/2_Tieta_Feiteng/Tieta_Feiteng_1001_PGC7KD69MBG400/rtl/include/top_define.v(line number: 262)] Define macro PLT_CPU_MFR_RSVD 8'h00.
I: Verilog-0008: [C:/CPLD/pango/2_Tieta_Feiteng/Tieta_Feiteng_1001_PGC7KD69MBG400/rtl/include/top_define.v(line number: 263)] Define macro PLT_CPU_MFR_INTEL 8'h01.
I: Verilog-0008: [C:/CPLD/pango/2_Tieta_Feiteng/Tieta_Feiteng_1001_PGC7KD69MBG400/rtl/include/top_define.v(line number: 264)] Define macro PLT_CPU_MFR_AMD 8'h02.
I: Verilog-0008: [C:/CPLD/pango/2_Tieta_Feiteng/Tieta_Feiteng_1001_PGC7KD69MBG400/rtl/include/top_define.v(line number: 265)] Define macro PLT_CPU_MFR_FT 8'h03.
I: Verilog-0008: [C:/CPLD/pango/2_Tieta_Feiteng/Tieta_Feiteng_1001_PGC7KD69MBG400/rtl/include/top_define.v(line number: 267)] Define macro PLT_CPU_MFR `PLT_CPU_MFR_FT.
I: Verilog-0008: [C:/CPLD/pango/2_Tieta_Feiteng/Tieta_Feiteng_1001_PGC7KD69MBG400/rtl/include/top_define.v(line number: 270)] Define macro PLT_CPU_GEN_RSVD 8'h00.
I: Verilog-0008: [C:/CPLD/pango/2_Tieta_Feiteng/Tieta_Feiteng_1001_PGC7KD69MBG400/rtl/include/top_define.v(line number: 271)] Define macro PLT_CPU_GEN_BROADWELL 8'h00.
I: Verilog-0008: [C:/CPLD/pango/2_Tieta_Feiteng/Tieta_Feiteng_1001_PGC7KD69MBG400/rtl/include/top_define.v(line number: 272)] Define macro PLT_CPU_GEN_SKYLATE 8'h01.
I: Verilog-0008: [C:/CPLD/pango/2_Tieta_Feiteng/Tieta_Feiteng_1001_PGC7KD69MBG400/rtl/include/top_define.v(line number: 273)] Define macro PLT_CPU_GEN_ICELATE 8'h10.
I: Verilog-0008: [C:/CPLD/pango/2_Tieta_Feiteng/Tieta_Feiteng_1001_PGC7KD69MBG400/rtl/include/top_define.v(line number: 274)] Define macro PLT_CPU_GEN_FT2500 8'h05.
I: Verilog-0008: [C:/CPLD/pango/2_Tieta_Feiteng/Tieta_Feiteng_1001_PGC7KD69MBG400/rtl/include/top_define.v(line number: 276)] Define macro PLT_CPU_GEN `PLT_CPU_GEN_FT2500.
I: Verilog-0008: [C:/CPLD/pango/2_Tieta_Feiteng/Tieta_Feiteng_1001_PGC7KD69MBG400/rtl/include/top_define.v(line number: 281)] Define macro INT_MODE_RISING 2'b01.
I: Verilog-0008: [C:/CPLD/pango/2_Tieta_Feiteng/Tieta_Feiteng_1001_PGC7KD69MBG400/rtl/include/top_define.v(line number: 282)] Define macro INT_MODE_FALLING 2'b10.
I: Verilog-0008: [C:/CPLD/pango/2_Tieta_Feiteng/Tieta_Feiteng_1001_PGC7KD69MBG400/rtl/include/top_define.v(line number: 283)] Define macro INT_MODE_BOTH 2'b11.
I: Verilog-0008: [C:/CPLD/pango/2_Tieta_Feiteng/Tieta_Feiteng_1001_PGC7KD69MBG400/rtl/include/top_define.v(line number: 288)] Define macro PN_RS03M2C9S {`ASCII_A, `ASCII_3, `ASCII_F, `ASCII_T}.
I: Verilog-0008: [C:/CPLD/pango/2_Tieta_Feiteng/Tieta_Feiteng_1001_PGC7KD69MBG400/rtl/include/top_define.v(line number: 289)] Define macro PN_RS33M2C9S {`ASCII_A, `ASCII_3, `ASCII_F, `ASCII_Q}.
I: Verilog-0008: [C:/CPLD/pango/2_Tieta_Feiteng/Tieta_Feiteng_1001_PGC7KD69MBG400/rtl/include/top_define.v(line number: 290)] Define macro PN_RS23M2C6S {`ASCII_A, `ASCII_3, `ASCII_F, `ASCII_R}.
I: Verilog-0008: [C:/CPLD/pango/2_Tieta_Feiteng/Tieta_Feiteng_1001_PGC7KD69MBG400/rtl/include/top_define.v(line number: 291)] Define macro PN_RS05M2C9S {`ASCII_A, `ASCII_4, `ASCII_L, `ASCII_M}.
I: Verilog-0008: [C:/CPLD/pango/2_Tieta_Feiteng/Tieta_Feiteng_1001_PGC7KD69MBG400/rtl/include/top_define.v(line number: 292)] Define macro PN_RS35M2C16S {`ASCII_A, `ASCII_5, `ASCII_B, `ASCII_8}.
I: Verilog-0008: [C:/CPLD/pango/2_Tieta_Feiteng/Tieta_Feiteng_1001_PGC7KD69MBG400/rtl/include/top_define.v(line number: 293)] Define macro PN_RS41M2C9S {`ASCII_A, `ASCII_5, `ASCII_K, `ASCII_B}.
I: Verilog-0008: [C:/CPLD/pango/2_Tieta_Feiteng/Tieta_Feiteng_1001_PGC7KD69MBG400/rtl/include/top_define.v(line number: 294)] Define macro PN_RSVD 32'h0000_0000.
I: Verilog-0008: [C:/CPLD/pango/2_Tieta_Feiteng/Tieta_Feiteng_1001_PGC7KD69MBG400/rtl/include/top_define.v(line number: 301)] Define macro BOARD_PN `PN_RS41M2C9S.
I: Verilog-0008: [C:/CPLD/pango/2_Tieta_Feiteng/Tieta_Feiteng_1001_PGC7KD69MBG400/rtl/include/top_define.v(line number: 306)] Define macro ASCII_0 8'h30.
I: Verilog-0008: [C:/CPLD/pango/2_Tieta_Feiteng/Tieta_Feiteng_1001_PGC7KD69MBG400/rtl/include/top_define.v(line number: 307)] Define macro ASCII_1 8'h31.
I: Verilog-0008: [C:/CPLD/pango/2_Tieta_Feiteng/Tieta_Feiteng_1001_PGC7KD69MBG400/rtl/include/top_define.v(line number: 308)] Define macro ASCII_2 8'h32.
I: Verilog-0008: [C:/CPLD/pango/2_Tieta_Feiteng/Tieta_Feiteng_1001_PGC7KD69MBG400/rtl/include/top_define.v(line number: 309)] Define macro ASCII_3 8'h33.
I: Verilog-0008: [C:/CPLD/pango/2_Tieta_Feiteng/Tieta_Feiteng_1001_PGC7KD69MBG400/rtl/include/top_define.v(line number: 310)] Define macro ASCII_4 8'h34.
I: Verilog-0008: [C:/CPLD/pango/2_Tieta_Feiteng/Tieta_Feiteng_1001_PGC7KD69MBG400/rtl/include/top_define.v(line number: 311)] Define macro ASCII_5 8'h35.
I: Verilog-0008: [C:/CPLD/pango/2_Tieta_Feiteng/Tieta_Feiteng_1001_PGC7KD69MBG400/rtl/include/top_define.v(line number: 312)] Define macro ASCII_6 8'h36.
I: Verilog-0008: [C:/CPLD/pango/2_Tieta_Feiteng/Tieta_Feiteng_1001_PGC7KD69MBG400/rtl/include/top_define.v(line number: 313)] Define macro ASCII_7 8'h37.
I: Verilog-0008: [C:/CPLD/pango/2_Tieta_Feiteng/Tieta_Feiteng_1001_PGC7KD69MBG400/rtl/include/top_define.v(line number: 314)] Define macro ASCII_8 8'h38.
I: Verilog-0008: [C:/CPLD/pango/2_Tieta_Feiteng/Tieta_Feiteng_1001_PGC7KD69MBG400/rtl/include/top_define.v(line number: 315)] Define macro ASCII_9 8'h39.
I: Verilog-0008: [C:/CPLD/pango/2_Tieta_Feiteng/Tieta_Feiteng_1001_PGC7KD69MBG400/rtl/include/top_define.v(line number: 316)] Define macro ASCII_A 8'h41.
I: Verilog-0008: [C:/CPLD/pango/2_Tieta_Feiteng/Tieta_Feiteng_1001_PGC7KD69MBG400/rtl/include/top_define.v(line number: 317)] Define macro ASCII_B 8'h42.
I: Verilog-0008: [C:/CPLD/pango/2_Tieta_Feiteng/Tieta_Feiteng_1001_PGC7KD69MBG400/rtl/include/top_define.v(line number: 318)] Define macro ASCII_C 8'h43.
I: Verilog-0008: [C:/CPLD/pango/2_Tieta_Feiteng/Tieta_Feiteng_1001_PGC7KD69MBG400/rtl/include/top_define.v(line number: 319)] Define macro ASCII_D 8'h44.
I: Verilog-0008: [C:/CPLD/pango/2_Tieta_Feiteng/Tieta_Feiteng_1001_PGC7KD69MBG400/rtl/include/top_define.v(line number: 320)] Define macro ASCII_E 8'h45.
I: Verilog-0008: [C:/CPLD/pango/2_Tieta_Feiteng/Tieta_Feiteng_1001_PGC7KD69MBG400/rtl/include/top_define.v(line number: 321)] Define macro ASCII_F 8'h46.
I: Verilog-0008: [C:/CPLD/pango/2_Tieta_Feiteng/Tieta_Feiteng_1001_PGC7KD69MBG400/rtl/include/top_define.v(line number: 322)] Define macro ASCII_G 8'h47.
I: Verilog-0008: [C:/CPLD/pango/2_Tieta_Feiteng/Tieta_Feiteng_1001_PGC7KD69MBG400/rtl/include/top_define.v(line number: 323)] Define macro ASCII_H 8'h48.
I: Verilog-0008: [C:/CPLD/pango/2_Tieta_Feiteng/Tieta_Feiteng_1001_PGC7KD69MBG400/rtl/include/top_define.v(line number: 324)] Define macro ASCII_I 8'h49.
I: Verilog-0008: [C:/CPLD/pango/2_Tieta_Feiteng/Tieta_Feiteng_1001_PGC7KD69MBG400/rtl/include/top_define.v(line number: 325)] Define macro ASCII_J 8'h4A.
I: Verilog-0008: [C:/CPLD/pango/2_Tieta_Feiteng/Tieta_Feiteng_1001_PGC7KD69MBG400/rtl/include/top_define.v(line number: 326)] Define macro ASCII_K 8'h4B.
I: Verilog-0008: [C:/CPLD/pango/2_Tieta_Feiteng/Tieta_Feiteng_1001_PGC7KD69MBG400/rtl/include/top_define.v(line number: 327)] Define macro ASCII_L 8'h4C.
I: Verilog-0008: [C:/CPLD/pango/2_Tieta_Feiteng/Tieta_Feiteng_1001_PGC7KD69MBG400/rtl/include/top_define.v(line number: 328)] Define macro ASCII_M 8'h4D.
I: Verilog-0008: [C:/CPLD/pango/2_Tieta_Feiteng/Tieta_Feiteng_1001_PGC7KD69MBG400/rtl/include/top_define.v(line number: 329)] Define macro ASCII_N 8'h4E.
I: Verilog-0008: [C:/CPLD/pango/2_Tieta_Feiteng/Tieta_Feiteng_1001_PGC7KD69MBG400/rtl/include/top_define.v(line number: 330)] Define macro ASCII_O 8'h4F.
I: Verilog-0008: [C:/CPLD/pango/2_Tieta_Feiteng/Tieta_Feiteng_1001_PGC7KD69MBG400/rtl/include/top_define.v(line number: 331)] Define macro ASCII_P 8'h50.
I: Verilog-0008: [C:/CPLD/pango/2_Tieta_Feiteng/Tieta_Feiteng_1001_PGC7KD69MBG400/rtl/include/top_define.v(line number: 332)] Define macro ASCII_Q 8'h51.
I: Verilog-0008: [C:/CPLD/pango/2_Tieta_Feiteng/Tieta_Feiteng_1001_PGC7KD69MBG400/rtl/include/top_define.v(line number: 333)] Define macro ASCII_R 8'h52.
I: Verilog-0008: [C:/CPLD/pango/2_Tieta_Feiteng/Tieta_Feiteng_1001_PGC7KD69MBG400/rtl/include/top_define.v(line number: 334)] Define macro ASCII_S 8'h53.
I: Verilog-0008: [C:/CPLD/pango/2_Tieta_Feiteng/Tieta_Feiteng_1001_PGC7KD69MBG400/rtl/include/top_define.v(line number: 335)] Define macro ASCII_T 8'h54.
I: Verilog-0008: [C:/CPLD/pango/2_Tieta_Feiteng/Tieta_Feiteng_1001_PGC7KD69MBG400/rtl/include/top_define.v(line number: 336)] Define macro ASCII_U 8'h55.
I: Verilog-0008: [C:/CPLD/pango/2_Tieta_Feiteng/Tieta_Feiteng_1001_PGC7KD69MBG400/rtl/include/top_define.v(line number: 337)] Define macro ASCII_V 8'h56.
I: Verilog-0008: [C:/CPLD/pango/2_Tieta_Feiteng/Tieta_Feiteng_1001_PGC7KD69MBG400/rtl/include/top_define.v(line number: 338)] Define macro ASCII_W 8'h57.
I: Verilog-0008: [C:/CPLD/pango/2_Tieta_Feiteng/Tieta_Feiteng_1001_PGC7KD69MBG400/rtl/include/top_define.v(line number: 339)] Define macro ASCII_X 8'h58.
I: Verilog-0008: [C:/CPLD/pango/2_Tieta_Feiteng/Tieta_Feiteng_1001_PGC7KD69MBG400/rtl/include/top_define.v(line number: 340)] Define macro ASCII_Y 8'h59.
I: Verilog-0008: [C:/CPLD/pango/2_Tieta_Feiteng/Tieta_Feiteng_1001_PGC7KD69MBG400/rtl/include/top_define.v(line number: 341)] Define macro ASCII_Z 8'h5A.
I: Verilog-0002: [C:/CPLD/pango/2_Tieta_Feiteng/Tieta_Feiteng_1001_PGC7KD69MBG400/rtl/source/common/pwrcap_pwrbtn_led.v(line number: 23)] Analyzing module pwrcap_pwrbtn_led (library work).
Parsing done.
I: Verilog-0001: Analyzing file C:/CPLD/pango/2_Tieta_Feiteng/Tieta_Feiteng_1001_PGC7KD69MBG400/rtl/source/common/delay_timer.v.
I: Verilog-0002: [C:/CPLD/pango/2_Tieta_Feiteng/Tieta_Feiteng_1001_PGC7KD69MBG400/rtl/source/common/delay_timer.v(line number: 26)] Analyzing module delay_timer (library work).
I: Verilog-0008: [C:/CPLD/pango/2_Tieta_Feiteng/Tieta_Feiteng_1001_PGC7KD69MBG400/rtl/source/common/delay_timer.v(line number: 35)] Define macro ZERO_COUNT {CNT_SIZE{1'b0}}.
Parsing done.
I: Verilog-0001: Analyzing file C:/CPLD/pango/2_Tieta_Feiteng/Tieta_Feiteng_1001_PGC7KD69MBG400/rtl/source/i2c/i2c_slave_bmc.v.
I: Verilog-0002: [C:/CPLD/pango/2_Tieta_Feiteng/Tieta_Feiteng_1001_PGC7KD69MBG400/rtl/source/i2c/i2c_slave_bmc.v(line number: 9)] Analyzing module i2c_slave_bmc (library work).
Parsing done.
I: Verilog-0001: Analyzing file C:/CPLD/pango/2_Tieta_Feiteng/Tieta_Feiteng_1001_PGC7KD69MBG400/rtl/source/i2c/i2c_slave_basic0.v.
I: Verilog-0002: [C:/CPLD/pango/2_Tieta_Feiteng/Tieta_Feiteng_1001_PGC7KD69MBG400/rtl/source/i2c/i2c_slave_basic0.v(line number: 8)] Analyzing module i2c_slave_basic0 (library work).
Parsing done.
I: Verilog-0001: Analyzing file C:/CPLD/pango/2_Tieta_Feiteng/Tieta_Feiteng_1001_PGC7KD69MBG400/prj/Tieta_M/ipcore/pll_i25M_o50M_o25M/pll_i25M_o50M_o25M.v.
I: Verilog-0002: [C:/CPLD/pango/2_Tieta_Feiteng/Tieta_Feiteng_1001_PGC7KD69MBG400/prj/Tieta_M/ipcore/pll_i25M_o50M_o25M/pll_i25M_o50M_o25M.v(line number: 17)] Analyzing module pll_i25M_o50M_o25M (library pll_i25M_o50M_o25M).
Parsing done.
W: Verilog-2084: [C:/CPLD/pango/2_Tieta_Feiteng/Tieta_Feiteng_1001_PGC7KD69MBG400/rtl/source/Tieta_Feiteng_1001_top.v(line number: 2477)] Identifier 'p1v1_en_r' is used before its declaration.
W: Verilog-2084: [C:/CPLD/pango/2_Tieta_Feiteng/Tieta_Feiteng_1001_PGC7KD69MBG400/rtl/source/Tieta_Feiteng_1001_top.v(line number: 2520)] Identifier 'led_pwrbtn_gr_r' is used before its declaration.
W: Verilog-2084: [C:/CPLD/pango/2_Tieta_Feiteng/Tieta_Feiteng_1001_PGC7KD69MBG400/rtl/source/Tieta_Feiteng_1001_top.v(line number: 2521)] Identifier 'led_pwrbtn_amb_r' is used before its declaration.
I: Module "Tieta_Feiteng_1001_top" is set as top module
Executing : rtl-analyze successfully. Time elapsed: 2.500s wall, 0.078s user + 0.000s system = 0.078s CPU (3.1%)

Start rtl-elaborate.
I: Verilog-0003: [C:/CPLD/pango/2_Tieta_Feiteng/Tieta_Feiteng_1001_PGC7KD69MBG400/rtl/source/Tieta_Feiteng_1001_top.v(line number: 4)] Elaborating module Tieta_Feiteng_1001_top.
W: Sdm-2008: The attribute named LOC is not legal, then it has no effect, ignore its value.
W: Sdm-2008: The attribute named LOC is not legal, then it has no effect, ignore its value.
W: Sdm-2008: The attribute named LOC is not legal, then it has no effect, ignore its value.
W: Sdm-2008: The attribute named LOC is not legal, then it has no effect, ignore its value.
W: Sdm-2008: The attribute named LOC is not legal, then it has no effect, ignore its value.
W: Sdm-2008: The attribute named LOC is not legal, then it has no effect, ignore its value.
W: Sdm-2008: The attribute named LOC is not legal, then it has no effect, ignore its value.
W: Sdm-2008: The attribute named LOC is not legal, then it has no effect, ignore its value.
W: Sdm-2008: The attribute named LOC is not legal, then it has no effect, ignore its value.
W: Sdm-2008: The attribute named LOC is not legal, then it has no effect, ignore its value.
W: Sdm-2008: The attribute named LOC is not legal, then it has no effect, ignore its value.
W: Sdm-2008: The attribute named LOC is not legal, then it has no effect, ignore its value.
W: Sdm-2008: The attribute named LOC is not legal, then it has no effect, ignore its value.
W: Sdm-2008: The attribute named LOC is not legal, then it has no effect, ignore its value.
W: Sdm-2008: The attribute named LOC is not legal, then it has no effect, ignore its value.
W: Sdm-2008: The attribute named LOC is not legal, then it has no effect, ignore its value.
W: Sdm-2008: The attribute named LOC is not legal, then it has no effect, ignore its value.
W: Sdm-2008: The attribute named LOC is not legal, then it has no effect, ignore its value.
W: Sdm-2008: The attribute named LOC is not legal, then it has no effect, ignore its value.
W: Sdm-2008: The attribute named LOC is not legal, then it has no effect, ignore its value.
W: Sdm-2008: The attribute named LOC is not legal, then it has no effect, ignore its value.
W: Sdm-2008: The attribute named LOC is not legal, then it has no effect, ignore its value.
W: Sdm-2008: The attribute named LOC is not legal, then it has no effect, ignore its value.
W: Sdm-2008: The attribute named LOC is not legal, then it has no effect, ignore its value.
W: Sdm-2008: The attribute named LOC is not legal, then it has no effect, ignore its value.
W: Sdm-2008: The attribute named LOC is not legal, then it has no effect, ignore its value.
W: Sdm-2008: The attribute named LOC is not legal, then it has no effect, ignore its value.
W: Sdm-2008: The attribute named LOC is not legal, then it has no effect, ignore its value.
W: Sdm-2008: The attribute named LOC is not legal, then it has no effect, ignore its value.
W: Sdm-2008: The attribute named LOC is not legal, then it has no effect, ignore its value.
W: Sdm-2008: The attribute named LOC is not legal, then it has no effect, ignore its value.
W: Sdm-2008: The attribute named LOC is not legal, then it has no effect, ignore its value.
W: Sdm-2008: The attribute named LOC is not legal, then it has no effect, ignore its value.
W: Sdm-2008: The attribute named LOC is not legal, then it has no effect, ignore its value.
W: Sdm-2008: The attribute named LOC is not legal, then it has no effect, ignore its value.
W: Sdm-2008: The attribute named LOC is not legal, then it has no effect, ignore its value.
W: Sdm-2008: The attribute named LOC is not legal, then it has no effect, ignore its value.
W: Sdm-2008: The attribute named LOC is not legal, then it has no effect, ignore its value.
W: Sdm-2008: The attribute named LOC is not legal, then it has no effect, ignore its value.
W: Sdm-2008: The attribute named LOC is not legal, then it has no effect, ignore its value.
W: Sdm-2008: The attribute named LOC is not legal, then it has no effect, ignore its value.
W: Sdm-2008: The attribute named LOC is not legal, then it has no effect, ignore its value.
W: Sdm-2008: The attribute named LOC is not legal, then it has no effect, ignore its value.
W: Sdm-2008: The attribute named LOC is not legal, then it has no effect, ignore its value.
W: Sdm-2008: The attribute named LOC is not legal, then it has no effect, ignore its value.
W: Sdm-2008: The attribute named LOC is not legal, then it has no effect, ignore its value.
W: Sdm-2008: The attribute named LOC is not legal, then it has no effect, ignore its value.
W: Sdm-2008: The attribute named LOC is not legal, then it has no effect, ignore its value.
W: Sdm-2008: The attribute named LOC is not legal, then it has no effect, ignore its value.
W: Sdm-2008: The attribute named LOC is not legal, then it has no effect, ignore its value.
W: Sdm-2008: The attribute named LOC is not legal, then it has no effect, ignore its value.
W: Sdm-2008: The attribute named LOC is not legal, then it has no effect, ignore its value.
W: Sdm-2008: The attribute named LOC is not legal, then it has no effect, ignore its value.
W: Sdm-2008: The attribute named LOC is not legal, then it has no effect, ignore its value.
W: Sdm-2008: The attribute named LOC is not legal, then it has no effect, ignore its value.
W: Sdm-2008: The attribute named LOC is not legal, then it has no effect, ignore its value.
W: Sdm-2008: The attribute named LOC is not legal, then it has no effect, ignore its value.
W: Sdm-2008: The attribute named LOC is not legal, then it has no effect, ignore its value.
W: Sdm-2008: The attribute named LOC is not legal, then it has no effect, ignore its value.
W: Sdm-2008: The attribute named LOC is not legal, then it has no effect, ignore its value.
W: Sdm-2008: The attribute named LOC is not legal, then it has no effect, ignore its value.
W: Sdm-2008: The attribute named LOC is not legal, then it has no effect, ignore its value.
W: Sdm-2008: The attribute named LOC is not legal, then it has no effect, ignore its value.
W: Sdm-2008: The attribute named LOC is not legal, then it has no effect, ignore its value.
W: Sdm-2008: The attribute named LOC is not legal, then it has no effect, ignore its value.
W: Sdm-2008: The attribute named LOC is not legal, then it has no effect, ignore its value.
W: Sdm-2008: The attribute named LOC is not legal, then it has no effect, ignore its value.
W: Sdm-2008: The attribute named LOC is not legal, then it has no effect, ignore its value.
W: Sdm-2008: The attribute named LOC is not legal, then it has no effect, ignore its value.
W: Sdm-2008: The attribute named LOC is not legal, then it has no effect, ignore its value.
W: Sdm-2008: The attribute named LOC is not legal, then it has no effect, ignore its value.
W: Sdm-2008: The attribute named LOC is not legal, then it has no effect, ignore its value.
W: Sdm-2008: The attribute named LOC is not legal, then it has no effect, ignore its value.
W: Sdm-2008: The attribute named LOC is not legal, then it has no effect, ignore its value.
W: Sdm-2008: The attribute named LOC is not legal, then it has no effect, ignore its value.
W: Sdm-2008: The attribute named LOC is not legal, then it has no effect, ignore its value.
W: Sdm-2008: The attribute named LOC is not legal, then it has no effect, ignore its value.
W: Sdm-2008: The attribute named LOC is not legal, then it has no effect, ignore its value.
W: Sdm-2008: The attribute named LOC is not legal, then it has no effect, ignore its value.
W: Sdm-2008: The attribute named LOC is not legal, then it has no effect, ignore its value.
W: Sdm-2008: The attribute named LOC is not legal, then it has no effect, ignore its value.
W: Sdm-2008: The attribute named LOC is not legal, then it has no effect, ignore its value.
W: Sdm-2008: The attribute named LOC is not legal, then it has no effect, ignore its value.
W: Sdm-2008: The attribute named LOC is not legal, then it has no effect, ignore its value.
W: Sdm-2008: The attribute named LOC is not legal, then it has no effect, ignore its value.
W: Sdm-2008: The attribute named LOC is not legal, then it has no effect, ignore its value.
W: Sdm-2008: The attribute named LOC is not legal, then it has no effect, ignore its value.
W: Sdm-2008: The attribute named LOC is not legal, then it has no effect, ignore its value.
W: Sdm-2008: The attribute named LOC is not legal, then it has no effect, ignore its value.
W: Sdm-2008: The attribute named LOC is not legal, then it has no effect, ignore its value.
W: Sdm-2008: The attribute named LOC is not legal, then it has no effect, ignore its value.
W: Sdm-2008: The attribute named LOC is not legal, then it has no effect, ignore its value.
W: Sdm-2008: The attribute named LOC is not legal, then it has no effect, ignore its value.
W: Sdm-2008: The attribute named LOC is not legal, then it has no effect, ignore its value.
W: Sdm-2008: The attribute named LOC is not legal, then it has no effect, ignore its value.
W: Sdm-2008: The attribute named LOC is not legal, then it has no effect, ignore its value.
W: Sdm-2008: The attribute named LOC is not legal, then it has no effect, ignore its value.
W: Sdm-2008: The attribute named LOC is not legal, then it has no effect, ignore its value.
W: Sdm-2008: The attribute named LOC is not legal, then it has no effect, ignore its value.
W: Sdm-2008: The attribute named LOC is not legal, then it has no effect, ignore its value.
W: Sdm-2008: The attribute named LOC is not legal, then it has no effect, ignore its value.
W: Sdm-2008: The attribute named LOC is not legal, then it has no effect, ignore its value.
W: Sdm-2008: The attribute named LOC is not legal, then it has no effect, ignore its value.
W: Sdm-2008: The attribute named LOC is not legal, then it has no effect, ignore its value.
W: Sdm-2008: The attribute named LOC is not legal, then it has no effect, ignore its value.
W: Sdm-2008: The attribute named LOC is not legal, then it has no effect, ignore its value.
W: Sdm-2008: The attribute named LOC is not legal, then it has no effect, ignore its value.
W: Sdm-2008: The attribute named LOC is not legal, then it has no effect, ignore its value.
W: Sdm-2008: The attribute named LOC is not legal, then it has no effect, ignore its value.
W: Sdm-2008: The attribute named LOC is not legal, then it has no effect, ignore its value.
W: Sdm-2008: The attribute named LOC is not legal, then it has no effect, ignore its value.
W: Sdm-2008: The attribute named LOC is not legal, then it has no effect, ignore its value.
W: Sdm-2008: The attribute named LOC is not legal, then it has no effect, ignore its value.
W: Sdm-2008: The attribute named LOC is not legal, then it has no effect, ignore its value.
W: Sdm-2008: The attribute named LOC is not legal, then it has no effect, ignore its value.
W: Sdm-2008: The attribute named LOC is not legal, then it has no effect, ignore its value.
W: Sdm-2008: The attribute named LOC is not legal, then it has no effect, ignore its value.
W: Sdm-2008: The attribute named LOC is not legal, then it has no effect, ignore its value.
W: Sdm-2008: The attribute named LOC is not legal, then it has no effect, ignore its value.
W: Sdm-2008: The attribute named LOC is not legal, then it has no effect, ignore its value.
W: Sdm-2008: The attribute named LOC is not legal, then it has no effect, ignore its value.
W: Sdm-2008: The attribute named LOC is not legal, then it has no effect, ignore its value.
W: Sdm-2008: The attribute named LOC is not legal, then it has no effect, ignore its value.
W: Sdm-2008: The attribute named LOC is not legal, then it has no effect, ignore its value.
W: Sdm-2008: The attribute named LOC is not legal, then it has no effect, ignore its value.
W: Sdm-2008: The attribute named LOC is not legal, then it has no effect, ignore its value.
W: Sdm-2008: The attribute named LOC is not legal, then it has no effect, ignore its value.
W: Sdm-2008: The attribute named LOC is not legal, then it has no effect, ignore its value.
W: Sdm-2008: The attribute named LOC is not legal, then it has no effect, ignore its value.
W: Sdm-2008: The attribute named LOC is not legal, then it has no effect, ignore its value.
W: Sdm-2008: The attribute named LOC is not legal, then it has no effect, ignore its value.
W: Sdm-2008: The attribute named LOC is not legal, then it has no effect, ignore its value.
W: Sdm-2008: The attribute named LOC is not legal, then it has no effect, ignore its value.
W: Sdm-2008: The attribute named LOC is not legal, then it has no effect, ignore its value.
W: Sdm-2008: The attribute named LOC is not legal, then it has no effect, ignore its value.
W: Sdm-2008: The attribute named LOC is not legal, then it has no effect, ignore its value.
W: Sdm-2008: The attribute named LOC is not legal, then it has no effect, ignore its value.
W: Sdm-2008: The attribute named LOC is not legal, then it has no effect, ignore its value.
W: Sdm-2008: The attribute named LOC is not legal, then it has no effect, ignore its value.
W: Sdm-2008: The attribute named LOC is not legal, then it has no effect, ignore its value.
W: Sdm-2008: The attribute named LOC is not legal, then it has no effect, ignore its value.
W: Sdm-2008: The attribute named LOC is not legal, then it has no effect, ignore its value.
W: Sdm-2008: The attribute named LOC is not legal, then it has no effect, ignore its value.
W: Sdm-2008: The attribute named LOC is not legal, then it has no effect, ignore its value.
W: Sdm-2008: The attribute named LOC is not legal, then it has no effect, ignore its value.
W: Sdm-2008: The attribute named LOC is not legal, then it has no effect, ignore its value.
W: Sdm-2008: The attribute named LOC is not legal, then it has no effect, ignore its value.
W: Sdm-2008: The attribute named LOC is not legal, then it has no effect, ignore its value.
W: Sdm-2008: The attribute named LOC is not legal, then it has no effect, ignore its value.
W: Sdm-2008: The attribute named LOC is not legal, then it has no effect, ignore its value.
W: Sdm-2008: The attribute named LOC is not legal, then it has no effect, ignore its value.
W: Sdm-2008: The attribute named LOC is not legal, then it has no effect, ignore its value.
W: Sdm-2008: The attribute named LOC is not legal, then it has no effect, ignore its value.
W: Sdm-2008: The attribute named LOC is not legal, then it has no effect, ignore its value.
W: Sdm-2008: The attribute named LOC is not legal, then it has no effect, ignore its value.
W: Sdm-2008: The attribute named LOC is not legal, then it has no effect, ignore its value.
W: Sdm-2008: The attribute named LOC is not legal, then it has no effect, ignore its value.
W: Sdm-2008: The attribute named LOC is not legal, then it has no effect, ignore its value.
W: Sdm-2008: The attribute named LOC is not legal, then it has no effect, ignore its value.
W: Sdm-2008: The attribute named LOC is not legal, then it has no effect, ignore its value.
W: Sdm-2008: The attribute named LOC is not legal, then it has no effect, ignore its value.
W: Sdm-2008: The attribute named LOC is not legal, then it has no effect, ignore its value.
W: Sdm-2008: The attribute named LOC is not legal, then it has no effect, ignore its value.
W: Sdm-2008: The attribute named LOC is not legal, then it has no effect, ignore its value.
W: Sdm-2008: The attribute named LOC is not legal, then it has no effect, ignore its value.
W: Sdm-2008: The attribute named LOC is not legal, then it has no effect, ignore its value.
W: Sdm-2008: The attribute named LOC is not legal, then it has no effect, ignore its value.
W: Sdm-2008: The attribute named LOC is not legal, then it has no effect, ignore its value.
W: Sdm-2008: The attribute named LOC is not legal, then it has no effect, ignore its value.
W: Sdm-2008: The attribute named LOC is not legal, then it has no effect, ignore its value.
W: Sdm-2008: The attribute named LOC is not legal, then it has no effect, ignore its value.
W: Sdm-2008: The attribute named LOC is not legal, then it has no effect, ignore its value.
W: Sdm-2008: The attribute named LOC is not legal, then it has no effect, ignore its value.
W: Sdm-2008: The attribute named LOC is not legal, then it has no effect, ignore its value.
W: Sdm-2008: The attribute named LOC is not legal, then it has no effect, ignore its value.
W: Sdm-2008: The attribute named LOC is not legal, then it has no effect, ignore its value.
W: Sdm-2008: The attribute named LOC is not legal, then it has no effect, ignore its value.
W: Sdm-2008: The attribute named LOC is not legal, then it has no effect, ignore its value.
W: Sdm-2008: The attribute named LOC is not legal, then it has no effect, ignore its value.
W: Sdm-2008: The attribute named LOC is not legal, then it has no effect, ignore its value.
W: Sdm-2008: The attribute named LOC is not legal, then it has no effect, ignore its value.
W: Sdm-2008: The attribute named LOC is not legal, then it has no effect, ignore its value.
W: Sdm-2008: The attribute named LOC is not legal, then it has no effect, ignore its value.
W: Sdm-2008: The attribute named LOC is not legal, then it has no effect, ignore its value.
W: Sdm-2008: The attribute named LOC is not legal, then it has no effect, ignore its value.
W: Sdm-2008: The attribute named LOC is not legal, then it has no effect, ignore its value.
W: Sdm-2008: The attribute named LOC is not legal, then it has no effect, ignore its value.
W: Sdm-2008: The attribute named LOC is not legal, then it has no effect, ignore its value.
W: Sdm-2008: The attribute named LOC is not legal, then it has no effect, ignore its value.
W: Sdm-2008: The attribute named LOC is not legal, then it has no effect, ignore its value.
W: Sdm-2008: The attribute named LOC is not legal, then it has no effect, ignore its value.
W: Sdm-2008: The attribute named LOC is not legal, then it has no effect, ignore its value.
W: Sdm-2008: The attribute named LOC is not legal, then it has no effect, ignore its value.
W: Sdm-2008: The attribute named LOC is not legal, then it has no effect, ignore its value.
W: Sdm-2008: The attribute named LOC is not legal, then it has no effect, ignore its value.
W: Sdm-2008: The attribute named LOC is not legal, then it has no effect, ignore its value.
W: Sdm-2008: The attribute named LOC is not legal, then it has no effect, ignore its value.
W: Sdm-2008: The attribute named LOC is not legal, then it has no effect, ignore its value.
W: Sdm-2008: The attribute named LOC is not legal, then it has no effect, ignore its value.
W: Sdm-2008: The attribute named LOC is not legal, then it has no effect, ignore its value.
W: Sdm-2008: The attribute named LOC is not legal, then it has no effect, ignore its value.
W: Sdm-2008: The attribute named LOC is not legal, then it has no effect, ignore its value.
W: Sdm-2008: The attribute named LOC is not legal, then it has no effect, ignore its value.
W: Sdm-2008: The attribute named LOC is not legal, then it has no effect, ignore its value.
W: Sdm-2008: The attribute named LOC is not legal, then it has no effect, ignore its value.
W: Sdm-2008: The attribute named LOC is not legal, then it has no effect, ignore its value.
W: Sdm-2008: The attribute named LOC is not legal, then it has no effect, ignore its value.
W: Sdm-2008: The attribute named LOC is not legal, then it has no effect, ignore its value.
W: Sdm-2008: The attribute named LOC is not legal, then it has no effect, ignore its value.
W: Sdm-2008: The attribute named LOC is not legal, then it has no effect, ignore its value.
W: Sdm-2008: The attribute named LOC is not legal, then it has no effect, ignore its value.
W: Sdm-2008: The attribute named LOC is not legal, then it has no effect, ignore its value.
W: Sdm-2008: The attribute named LOC is not legal, then it has no effect, ignore its value.
W: Sdm-2008: The attribute named LOC is not legal, then it has no effect, ignore its value.
W: Sdm-2008: The attribute named LOC is not legal, then it has no effect, ignore its value.
W: Sdm-2008: The attribute named LOC is not legal, then it has no effect, ignore its value.
W: Sdm-2008: The attribute named LOC is not legal, then it has no effect, ignore its value.
W: Sdm-2008: The attribute named LOC is not legal, then it has no effect, ignore its value.
W: Sdm-2008: The attribute named LOC is not legal, then it has no effect, ignore its value.
W: Sdm-2008: The attribute named LOC is not legal, then it has no effect, ignore its value.
W: Sdm-2008: The attribute named LOC is not legal, then it has no effect, ignore its value.
W: Sdm-2008: The attribute named LOC is not legal, then it has no effect, ignore its value.
W: Sdm-2008: The attribute named LOC is not legal, then it has no effect, ignore its value.
W: Sdm-2008: The attribute named LOC is not legal, then it has no effect, ignore its value.
W: Sdm-2008: The attribute named LOC is not legal, then it has no effect, ignore its value.
W: Sdm-2008: The attribute named LOC is not legal, then it has no effect, ignore its value.
W: Sdm-2008: The attribute named LOC is not legal, then it has no effect, ignore its value.
W: Sdm-2008: The attribute named LOC is not legal, then it has no effect, ignore its value.
W: Sdm-2008: The attribute named LOC is not legal, then it has no effect, ignore its value.
W: Sdm-2008: The attribute named LOC is not legal, then it has no effect, ignore its value.
W: Sdm-2008: The attribute named LOC is not legal, then it has no effect, ignore its value.
W: Sdm-2008: The attribute named LOC is not legal, then it has no effect, ignore its value.
W: Sdm-2008: The attribute named LOC is not legal, then it has no effect, ignore its value.
W: Sdm-2008: The attribute named LOC is not legal, then it has no effect, ignore its value.
W: Sdm-2008: The attribute named LOC is not legal, then it has no effect, ignore its value.
W: Sdm-2008: The attribute named LOC is not legal, then it has no effect, ignore its value.
W: Sdm-2008: The attribute named LOC is not legal, then it has no effect, ignore its value.
W: Sdm-2008: The attribute named LOC is not legal, then it has no effect, ignore its value.
W: Sdm-2008: The attribute named LOC is not legal, then it has no effect, ignore its value.
W: Sdm-2008: The attribute named LOC is not legal, then it has no effect, ignore its value.
W: Sdm-2008: The attribute named LOC is not legal, then it has no effect, ignore its value.
W: Sdm-2008: The attribute named LOC is not legal, then it has no effect, ignore its value.
W: Sdm-2008: The attribute named LOC is not legal, then it has no effect, ignore its value.
W: Sdm-2008: The attribute named LOC is not legal, then it has no effect, ignore its value.
W: Sdm-2008: The attribute named LOC is not legal, then it has no effect, ignore its value.
W: Sdm-2008: The attribute named LOC is not legal, then it has no effect, ignore its value.
W: Sdm-2008: The attribute named LOC is not legal, then it has no effect, ignore its value.
W: Sdm-2008: The attribute named LOC is not legal, then it has no effect, ignore its value.
W: Sdm-2008: The attribute named LOC is not legal, then it has no effect, ignore its value.
W: Sdm-2008: The attribute named LOC is not legal, then it has no effect, ignore its value.
W: Sdm-2008: The attribute named LOC is not legal, then it has no effect, ignore its value.
W: Sdm-2008: The attribute named LOC is not legal, then it has no effect, ignore its value.
W: Sdm-2008: The attribute named LOC is not legal, then it has no effect, ignore its value.
W: Sdm-2008: The attribute named LOC is not legal, then it has no effect, ignore its value.
W: Sdm-2008: The attribute named LOC is not legal, then it has no effect, ignore its value.
W: Sdm-2008: The attribute named LOC is not legal, then it has no effect, ignore its value.
W: Sdm-2008: The attribute named LOC is not legal, then it has no effect, ignore its value.
W: Sdm-2008: The attribute named LOC is not legal, then it has no effect, ignore its value.
W: Sdm-2008: The attribute named LOC is not legal, then it has no effect, ignore its value.
W: Sdm-2008: The attribute named LOC is not legal, then it has no effect, ignore its value.
W: Sdm-2008: The attribute named LOC is not legal, then it has no effect, ignore its value.
W: Sdm-2008: The attribute named LOC is not legal, then it has no effect, ignore its value.
W: Sdm-2008: The attribute named LOC is not legal, then it has no effect, ignore its value.
W: Sdm-2008: The attribute named LOC is not legal, then it has no effect, ignore its value.
W: Sdm-2008: The attribute named LOC is not legal, then it has no effect, ignore its value.
W: Sdm-2008: The attribute named LOC is not legal, then it has no effect, ignore its value.
W: Sdm-2008: The attribute named LOC is not legal, then it has no effect, ignore its value.
W: Sdm-2008: The attribute named LOC is not legal, then it has no effect, ignore its value.
W: Sdm-2008: The attribute named LOC is not legal, then it has no effect, ignore its value.
W: Sdm-2008: The attribute named LOC is not legal, then it has no effect, ignore its value.
W: Sdm-2008: The attribute named LOC is not legal, then it has no effect, ignore its value.
W: Sdm-2008: The attribute named LOC is not legal, then it has no effect, ignore its value.
W: Sdm-2008: The attribute named LOC is not legal, then it has no effect, ignore its value.
W: Sdm-2008: The attribute named LOC is not legal, then it has no effect, ignore its value.
W: Sdm-2008: The attribute named LOC is not legal, then it has no effect, ignore its value.
W: Sdm-2008: The attribute named LOC is not legal, then it has no effect, ignore its value.
W: Sdm-2008: The attribute named LOC is not legal, then it has no effect, ignore its value.
W: Sdm-2008: The attribute named LOC is not legal, then it has no effect, ignore its value.
W: Sdm-2008: The attribute named LOC is not legal, then it has no effect, ignore its value.
W: Sdm-2008: The attribute named LOC is not legal, then it has no effect, ignore its value.
W: Sdm-2008: The attribute named LOC is not legal, then it has no effect, ignore its value.
W: Sdm-2008: The attribute named LOC is not legal, then it has no effect, ignore its value.
W: Sdm-2008: The attribute named LOC is not legal, then it has no effect, ignore its value.
W: Sdm-2008: The attribute named LOC is not legal, then it has no effect, ignore its value.
W: Sdm-2008: The attribute named LOC is not legal, then it has no effect, ignore its value.
W: Sdm-2008: The attribute named LOC is not legal, then it has no effect, ignore its value.
W: Sdm-2008: The attribute named LOC is not legal, then it has no effect, ignore its value.
W: Sdm-2008: The attribute named LOC is not legal, then it has no effect, ignore its value.
W: Sdm-2008: The attribute named LOC is not legal, then it has no effect, ignore its value.
W: Sdm-2008: The attribute named LOC is not legal, then it has no effect, ignore its value.
W: Sdm-2008: The attribute named LOC is not legal, then it has no effect, ignore its value.
W: Sdm-2008: The attribute named LOC is not legal, then it has no effect, ignore its value.
W: Sdm-2008: The attribute named LOC is not legal, then it has no effect, ignore its value.
W: Sdm-2008: The attribute named LOC is not legal, then it has no effect, ignore its value.
W: Sdm-2008: The attribute named LOC is not legal, then it has no effect, ignore its value.
W: Sdm-2008: The attribute named LOC is not legal, then it has no effect, ignore its value.
W: Sdm-2008: The attribute named LOC is not legal, then it has no effect, ignore its value.
W: Sdm-2008: The attribute named LOC is not legal, then it has no effect, ignore its value.
W: Sdm-2008: The attribute named LOC is not legal, then it has no effect, ignore its value.
W: Sdm-2008: The attribute named LOC is not legal, then it has no effect, ignore its value.
W: Sdm-2008: The attribute named LOC is not legal, then it has no effect, ignore its value.
W: Sdm-2008: The attribute named LOC is not legal, then it has no effect, ignore its value.
W: Sdm-2008: The attribute named LOC is not legal, then it has no effect, ignore its value.
W: Sdm-2008: The attribute named LOC is not legal, then it has no effect, ignore its value.
W: Sdm-2008: The attribute named LOC is not legal, then it has no effect, ignore its value.
W: Sdm-2008: The attribute named LOC is not legal, then it has no effect, ignore its value.
W: Sdm-2008: The attribute named LOC is not legal, then it has no effect, ignore its value.
W: Sdm-2008: The attribute named LOC is not legal, then it has no effect, ignore its value.
W: Sdm-2008: The attribute named LOC is not legal, then it has no effect, ignore its value.
W: Sdm-2008: The attribute named LOC is not legal, then it has no effect, ignore its value.
W: Sdm-2008: The attribute named LOC is not legal, then it has no effect, ignore its value.
W: Sdm-2008: The attribute named LOC is not legal, then it has no effect, ignore its value.
W: Sdm-2008: The attribute named LOC is not legal, then it has no effect, ignore its value.
W: Sdm-2008: The attribute named LOC is not legal, then it has no effect, ignore its value.
W: Sdm-2008: The attribute named LOC is not legal, then it has no effect, ignore its value.
W: Sdm-2008: The attribute named LOC is not legal, then it has no effect, ignore its value.
W: Sdm-2008: The attribute named LOC is not legal, then it has no effect, ignore its value.
W: Sdm-2008: The attribute named LOC is not legal, then it has no effect, ignore its value.
W: Sdm-2008: The attribute named LOC is not legal, then it has no effect, ignore its value.
W: Sdm-2008: The attribute named LOC is not legal, then it has no effect, ignore its value.
W: Sdm-2008: The attribute named LOC is not legal, then it has no effect, ignore its value.
W: Sdm-2008: The attribute named LOC is not legal, then it has no effect, ignore its value.
W: Sdm-2008: The attribute named LOC is not legal, then it has no effect, ignore its value.
W: Sdm-2008: The attribute named LOC is not legal, then it has no effect, ignore its value.
W: Sdm-2008: The attribute named LOC is not legal, then it has no effect, ignore its value.
W: Sdm-2008: The attribute named LOC is not legal, then it has no effect, ignore its value.
W: Sdm-2008: The attribute named LOC is not legal, then it has no effect, ignore its value.
W: Sdm-2008: The attribute named LOC is not legal, then it has no effect, ignore its value.
W: Sdm-2008: The attribute named LOC is not legal, then it has no effect, ignore its value.
W: Sdm-2008: The attribute named LOC is not legal, then it has no effect, ignore its value.
W: Sdm-2008: The attribute named LOC is not legal, then it has no effect, ignore its value.
W: Sdm-2008: The attribute named LOC is not legal, then it has no effect, ignore its value.
W: Sdm-2008: The attribute named LOC is not legal, then it has no effect, ignore its value.
W: Sdm-2008: The attribute named LOC is not legal, then it has no effect, ignore its value.
W: Sdm-2008: The attribute named LOC is not legal, then it has no effect, ignore its value.
W: Sdm-2008: The attribute named LOC is not legal, then it has no effect, ignore its value.
W: Sdm-2008: The attribute named LOC is not legal, then it has no effect, ignore its value.
W: Sdm-2008: The attribute named LOC is not legal, then it has no effect, ignore its value.
W: Sdm-2008: The attribute named LOC is not legal, then it has no effect, ignore its value.
W: Sdm-2008: The attribute named LOC is not legal, then it has no effect, ignore its value.
W: Sdm-2008: The attribute named LOC is not legal, then it has no effect, ignore its value.
W: Sdm-2008: The attribute named LOC is not legal, then it has no effect, ignore its value.
W: Sdm-2008: The attribute named LOC is not legal, then it has no effect, ignore its value.
W: Sdm-2008: The attribute named LOC is not legal, then it has no effect, ignore its value.
W: Sdm-2008: The attribute named LOC is not legal, then it has no effect, ignore its value.
W: Sdm-2008: The attribute named LOC is not legal, then it has no effect, ignore its value.
W: Sdm-2008: The attribute named LOC is not legal, then it has no effect, ignore its value.
W: Sdm-2008: The attribute named LOC is not legal, then it has no effect, ignore its value.
W: Sdm-2008: The attribute named LOC is not legal, then it has no effect, ignore its value.
W: Sdm-2008: The attribute named LOC is not legal, then it has no effect, ignore its value.
W: Sdm-2008: The attribute named LOC is not legal, then it has no effect, ignore its value.
W: Sdm-2008: The attribute named LOC is not legal, then it has no effect, ignore its value.
W: Sdm-2008: The attribute named LOC is not legal, then it has no effect, ignore its value.
W: Sdm-2008: The attribute named LOC is not legal, then it has no effect, ignore its value.
W: Sdm-2008: The attribute named LOC is not legal, then it has no effect, ignore its value.
W: Sdm-2008: The attribute named LOC is not legal, then it has no effect, ignore its value.
W: Sdm-2008: The attribute named LOC is not legal, then it has no effect, ignore its value.
W: Sdm-2008: The attribute named LOC is not legal, then it has no effect, ignore its value.
W: Sdm-2008: The attribute named LOC is not legal, then it has no effect, ignore its value.
W: Sdm-2008: The attribute named LOC is not legal, then it has no effect, ignore its value.
W: Sdm-2008: The attribute named LOC is not legal, then it has no effect, ignore its value.
W: Sdm-2008: The attribute named LOC is not legal, then it has no effect, ignore its value.
W: Sdm-2008: The attribute named LOC is not legal, then it has no effect, ignore its value.
W: Sdm-2008: The attribute named LOC is not legal, then it has no effect, ignore its value.
W: Sdm-2008: The attribute named LOC is not legal, then it has no effect, ignore its value.
W: Sdm-2008: The attribute named LOC is not legal, then it has no effect, ignore its value.
W: Sdm-2008: The attribute named LOC is not legal, then it has no effect, ignore its value.
W: Sdm-2008: The attribute named LOC is not legal, then it has no effect, ignore its value.
W: Sdm-2008: The attribute named LOC is not legal, then it has no effect, ignore its value.
W: Sdm-2008: The attribute named LOC is not legal, then it has no effect, ignore its value.
W: Sdm-2008: The attribute named LOC is not legal, then it has no effect, ignore its value.
W: Sdm-2008: The attribute named LOC is not legal, then it has no effect, ignore its value.
W: Sdm-2008: The attribute named LOC is not legal, then it has no effect, ignore its value.
W: Sdm-2008: The attribute named LOC is not legal, then it has no effect, ignore its value.
W: Sdm-2008: The attribute named LOC is not legal, then it has no effect, ignore its value.
W: Sdm-2008: The attribute named LOC is not legal, then it has no effect, ignore its value.
W: Sdm-2008: The attribute named LOC is not legal, then it has no effect, ignore its value.
W: Sdm-2008: The attribute named LOC is not legal, then it has no effect, ignore its value.
W: Sdm-2008: The attribute named LOC is not legal, then it has no effect, ignore its value.
W: Sdm-2008: The attribute named LOC is not legal, then it has no effect, ignore its value.
W: Sdm-2008: The attribute named LOC is not legal, then it has no effect, ignore its value.
W: Sdm-2008: The attribute named LOC is not legal, then it has no effect, ignore its value.
W: Sdm-2008: The attribute named LOC is not legal, then it has no effect, ignore its value.
W: Sdm-2008: The attribute named LOC is not legal, then it has no effect, ignore its value.
W: Sdm-2008: The attribute named LOC is not legal, then it has no effect, ignore its value.
W: Sdm-2008: The attribute named LOC is not legal, then it has no effect, ignore its value.
W: Sdm-2008: The attribute named LOC is not legal, then it has no effect, ignore its value.
W: Sdm-2008: The attribute named LOC is not legal, then it has no effect, ignore its value.
W: Sdm-2008: The attribute named LOC is not legal, then it has no effect, ignore its value.
W: Sdm-2008: The attribute named LOC is not legal, then it has no effect, ignore its value.
W: Sdm-2008: The attribute named LOC is not legal, then it has no effect, ignore its value.
W: Sdm-2008: The attribute named LOC is not legal, then it has no effect, ignore its value.
W: Sdm-2008: The attribute named LOC is not legal, then it has no effect, ignore its value.
W: Sdm-2008: The attribute named LOC is not legal, then it has no effect, ignore its value.
W: Sdm-2008: The attribute named LOC is not legal, then it has no effect, ignore its value.
W: Sdm-2008: The attribute named LOC is not legal, then it has no effect, ignore its value.
W: Sdm-2008: The attribute named LOC is not legal, then it has no effect, ignore its value.
W: Sdm-2008: The attribute named LOC is not legal, then it has no effect, ignore its value.
W: Sdm-2008: The attribute named LOC is not legal, then it has no effect, ignore its value.
W: Sdm-2008: The attribute named LOC is not legal, then it has no effect, ignore its value.
W: Sdm-2008: The attribute named LOC is not legal, then it has no effect, ignore its value.
W: Sdm-2008: The attribute named LOC is not legal, then it has no effect, ignore its value.
W: Sdm-2008: The attribute named LOC is not legal, then it has no effect, ignore its value.
W: Sdm-2008: The attribute named LOC is not legal, then it has no effect, ignore its value.
W: Sdm-2008: The attribute named LOC is not legal, then it has no effect, ignore its value.
W: Sdm-2008: The attribute named LOC is not legal, then it has no effect, ignore its value.
W: Sdm-2008: The attribute named LOC is not legal, then it has no effect, ignore its value.
W: Sdm-2008: The attribute named LOC is not legal, then it has no effect, ignore its value.
W: Sdm-2008: The attribute named LOC is not legal, then it has no effect, ignore its value.
W: Sdm-2008: The attribute named LOC is not legal, then it has no effect, ignore its value.
W: Sdm-2008: The attribute named LOC is not legal, then it has no effect, ignore its value.
W: Sdm-2008: The attribute named LOC is not legal, then it has no effect, ignore its value.
W: Sdm-2008: The attribute named LOC is not legal, then it has no effect, ignore its value.
W: Sdm-2008: The attribute named LOC is not legal, then it has no effect, ignore its value.
W: Sdm-2008: The attribute named LOC is not legal, then it has no effect, ignore its value.
W: Sdm-2008: The attribute named LOC is not legal, then it has no effect, ignore its value.
W: Sdm-2008: The attribute named LOC is not legal, then it has no effect, ignore its value.
W: Sdm-2008: The attribute named LOC is not legal, then it has no effect, ignore its value.
W: Sdm-2008: The attribute named LOC is not legal, then it has no effect, ignore its value.
W: Sdm-2008: The attribute named LOC is not legal, then it has no effect, ignore its value.
W: Sdm-2008: The attribute named LOC is not legal, then it has no effect, ignore its value.
W: Sdm-2008: The attribute named LOC is not legal, then it has no effect, ignore its value.
W: Sdm-2008: The attribute named LOC is not legal, then it has no effect, ignore its value.
W: Sdm-2008: The attribute named LOC is not legal, then it has no effect, ignore its value.
W: Sdm-2008: The attribute named LOC is not legal, then it has no effect, ignore its value.
W: Sdm-2008: The attribute named LOC is not legal, then it has no effect, ignore its value.
W: Sdm-2008: The attribute named LOC is not legal, then it has no effect, ignore its value.
W: Sdm-2008: The attribute named LOC is not legal, then it has no effect, ignore its value.
W: Sdm-2008: The attribute named LOC is not legal, then it has no effect, ignore its value.
W: Sdm-2008: The attribute named LOC is not legal, then it has no effect, ignore its value.
W: Sdm-2008: The attribute named LOC is not legal, then it has no effect, ignore its value.
W: Sdm-2008: The attribute named LOC is not legal, then it has no effect, ignore its value.
W: Sdm-2008: The attribute named LOC is not legal, then it has no effect, ignore its value.
W: Sdm-2008: The attribute named LOC is not legal, then it has no effect, ignore its value.
W: Sdm-2008: The attribute named LOC is not legal, then it has no effect, ignore its value.
W: Sdm-2008: The attribute named LOC is not legal, then it has no effect, ignore its value.
W: Sdm-2008: The attribute named LOC is not legal, then it has no effect, ignore its value.
W: Sdm-2008: The attribute named LOC is not legal, then it has no effect, ignore its value.
W: Sdm-2008: The attribute named LOC is not legal, then it has no effect, ignore its value.
W: Sdm-2008: The attribute named LOC is not legal, then it has no effect, ignore its value.
W: Sdm-2008: The attribute named LOC is not legal, then it has no effect, ignore its value.
W: Sdm-2008: The attribute named LOC is not legal, then it has no effect, ignore its value.
W: Sdm-2008: The attribute named LOC is not legal, then it has no effect, ignore its value.
W: Sdm-2008: The attribute named LOC is not legal, then it has no effect, ignore its value.
W: Sdm-2008: The attribute named LOC is not legal, then it has no effect, ignore its value.
W: Sdm-2008: The attribute named LOC is not legal, then it has no effect, ignore its value.
W: Sdm-2008: The attribute named LOC is not legal, then it has no effect, ignore its value.
W: Sdm-2008: The attribute named LOC is not legal, then it has no effect, ignore its value.
W: Sdm-2008: The attribute named LOC is not legal, then it has no effect, ignore its value.
W: Sdm-2008: The attribute named LOC is not legal, then it has no effect, ignore its value.
W: Sdm-2008: The attribute named LOC is not legal, then it has no effect, ignore its value.
W: Sdm-2008: The attribute named LOC is not legal, then it has no effect, ignore its value.
W: Sdm-2008: The attribute named LOC is not legal, then it has no effect, ignore its value.
W: Sdm-2008: The attribute named LOC is not legal, then it has no effect, ignore its value.
W: Sdm-2008: The attribute named LOC is not legal, then it has no effect, ignore its value.
W: Sdm-2008: The attribute named LOC is not legal, then it has no effect, ignore its value.
W: Sdm-2008: The attribute named LOC is not legal, then it has no effect, ignore its value.
W: Sdm-2008: The attribute named LOC is not legal, then it has no effect, ignore its value.
W: Sdm-2008: The attribute named LOC is not legal, then it has no effect, ignore its value.
W: Sdm-2008: The attribute named LOC is not legal, then it has no effect, ignore its value.
W: Sdm-2008: The attribute named LOC is not legal, then it has no effect, ignore its value.
W: Sdm-2008: The attribute named LOC is not legal, then it has no effect, ignore its value.
W: Sdm-2008: The attribute named LOC is not legal, then it has no effect, ignore its value.
W: Sdm-2008: The attribute named LOC is not legal, then it has no effect, ignore its value.
W: Sdm-2008: The attribute named LOC is not legal, then it has no effect, ignore its value.
W: Sdm-2008: The attribute named LOC is not legal, then it has no effect, ignore its value.
W: Sdm-2008: The attribute named LOC is not legal, then it has no effect, ignore its value.
W: Sdm-2008: The attribute named LOC is not legal, then it has no effect, ignore its value.
W: Sdm-2008: The attribute named LOC is not legal, then it has no effect, ignore its value.
W: Sdm-2008: The attribute named LOC is not legal, then it has no effect, ignore its value.
W: Sdm-2008: The attribute named LOC is not legal, then it has no effect, ignore its value.
W: Sdm-2008: The attribute named LOC is not legal, then it has no effect, ignore its value.
W: Sdm-2008: The attribute named LOC is not legal, then it has no effect, ignore its value.
W: Sdm-2008: The attribute named LOC is not legal, then it has no effect, ignore its value.
W: Sdm-2008: The attribute named LOC is not legal, then it has no effect, ignore its value.
W: Sdm-2008: The attribute named LOC is not legal, then it has no effect, ignore its value.
W: Sdm-2008: The attribute named LOC is not legal, then it has no effect, ignore its value.
W: Sdm-2008: The attribute named LOC is not legal, then it has no effect, ignore its value.
W: Sdm-2008: The attribute named LOC is not legal, then it has no effect, ignore its value.
W: Sdm-2008: The attribute named LOC is not legal, then it has no effect, ignore its value.
W: Sdm-2008: The attribute named LOC is not legal, then it has no effect, ignore its value.
W: Sdm-2008: The attribute named LOC is not legal, then it has no effect, ignore its value.
W: Sdm-2008: The attribute named LOC is not legal, then it has no effect, ignore its value.
W: Sdm-2008: The attribute named LOC is not legal, then it has no effect, ignore its value.
W: Sdm-2008: The attribute named LOC is not legal, then it has no effect, ignore its value.
W: Sdm-2008: The attribute named LOC is not legal, then it has no effect, ignore its value.
W: Sdm-2008: The attribute named LOC is not legal, then it has no effect, ignore its value.
W: Sdm-2008: The attribute named LOC is not legal, then it has no effect, ignore its value.
W: Sdm-2008: The attribute named LOC is not legal, then it has no effect, ignore its value.
W: Sdm-2008: The attribute named LOC is not legal, then it has no effect, ignore its value.
W: Sdm-2008: The attribute named LOC is not legal, then it has no effect, ignore its value.
W: Sdm-2008: The attribute named LOC is not legal, then it has no effect, ignore its value.
W: Sdm-2008: The attribute named LOC is not legal, then it has no effect, ignore its value.
W: Sdm-2008: The attribute named LOC is not legal, then it has no effect, ignore its value.
W: Sdm-2008: The attribute named LOC is not legal, then it has no effect, ignore its value.
W: Sdm-2008: The attribute named LOC is not legal, then it has no effect, ignore its value.
W: Sdm-2008: The attribute named LOC is not legal, then it has no effect, ignore its value.
W: Sdm-2008: The attribute named LOC is not legal, then it has no effect, ignore its value.
W: Sdm-2008: The attribute named LOC is not legal, then it has no effect, ignore its value.
W: Sdm-2008: The attribute named LOC is not legal, then it has no effect, ignore its value.
W: Sdm-2008: The attribute named LOC is not legal, then it has no effect, ignore its value.
W: Sdm-2008: The attribute named LOC is not legal, then it has no effect, ignore its value.
W: Sdm-2008: The attribute named LOC is not legal, then it has no effect, ignore its value.
W: Sdm-2008: The attribute named LOC is not legal, then it has no effect, ignore its value.
W: Sdm-2008: The attribute named LOC is not legal, then it has no effect, ignore its value.
W: Sdm-2008: The attribute named LOC is not legal, then it has no effect, ignore its value.
W: Sdm-2008: The attribute named LOC is not legal, then it has no effect, ignore its value.
W: Sdm-2008: The attribute named LOC is not legal, then it has no effect, ignore its value.
W: Sdm-2008: The attribute named LOC is not legal, then it has no effect, ignore its value.
W: Sdm-2008: The attribute named LOC is not legal, then it has no effect, ignore its value.
W: Sdm-2008: The attribute named LOC is not legal, then it has no effect, ignore its value.
W: Sdm-2008: The attribute named LOC is not legal, then it has no effect, ignore its value.
W: Sdm-2008: The attribute named LOC is not legal, then it has no effect, ignore its value.
W: Sdm-2008: The attribute named LOC is not legal, then it has no effect, ignore its value.
W: Sdm-2008: The attribute named LOC is not legal, then it has no effect, ignore its value.
W: Sdm-2008: The attribute named LOC is not legal, then it has no effect, ignore its value.
W: Sdm-2008: The attribute named LOC is not legal, then it has no effect, ignore its value.
W: Sdm-2008: The attribute named LOC is not legal, then it has no effect, ignore its value.
W: Sdm-2008: The attribute named LOC is not legal, then it has no effect, ignore its value.
W: Sdm-2008: The attribute named LOC is not legal, then it has no effect, ignore its value.
W: Sdm-2008: The attribute named LOC is not legal, then it has no effect, ignore its value.
W: Sdm-2008: The attribute named LOC is not legal, then it has no effect, ignore its value.
W: Sdm-2008: The attribute named LOC is not legal, then it has no effect, ignore its value.
W: Sdm-2008: The attribute named LOC is not legal, then it has no effect, ignore its value.
W: Sdm-2008: The attribute named LOC is not legal, then it has no effect, ignore its value.
W: Sdm-2008: The attribute named LOC is not legal, then it has no effect, ignore its value.
W: Sdm-2008: The attribute named LOC is not legal, then it has no effect, ignore its value.
W: Sdm-2008: The attribute named LOC is not legal, then it has no effect, ignore its value.
W: Sdm-2008: The attribute named LOC is not legal, then it has no effect, ignore its value.
W: Sdm-2008: The attribute named LOC is not legal, then it has no effect, ignore its value.
W: Sdm-2008: The attribute named LOC is not legal, then it has no effect, ignore its value.
W: Sdm-2008: The attribute named LOC is not legal, then it has no effect, ignore its value.
W: Sdm-2008: The attribute named LOC is not legal, then it has no effect, ignore its value.
W: Sdm-2008: The attribute named LOC is not legal, then it has no effect, ignore its value.
W: Sdm-2008: The attribute named LOC is not legal, then it has no effect, ignore its value.
W: Sdm-2008: The attribute named LOC is not legal, then it has no effect, ignore its value.
W: Sdm-2008: The attribute named LOC is not legal, then it has no effect, ignore its value.
W: Sdm-2008: The attribute named LOC is not legal, then it has no effect, ignore its value.
W: Sdm-2008: The attribute named LOC is not legal, then it has no effect, ignore its value.
W: Sdm-2008: The attribute named LOC is not legal, then it has no effect, ignore its value.
W: Sdm-2008: The attribute named LOC is not legal, then it has no effect, ignore its value.
W: Sdm-2008: The attribute named LOC is not legal, then it has no effect, ignore its value.
W: Sdm-2008: The attribute named LOC is not legal, then it has no effect, ignore its value.
W: Sdm-2008: The attribute named LOC is not legal, then it has no effect, ignore its value.
W: Sdm-2008: The attribute named LOC is not legal, then it has no effect, ignore its value.
W: Sdm-2008: The attribute named LOC is not legal, then it has no effect, ignore its value.
W: Sdm-2008: The attribute named LOC is not legal, then it has no effect, ignore its value.
W: Sdm-2008: The attribute named LOC is not legal, then it has no effect, ignore its value.
W: Sdm-2008: The attribute named LOC is not legal, then it has no effect, ignore its value.
W: Sdm-2008: The attribute named LOC is not legal, then it has no effect, ignore its value.
W: Sdm-2008: The attribute named LOC is not legal, then it has no effect, ignore its value.
W: Sdm-2008: The attribute named LOC is not legal, then it has no effect, ignore its value.
W: Sdm-2008: The attribute named LOC is not legal, then it has no effect, ignore its value.
W: Sdm-2008: The attribute named LOC is not legal, then it has no effect, ignore its value.
W: Sdm-2008: The attribute named LOC is not legal, then it has no effect, ignore its value.
W: Sdm-2008: The attribute named LOC is not legal, then it has no effect, ignore its value.
W: Sdm-2008: The attribute named LOC is not legal, then it has no effect, ignore its value.
W: Sdm-2008: The attribute named LOC is not legal, then it has no effect, ignore its value.
W: Sdm-2008: The attribute named LOC is not legal, then it has no effect, ignore its value.
W: Sdm-2008: The attribute named LOC is not legal, then it has no effect, ignore its value.
W: Sdm-2008: The attribute named LOC is not legal, then it has no effect, ignore its value.
W: Sdm-2008: The attribute named LOC is not legal, then it has no effect, ignore its value.
W: Sdm-2008: The attribute named LOC is not legal, then it has no effect, ignore its value.
W: Sdm-2008: The attribute named LOC is not legal, then it has no effect, ignore its value.
W: Sdm-2008: The attribute named LOC is not legal, then it has no effect, ignore its value.
W: Sdm-2008: The attribute named LOC is not legal, then it has no effect, ignore its value.
W: Sdm-2008: The attribute named LOC is not legal, then it has no effect, ignore its value.
W: Sdm-2008: The attribute named LOC is not legal, then it has no effect, ignore its value.
W: Sdm-2008: The attribute named LOC is not legal, then it has no effect, ignore its value.
W: Sdm-2008: The attribute named LOC is not legal, then it has no effect, ignore its value.
W: Sdm-2008: The attribute named LOC is not legal, then it has no effect, ignore its value.
W: Sdm-2008: The attribute named LOC is not legal, then it has no effect, ignore its value.
W: Sdm-2008: The attribute named LOC is not legal, then it has no effect, ignore its value.
W: Sdm-2008: The attribute named LOC is not legal, then it has no effect, ignore its value.
W: Sdm-2008: The attribute named LOC is not legal, then it has no effect, ignore its value.
W: Sdm-2008: The attribute named LOC is not legal, then it has no effect, ignore its value.
W: Sdm-2008: The attribute named LOC is not legal, then it has no effect, ignore its value.
W: Sdm-2008: The attribute named LOC is not legal, then it has no effect, ignore its value.
W: Sdm-2008: The attribute named LOC is not legal, then it has no effect, ignore its value.
W: Sdm-2008: The attribute named LOC is not legal, then it has no effect, ignore its value.
W: Sdm-2008: The attribute named LOC is not legal, then it has no effect, ignore its value.
W: Sdm-2008: The attribute named LOC is not legal, then it has no effect, ignore its value.
W: Sdm-2008: The attribute named LOC is not legal, then it has no effect, ignore its value.
W: Sdm-2008: The attribute named LOC is not legal, then it has no effect, ignore its value.
W: Sdm-2008: The attribute named LOC is not legal, then it has no effect, ignore its value.
W: Sdm-2008: The attribute named LOC is not legal, then it has no effect, ignore its value.
W: Sdm-2008: The attribute named LOC is not legal, then it has no effect, ignore its value.
W: Sdm-2008: The attribute named LOC is not legal, then it has no effect, ignore its value.
W: Sdm-2008: The attribute named LOC is not legal, then it has no effect, ignore its value.
W: Sdm-2008: The attribute named LOC is not legal, then it has no effect, ignore its value.
W: Sdm-2008: The attribute named LOC is not legal, then it has no effect, ignore its value.
W: Sdm-2008: The attribute named LOC is not legal, then it has no effect, ignore its value.
W: Sdm-2008: The attribute named LOC is not legal, then it has no effect, ignore its value.
W: Sdm-2008: The attribute named LOC is not legal, then it has no effect, ignore its value.
W: Sdm-2008: The attribute named LOC is not legal, then it has no effect, ignore its value.
W: Sdm-2008: The attribute named LOC is not legal, then it has no effect, ignore its value.
W: Sdm-2008: The attribute named LOC is not legal, then it has no effect, ignore its value.
W: Sdm-2008: The attribute named LOC is not legal, then it has no effect, ignore its value.
W: Sdm-2008: The attribute named LOC is not legal, then it has no effect, ignore its value.
W: Sdm-2008: The attribute named LOC is not legal, then it has no effect, ignore its value.
W: Sdm-2008: The attribute named LOC is not legal, then it has no effect, ignore its value.
W: Sdm-2008: The attribute named LOC is not legal, then it has no effect, ignore its value.
W: Sdm-2008: The attribute named LOC is not legal, then it has no effect, ignore its value.
W: Sdm-2008: The attribute named LOC is not legal, then it has no effect, ignore its value.
W: Sdm-2008: The attribute named LOC is not legal, then it has no effect, ignore its value.
W: Sdm-2008: The attribute named LOC is not legal, then it has no effect, ignore its value.
W: Sdm-2008: The attribute named LOC is not legal, then it has no effect, ignore its value.
W: Sdm-2008: The attribute named LOC is not legal, then it has no effect, ignore its value.
W: Sdm-2008: The attribute named LOC is not legal, then it has no effect, ignore its value.
W: Sdm-2008: The attribute named LOC is not legal, then it has no effect, ignore its value.
W: Sdm-2008: The attribute named LOC is not legal, then it has no effect, ignore its value.
W: Sdm-2008: The attribute named LOC is not legal, then it has no effect, ignore its value.
W: Sdm-2008: The attribute named LOC is not legal, then it has no effect, ignore its value.
W: Sdm-2008: The attribute named LOC is not legal, then it has no effect, ignore its value.
W: Sdm-2008: The attribute named LOC is not legal, then it has no effect, ignore its value.
W: Sdm-2008: The attribute named LOC is not legal, then it has no effect, ignore its value.
I: Module instance {Tieta_Feiteng_1001_top} parameter value:
    PEAVEY_SUPPORT = 1'h1 | 1'd1 | 1'b1
W: Sdm-2008: The attribute named LOC is not legal, then it has no effect, ignore its value.
W: Sdm-2008: The attribute named LOC is not legal, then it has no effect, ignore its value.
W: Sdm-2008: The attribute named LOC is not legal, then it has no effect, ignore its value.
W: Sdm-2008: The attribute named LOC is not legal, then it has no effect, ignore its value.
W: Sdm-2008: The attribute named LOC is not legal, then it has no effect, ignore its value.
W: Sdm-2008: The attribute named LOC is not legal, then it has no effect, ignore its value.
W: Sdm-2008: The attribute named LOC is not legal, then it has no effect, ignore its value.
W: Sdm-2008: The attribute named LOC is not legal, then it has no effect, ignore its value.
W: Sdm-2008: The attribute named LOC is not legal, then it has no effect, ignore its value.
W: Sdm-2008: The attribute named LOC is not legal, then it has no effect, ignore its value.
W: Sdm-2008: The attribute named LOC is not legal, then it has no effect, ignore its value.
W: Sdm-2008: The attribute named LOC is not legal, then it has no effect, ignore its value.
W: Sdm-2008: The attribute named LOC is not legal, then it has no effect, ignore its value.
W: Sdm-2008: The attribute named LOC is not legal, then it has no effect, ignore its value.
W: Sdm-2008: The attribute named LOC is not legal, then it has no effect, ignore its value.
W: Sdm-2008: The attribute named LOC is not legal, then it has no effect, ignore its value.
W: Sdm-2008: The attribute named LOC is not legal, then it has no effect, ignore its value.
W: Sdm-2008: The attribute named LOC is not legal, then it has no effect, ignore its value.
W: Sdm-2008: The attribute named LOC is not legal, then it has no effect, ignore its value.
W: Sdm-2008: The attribute named LOC is not legal, then it has no effect, ignore its value.
W: Sdm-2008: The attribute named LOC is not legal, then it has no effect, ignore its value.
W: Sdm-2008: The attribute named LOC is not legal, then it has no effect, ignore its value.
W: Sdm-2008: The attribute named LOC is not legal, then it has no effect, ignore its value.
W: Sdm-2008: The attribute named LOC is not legal, then it has no effect, ignore its value.
W: Sdm-2008: The attribute named LOC is not legal, then it has no effect, ignore its value.
W: Sdm-2008: The attribute named LOC is not legal, then it has no effect, ignore its value.
W: Sdm-2008: The attribute named LOC is not legal, then it has no effect, ignore its value.
W: Sdm-2008: The attribute named LOC is not legal, then it has no effect, ignore its value.
W: Sdm-2008: The attribute named LOC is not legal, then it has no effect, ignore its value.
W: Sdm-2008: The attribute named LOC is not legal, then it has no effect, ignore its value.
W: Sdm-2008: The attribute named LOC is not legal, then it has no effect, ignore its value.
W: Sdm-2008: The attribute named LOC is not legal, then it has no effect, ignore its value.
W: Sdm-2008: The attribute named LOC is not legal, then it has no effect, ignore its value.
W: Sdm-2008: The attribute named LOC is not legal, then it has no effect, ignore its value.
W: Sdm-2008: The attribute named LOC is not legal, then it has no effect, ignore its value.
W: Sdm-2008: The attribute named LOC is not legal, then it has no effect, ignore its value.
W: Sdm-2008: The attribute named LOC is not legal, then it has no effect, ignore its value.
W: Sdm-2008: The attribute named LOC is not legal, then it has no effect, ignore its value.
W: Sdm-2008: The attribute named LOC is not legal, then it has no effect, ignore its value.
W: Sdm-2008: The attribute named LOC is not legal, then it has no effect, ignore its value.
W: Sdm-2008: The attribute named LOC is not legal, then it has no effect, ignore its value.
W: Sdm-2008: The attribute named LOC is not legal, then it has no effect, ignore its value.
W: Sdm-2008: The attribute named LOC is not legal, then it has no effect, ignore its value.
W: Sdm-2008: The attribute named LOC is not legal, then it has no effect, ignore its value.
W: Sdm-2008: The attribute named LOC is not legal, then it has no effect, ignore its value.
W: Sdm-2008: The attribute named LOC is not legal, then it has no effect, ignore its value.
W: Sdm-2008: The attribute named LOC is not legal, then it has no effect, ignore its value.
W: Sdm-2008: The attribute named LOC is not legal, then it has no effect, ignore its value.
W: Sdm-2008: The attribute named LOC is not legal, then it has no effect, ignore its value.
W: Sdm-2008: The attribute named LOC is not legal, then it has no effect, ignore its value.
W: Sdm-2008: The attribute named LOC is not legal, then it has no effect, ignore its value.
W: Sdm-2008: The attribute named LOC is not legal, then it has no effect, ignore its value.
W: Sdm-2008: The attribute named LOC is not legal, then it has no effect, ignore its value.
W: Sdm-2008: The attribute named LOC is not legal, then it has no effect, ignore its value.
W: Sdm-2008: The attribute named LOC is not legal, then it has no effect, ignore its value.
W: Sdm-2008: The attribute named LOC is not legal, then it has no effect, ignore its value.
W: Sdm-2008: The attribute named LOC is not legal, then it has no effect, ignore its value.
W: Sdm-2008: The attribute named LOC is not legal, then it has no effect, ignore its value.
W: Sdm-2008: The attribute named LOC is not legal, then it has no effect, ignore its value.
W: Sdm-2008: The attribute named LOC is not legal, then it has no effect, ignore its value.
W: Sdm-2008: The attribute named LOC is not legal, then it has no effect, ignore its value.
W: Sdm-2008: The attribute named LOC is not legal, then it has no effect, ignore its value.
W: Sdm-2008: The attribute named LOC is not legal, then it has no effect, ignore its value.
W: Sdm-2008: The attribute named LOC is not legal, then it has no effect, ignore its value.
W: Sdm-2008: The attribute named LOC is not legal, then it has no effect, ignore its value.
W: Sdm-2008: The attribute named LOC is not legal, then it has no effect, ignore its value.
W: Sdm-2008: The attribute named LOC is not legal, then it has no effect, ignore its value.
W: Sdm-2008: The attribute named LOC is not legal, then it has no effect, ignore its value.
W: Sdm-2008: The attribute named LOC is not legal, then it has no effect, ignore its value.
W: Sdm-2008: The attribute named LOC is not legal, then it has no effect, ignore its value.
W: Sdm-2008: The attribute named LOC is not legal, then it has no effect, ignore its value.
W: Sdm-2008: The attribute named LOC is not legal, then it has no effect, ignore its value.
W: Sdm-2008: The attribute named LOC is not legal, then it has no effect, ignore its value.
W: Sdm-2008: The attribute named LOC is not legal, then it has no effect, ignore its value.
W: Sdm-2008: The attribute named LOC is not legal, then it has no effect, ignore its value.
W: Sdm-2008: The attribute named LOC is not legal, then it has no effect, ignore its value.
W: Sdm-2008: The attribute named LOC is not legal, then it has no effect, ignore its value.
W: Sdm-2008: The attribute named LOC is not legal, then it has no effect, ignore its value.
W: Sdm-2008: The attribute named LOC is not legal, then it has no effect, ignore its value.
W: Sdm-2008: The attribute named LOC is not legal, then it has no effect, ignore its value.
W: Sdm-2008: The attribute named LOC is not legal, then it has no effect, ignore its value.
W: Sdm-2008: The attribute named LOC is not legal, then it has no effect, ignore its value.
W: Sdm-2008: The attribute named LOC is not legal, then it has no effect, ignore its value.
W: Sdm-2008: The attribute named LOC is not legal, then it has no effect, ignore its value.
W: Sdm-2008: The attribute named LOC is not legal, then it has no effect, ignore its value.
W: Sdm-2008: The attribute named LOC is not legal, then it has no effect, ignore its value.
W: Sdm-2008: The attribute named LOC is not legal, then it has no effect, ignore its value.
W: Sdm-2008: The attribute named LOC is not legal, then it has no effect, ignore its value.
W: Sdm-2008: The attribute named LOC is not legal, then it has no effect, ignore its value.
W: Sdm-2008: The attribute named LOC is not legal, then it has no effect, ignore its value.
W: Sdm-2008: The attribute named LOC is not legal, then it has no effect, ignore its value.
W: Sdm-2008: The attribute named LOC is not legal, then it has no effect, ignore its value.
W: Sdm-2008: The attribute named LOC is not legal, then it has no effect, ignore its value.
W: Sdm-2008: The attribute named LOC is not legal, then it has no effect, ignore its value.
W: Sdm-2008: The attribute named LOC is not legal, then it has no effect, ignore its value.
W: Sdm-2008: The attribute named LOC is not legal, then it has no effect, ignore its value.
W: Sdm-2008: The attribute named LOC is not legal, then it has no effect, ignore its value.
W: Sdm-2008: The attribute named LOC is not legal, then it has no effect, ignore its value.
W: Sdm-2008: The attribute named LOC is not legal, then it has no effect, ignore its value.
W: Sdm-2008: The attribute named LOC is not legal, then it has no effect, ignore its value.
W: Sdm-2008: The attribute named LOC is not legal, then it has no effect, ignore its value.
W: Sdm-2008: The attribute named LOC is not legal, then it has no effect, ignore its value.
W: Sdm-2008: The attribute named LOC is not legal, then it has no effect, ignore its value.
W: Sdm-2008: The attribute named LOC is not legal, then it has no effect, ignore its value.
W: Sdm-2008: The attribute named LOC is not legal, then it has no effect, ignore its value.
W: Sdm-2008: The attribute named LOC is not legal, then it has no effect, ignore its value.
W: Sdm-2008: The attribute named LOC is not legal, then it has no effect, ignore its value.
W: Sdm-2008: The attribute named LOC is not legal, then it has no effect, ignore its value.
W: Sdm-2008: The attribute named LOC is not legal, then it has no effect, ignore its value.
W: Sdm-2008: The attribute named LOC is not legal, then it has no effect, ignore its value.
W: Sdm-2008: The attribute named LOC is not legal, then it has no effect, ignore its value.
W: Sdm-2008: The attribute named LOC is not legal, then it has no effect, ignore its value.
W: Sdm-2008: The attribute named LOC is not legal, then it has no effect, ignore its value.
W: Sdm-2008: The attribute named LOC is not legal, then it has no effect, ignore its value.
W: Sdm-2008: The attribute named LOC is not legal, then it has no effect, ignore its value.
W: Sdm-2008: The attribute named LOC is not legal, then it has no effect, ignore its value.
W: Sdm-2008: The attribute named LOC is not legal, then it has no effect, ignore its value.
W: Sdm-2008: The attribute named LOC is not legal, then it has no effect, ignore its value.
W: Sdm-2008: The attribute named LOC is not legal, then it has no effect, ignore its value.
W: Sdm-2008: The attribute named LOC is not legal, then it has no effect, ignore its value.
W: Sdm-2008: The attribute named LOC is not legal, then it has no effect, ignore its value.
W: Sdm-2008: The attribute named LOC is not legal, then it has no effect, ignore its value.
W: Sdm-2008: The attribute named LOC is not legal, then it has no effect, ignore its value.
W: Sdm-2008: The attribute named LOC is not legal, then it has no effect, ignore its value.
W: Sdm-2008: The attribute named LOC is not legal, then it has no effect, ignore its value.
W: Sdm-2008: The attribute named LOC is not legal, then it has no effect, ignore its value.
W: Sdm-2008: The attribute named LOC is not legal, then it has no effect, ignore its value.
W: Sdm-2008: The attribute named LOC is not legal, then it has no effect, ignore its value.
W: Sdm-2008: The attribute named LOC is not legal, then it has no effect, ignore its value.
W: Sdm-2008: The attribute named LOC is not legal, then it has no effect, ignore its value.
W: Sdm-2008: The attribute named LOC is not legal, then it has no effect, ignore its value.
W: Sdm-2008: The attribute named LOC is not legal, then it has no effect, ignore its value.
W: Sdm-2008: The attribute named LOC is not legal, then it has no effect, ignore its value.
W: Sdm-2008: The attribute named LOC is not legal, then it has no effect, ignore its value.
W: Sdm-2008: The attribute named LOC is not legal, then it has no effect, ignore its value.
W: Sdm-2008: The attribute named LOC is not legal, then it has no effect, ignore its value.
W: Sdm-2008: The attribute named LOC is not legal, then it has no effect, ignore its value.
W: Sdm-2008: The attribute named LOC is not legal, then it has no effect, ignore its value.
W: Sdm-2008: The attribute named LOC is not legal, then it has no effect, ignore its value.
W: Sdm-2008: The attribute named LOC is not legal, then it has no effect, ignore its value.
W: Sdm-2008: The attribute named LOC is not legal, then it has no effect, ignore its value.
W: Sdm-2008: The attribute named LOC is not legal, then it has no effect, ignore its value.
W: Sdm-2008: The attribute named LOC is not legal, then it has no effect, ignore its value.
W: Sdm-2008: The attribute named LOC is not legal, then it has no effect, ignore its value.
W: Sdm-2008: The attribute named LOC is not legal, then it has no effect, ignore its value.
W: Sdm-2008: The attribute named LOC is not legal, then it has no effect, ignore its value.
W: Sdm-2008: The attribute named LOC is not legal, then it has no effect, ignore its value.
W: Sdm-2008: The attribute named LOC is not legal, then it has no effect, ignore its value.
W: Sdm-2008: The attribute named LOC is not legal, then it has no effect, ignore its value.
W: Sdm-2008: The attribute named LOC is not legal, then it has no effect, ignore its value.
W: Sdm-2008: The attribute named LOC is not legal, then it has no effect, ignore its value.
W: Sdm-2008: The attribute named LOC is not legal, then it has no effect, ignore its value.
W: Sdm-2008: The attribute named LOC is not legal, then it has no effect, ignore its value.
W: Sdm-2008: The attribute named LOC is not legal, then it has no effect, ignore its value.
W: Sdm-2008: The attribute named LOC is not legal, then it has no effect, ignore its value.
W: Sdm-2008: The attribute named LOC is not legal, then it has no effect, ignore its value.
W: Sdm-2008: The attribute named LOC is not legal, then it has no effect, ignore its value.
W: Sdm-2008: The attribute named LOC is not legal, then it has no effect, ignore its value.
W: Sdm-2008: The attribute named LOC is not legal, then it has no effect, ignore its value.
W: Sdm-2008: The attribute named LOC is not legal, then it has no effect, ignore its value.
W: Sdm-2008: The attribute named LOC is not legal, then it has no effect, ignore its value.
W: Sdm-2008: The attribute named LOC is not legal, then it has no effect, ignore its value.
W: Sdm-2008: The attribute named LOC is not legal, then it has no effect, ignore its value.
W: Sdm-2008: The attribute named LOC is not legal, then it has no effect, ignore its value.
W: Sdm-2008: The attribute named LOC is not legal, then it has no effect, ignore its value.
W: Sdm-2008: The attribute named LOC is not legal, then it has no effect, ignore its value.
W: Sdm-2008: The attribute named LOC is not legal, then it has no effect, ignore its value.
W: Sdm-2008: The attribute named LOC is not legal, then it has no effect, ignore its value.
W: Sdm-2008: The attribute named LOC is not legal, then it has no effect, ignore its value.
W: Sdm-2008: The attribute named LOC is not legal, then it has no effect, ignore its value.
W: Sdm-2008: The attribute named LOC is not legal, then it has no effect, ignore its value.
W: Sdm-2008: The attribute named LOC is not legal, then it has no effect, ignore its value.
W: Sdm-2008: The attribute named LOC is not legal, then it has no effect, ignore its value.
W: Sdm-2008: The attribute named LOC is not legal, then it has no effect, ignore its value.
W: Sdm-2008: The attribute named LOC is not legal, then it has no effect, ignore its value.
W: Sdm-2008: The attribute named LOC is not legal, then it has no effect, ignore its value.
W: Sdm-2008: The attribute named LOC is not legal, then it has no effect, ignore its value.
W: Sdm-2008: The attribute named LOC is not legal, then it has no effect, ignore its value.
W: Sdm-2008: The attribute named LOC is not legal, then it has no effect, ignore its value.
W: Sdm-2008: The attribute named LOC is not legal, then it has no effect, ignore its value.
W: Sdm-2008: The attribute named LOC is not legal, then it has no effect, ignore its value.
W: Sdm-2008: The attribute named LOC is not legal, then it has no effect, ignore its value.
W: Sdm-2008: The attribute named LOC is not legal, then it has no effect, ignore its value.
W: Sdm-2008: The attribute named LOC is not legal, then it has no effect, ignore its value.
W: Sdm-2008: The attribute named LOC is not legal, then it has no effect, ignore its value.
W: Sdm-2008: The attribute named LOC is not legal, then it has no effect, ignore its value.
W: Sdm-2008: The attribute named LOC is not legal, then it has no effect, ignore its value.
W: Sdm-2008: The attribute named LOC is not legal, then it has no effect, ignore its value.
W: Sdm-2008: The attribute named LOC is not legal, then it has no effect, ignore its value.
W: Sdm-2008: The attribute named LOC is not legal, then it has no effect, ignore its value.
W: Sdm-2008: The attribute named LOC is not legal, then it has no effect, ignore its value.
W: Sdm-2008: The attribute named LOC is not legal, then it has no effect, ignore its value.
W: Sdm-2008: The attribute named LOC is not legal, then it has no effect, ignore its value.
W: Sdm-2008: The attribute named LOC is not legal, then it has no effect, ignore its value.
W: Sdm-2008: The attribute named LOC is not legal, then it has no effect, ignore its value.
W: Sdm-2008: The attribute named LOC is not legal, then it has no effect, ignore its value.
W: Sdm-2008: The attribute named LOC is not legal, then it has no effect, ignore its value.
W: Sdm-2008: The attribute named LOC is not legal, then it has no effect, ignore its value.
W: Sdm-2008: The attribute named LOC is not legal, then it has no effect, ignore its value.
W: Sdm-2008: The attribute named LOC is not legal, then it has no effect, ignore its value.
W: Sdm-2008: The attribute named LOC is not legal, then it has no effect, ignore its value.
W: Sdm-2008: The attribute named LOC is not legal, then it has no effect, ignore its value.
W: Sdm-2008: The attribute named LOC is not legal, then it has no effect, ignore its value.
W: Sdm-2008: The attribute named LOC is not legal, then it has no effect, ignore its value.
W: Sdm-2008: The attribute named LOC is not legal, then it has no effect, ignore its value.
W: Sdm-2008: The attribute named LOC is not legal, then it has no effect, ignore its value.
W: Sdm-2008: The attribute named LOC is not legal, then it has no effect, ignore its value.
W: Sdm-2008: The attribute named LOC is not legal, then it has no effect, ignore its value.
W: Sdm-2008: The attribute named LOC is not legal, then it has no effect, ignore its value.
W: Sdm-2008: The attribute named LOC is not legal, then it has no effect, ignore its value.
W: Sdm-2008: The attribute named LOC is not legal, then it has no effect, ignore its value.
W: Sdm-2008: The attribute named LOC is not legal, then it has no effect, ignore its value.
W: Sdm-2008: The attribute named LOC is not legal, then it has no effect, ignore its value.
W: Sdm-2008: The attribute named LOC is not legal, then it has no effect, ignore its value.
W: Sdm-2008: The attribute named LOC is not legal, then it has no effect, ignore its value.
W: Sdm-2008: The attribute named LOC is not legal, then it has no effect, ignore its value.
W: Sdm-2008: The attribute named LOC is not legal, then it has no effect, ignore its value.
W: Sdm-2008: The attribute named LOC is not legal, then it has no effect, ignore its value.
W: Sdm-2008: The attribute named LOC is not legal, then it has no effect, ignore its value.
W: Sdm-2008: The attribute named LOC is not legal, then it has no effect, ignore its value.
W: Sdm-2008: The attribute named LOC is not legal, then it has no effect, ignore its value.
W: Sdm-2008: The attribute named LOC is not legal, then it has no effect, ignore its value.
W: Sdm-2008: The attribute named LOC is not legal, then it has no effect, ignore its value.
W: Sdm-2008: The attribute named LOC is not legal, then it has no effect, ignore its value.
W: Sdm-2008: The attribute named LOC is not legal, then it has no effect, ignore its value.
W: Sdm-2008: The attribute named LOC is not legal, then it has no effect, ignore its value.
W: Sdm-2008: The attribute named LOC is not legal, then it has no effect, ignore its value.
W: Sdm-2008: The attribute named LOC is not legal, then it has no effect, ignore its value.
W: Sdm-2008: The attribute named LOC is not legal, then it has no effect, ignore its value.
W: Sdm-2008: The attribute named LOC is not legal, then it has no effect, ignore its value.
W: Sdm-2008: The attribute named LOC is not legal, then it has no effect, ignore its value.
W: Sdm-2008: The attribute named LOC is not legal, then it has no effect, ignore its value.
W: Sdm-2008: The attribute named LOC is not legal, then it has no effect, ignore its value.
W: Sdm-2008: The attribute named LOC is not legal, then it has no effect, ignore its value.
W: Sdm-2008: The attribute named LOC is not legal, then it has no effect, ignore its value.
W: Sdm-2008: The attribute named LOC is not legal, then it has no effect, ignore its value.
W: Sdm-2008: The attribute named LOC is not legal, then it has no effect, ignore its value.
W: Sdm-2008: The attribute named LOC is not legal, then it has no effect, ignore its value.
W: Sdm-2008: The attribute named LOC is not legal, then it has no effect, ignore its value.
W: Sdm-2008: The attribute named LOC is not legal, then it has no effect, ignore its value.
W: Sdm-2008: The attribute named LOC is not legal, then it has no effect, ignore its value.
W: Sdm-2008: The attribute named LOC is not legal, then it has no effect, ignore its value.
W: Sdm-2008: The attribute named LOC is not legal, then it has no effect, ignore its value.
W: Sdm-2008: The attribute named LOC is not legal, then it has no effect, ignore its value.
W: Sdm-2008: The attribute named LOC is not legal, then it has no effect, ignore its value.
W: Sdm-2008: The attribute named LOC is not legal, then it has no effect, ignore its value.
W: Sdm-2008: The attribute named LOC is not legal, then it has no effect, ignore its value.
W: Sdm-2008: The attribute named LOC is not legal, then it has no effect, ignore its value.
W: Sdm-2008: The attribute named LOC is not legal, then it has no effect, ignore its value.
W: Sdm-2008: The attribute named LOC is not legal, then it has no effect, ignore its value.
W: Sdm-2008: The attribute named LOC is not legal, then it has no effect, ignore its value.
W: Sdm-2008: The attribute named LOC is not legal, then it has no effect, ignore its value.
W: Sdm-2008: The attribute named LOC is not legal, then it has no effect, ignore its value.
W: Sdm-2008: The attribute named LOC is not legal, then it has no effect, ignore its value.
W: Sdm-2008: The attribute named LOC is not legal, then it has no effect, ignore its value.
W: Sdm-2008: The attribute named LOC is not legal, then it has no effect, ignore its value.
W: Sdm-2008: The attribute named LOC is not legal, then it has no effect, ignore its value.
W: Sdm-2008: The attribute named LOC is not legal, then it has no effect, ignore its value.
W: Sdm-2008: The attribute named LOC is not legal, then it has no effect, ignore its value.
W: Sdm-2008: The attribute named LOC is not legal, then it has no effect, ignore its value.
W: Sdm-2008: The attribute named LOC is not legal, then it has no effect, ignore its value.
W: Sdm-2008: The attribute named LOC is not legal, then it has no effect, ignore its value.
W: Sdm-2008: The attribute named LOC is not legal, then it has no effect, ignore its value.
W: Sdm-2008: The attribute named LOC is not legal, then it has no effect, ignore its value.
W: Sdm-2008: The attribute named LOC is not legal, then it has no effect, ignore its value.
W: Sdm-2008: The attribute named LOC is not legal, then it has no effect, ignore its value.
W: Sdm-2008: The attribute named LOC is not legal, then it has no effect, ignore its value.
W: Sdm-2008: The attribute named LOC is not legal, then it has no effect, ignore its value.
W: Sdm-2008: The attribute named LOC is not legal, then it has no effect, ignore its value.
W: Sdm-2008: The attribute named LOC is not legal, then it has no effect, ignore its value.
W: Sdm-2008: The attribute named LOC is not legal, then it has no effect, ignore its value.
W: Sdm-2008: The attribute named LOC is not legal, then it has no effect, ignore its value.
W: Sdm-2008: The attribute named LOC is not legal, then it has no effect, ignore its value.
W: Sdm-2008: The attribute named LOC is not legal, then it has no effect, ignore its value.
W: Sdm-2008: The attribute named LOC is not legal, then it has no effect, ignore its value.
W: Sdm-2008: The attribute named LOC is not legal, then it has no effect, ignore its value.
W: Sdm-2008: The attribute named LOC is not legal, then it has no effect, ignore its value.
W: Sdm-2008: The attribute named LOC is not legal, then it has no effect, ignore its value.
W: Sdm-2008: The attribute named LOC is not legal, then it has no effect, ignore its value.
W: Sdm-2008: The attribute named LOC is not legal, then it has no effect, ignore its value.
W: Sdm-2008: The attribute named LOC is not legal, then it has no effect, ignore its value.
W: Sdm-2008: The attribute named LOC is not legal, then it has no effect, ignore its value.
W: Sdm-2008: The attribute named LOC is not legal, then it has no effect, ignore its value.
W: Sdm-2008: The attribute named LOC is not legal, then it has no effect, ignore its value.
W: Sdm-2008: The attribute named LOC is not legal, then it has no effect, ignore its value.
W: Sdm-2008: The attribute named LOC is not legal, then it has no effect, ignore its value.
W: Sdm-2008: The attribute named LOC is not legal, then it has no effect, ignore its value.
W: Sdm-2008: The attribute named LOC is not legal, then it has no effect, ignore its value.
W: Sdm-2008: The attribute named LOC is not legal, then it has no effect, ignore its value.
W: Sdm-2008: The attribute named LOC is not legal, then it has no effect, ignore its value.
W: Sdm-2008: The attribute named LOC is not legal, then it has no effect, ignore its value.
W: Sdm-2008: The attribute named LOC is not legal, then it has no effect, ignore its value.
W: Sdm-2008: The attribute named LOC is not legal, then it has no effect, ignore its value.
W: Sdm-2008: The attribute named LOC is not legal, then it has no effect, ignore its value.
W: Sdm-2008: The attribute named LOC is not legal, then it has no effect, ignore its value.
W: Sdm-2008: The attribute named LOC is not legal, then it has no effect, ignore its value.
W: Sdm-2008: The attribute named LOC is not legal, then it has no effect, ignore its value.
W: Sdm-2008: The attribute named LOC is not legal, then it has no effect, ignore its value.
W: Sdm-2008: The attribute named LOC is not legal, then it has no effect, ignore its value.
W: Sdm-2008: The attribute named LOC is not legal, then it has no effect, ignore its value.
W: Sdm-2008: The attribute named LOC is not legal, then it has no effect, ignore its value.
W: Sdm-2008: The attribute named LOC is not legal, then it has no effect, ignore its value.
W: Sdm-2008: The attribute named LOC is not legal, then it has no effect, ignore its value.
W: Sdm-2008: The attribute named LOC is not legal, then it has no effect, ignore its value.
W: Sdm-2008: The attribute named LOC is not legal, then it has no effect, ignore its value.
W: Sdm-2008: The attribute named LOC is not legal, then it has no effect, ignore its value.
W: Sdm-2008: The attribute named LOC is not legal, then it has no effect, ignore its value.
W: Sdm-2008: The attribute named LOC is not legal, then it has no effect, ignore its value.
I: Verilog-0004: [C:/CPLD/pango/2_Tieta_Feiteng/Tieta_Feiteng_1001_PGC7KD69MBG400/rtl/source/Tieta_Feiteng_1001_top.v(line number: 1371)] Elaborating instance pll_inst.
I: Verilog-0003: [C:/CPLD/pango/2_Tieta_Feiteng/Tieta_Feiteng_1001_PGC7KD69MBG400/prj/Tieta_M/ipcore/pll_i25M_o50M_o25M/pll_i25M_o50M_o25M.v(line number: 17)] Elaborating module pll_i25M_o50M_o25M.
I: Verilog-0004: [C:/CPLD/pango/2_Tieta_Feiteng/Tieta_Feiteng_1001_PGC7KD69MBG400/prj/Tieta_M/ipcore/pll_i25M_o50M_o25M/pll_i25M_o50M_o25M.v(line number: 254)] Elaborating instance u_pll_e2.
I: Verilog-0004: [C:/CPLD/pango/2_Tieta_Feiteng/Tieta_Feiteng_1001_PGC7KD69MBG400/rtl/source/Tieta_Feiteng_1001_top.v(line number: 1383)] Elaborating instance pon_reset_inst.
I: Verilog-0003: [C:/CPLD/pango/2_Tieta_Feiteng/Tieta_Feiteng_1001_PGC7KD69MBG400/rtl/source/common/pon_reset.v(line number: 19)] Elaborating module pon_reset.
I: Verilog-0004: [C:/CPLD/pango/2_Tieta_Feiteng/Tieta_Feiteng_1001_PGC7KD69MBG400/rtl/source/Tieta_Feiteng_1001_top.v(line number: 1400)] Elaborating instance timer_gen_inst.
I: Verilog-0003: [C:/CPLD/pango/2_Tieta_Feiteng/Tieta_Feiteng_1001_PGC7KD69MBG400/rtl/source/common/timer_gen_50mhz.v(line number: 15)] Elaborating module timer_gen.
I: Verilog-0004: [C:/CPLD/pango/2_Tieta_Feiteng/Tieta_Feiteng_1001_PGC7KD69MBG400/rtl/source/Tieta_Feiteng_1001_top.v(line number: 1434)] Elaborating instance db_inst_button.
I: Verilog-0003: [C:/CPLD/pango/2_Tieta_Feiteng/Tieta_Feiteng_1001_PGC7KD69MBG400/rtl/source/common/synclib.v(line number: 354)] Elaborating module PGM_DEBOUNCE.
I: Module instance {Tieta_Feiteng_1001_top/db_inst_button} parameter value:
    SIGCNT = 32'h1A | 32'd26 | 32'b00000000000000000000000000011010
    NBITS = 2'h2 | 2'd2 | 2'b10
    NDELAY = 32'h4 | 32'd4 | 32'b00000000000000000000000000000100
    ENABLE = 1'h1 | 1'd1 | 1'b1
I: Verilog-0004: [C:/CPLD/pango/2_Tieta_Feiteng/Tieta_Feiteng_1001_PGC7KD69MBG400/rtl/source/Tieta_Feiteng_1001_top.v(line number: 1510)] Elaborating instance db_inst_cpu_rail.
I: Verilog-0003: [C:/CPLD/pango/2_Tieta_Feiteng/Tieta_Feiteng_1001_PGC7KD69MBG400/rtl/source/common/synclib.v(line number: 354)] Elaborating module PGM_DEBOUNCE.
I: Module instance {Tieta_Feiteng_1001_top/db_inst_cpu_rail} parameter value:
    SIGCNT = 32'h2C | 32'd44 | 32'b00000000000000000000000000101100
    NBITS = 2'h3 | 2'd3 | 2'b11
    NDELAY = 32'h8 | 32'd8 | 32'b00000000000000000000000000001000
    ENABLE = 1'h1 | 1'd1 | 1'b1
I: Verilog-0004: [C:/CPLD/pango/2_Tieta_Feiteng/Tieta_Feiteng_1001_PGC7KD69MBG400/rtl/source/Tieta_Feiteng_1001_top.v(line number: 1618)] Elaborating instance db_bp_pgood_fault.
I: Verilog-0003: [C:/CPLD/pango/2_Tieta_Feiteng/Tieta_Feiteng_1001_PGC7KD69MBG400/rtl/source/common/synclib.v(line number: 269)] Elaborating module PGM_DEBOUNCE_N.
I: Module instance {Tieta_Feiteng_1001_top/db_bp_pgood_fault} parameter value:
    SIGCNT = 32'hC | 32'd12 | 32'b00000000000000000000000000001100
    NBITS = 2'h3 | 2'd3 | 2'b11
    NDELAY = 32'h8 | 32'd8 | 32'b00000000000000000000000000001000
    ENABLE = 1'h1 | 1'd1 | 1'b1
W: Verilog-2019: [C:/CPLD/pango/2_Tieta_Feiteng/Tieta_Feiteng_1001_PGC7KD69MBG400/rtl/source/Tieta_Feiteng_1001_top.v(line number: 1628)] Width mismatch between port 'dout' (12 bits) and port connection (4 bits) in module instance 'PGM_DEBOUNCE_N'.
I: Verilog-0004: [C:/CPLD/pango/2_Tieta_Feiteng/Tieta_Feiteng_1001_PGC7KD69MBG400/rtl/source/Tieta_Feiteng_1001_top.v(line number: 1638)] Elaborating instance db_intruder.
I: Verilog-0003: [C:/CPLD/pango/2_Tieta_Feiteng/Tieta_Feiteng_1001_PGC7KD69MBG400/rtl/source/common/synclib.v(line number: 269)] Elaborating module PGM_DEBOUNCE_N.
I: Module instance {Tieta_Feiteng_1001_top/db_intruder} parameter value:
    SIGCNT = 32'h1 | 32'd1 | 32'b00000000000000000000000000000001
    NBITS = 2'h3 | 2'd3 | 2'b11
    NDELAY = 32'h8 | 32'd8 | 32'b00000000000000000000000000001000
    ENABLE = 1'h1 | 1'd1 | 1'b1
I: Verilog-0004: [C:/CPLD/pango/2_Tieta_Feiteng/Tieta_Feiteng_1001_PGC7KD69MBG400/rtl/source/Tieta_Feiteng_1001_top.v(line number: 1651)] Elaborating instance db_inst_psu.
I: Verilog-0003: [C:/CPLD/pango/2_Tieta_Feiteng/Tieta_Feiteng_1001_PGC7KD69MBG400/rtl/source/common/synclib.v(line number: 354)] Elaborating module PGM_DEBOUNCE.
I: Module instance {Tieta_Feiteng_1001_top/db_inst_psu} parameter value:
    SIGCNT = 32'h2 | 32'd2 | 32'b00000000000000000000000000000010
    NBITS = 2'h2 | 2'd2 | 2'b10
    NDELAY = 32'h4 | 32'd4 | 32'b00000000000000000000000000000100
    ENABLE = 1'h1 | 1'd1 | 1'b1
I: Verilog-0004: [C:/CPLD/pango/2_Tieta_Feiteng/Tieta_Feiteng_1001_PGC7KD69MBG400/rtl/source/Tieta_Feiteng_1001_top.v(line number: 1666)] Elaborating instance db_inst_prsnt.
I: Verilog-0003: [C:/CPLD/pango/2_Tieta_Feiteng/Tieta_Feiteng_1001_PGC7KD69MBG400/rtl/source/common/synclib.v(line number: 354)] Elaborating module PGM_DEBOUNCE.
I: Module instance {Tieta_Feiteng_1001_top/db_inst_prsnt} parameter value:
    SIGCNT = 32'h21 | 32'd33 | 32'b00000000000000000000000000100001
    NBITS = 2'h2 | 2'd2 | 2'b10
    NDELAY = 32'h4 | 32'd4 | 32'b00000000000000000000000000000100
    ENABLE = 1'h1 | 1'd1 | 1'b1
W: Verilog-2019: [C:/CPLD/pango/2_Tieta_Feiteng/Tieta_Feiteng_1001_PGC7KD69MBG400/rtl/source/Tieta_Feiteng_1001_top.v(line number: 1719)] Width mismatch between port 'dout' (33 bits) and port connection (21 bits) in module instance 'PGM_DEBOUNCE'.
I: Verilog-0004: [C:/CPLD/pango/2_Tieta_Feiteng/Tieta_Feiteng_1001_PGC7KD69MBG400/rtl/source/Tieta_Feiteng_1001_top.v(line number: 1771)] Elaborating instance db_pgood_fault2_n.
I: Verilog-0003: [C:/CPLD/pango/2_Tieta_Feiteng/Tieta_Feiteng_1001_PGC7KD69MBG400/rtl/source/common/synclib.v(line number: 354)] Elaborating module PGM_DEBOUNCE.
I: Module instance {Tieta_Feiteng_1001_top/db_pgood_fault2_n} parameter value:
    SIGCNT = 32'h2 | 32'd2 | 32'b00000000000000000000000000000010
    NBITS = 2'h3 | 2'd3 | 2'b11
    NDELAY = 32'h8 | 32'd8 | 32'b00000000000000000000000000001000
    ENABLE = 1'h1 | 1'd1 | 1'b1
W: Verilog-2019: [C:/CPLD/pango/2_Tieta_Feiteng/Tieta_Feiteng_1001_PGC7KD69MBG400/rtl/source/Tieta_Feiteng_1001_top.v(line number: 1778)] Width mismatch between port 'dout' (2 bits) and port connection (1 bits) in module instance 'PGM_DEBOUNCE'.
I: Verilog-0004: [C:/CPLD/pango/2_Tieta_Feiteng/Tieta_Feiteng_1001_PGC7KD69MBG400/rtl/source/Tieta_Feiteng_1001_top.v(line number: 1784)] Elaborating instance sync_data_low.
I: Verilog-0003: [C:/CPLD/pango/2_Tieta_Feiteng/Tieta_Feiteng_1001_PGC7KD69MBG400/rtl/source/common/synclib.v(line number: 106)] Elaborating module SYNC_DATA_N.
I: Module instance {Tieta_Feiteng_1001_top/sync_data_low} parameter value:
    SIGCNT = 32'h1 | 32'd1 | 32'b00000000000000000000000000000001
I: Verilog-0004: [C:/CPLD/pango/2_Tieta_Feiteng/Tieta_Feiteng_1001_PGC7KD69MBG400/rtl/source/Tieta_Feiteng_1001_top.v(line number: 1800)] Elaborating instance sync_data_high1.
I: Verilog-0003: [C:/CPLD/pango/2_Tieta_Feiteng/Tieta_Feiteng_1001_PGC7KD69MBG400/rtl/source/common/synclib.v(line number: 130)] Elaborating module SYNC_DATA.
I: Module instance {Tieta_Feiteng_1001_top/sync_data_high1} parameter value:
    SIGCNT = 32'h5 | 32'd5 | 32'b00000000000000000000000000000101
I: Verilog-0004: [C:/CPLD/pango/2_Tieta_Feiteng/Tieta_Feiteng_1001_PGC7KD69MBG400/rtl/source/Tieta_Feiteng_1001_top.v(line number: 1820)] Elaborating instance sync_data_ocp.
I: Verilog-0003: [C:/CPLD/pango/2_Tieta_Feiteng/Tieta_Feiteng_1001_PGC7KD69MBG400/rtl/source/common/synclib.v(line number: 130)] Elaborating module SYNC_DATA.
I: Module instance {Tieta_Feiteng_1001_top/sync_data_ocp} parameter value:
    SIGCNT = 32'h20 | 32'd32 | 32'b00000000000000000000000000100000
I: Verilog-0004: [C:/CPLD/pango/2_Tieta_Feiteng/Tieta_Feiteng_1001_PGC7KD69MBG400/rtl/source/Tieta_Feiteng_1001_top.v(line number: 1896)] Elaborating instance db_inst_alert.
I: Verilog-0003: [C:/CPLD/pango/2_Tieta_Feiteng/Tieta_Feiteng_1001_PGC7KD69MBG400/rtl/source/common/synclib.v(line number: 354)] Elaborating module PGM_DEBOUNCE.
I: Module instance {Tieta_Feiteng_1001_top/db_inst_alert} parameter value:
    SIGCNT = 32'h2 | 32'd2 | 32'b00000000000000000000000000000010
    NBITS = 2'h3 | 2'd3 | 2'b11
    NDELAY = 32'h8 | 32'd8 | 32'b00000000000000000000000000001000
    ENABLE = 1'h1 | 1'd1 | 1'b1
I: Verilog-0004: [C:/CPLD/pango/2_Tieta_Feiteng/Tieta_Feiteng_1001_PGC7KD69MBG400/rtl/source/Tieta_Feiteng_1001_top.v(line number: 1911)] Elaborating instance db_alert_inst1.
I: Verilog-0003: [C:/CPLD/pango/2_Tieta_Feiteng/Tieta_Feiteng_1001_PGC7KD69MBG400/rtl/source/common/synclib.v(line number: 354)] Elaborating module PGM_DEBOUNCE.
I: Module instance {Tieta_Feiteng_1001_top/db_alert_inst1} parameter value:
    SIGCNT = 32'h2 | 32'd2 | 32'b00000000000000000000000000000010
    NBITS = 2'h2 | 2'd2 | 2'b10
    NDELAY = 32'h4 | 32'd4 | 32'b00000000000000000000000000000100
    ENABLE = 1'h1 | 1'd1 | 1'b1
I: Verilog-0004: [C:/CPLD/pango/2_Tieta_Feiteng/Tieta_Feiteng_1001_PGC7KD69MBG400/rtl/source/Tieta_Feiteng_1001_top.v(line number: 1926)] Elaborating instance db_inst_cpu_rst_rail.
I: Verilog-0003: [C:/CPLD/pango/2_Tieta_Feiteng/Tieta_Feiteng_1001_PGC7KD69MBG400/rtl/source/common/synclib.v(line number: 354)] Elaborating module PGM_DEBOUNCE.
I: Module instance {Tieta_Feiteng_1001_top/db_inst_cpu_rst_rail} parameter value:
    SIGCNT = 32'h1A | 32'd26 | 32'b00000000000000000000000000011010
    NBITS = 2'h3 | 2'd3 | 2'b11
    NDELAY = 32'h8 | 32'd8 | 32'b00000000000000000000000000001000
    ENABLE = 1'h1 | 1'd1 | 1'b1
I: Verilog-0004: [C:/CPLD/pango/2_Tieta_Feiteng/Tieta_Feiteng_1001_PGC7KD69MBG400/rtl/source/Tieta_Feiteng_1001_top.v(line number: 1999)] Elaborating instance db_fan_ctrl_inst1.
I: Verilog-0003: [C:/CPLD/pango/2_Tieta_Feiteng/Tieta_Feiteng_1001_PGC7KD69MBG400/rtl/source/common/synclib.v(line number: 354)] Elaborating module PGM_DEBOUNCE.
I: Module instance {Tieta_Feiteng_1001_top/db_fan_ctrl_inst1} parameter value:
    SIGCNT = 32'hC | 32'd12 | 32'b00000000000000000000000000001100
    NBITS = 2'h2 | 2'd2 | 2'b10
    NDELAY = 32'h4 | 32'd4 | 32'b00000000000000000000000000000100
    ENABLE = 1'h1 | 1'd1 | 1'b1
I: Verilog-0004: [C:/CPLD/pango/2_Tieta_Feiteng/Tieta_Feiteng_1001_PGC7KD69MBG400/rtl/source/Tieta_Feiteng_1001_top.v(line number: 2078)] Elaborating instance db_unused.
I: Verilog-0003: [C:/CPLD/pango/2_Tieta_Feiteng/Tieta_Feiteng_1001_PGC7KD69MBG400/rtl/source/common/synclib.v(line number: 354)] Elaborating module PGM_DEBOUNCE.
I: Module instance {Tieta_Feiteng_1001_top/db_unused} parameter value:
    SIGCNT = 32'h2B | 32'd43 | 32'b00000000000000000000000000101011
    NBITS = 2'h3 | 2'd3 | 2'b11
    NDELAY = 32'h8 | 32'd8 | 32'b00000000000000000000000000001000
    ENABLE = 1'h1 | 1'd1 | 1'b1
W: Verilog-2019: [C:/CPLD/pango/2_Tieta_Feiteng/Tieta_Feiteng_1001_PGC7KD69MBG400/rtl/source/Tieta_Feiteng_1001_top.v(line number: 2125)] Width mismatch between port 'dout' (43 bits) and port connection (41 bits) in module instance 'PGM_DEBOUNCE'.
I: Verilog-0004: [C:/CPLD/pango/2_Tieta_Feiteng/Tieta_Feiteng_1001_PGC7KD69MBG400/rtl/source/Tieta_Feiteng_1001_top.v(line number: 2204)] Elaborating instance inst_scpld_to_mcpld_s2p.
I: Verilog-0003: [C:/CPLD/pango/2_Tieta_Feiteng/Tieta_Feiteng_1001_PGC7KD69MBG400/rtl/source/communication/s2p_master.v(line number: 27)] Elaborating module s2p_master.
I: Module instance {Tieta_Feiteng_1001_top/inst_scpld_to_mcpld_s2p} parameter value:
    NBIT = 32'h200 | 32'd512 | 32'b00000000000000000000001000000000
I: Verilog-0004: [C:/CPLD/pango/2_Tieta_Feiteng/Tieta_Feiteng_1001_PGC7KD69MBG400/rtl/source/Tieta_Feiteng_1001_top.v(line number: 2218)] Elaborating instance inst_mcpld_to_scpld_p2s.
I: Verilog-0003: [C:/CPLD/pango/2_Tieta_Feiteng/Tieta_Feiteng_1001_PGC7KD69MBG400/rtl/source/communication/p2s_slave.v(line number: 28)] Elaborating module p2s_slave.
I: Module instance {Tieta_Feiteng_1001_top/inst_mcpld_to_scpld_p2s} parameter value:
    NBIT = 32'h200 | 32'd512 | 32'b00000000000000000000001000000000
I: Verilog-0004: [C:/CPLD/pango/2_Tieta_Feiteng/Tieta_Feiteng_1001_PGC7KD69MBG400/rtl/source/Tieta_Feiteng_1001_top.v(line number: 2633)] Elaborating instance power_button_inst.
I: Verilog-0003: [C:/CPLD/pango/2_Tieta_Feiteng/Tieta_Feiteng_1001_PGC7KD69MBG400/rtl/source/button_ctrl/power_button.v(line number: 16)] Elaborating module power_button.
I: Module instance {Tieta_Feiteng_1001_top/power_button_inst} parameter value:
    BL_MODE = 1'h0 | 1'd0 | 1'b0
I: Verilog-0004: [C:/CPLD/pango/2_Tieta_Feiteng/Tieta_Feiteng_1001_PGC7KD69MBG400/rtl/source/Tieta_Feiteng_1001_top.v(line number: 2671)] Elaborating instance edge_delay_cpu_gpio_ok.
I: Verilog-0003: [C:/CPLD/pango/2_Tieta_Feiteng/Tieta_Feiteng_1001_PGC7KD69MBG400/rtl/source/common/edge_delay.v(line number: 24)] Elaborating module edge_delay.
I: Module instance {Tieta_Feiteng_1001_top/edge_delay_cpu_gpio_ok} parameter value:
    CNTR_NBITS = 32'h4 | 32'd4 | 32'b00000000000000000000000000000100
    DEF_OUTPUT = 1'h0 | 1'd0 | 1'b0
    DELAY_MODE = 1'h0 | 1'd0 | 1'b0
I: Verilog-0004: [C:/CPLD/pango/2_Tieta_Feiteng/Tieta_Feiteng_1001_PGC7KD69MBG400/rtl/source/Tieta_Feiteng_1001_top.v(line number: 2850)] Elaborating instance pwrseq_master_inst.
I: Verilog-0003: [C:/CPLD/pango/2_Tieta_Feiteng/Tieta_Feiteng_1001_PGC7KD69MBG400/rtl/source/pwrseq/pwrseq_master.v(line number: 13)] Elaborating module pwrseq_master.
I: Module instance {Tieta_Feiteng_1001_top/pwrseq_master_inst} parameter value:
    LIM_RECOV_MAX_RETRY_ATTEMPT = 32'h2 | 32'd2 | 32'b00000000000000000000000000000010
    WDT_NBITS = 32'hA | 32'd10 | 32'b00000000000000000000000000001010
    PON_WATCHDOG_TIMEOUT_VAL = 32'h31 | 32'd49 | 32'b00000000000000000000000000110001
    DSW_PWROK_TIMEOUT_VAL = 32'h7 | 32'd7 | 32'b00000000000000000000000000000111
    DSW1_PWROK_TIMEOUT_VAL = 32'hE | 32'd14 | 32'b00000000000000000000000000001110
    DSW2_PWROK_TIMEOUT_VAL = 32'h10 | 32'd16 | 32'b00000000000000000000000000010000
    DSW3_PWROK_TIMEOUT_VAL = 32'h190 | 32'd400 | 32'b00000000000000000000000110010000
    PON_65MS_WATCHDOG_TIMEOUT_VAL = 32'h64 | 32'd100 | 32'b00000000000000000000000001100100
    PDN_WATCHDOG_TIMEOUT_VAL = 32'h31 | 32'd49 | 32'b00000000000000000000000000110001
    PDN_WATCHDOG_TIMEOUT_FAULT_VAL = 32'h31 | 32'd49 | 32'b00000000000000000000000000110001
    PF_ON_WAIT_COMPLETE_VAL = 32'h21 | 32'd33 | 32'b00000000000000000000000000100001
    PO_ON_WAIT_COMPLETE_VAL = 32'h1 | 32'd1 | 32'b00000000000000000000000000000001
    S5_DEVICES_ON_WAIT_COMPLETE_NOFLT_VAL = 32'h0 | 32'd0 | 32'b00000000000000000000000000000000
    S5_DEVICES_ON_WAIT_COMPLETE_FAULT_VAL = 32'h0 | 32'd0 | 32'b00000000000000000000000000000000
    DC_ON_WAIT_COMPLETE_NOFLT_VAL = 32'h11 | 32'd17 | 32'b00000000000000000000000000010001
    DC_ON_WAIT_COMPLETE_FAULT_VAL = 32'h2 | 32'd2 | 32'b00000000000000000000000000000010
I: Verilog-0004: [C:/CPLD/pango/2_Tieta_Feiteng/Tieta_Feiteng_1001_PGC7KD69MBG400/rtl/source/pwrseq/pwrseq_master.v(line number: 408)] Elaborating instance edge_detect_button_ne_inst.
I: Verilog-0003: [C:/CPLD/pango/2_Tieta_Feiteng/Tieta_Feiteng_1001_PGC7KD69MBG400/rtl/source/pwrseq/edge_detect.v(line number: 28)] Elaborating module edge_detect.
I: Module instance {Tieta_Feiteng_1001_top/pwrseq_master_inst/edge_detect_button_ne_inst} parameter value:
    SIGCNT = 32'h2 | 32'd2 | 32'b00000000000000000000000000000010
    DEF_INIT = 2'h3 | 2'd3 | 2'b11
I: Verilog-0004: [C:/CPLD/pango/2_Tieta_Feiteng/Tieta_Feiteng_1001_PGC7KD69MBG400/rtl/source/pwrseq/pwrseq_master.v(line number: 418)] Elaborating instance edge_detect_ne_inst.
I: Verilog-0003: [C:/CPLD/pango/2_Tieta_Feiteng/Tieta_Feiteng_1001_PGC7KD69MBG400/rtl/source/pwrseq/edge_detect.v(line number: 28)] Elaborating module edge_detect.
I: Module instance {Tieta_Feiteng_1001_top/pwrseq_master_inst/edge_detect_ne_inst} parameter value:
    SIGCNT = 32'h2 | 32'd2 | 32'b00000000000000000000000000000010
    DEF_INIT = 2'h3 | 2'd3 | 2'b11
I: Verilog-0004: [C:/CPLD/pango/2_Tieta_Feiteng/Tieta_Feiteng_1001_PGC7KD69MBG400/rtl/source/pwrseq/pwrseq_master.v(line number: 593)] Elaborating instance sb_thermtrip_delay_inst.
I: Verilog-0003: [C:/CPLD/pango/2_Tieta_Feiteng/Tieta_Feiteng_1001_PGC7KD69MBG400/rtl/source/common/edge_delay.v(line number: 24)] Elaborating module edge_delay.
I: Module instance {Tieta_Feiteng_1001_top/pwrseq_master_inst/sb_thermtrip_delay_inst} parameter value:
    CNTR_NBITS = 32'h2 | 32'd2 | 32'b00000000000000000000000000000010
    DEF_OUTPUT = 1'h0 | 1'd0 | 1'b0
    DELAY_MODE = 1'h0 | 1'd0 | 1'b0
I: Verilog-0004: [C:/CPLD/pango/2_Tieta_Feiteng/Tieta_Feiteng_1001_PGC7KD69MBG400/rtl/source/Tieta_Feiteng_1001_top.v(line number: 2991)] Elaborating instance pwrseq_slave_inst.
I: Verilog-0003: [C:/CPLD/pango/2_Tieta_Feiteng/Tieta_Feiteng_1001_PGC7KD69MBG400/rtl/source/pwrseq/pwrseq_slave.v(line number: 12)] Elaborating module pwrseq_slave.
I: Module instance {Tieta_Feiteng_1001_top/pwrseq_slave_inst} parameter value:
    SHARED_P5V_STBY_HPMOS = 1'h1 | 1'd1 | 1'b1
    S5DEV_STUCKON_FAULT_CHK = 1'h0 | 1'd0 | 1'b0
    BOUND_SYS_PWROK = 1'h1 | 1'd1 | 1'b1
    NUM_CPU = 32'h2 | 32'd2 | 32'b00000000000000000000000000000010
    NUM_OPT_AUX = 32'h0 | 32'd0 | 32'b00000000000000000000000000000000
    NUM_S5DEV = 32'h2 | 32'd2 | 32'b00000000000000000000000000000010
    NUM_SAS = 32'h1 | 32'd1 | 32'b00000000000000000000000000000001
    NUM_HD_BP = 32'h2 | 32'd2 | 32'b00000000000000000000000000000010
    NUM_M2_BP = 32'h1 | 32'd1 | 32'b00000000000000000000000000000001
    NUM_RISER = 32'h6 | 32'd6 | 32'b00000000000000000000000000000110
    FAULT_VEC_SIZE = 32'h28 | 32'd40 | 32'b00000000000000000000000000101000
    RECOV_FAULT_MASK = 40'hFF0000000 | 40'd68451041280 | 40'b0000111111110000000000000000000000000000
    LIM_RECOV_FAULT_MASK = 40'h300FFFFFFF | 40'd206426865663 | 40'b0011000000001111111111111111111111111111
    NON_RECOV_FAULT_MASK = 40'h0 | 40'd0 | 40'b0000000000000000000000000000000000000000
I: Verilog-0004: [C:/CPLD/pango/2_Tieta_Feiteng/Tieta_Feiteng_1001_PGC7KD69MBG400/rtl/source/pwrseq/pwrseq_slave.v(line number: 598)] Elaborating instance p3v3_stby_en_check_inst.
I: Verilog-0003: [C:/CPLD/pango/2_Tieta_Feiteng/Tieta_Feiteng_1001_PGC7KD69MBG400/rtl/source/common/edge_delay.v(line number: 24)] Elaborating module edge_delay.
I: Module instance {Tieta_Feiteng_1001_top/pwrseq_slave_inst/p3v3_stby_en_check_inst} parameter value:
    CNTR_NBITS = 32'h2 | 32'd2 | 32'b00000000000000000000000000000010
    DEF_OUTPUT = 1'h0 | 1'd0 | 1'b0
    DELAY_MODE = 1'h0 | 1'd0 | 1'b0
I: Verilog-0004: [C:/CPLD/pango/2_Tieta_Feiteng/Tieta_Feiteng_1001_PGC7KD69MBG400/rtl/source/pwrseq/pwrseq_slave.v(line number: 607)] Elaborating instance p3v3_stby_fault_detect_inst.
I: Verilog-0003: [C:/CPLD/pango/2_Tieta_Feiteng/Tieta_Feiteng_1001_PGC7KD69MBG400/rtl/source/pwrseq/fault_detectB_chklive.v(line number: 20)] Elaborating module fault_detectB_chklive.
I: Module instance {Tieta_Feiteng_1001_top/pwrseq_slave_inst/p3v3_stby_fault_detect_inst} parameter value:
    NUMBER_OF_VRM = 32'h1 | 32'd1 | 32'b00000000000000000000000000000001
I: Verilog-0004: [C:/CPLD/pango/2_Tieta_Feiteng/Tieta_Feiteng_1001_PGC7KD69MBG400/rtl/source/pwrseq/pwrseq_slave.v(line number: 627)] Elaborating instance p3v3_stby_bp_en_check_inst.
I: Verilog-0003: [C:/CPLD/pango/2_Tieta_Feiteng/Tieta_Feiteng_1001_PGC7KD69MBG400/rtl/source/common/edge_delay.v(line number: 24)] Elaborating module edge_delay.
I: Module instance {Tieta_Feiteng_1001_top/pwrseq_slave_inst/p3v3_stby_bp_en_check_inst} parameter value:
    CNTR_NBITS = 32'h2 | 32'd2 | 32'b00000000000000000000000000000010
    DEF_OUTPUT = 1'h0 | 1'd0 | 1'b0
    DELAY_MODE = 1'h0 | 1'd0 | 1'b0
I: Verilog-0004: [C:/CPLD/pango/2_Tieta_Feiteng/Tieta_Feiteng_1001_PGC7KD69MBG400/rtl/source/pwrseq/pwrseq_slave.v(line number: 636)] Elaborating instance p3v3_stby_bp_fault_detect_inst.
I: Verilog-0003: [C:/CPLD/pango/2_Tieta_Feiteng/Tieta_Feiteng_1001_PGC7KD69MBG400/rtl/source/pwrseq/fault_detectB_chklive.v(line number: 20)] Elaborating module fault_detectB_chklive.
I: Module instance {Tieta_Feiteng_1001_top/pwrseq_slave_inst/p3v3_stby_bp_fault_detect_inst} parameter value:
    NUMBER_OF_VRM = 32'h1 | 32'd1 | 32'b00000000000000000000000000000001
I: Verilog-0004: [C:/CPLD/pango/2_Tieta_Feiteng/Tieta_Feiteng_1001_PGC7KD69MBG400/rtl/source/pwrseq/pwrseq_slave.v(line number: 655)] Elaborating instance p5v_stby_en_r_check_inst.
I: Verilog-0003: [C:/CPLD/pango/2_Tieta_Feiteng/Tieta_Feiteng_1001_PGC7KD69MBG400/rtl/source/common/edge_delay.v(line number: 24)] Elaborating module edge_delay.
I: Module instance {Tieta_Feiteng_1001_top/pwrseq_slave_inst/p5v_stby_en_r_check_inst} parameter value:
    CNTR_NBITS = 32'h2 | 32'd2 | 32'b00000000000000000000000000000010
    DEF_OUTPUT = 1'h0 | 1'd0 | 1'b0
    DELAY_MODE = 1'h0 | 1'd0 | 1'b0
I: Verilog-0004: [C:/CPLD/pango/2_Tieta_Feiteng/Tieta_Feiteng_1001_PGC7KD69MBG400/rtl/source/pwrseq/pwrseq_slave.v(line number: 664)] Elaborating instance p5v_stby_fault_detect_inst.
I: Verilog-0003: [C:/CPLD/pango/2_Tieta_Feiteng/Tieta_Feiteng_1001_PGC7KD69MBG400/rtl/source/pwrseq/fault_detectB_chklive.v(line number: 20)] Elaborating module fault_detectB_chklive.
I: Module instance {Tieta_Feiteng_1001_top/pwrseq_slave_inst/p5v_stby_fault_detect_inst} parameter value:
    NUMBER_OF_VRM = 32'h1 | 32'd1 | 32'b00000000000000000000000000000001
I: Verilog-0004: [C:/CPLD/pango/2_Tieta_Feiteng/Tieta_Feiteng_1001_PGC7KD69MBG400/rtl/source/pwrseq/pwrseq_slave.v(line number: 688)] Elaborating instance p12v_stby_en_check_inst.
I: Verilog-0003: [C:/CPLD/pango/2_Tieta_Feiteng/Tieta_Feiteng_1001_PGC7KD69MBG400/rtl/source/common/edge_delay.v(line number: 24)] Elaborating module edge_delay.
I: Module instance {Tieta_Feiteng_1001_top/pwrseq_slave_inst/p12v_stby_en_check_inst} parameter value:
    CNTR_NBITS = 32'h2 | 32'd2 | 32'b00000000000000000000000000000010
    DEF_OUTPUT = 1'h0 | 1'd0 | 1'b0
    DELAY_MODE = 1'h0 | 1'd0 | 1'b0
I: Verilog-0004: [C:/CPLD/pango/2_Tieta_Feiteng/Tieta_Feiteng_1001_PGC7KD69MBG400/rtl/source/pwrseq/pwrseq_slave.v(line number: 698)] Elaborating instance p12_fault_detect_inst.
I: Verilog-0003: [C:/CPLD/pango/2_Tieta_Feiteng/Tieta_Feiteng_1001_PGC7KD69MBG400/rtl/source/pwrseq/fault_detectB_chklive.v(line number: 20)] Elaborating module fault_detectB_chklive.
I: Module instance {Tieta_Feiteng_1001_top/pwrseq_slave_inst/p12_fault_detect_inst} parameter value:
    NUMBER_OF_VRM = 32'h1 | 32'd1 | 32'b00000000000000000000000000000001
I: Verilog-0004: [C:/CPLD/pango/2_Tieta_Feiteng/Tieta_Feiteng_1001_PGC7KD69MBG400/rtl/source/pwrseq/pwrseq_slave.v(line number: 717)] Elaborating instance power_supply_on_check_inst.
I: Verilog-0003: [C:/CPLD/pango/2_Tieta_Feiteng/Tieta_Feiteng_1001_PGC7KD69MBG400/rtl/source/common/edge_delay.v(line number: 24)] Elaborating module edge_delay.
I: Module instance {Tieta_Feiteng_1001_top/pwrseq_slave_inst/power_supply_on_check_inst} parameter value:
    CNTR_NBITS = 32'h2 | 32'd2 | 32'b00000000000000000000000000000010
    DEF_OUTPUT = 1'h0 | 1'd0 | 1'b0
    DELAY_MODE = 1'h0 | 1'd0 | 1'b0
I: Verilog-0004: [C:/CPLD/pango/2_Tieta_Feiteng/Tieta_Feiteng_1001_PGC7KD69MBG400/rtl/source/pwrseq/pwrseq_slave.v(line number: 726)] Elaborating instance p12v_cpu0_vin_fault_fault_detect_inst.
I: Verilog-0003: [C:/CPLD/pango/2_Tieta_Feiteng/Tieta_Feiteng_1001_PGC7KD69MBG400/rtl/source/pwrseq/fault_detectB_chklive.v(line number: 20)] Elaborating module fault_detectB_chklive.
I: Module instance {Tieta_Feiteng_1001_top/pwrseq_slave_inst/p12v_cpu0_vin_fault_fault_detect_inst} parameter value:
    NUMBER_OF_VRM = 32'h1 | 32'd1 | 32'b00000000000000000000000000000001
I: Verilog-0004: [C:/CPLD/pango/2_Tieta_Feiteng/Tieta_Feiteng_1001_PGC7KD69MBG400/rtl/source/pwrseq/pwrseq_slave.v(line number: 740)] Elaborating instance p12v_cpu1_vin_fault_detect_inst.
I: Verilog-0003: [C:/CPLD/pango/2_Tieta_Feiteng/Tieta_Feiteng_1001_PGC7KD69MBG400/rtl/source/pwrseq/fault_detectB_chklive.v(line number: 20)] Elaborating module fault_detectB_chklive.
I: Module instance {Tieta_Feiteng_1001_top/pwrseq_slave_inst/p12v_cpu1_vin_fault_detect_inst} parameter value:
    NUMBER_OF_VRM = 32'h1 | 32'd1 | 32'b00000000000000000000000000000001
I: Verilog-0004: [C:/CPLD/pango/2_Tieta_Feiteng/Tieta_Feiteng_1001_PGC7KD69MBG400/rtl/source/pwrseq/pwrseq_slave.v(line number: 758)] Elaborating instance p12v_bp_rear_en_check_inst.
I: Verilog-0003: [C:/CPLD/pango/2_Tieta_Feiteng/Tieta_Feiteng_1001_PGC7KD69MBG400/rtl/source/common/edge_delay.v(line number: 24)] Elaborating module edge_delay.
I: Module instance {Tieta_Feiteng_1001_top/pwrseq_slave_inst/p12v_bp_rear_en_check_inst} parameter value:
    CNTR_NBITS = 32'h2 | 32'd2 | 32'b00000000000000000000000000000010
    DEF_OUTPUT = 1'h0 | 1'd0 | 1'b0
    DELAY_MODE = 1'h0 | 1'd0 | 1'b0
I: Verilog-0004: [C:/CPLD/pango/2_Tieta_Feiteng/Tieta_Feiteng_1001_PGC7KD69MBG400/rtl/source/pwrseq/pwrseq_slave.v(line number: 767)] Elaborating instance p12v_reat_bp_efuse_fault_detect_inst.
I: Verilog-0003: [C:/CPLD/pango/2_Tieta_Feiteng/Tieta_Feiteng_1001_PGC7KD69MBG400/rtl/source/pwrseq/fault_detectB_chklive.v(line number: 20)] Elaborating module fault_detectB_chklive.
I: Module instance {Tieta_Feiteng_1001_top/pwrseq_slave_inst/p12v_reat_bp_efuse_fault_detect_inst} parameter value:
    NUMBER_OF_VRM = 32'h1 | 32'd1 | 32'b00000000000000000000000000000001
I: Verilog-0004: [C:/CPLD/pango/2_Tieta_Feiteng/Tieta_Feiteng_1001_PGC7KD69MBG400/rtl/source/pwrseq/pwrseq_slave.v(line number: 785)] Elaborating instance p5v_en_r_check_inst.
I: Verilog-0003: [C:/CPLD/pango/2_Tieta_Feiteng/Tieta_Feiteng_1001_PGC7KD69MBG400/rtl/source/common/edge_delay.v(line number: 24)] Elaborating module edge_delay.
I: Module instance {Tieta_Feiteng_1001_top/pwrseq_slave_inst/p5v_en_r_check_inst} parameter value:
    CNTR_NBITS = 32'h2 | 32'd2 | 32'b00000000000000000000000000000010
    DEF_OUTPUT = 1'h0 | 1'd0 | 1'b0
    DELAY_MODE = 1'h0 | 1'd0 | 1'b0
I: Verilog-0004: [C:/CPLD/pango/2_Tieta_Feiteng/Tieta_Feiteng_1001_PGC7KD69MBG400/rtl/source/pwrseq/pwrseq_slave.v(line number: 794)] Elaborating instance p5v_fault_det_inst.
I: Verilog-0003: [C:/CPLD/pango/2_Tieta_Feiteng/Tieta_Feiteng_1001_PGC7KD69MBG400/rtl/source/pwrseq/fault_detectB_chklive.v(line number: 20)] Elaborating module fault_detectB_chklive.
I: Module instance {Tieta_Feiteng_1001_top/pwrseq_slave_inst/p5v_fault_det_inst} parameter value:
    NUMBER_OF_VRM = 32'h1 | 32'd1 | 32'b00000000000000000000000000000001
I: Verilog-0004: [C:/CPLD/pango/2_Tieta_Feiteng/Tieta_Feiteng_1001_PGC7KD69MBG400/rtl/source/pwrseq/pwrseq_slave.v(line number: 814)] Elaborating instance p3v3_en_r_check_inst.
I: Verilog-0003: [C:/CPLD/pango/2_Tieta_Feiteng/Tieta_Feiteng_1001_PGC7KD69MBG400/rtl/source/common/edge_delay.v(line number: 24)] Elaborating module edge_delay.
I: Module instance {Tieta_Feiteng_1001_top/pwrseq_slave_inst/p3v3_en_r_check_inst} parameter value:
    CNTR_NBITS = 32'h2 | 32'd2 | 32'b00000000000000000000000000000010
    DEF_OUTPUT = 1'h0 | 1'd0 | 1'b0
    DELAY_MODE = 1'h0 | 1'd0 | 1'b0
I: Verilog-0004: [C:/CPLD/pango/2_Tieta_Feiteng/Tieta_Feiteng_1001_PGC7KD69MBG400/rtl/source/pwrseq/pwrseq_slave.v(line number: 823)] Elaborating instance p3v3_fault_det_inst.
I: Verilog-0003: [C:/CPLD/pango/2_Tieta_Feiteng/Tieta_Feiteng_1001_PGC7KD69MBG400/rtl/source/pwrseq/fault_detectB_chklive.v(line number: 20)] Elaborating module fault_detectB_chklive.
I: Module instance {Tieta_Feiteng_1001_top/pwrseq_slave_inst/p3v3_fault_det_inst} parameter value:
    NUMBER_OF_VRM = 32'h1 | 32'd1 | 32'b00000000000000000000000000000001
I: Verilog-0004: [C:/CPLD/pango/2_Tieta_Feiteng/Tieta_Feiteng_1001_PGC7KD69MBG400/rtl/source/pwrseq/pwrseq_slave.v(line number: 843)] Elaborating instance p1v1_en_r_check_inst.
I: Verilog-0003: [C:/CPLD/pango/2_Tieta_Feiteng/Tieta_Feiteng_1001_PGC7KD69MBG400/rtl/source/common/edge_delay.v(line number: 24)] Elaborating module edge_delay.
I: Module instance {Tieta_Feiteng_1001_top/pwrseq_slave_inst/p1v1_en_r_check_inst} parameter value:
    CNTR_NBITS = 32'h2 | 32'd2 | 32'b00000000000000000000000000000010
    DEF_OUTPUT = 1'h0 | 1'd0 | 1'b0
    DELAY_MODE = 1'h0 | 1'd0 | 1'b0
I: Verilog-0004: [C:/CPLD/pango/2_Tieta_Feiteng/Tieta_Feiteng_1001_PGC7KD69MBG400/rtl/source/pwrseq/pwrseq_slave.v(line number: 852)] Elaborating instance p1v1_fault_det_inst.
I: Verilog-0003: [C:/CPLD/pango/2_Tieta_Feiteng/Tieta_Feiteng_1001_PGC7KD69MBG400/rtl/source/pwrseq/fault_detectB_chklive.v(line number: 20)] Elaborating module fault_detectB_chklive.
I: Module instance {Tieta_Feiteng_1001_top/pwrseq_slave_inst/p1v1_fault_det_inst} parameter value:
    NUMBER_OF_VRM = 32'h1 | 32'd1 | 32'b00000000000000000000000000000001
I: Verilog-0004: [C:/CPLD/pango/2_Tieta_Feiteng/Tieta_Feiteng_1001_PGC7KD69MBG400/rtl/source/pwrseq/pwrseq_slave.v(line number: 872)] Elaborating instance cpu0_vdd_core_en_r_check_inst.
I: Verilog-0003: [C:/CPLD/pango/2_Tieta_Feiteng/Tieta_Feiteng_1001_PGC7KD69MBG400/rtl/source/common/edge_delay.v(line number: 24)] Elaborating module edge_delay.
I: Module instance {Tieta_Feiteng_1001_top/pwrseq_slave_inst/cpu0_vdd_core_en_r_check_inst} parameter value:
    CNTR_NBITS = 32'h2 | 32'd2 | 32'b00000000000000000000000000000010
    DEF_OUTPUT = 1'h0 | 1'd0 | 1'b0
    DELAY_MODE = 1'h0 | 1'd0 | 1'b0
I: Verilog-0004: [C:/CPLD/pango/2_Tieta_Feiteng/Tieta_Feiteng_1001_PGC7KD69MBG400/rtl/source/pwrseq/pwrseq_slave.v(line number: 881)] Elaborating instance cpu0_vdd_core_fault_det_inst.
I: Verilog-0003: [C:/CPLD/pango/2_Tieta_Feiteng/Tieta_Feiteng_1001_PGC7KD69MBG400/rtl/source/pwrseq/fault_detectB_chklive.v(line number: 20)] Elaborating module fault_detectB_chklive.
I: Module instance {Tieta_Feiteng_1001_top/pwrseq_slave_inst/cpu0_vdd_core_fault_det_inst} parameter value:
    NUMBER_OF_VRM = 32'h1 | 32'd1 | 32'b00000000000000000000000000000001
I: Verilog-0004: [C:/CPLD/pango/2_Tieta_Feiteng/Tieta_Feiteng_1001_PGC7KD69MBG400/rtl/source/pwrseq/pwrseq_slave.v(line number: 897)] Elaborating instance cpu1_vdd_core_en_r_check_inst.
I: Verilog-0003: [C:/CPLD/pango/2_Tieta_Feiteng/Tieta_Feiteng_1001_PGC7KD69MBG400/rtl/source/common/edge_delay.v(line number: 24)] Elaborating module edge_delay.
I: Module instance {Tieta_Feiteng_1001_top/pwrseq_slave_inst/cpu1_vdd_core_en_r_check_inst} parameter value:
    CNTR_NBITS = 32'h2 | 32'd2 | 32'b00000000000000000000000000000010
    DEF_OUTPUT = 1'h0 | 1'd0 | 1'b0
    DELAY_MODE = 1'h0 | 1'd0 | 1'b0
I: Verilog-0004: [C:/CPLD/pango/2_Tieta_Feiteng/Tieta_Feiteng_1001_PGC7KD69MBG400/rtl/source/pwrseq/pwrseq_slave.v(line number: 906)] Elaborating instance cpu1_vdd_core_fault_det_inst.
I: Verilog-0003: [C:/CPLD/pango/2_Tieta_Feiteng/Tieta_Feiteng_1001_PGC7KD69MBG400/rtl/source/pwrseq/fault_detectB_chklive.v(line number: 20)] Elaborating module fault_detectB_chklive.
I: Module instance {Tieta_Feiteng_1001_top/pwrseq_slave_inst/cpu1_vdd_core_fault_det_inst} parameter value:
    NUMBER_OF_VRM = 32'h1 | 32'd1 | 32'b00000000000000000000000000000001
I: Verilog-0004: [C:/CPLD/pango/2_Tieta_Feiteng/Tieta_Feiteng_1001_PGC7KD69MBG400/rtl/source/pwrseq/pwrseq_slave.v(line number: 925)] Elaborating instance cpu0_p1v8_en_r_check_inst.
I: Verilog-0003: [C:/CPLD/pango/2_Tieta_Feiteng/Tieta_Feiteng_1001_PGC7KD69MBG400/rtl/source/common/edge_delay.v(line number: 24)] Elaborating module edge_delay.
I: Module instance {Tieta_Feiteng_1001_top/pwrseq_slave_inst/cpu0_p1v8_en_r_check_inst} parameter value:
    CNTR_NBITS = 32'h2 | 32'd2 | 32'b00000000000000000000000000000010
    DEF_OUTPUT = 1'h0 | 1'd0 | 1'b0
    DELAY_MODE = 1'h0 | 1'd0 | 1'b0
I: Verilog-0004: [C:/CPLD/pango/2_Tieta_Feiteng/Tieta_Feiteng_1001_PGC7KD69MBG400/rtl/source/pwrseq/pwrseq_slave.v(line number: 934)] Elaborating instance cpu0_p1v8_fault_det_inst.
I: Verilog-0003: [C:/CPLD/pango/2_Tieta_Feiteng/Tieta_Feiteng_1001_PGC7KD69MBG400/rtl/source/pwrseq/fault_detectB_chklive.v(line number: 20)] Elaborating module fault_detectB_chklive.
I: Module instance {Tieta_Feiteng_1001_top/pwrseq_slave_inst/cpu0_p1v8_fault_det_inst} parameter value:
    NUMBER_OF_VRM = 32'h1 | 32'd1 | 32'b00000000000000000000000000000001
I: Verilog-0004: [C:/CPLD/pango/2_Tieta_Feiteng/Tieta_Feiteng_1001_PGC7KD69MBG400/rtl/source/pwrseq/pwrseq_slave.v(line number: 950)] Elaborating instance cpu1_p1v8_en_r_check_inst.
I: Verilog-0003: [C:/CPLD/pango/2_Tieta_Feiteng/Tieta_Feiteng_1001_PGC7KD69MBG400/rtl/source/common/edge_delay.v(line number: 24)] Elaborating module edge_delay.
I: Module instance {Tieta_Feiteng_1001_top/pwrseq_slave_inst/cpu1_p1v8_en_r_check_inst} parameter value:
    CNTR_NBITS = 32'h2 | 32'd2 | 32'b00000000000000000000000000000010
    DEF_OUTPUT = 1'h0 | 1'd0 | 1'b0
    DELAY_MODE = 1'h0 | 1'd0 | 1'b0
I: Verilog-0004: [C:/CPLD/pango/2_Tieta_Feiteng/Tieta_Feiteng_1001_PGC7KD69MBG400/rtl/source/pwrseq/pwrseq_slave.v(line number: 959)] Elaborating instance cpu1_p1v8_fault_det_inst.
I: Verilog-0003: [C:/CPLD/pango/2_Tieta_Feiteng/Tieta_Feiteng_1001_PGC7KD69MBG400/rtl/source/pwrseq/fault_detectB_chklive.v(line number: 20)] Elaborating module fault_detectB_chklive.
I: Module instance {Tieta_Feiteng_1001_top/pwrseq_slave_inst/cpu1_p1v8_fault_det_inst} parameter value:
    NUMBER_OF_VRM = 32'h1 | 32'd1 | 32'b00000000000000000000000000000001
I: Verilog-0004: [C:/CPLD/pango/2_Tieta_Feiteng/Tieta_Feiteng_1001_PGC7KD69MBG400/rtl/source/pwrseq/pwrseq_slave.v(line number: 978)] Elaborating instance cpu0_vddq_en_r_check_inst.
I: Verilog-0003: [C:/CPLD/pango/2_Tieta_Feiteng/Tieta_Feiteng_1001_PGC7KD69MBG400/rtl/source/common/edge_delay.v(line number: 24)] Elaborating module edge_delay.
I: Module instance {Tieta_Feiteng_1001_top/pwrseq_slave_inst/cpu0_vddq_en_r_check_inst} parameter value:
    CNTR_NBITS = 32'h2 | 32'd2 | 32'b00000000000000000000000000000010
    DEF_OUTPUT = 1'h0 | 1'd0 | 1'b0
    DELAY_MODE = 1'h0 | 1'd0 | 1'b0
I: Verilog-0004: [C:/CPLD/pango/2_Tieta_Feiteng/Tieta_Feiteng_1001_PGC7KD69MBG400/rtl/source/pwrseq/pwrseq_slave.v(line number: 987)] Elaborating instance cpu0_vddq_fault_det_inst.
I: Verilog-0003: [C:/CPLD/pango/2_Tieta_Feiteng/Tieta_Feiteng_1001_PGC7KD69MBG400/rtl/source/pwrseq/fault_detectB_chklive.v(line number: 20)] Elaborating module fault_detectB_chklive.
I: Module instance {Tieta_Feiteng_1001_top/pwrseq_slave_inst/cpu0_vddq_fault_det_inst} parameter value:
    NUMBER_OF_VRM = 32'h1 | 32'd1 | 32'b00000000000000000000000000000001
I: Verilog-0004: [C:/CPLD/pango/2_Tieta_Feiteng/Tieta_Feiteng_1001_PGC7KD69MBG400/rtl/source/pwrseq/pwrseq_slave.v(line number: 1003)] Elaborating instance cpu1_vddq_en_r_check_inst.
I: Verilog-0003: [C:/CPLD/pango/2_Tieta_Feiteng/Tieta_Feiteng_1001_PGC7KD69MBG400/rtl/source/common/edge_delay.v(line number: 24)] Elaborating module edge_delay.
I: Module instance {Tieta_Feiteng_1001_top/pwrseq_slave_inst/cpu1_vddq_en_r_check_inst} parameter value:
    CNTR_NBITS = 32'h2 | 32'd2 | 32'b00000000000000000000000000000010
    DEF_OUTPUT = 1'h0 | 1'd0 | 1'b0
    DELAY_MODE = 1'h0 | 1'd0 | 1'b0
I: Verilog-0004: [C:/CPLD/pango/2_Tieta_Feiteng/Tieta_Feiteng_1001_PGC7KD69MBG400/rtl/source/pwrseq/pwrseq_slave.v(line number: 1012)] Elaborating instance cpu1_vddq_fault_det_inst.
I: Verilog-0003: [C:/CPLD/pango/2_Tieta_Feiteng/Tieta_Feiteng_1001_PGC7KD69MBG400/rtl/source/pwrseq/fault_detectB_chklive.v(line number: 20)] Elaborating module fault_detectB_chklive.
I: Module instance {Tieta_Feiteng_1001_top/pwrseq_slave_inst/cpu1_vddq_fault_det_inst} parameter value:
    NUMBER_OF_VRM = 32'h1 | 32'd1 | 32'b00000000000000000000000000000001
I: Verilog-0004: [C:/CPLD/pango/2_Tieta_Feiteng/Tieta_Feiteng_1001_PGC7KD69MBG400/rtl/source/pwrseq/pwrseq_slave.v(line number: 1033)] Elaborating instance cpu0_ddr_vdd_en_r_check_inst.
I: Verilog-0003: [C:/CPLD/pango/2_Tieta_Feiteng/Tieta_Feiteng_1001_PGC7KD69MBG400/rtl/source/common/edge_delay.v(line number: 24)] Elaborating module edge_delay.
I: Module instance {Tieta_Feiteng_1001_top/pwrseq_slave_inst/cpu0_ddr_vdd_en_r_check_inst} parameter value:
    CNTR_NBITS = 32'h2 | 32'd2 | 32'b00000000000000000000000000000010
    DEF_OUTPUT = 1'h0 | 1'd0 | 1'b0
    DELAY_MODE = 1'h0 | 1'd0 | 1'b0
I: Verilog-0004: [C:/CPLD/pango/2_Tieta_Feiteng/Tieta_Feiteng_1001_PGC7KD69MBG400/rtl/source/pwrseq/pwrseq_slave.v(line number: 1042)] Elaborating instance cpu0_ddr_vdd_fault_det_inst.
I: Verilog-0003: [C:/CPLD/pango/2_Tieta_Feiteng/Tieta_Feiteng_1001_PGC7KD69MBG400/rtl/source/pwrseq/fault_detectB_chklive.v(line number: 20)] Elaborating module fault_detectB_chklive.
I: Module instance {Tieta_Feiteng_1001_top/pwrseq_slave_inst/cpu0_ddr_vdd_fault_det_inst} parameter value:
    NUMBER_OF_VRM = 32'h1 | 32'd1 | 32'b00000000000000000000000000000001
I: Verilog-0004: [C:/CPLD/pango/2_Tieta_Feiteng/Tieta_Feiteng_1001_PGC7KD69MBG400/rtl/source/pwrseq/pwrseq_slave.v(line number: 1058)] Elaborating instance cpu1_ddr_vdd_en_r_check_inst.
I: Verilog-0003: [C:/CPLD/pango/2_Tieta_Feiteng/Tieta_Feiteng_1001_PGC7KD69MBG400/rtl/source/common/edge_delay.v(line number: 24)] Elaborating module edge_delay.
I: Module instance {Tieta_Feiteng_1001_top/pwrseq_slave_inst/cpu1_ddr_vdd_en_r_check_inst} parameter value:
    CNTR_NBITS = 32'h2 | 32'd2 | 32'b00000000000000000000000000000010
    DEF_OUTPUT = 1'h0 | 1'd0 | 1'b0
    DELAY_MODE = 1'h0 | 1'd0 | 1'b0
I: Verilog-0004: [C:/CPLD/pango/2_Tieta_Feiteng/Tieta_Feiteng_1001_PGC7KD69MBG400/rtl/source/pwrseq/pwrseq_slave.v(line number: 1067)] Elaborating instance cpu1_ddr_vdd_fault_det_inst.
I: Verilog-0003: [C:/CPLD/pango/2_Tieta_Feiteng/Tieta_Feiteng_1001_PGC7KD69MBG400/rtl/source/pwrseq/fault_detectB_chklive.v(line number: 20)] Elaborating module fault_detectB_chklive.
I: Module instance {Tieta_Feiteng_1001_top/pwrseq_slave_inst/cpu1_ddr_vdd_fault_det_inst} parameter value:
    NUMBER_OF_VRM = 32'h1 | 32'd1 | 32'b00000000000000000000000000000001
I: Verilog-0004: [C:/CPLD/pango/2_Tieta_Feiteng/Tieta_Feiteng_1001_PGC7KD69MBG400/rtl/source/pwrseq/pwrseq_slave.v(line number: 1086)] Elaborating instance cpu0_pll_p1v8_en_r_check_inst.
I: Verilog-0003: [C:/CPLD/pango/2_Tieta_Feiteng/Tieta_Feiteng_1001_PGC7KD69MBG400/rtl/source/common/edge_delay.v(line number: 24)] Elaborating module edge_delay.
I: Module instance {Tieta_Feiteng_1001_top/pwrseq_slave_inst/cpu0_pll_p1v8_en_r_check_inst} parameter value:
    CNTR_NBITS = 32'h2 | 32'd2 | 32'b00000000000000000000000000000010
    DEF_OUTPUT = 1'h0 | 1'd0 | 1'b0
    DELAY_MODE = 1'h0 | 1'd0 | 1'b0
I: Verilog-0004: [C:/CPLD/pango/2_Tieta_Feiteng/Tieta_Feiteng_1001_PGC7KD69MBG400/rtl/source/pwrseq/pwrseq_slave.v(line number: 1095)] Elaborating instance cpu0_pll_p1v8_fault_det_inst.
I: Verilog-0003: [C:/CPLD/pango/2_Tieta_Feiteng/Tieta_Feiteng_1001_PGC7KD69MBG400/rtl/source/pwrseq/fault_detectB_chklive.v(line number: 20)] Elaborating module fault_detectB_chklive.
I: Module instance {Tieta_Feiteng_1001_top/pwrseq_slave_inst/cpu0_pll_p1v8_fault_det_inst} parameter value:
    NUMBER_OF_VRM = 32'h1 | 32'd1 | 32'b00000000000000000000000000000001
I: Verilog-0004: [C:/CPLD/pango/2_Tieta_Feiteng/Tieta_Feiteng_1001_PGC7KD69MBG400/rtl/source/pwrseq/pwrseq_slave.v(line number: 1111)] Elaborating instance cpu1_pll_p1v8_en_r_check_inst.
I: Verilog-0003: [C:/CPLD/pango/2_Tieta_Feiteng/Tieta_Feiteng_1001_PGC7KD69MBG400/rtl/source/common/edge_delay.v(line number: 24)] Elaborating module edge_delay.
I: Module instance {Tieta_Feiteng_1001_top/pwrseq_slave_inst/cpu1_pll_p1v8_en_r_check_inst} parameter value:
    CNTR_NBITS = 32'h2 | 32'd2 | 32'b00000000000000000000000000000010
    DEF_OUTPUT = 1'h0 | 1'd0 | 1'b0
    DELAY_MODE = 1'h0 | 1'd0 | 1'b0
I: Verilog-0004: [C:/CPLD/pango/2_Tieta_Feiteng/Tieta_Feiteng_1001_PGC7KD69MBG400/rtl/source/pwrseq/pwrseq_slave.v(line number: 1120)] Elaborating instance cpu1_pll_p1v8_fault_det_inst.
I: Verilog-0003: [C:/CPLD/pango/2_Tieta_Feiteng/Tieta_Feiteng_1001_PGC7KD69MBG400/rtl/source/pwrseq/fault_detectB_chklive.v(line number: 20)] Elaborating module fault_detectB_chklive.
I: Module instance {Tieta_Feiteng_1001_top/pwrseq_slave_inst/cpu1_pll_p1v8_fault_det_inst} parameter value:
    NUMBER_OF_VRM = 32'h1 | 32'd1 | 32'b00000000000000000000000000000001
I: Verilog-0004: [C:/CPLD/pango/2_Tieta_Feiteng/Tieta_Feiteng_1001_PGC7KD69MBG400/rtl/source/pwrseq/pwrseq_slave.v(line number: 1146)] Elaborating instance cpu0_d0_vp_p0v9_en_r_inst.
I: Verilog-0003: [C:/CPLD/pango/2_Tieta_Feiteng/Tieta_Feiteng_1001_PGC7KD69MBG400/rtl/source/common/edge_delay.v(line number: 24)] Elaborating module edge_delay.
I: Module instance {Tieta_Feiteng_1001_top/pwrseq_slave_inst/cpu0_d0_vp_p0v9_en_r_inst} parameter value:
    CNTR_NBITS = 32'h2 | 32'd2 | 32'b00000000000000000000000000000010
    DEF_OUTPUT = 1'h0 | 1'd0 | 1'b0
    DELAY_MODE = 1'h0 | 1'd0 | 1'b0
I: Verilog-0004: [C:/CPLD/pango/2_Tieta_Feiteng/Tieta_Feiteng_1001_PGC7KD69MBG400/rtl/source/pwrseq/pwrseq_slave.v(line number: 1155)] Elaborating instance cpu0_d0_vp_p0v9_fault_detect_inst.
I: Verilog-0003: [C:/CPLD/pango/2_Tieta_Feiteng/Tieta_Feiteng_1001_PGC7KD69MBG400/rtl/source/pwrseq/fault_detectB_chklive.v(line number: 20)] Elaborating module fault_detectB_chklive.
I: Module instance {Tieta_Feiteng_1001_top/pwrseq_slave_inst/cpu0_d0_vp_p0v9_fault_detect_inst} parameter value:
    NUMBER_OF_VRM = 32'h1 | 32'd1 | 32'b00000000000000000000000000000001
I: Verilog-0004: [C:/CPLD/pango/2_Tieta_Feiteng/Tieta_Feiteng_1001_PGC7KD69MBG400/rtl/source/pwrseq/pwrseq_slave.v(line number: 1170)] Elaborating instance cpu0_d1_vp_p0v9_en_r_inst.
I: Verilog-0003: [C:/CPLD/pango/2_Tieta_Feiteng/Tieta_Feiteng_1001_PGC7KD69MBG400/rtl/source/common/edge_delay.v(line number: 24)] Elaborating module edge_delay.
I: Module instance {Tieta_Feiteng_1001_top/pwrseq_slave_inst/cpu0_d1_vp_p0v9_en_r_inst} parameter value:
    CNTR_NBITS = 32'h2 | 32'd2 | 32'b00000000000000000000000000000010
    DEF_OUTPUT = 1'h0 | 1'd0 | 1'b0
    DELAY_MODE = 1'h0 | 1'd0 | 1'b0
I: Verilog-0004: [C:/CPLD/pango/2_Tieta_Feiteng/Tieta_Feiteng_1001_PGC7KD69MBG400/rtl/source/pwrseq/pwrseq_slave.v(line number: 1179)] Elaborating instance cpu0_d1_vp_p0v9_fault_detect_inst.
I: Verilog-0003: [C:/CPLD/pango/2_Tieta_Feiteng/Tieta_Feiteng_1001_PGC7KD69MBG400/rtl/source/pwrseq/fault_detectB_chklive.v(line number: 20)] Elaborating module fault_detectB_chklive.
I: Module instance {Tieta_Feiteng_1001_top/pwrseq_slave_inst/cpu0_d1_vp_p0v9_fault_detect_inst} parameter value:
    NUMBER_OF_VRM = 32'h1 | 32'd1 | 32'b00000000000000000000000000000001
I: Verilog-0004: [C:/CPLD/pango/2_Tieta_Feiteng/Tieta_Feiteng_1001_PGC7KD69MBG400/rtl/source/pwrseq/pwrseq_slave.v(line number: 1194)] Elaborating instance cpu0_d0_vph_p1v8_en_r_inst.
I: Verilog-0003: [C:/CPLD/pango/2_Tieta_Feiteng/Tieta_Feiteng_1001_PGC7KD69MBG400/rtl/source/common/edge_delay.v(line number: 24)] Elaborating module edge_delay.
I: Module instance {Tieta_Feiteng_1001_top/pwrseq_slave_inst/cpu0_d0_vph_p1v8_en_r_inst} parameter value:
    CNTR_NBITS = 32'h2 | 32'd2 | 32'b00000000000000000000000000000010
    DEF_OUTPUT = 1'h0 | 1'd0 | 1'b0
    DELAY_MODE = 1'h0 | 1'd0 | 1'b0
I: Verilog-0004: [C:/CPLD/pango/2_Tieta_Feiteng/Tieta_Feiteng_1001_PGC7KD69MBG400/rtl/source/pwrseq/pwrseq_slave.v(line number: 1203)] Elaborating instance cpu0_d0_vph_p1v8_fault_detect_inst.
I: Verilog-0003: [C:/CPLD/pango/2_Tieta_Feiteng/Tieta_Feiteng_1001_PGC7KD69MBG400/rtl/source/pwrseq/fault_detectB_chklive.v(line number: 20)] Elaborating module fault_detectB_chklive.
I: Module instance {Tieta_Feiteng_1001_top/pwrseq_slave_inst/cpu0_d0_vph_p1v8_fault_detect_inst} parameter value:
    NUMBER_OF_VRM = 32'h1 | 32'd1 | 32'b00000000000000000000000000000001
I: Verilog-0004: [C:/CPLD/pango/2_Tieta_Feiteng/Tieta_Feiteng_1001_PGC7KD69MBG400/rtl/source/pwrseq/pwrseq_slave.v(line number: 1218)] Elaborating instance cpu0_d1_vph_p1v8_en_r_inst.
I: Verilog-0003: [C:/CPLD/pango/2_Tieta_Feiteng/Tieta_Feiteng_1001_PGC7KD69MBG400/rtl/source/common/edge_delay.v(line number: 24)] Elaborating module edge_delay.
I: Module instance {Tieta_Feiteng_1001_top/pwrseq_slave_inst/cpu0_d1_vph_p1v8_en_r_inst} parameter value:
    CNTR_NBITS = 32'h2 | 32'd2 | 32'b00000000000000000000000000000010
    DEF_OUTPUT = 1'h0 | 1'd0 | 1'b0
    DELAY_MODE = 1'h0 | 1'd0 | 1'b0
I: Verilog-0004: [C:/CPLD/pango/2_Tieta_Feiteng/Tieta_Feiteng_1001_PGC7KD69MBG400/rtl/source/pwrseq/pwrseq_slave.v(line number: 1227)] Elaborating instance cpu0_d1_vph_p1v8_fault_detect_inst.
I: Verilog-0003: [C:/CPLD/pango/2_Tieta_Feiteng/Tieta_Feiteng_1001_PGC7KD69MBG400/rtl/source/pwrseq/fault_detectB_chklive.v(line number: 20)] Elaborating module fault_detectB_chklive.
I: Module instance {Tieta_Feiteng_1001_top/pwrseq_slave_inst/cpu0_d1_vph_p1v8_fault_detect_inst} parameter value:
    NUMBER_OF_VRM = 32'h1 | 32'd1 | 32'b00000000000000000000000000000001
I: Verilog-0004: [C:/CPLD/pango/2_Tieta_Feiteng/Tieta_Feiteng_1001_PGC7KD69MBG400/rtl/source/pwrseq/pwrseq_slave.v(line number: 1242)] Elaborating instance cpu1_d0_vp_p0v9_en_r_inst.
I: Verilog-0003: [C:/CPLD/pango/2_Tieta_Feiteng/Tieta_Feiteng_1001_PGC7KD69MBG400/rtl/source/common/edge_delay.v(line number: 24)] Elaborating module edge_delay.
I: Module instance {Tieta_Feiteng_1001_top/pwrseq_slave_inst/cpu1_d0_vp_p0v9_en_r_inst} parameter value:
    CNTR_NBITS = 32'h2 | 32'd2 | 32'b00000000000000000000000000000010
    DEF_OUTPUT = 1'h0 | 1'd0 | 1'b0
    DELAY_MODE = 1'h0 | 1'd0 | 1'b0
I: Verilog-0004: [C:/CPLD/pango/2_Tieta_Feiteng/Tieta_Feiteng_1001_PGC7KD69MBG400/rtl/source/pwrseq/pwrseq_slave.v(line number: 1251)] Elaborating instance cpu1_d0_vp_p0v9_fault_detect_inst.
I: Verilog-0003: [C:/CPLD/pango/2_Tieta_Feiteng/Tieta_Feiteng_1001_PGC7KD69MBG400/rtl/source/pwrseq/fault_detectB_chklive.v(line number: 20)] Elaborating module fault_detectB_chklive.
I: Module instance {Tieta_Feiteng_1001_top/pwrseq_slave_inst/cpu1_d0_vp_p0v9_fault_detect_inst} parameter value:
    NUMBER_OF_VRM = 32'h1 | 32'd1 | 32'b00000000000000000000000000000001
I: Verilog-0004: [C:/CPLD/pango/2_Tieta_Feiteng/Tieta_Feiteng_1001_PGC7KD69MBG400/rtl/source/pwrseq/pwrseq_slave.v(line number: 1266)] Elaborating instance cpu1_d1_vp_p0v9_en_r_inst.
I: Verilog-0003: [C:/CPLD/pango/2_Tieta_Feiteng/Tieta_Feiteng_1001_PGC7KD69MBG400/rtl/source/common/edge_delay.v(line number: 24)] Elaborating module edge_delay.
I: Module instance {Tieta_Feiteng_1001_top/pwrseq_slave_inst/cpu1_d1_vp_p0v9_en_r_inst} parameter value:
    CNTR_NBITS = 32'h2 | 32'd2 | 32'b00000000000000000000000000000010
    DEF_OUTPUT = 1'h0 | 1'd0 | 1'b0
    DELAY_MODE = 1'h0 | 1'd0 | 1'b0
I: Verilog-0004: [C:/CPLD/pango/2_Tieta_Feiteng/Tieta_Feiteng_1001_PGC7KD69MBG400/rtl/source/pwrseq/pwrseq_slave.v(line number: 1275)] Elaborating instance cpu1_d1_vp_p0v9_fault_detect_inst.
I: Verilog-0003: [C:/CPLD/pango/2_Tieta_Feiteng/Tieta_Feiteng_1001_PGC7KD69MBG400/rtl/source/pwrseq/fault_detectB_chklive.v(line number: 20)] Elaborating module fault_detectB_chklive.
I: Module instance {Tieta_Feiteng_1001_top/pwrseq_slave_inst/cpu1_d1_vp_p0v9_fault_detect_inst} parameter value:
    NUMBER_OF_VRM = 32'h1 | 32'd1 | 32'b00000000000000000000000000000001
I: Verilog-0004: [C:/CPLD/pango/2_Tieta_Feiteng/Tieta_Feiteng_1001_PGC7KD69MBG400/rtl/source/pwrseq/pwrseq_slave.v(line number: 1290)] Elaborating instance cpu1_d0_vph_p1v8_en_r_inst.
I: Verilog-0003: [C:/CPLD/pango/2_Tieta_Feiteng/Tieta_Feiteng_1001_PGC7KD69MBG400/rtl/source/common/edge_delay.v(line number: 24)] Elaborating module edge_delay.
I: Module instance {Tieta_Feiteng_1001_top/pwrseq_slave_inst/cpu1_d0_vph_p1v8_en_r_inst} parameter value:
    CNTR_NBITS = 32'h2 | 32'd2 | 32'b00000000000000000000000000000010
    DEF_OUTPUT = 1'h0 | 1'd0 | 1'b0
    DELAY_MODE = 1'h0 | 1'd0 | 1'b0
I: Verilog-0004: [C:/CPLD/pango/2_Tieta_Feiteng/Tieta_Feiteng_1001_PGC7KD69MBG400/rtl/source/pwrseq/pwrseq_slave.v(line number: 1299)] Elaborating instance cpu1_d0_vph_p1v8_fault_detect_inst.
I: Verilog-0003: [C:/CPLD/pango/2_Tieta_Feiteng/Tieta_Feiteng_1001_PGC7KD69MBG400/rtl/source/pwrseq/fault_detectB_chklive.v(line number: 20)] Elaborating module fault_detectB_chklive.
I: Module instance {Tieta_Feiteng_1001_top/pwrseq_slave_inst/cpu1_d0_vph_p1v8_fault_detect_inst} parameter value:
    NUMBER_OF_VRM = 32'h1 | 32'd1 | 32'b00000000000000000000000000000001
I: Verilog-0004: [C:/CPLD/pango/2_Tieta_Feiteng/Tieta_Feiteng_1001_PGC7KD69MBG400/rtl/source/pwrseq/pwrseq_slave.v(line number: 1314)] Elaborating instance cpu1_d1_vph_p1v8_en_r_inst.
I: Verilog-0003: [C:/CPLD/pango/2_Tieta_Feiteng/Tieta_Feiteng_1001_PGC7KD69MBG400/rtl/source/common/edge_delay.v(line number: 24)] Elaborating module edge_delay.
I: Module instance {Tieta_Feiteng_1001_top/pwrseq_slave_inst/cpu1_d1_vph_p1v8_en_r_inst} parameter value:
    CNTR_NBITS = 32'h2 | 32'd2 | 32'b00000000000000000000000000000010
    DEF_OUTPUT = 1'h0 | 1'd0 | 1'b0
    DELAY_MODE = 1'h0 | 1'd0 | 1'b0
I: Verilog-0004: [C:/CPLD/pango/2_Tieta_Feiteng/Tieta_Feiteng_1001_PGC7KD69MBG400/rtl/source/pwrseq/pwrseq_slave.v(line number: 1323)] Elaborating instance cpu1_d1_vph_p1v8_fault_detect_inst.
I: Verilog-0003: [C:/CPLD/pango/2_Tieta_Feiteng/Tieta_Feiteng_1001_PGC7KD69MBG400/rtl/source/pwrseq/fault_detectB_chklive.v(line number: 20)] Elaborating module fault_detectB_chklive.
I: Module instance {Tieta_Feiteng_1001_top/pwrseq_slave_inst/cpu1_d1_vph_p1v8_fault_detect_inst} parameter value:
    NUMBER_OF_VRM = 32'h1 | 32'd1 | 32'b00000000000000000000000000000001
I: Verilog-0004: [C:/CPLD/pango/2_Tieta_Feiteng/Tieta_Feiteng_1001_PGC7KD69MBG400/rtl/source/pwrseq/pwrseq_slave.v(line number: 1343)] Elaborating instance cpupwrok_en_check_inst.
I: Verilog-0003: [C:/CPLD/pango/2_Tieta_Feiteng/Tieta_Feiteng_1001_PGC7KD69MBG400/rtl/source/common/edge_delay.v(line number: 24)] Elaborating module edge_delay.
I: Module instance {Tieta_Feiteng_1001_top/pwrseq_slave_inst/cpupwrok_en_check_inst} parameter value:
    CNTR_NBITS = 32'h2 | 32'd2 | 32'b00000000000000000000000000000010
    DEF_OUTPUT = 1'h0 | 1'd0 | 1'b0
    DELAY_MODE = 1'h0 | 1'd0 | 1'b0
I: Verilog-0004: [C:/CPLD/pango/2_Tieta_Feiteng/Tieta_Feiteng_1001_PGC7KD69MBG400/rtl/source/pwrseq/pwrseq_slave.v(line number: 1375)] Elaborating instance bp_en_check_inst.
I: Verilog-0003: [C:/CPLD/pango/2_Tieta_Feiteng/Tieta_Feiteng_1001_PGC7KD69MBG400/rtl/source/common/edge_delay.v(line number: 24)] Elaborating module edge_delay.
I: Module instance {Tieta_Feiteng_1001_top/pwrseq_slave_inst/bp_en_check_inst} parameter value:
    CNTR_NBITS = 32'h3 | 32'd3 | 32'b00000000000000000000000000000011
    DEF_OUTPUT = 1'h0 | 1'd0 | 1'b0
    DELAY_MODE = 1'h0 | 1'd0 | 1'b0
I: Verilog-0004: [C:/CPLD/pango/2_Tieta_Feiteng/Tieta_Feiteng_1001_PGC7KD69MBG400/rtl/source/pwrseq/pwrseq_slave.v(line number: 1354)] Elaborating instance inst_cpu_thermtrip_fault_det.
I: Verilog-0003: [C:/CPLD/pango/2_Tieta_Feiteng/Tieta_Feiteng_1001_PGC7KD69MBG400/rtl/source/pwrseq/fault_detectB_chklive.v(line number: 20)] Elaborating module fault_detectB_chklive.
I: Module instance {Tieta_Feiteng_1001_top/pwrseq_slave_inst/_CPU_THERMTRIP_DETECT_BLOCK_[0].inst_cpu_thermtrip_fault_det} parameter value:
    NUMBER_OF_VRM = 32'h1 | 32'd1 | 32'b00000000000000000000000000000001
I: Verilog-0004: [C:/CPLD/pango/2_Tieta_Feiteng/Tieta_Feiteng_1001_PGC7KD69MBG400/rtl/source/pwrseq/pwrseq_slave.v(line number: 1354)] Elaborating instance inst_cpu_thermtrip_fault_det.
I: Verilog-0003: [C:/CPLD/pango/2_Tieta_Feiteng/Tieta_Feiteng_1001_PGC7KD69MBG400/rtl/source/pwrseq/fault_detectB_chklive.v(line number: 20)] Elaborating module fault_detectB_chklive.
I: Module instance {Tieta_Feiteng_1001_top/pwrseq_slave_inst/_CPU_THERMTRIP_DETECT_BLOCK_[1].inst_cpu_thermtrip_fault_det} parameter value:
    NUMBER_OF_VRM = 32'h1 | 32'd1 | 32'b00000000000000000000000000000001
I: Verilog-0004: [C:/CPLD/pango/2_Tieta_Feiteng/Tieta_Feiteng_1001_PGC7KD69MBG400/rtl/source/pwrseq/pwrseq_slave.v(line number: 1385)] Elaborating instance inst_hd_bp_pwr_fault_det.
I: Verilog-0003: [C:/CPLD/pango/2_Tieta_Feiteng/Tieta_Feiteng_1001_PGC7KD69MBG400/rtl/source/pwrseq/fault_detectB_chklive.v(line number: 20)] Elaborating module fault_detectB_chklive.
I: Module instance {Tieta_Feiteng_1001_top/pwrseq_slave_inst/_HD_BP_PWR_DETECT_BLOCK_[0].inst_hd_bp_pwr_fault_det} parameter value:
    NUMBER_OF_VRM = 32'h1 | 32'd1 | 32'b00000000000000000000000000000001
I: Verilog-0004: [C:/CPLD/pango/2_Tieta_Feiteng/Tieta_Feiteng_1001_PGC7KD69MBG400/rtl/source/pwrseq/pwrseq_slave.v(line number: 1385)] Elaborating instance inst_hd_bp_pwr_fault_det.
I: Verilog-0003: [C:/CPLD/pango/2_Tieta_Feiteng/Tieta_Feiteng_1001_PGC7KD69MBG400/rtl/source/pwrseq/fault_detectB_chklive.v(line number: 20)] Elaborating module fault_detectB_chklive.
I: Module instance {Tieta_Feiteng_1001_top/pwrseq_slave_inst/_HD_BP_PWR_DETECT_BLOCK_[1].inst_hd_bp_pwr_fault_det} parameter value:
    NUMBER_OF_VRM = 32'h1 | 32'd1 | 32'b00000000000000000000000000000001
W: Verilog-2024: [C:/CPLD/pango/2_Tieta_Feiteng/Tieta_Feiteng_1001_PGC7KD69MBG400/rtl/source/pwrseq/pwrseq_slave.v(line number: 12)] Assign a tri-state buf to drive the floating output port dc_on_wait_complete in module pwrseq_slave.
W: Verilog-2024: [C:/CPLD/pango/2_Tieta_Feiteng/Tieta_Feiteng_1001_PGC7KD69MBG400/rtl/source/pwrseq/pwrseq_slave.v(line number: 12)] Assign a tri-state buf to drive the floating output port rt_critical_fail_store in module pwrseq_slave.
W: Verilog-2021: [C:/CPLD/pango/2_Tieta_Feiteng/Tieta_Feiteng_1001_PGC7KD69MBG400/rtl/source/pwrseq/pwrseq_slave.v(line number: 1459)] Net aux_fault in pwrseq_slave(original module pwrseq_slave) does not have a driver, tie it to 0.
W: Verilog-2019: [C:/CPLD/pango/2_Tieta_Feiteng/Tieta_Feiteng_1001_PGC7KD69MBG400/rtl/source/Tieta_Feiteng_1001_top.v(line number: 3143)] Width mismatch between port 'hd_bp_fault_det' (2 bits) and port connection (8 bits) in module instance 'pwrseq_slave'.
I: Verilog-0004: [C:/CPLD/pango/2_Tieta_Feiteng/Tieta_Feiteng_1001_PGC7KD69MBG400/rtl/source/Tieta_Feiteng_1001_top.v(line number: 3363)] Elaborating instance UID_Function_u0.
I: Verilog-0003: [C:/CPLD/pango/2_Tieta_Feiteng/Tieta_Feiteng_1001_PGC7KD69MBG400/rtl/source/common/UID_Function.v(line number: 27)] Elaborating module UID_Function.
I: Module instance {Tieta_Feiteng_1001_top/UID_Function_u0} parameter value:
    LONG_PRESS = 4'h5 | 4'd5 | 4'b0101
I: Verilog-0004: [C:/CPLD/pango/2_Tieta_Feiteng/Tieta_Feiteng_1001_PGC7KD69MBG400/rtl/source/common/UID_Function.v(line number: 340)] Elaborating instance lowpass_filter_U0.
I: Verilog-0003: [C:/CPLD/pango/2_Tieta_Feiteng/Tieta_Feiteng_1001_PGC7KD69MBG400/rtl/source/common/lowpass_filter.v(line number: 23)] Elaborating module lowpass_filter.
I: Module instance {Tieta_Feiteng_1001_top/UID_Function_u0/lowpass_filter_U0} parameter value:
    TOTAL_STAGES = 32'h3 | 32'd3 | 32'b00000000000000000000000000000011
    INIT_VALUE = 1'h1 | 1'd1 | 1'b1
I: Verilog-0004: [C:/CPLD/pango/2_Tieta_Feiteng/Tieta_Feiteng_1001_PGC7KD69MBG400/rtl/source/common/UID_Function.v(line number: 353)] Elaborating instance lowpass_filter_U1.
I: Verilog-0003: [C:/CPLD/pango/2_Tieta_Feiteng/Tieta_Feiteng_1001_PGC7KD69MBG400/rtl/source/common/lowpass_filter.v(line number: 23)] Elaborating module lowpass_filter.
I: Module instance {Tieta_Feiteng_1001_top/UID_Function_u0/lowpass_filter_U1} parameter value:
    TOTAL_STAGES = 32'h3 | 32'd3 | 32'b00000000000000000000000000000011
    INIT_VALUE = 1'h1 | 1'd1 | 1'b1
I: Verilog-0004: [C:/CPLD/pango/2_Tieta_Feiteng/Tieta_Feiteng_1001_PGC7KD69MBG400/rtl/source/common/UID_Function.v(line number: 365)] Elaborating instance Edge_Detect_U0.
I: Verilog-0003: [C:/CPLD/pango/2_Tieta_Feiteng/Tieta_Feiteng_1001_PGC7KD69MBG400/rtl/source/common/edge_detect.v(line number: 4)] Elaborating module Edge_Detect.
I: Verilog-0004: [C:/CPLD/pango/2_Tieta_Feiteng/Tieta_Feiteng_1001_PGC7KD69MBG400/rtl/source/common/UID_Function.v(line number: 376)] Elaborating instance Edge_Detect_U1.
I: Verilog-0003: [C:/CPLD/pango/2_Tieta_Feiteng/Tieta_Feiteng_1001_PGC7KD69MBG400/rtl/source/common/edge_detect.v(line number: 4)] Elaborating module Edge_Detect.
I: Verilog-0004: [C:/CPLD/pango/2_Tieta_Feiteng/Tieta_Feiteng_1001_PGC7KD69MBG400/rtl/source/common/UID_Function.v(line number: 387)] Elaborating instance Edge_Detect_U2.
I: Verilog-0003: [C:/CPLD/pango/2_Tieta_Feiteng/Tieta_Feiteng_1001_PGC7KD69MBG400/rtl/source/common/edge_detect.v(line number: 4)] Elaborating module Edge_Detect.
I: Verilog-0004: [C:/CPLD/pango/2_Tieta_Feiteng/Tieta_Feiteng_1001_PGC7KD69MBG400/rtl/source/Tieta_Feiteng_1001_top.v(line number: 3448)] Elaborating instance psu_inst.
I: Verilog-0003: [C:/CPLD/pango/2_Tieta_Feiteng/Tieta_Feiteng_1001_PGC7KD69MBG400/rtl/source/pwrseq/psu.v(line number: 16)] Elaborating module psu.
I: Module instance {Tieta_Feiteng_1001_top/psu_inst} parameter value:
    NUM_PSU = 32'h2 | 32'd2 | 32'b00000000000000000000000000000010
    BROWNOUT_WARN_VAL = 32'h5 | 32'd5 | 32'b00000000000000000000000000000101
I: Verilog-0004: [C:/CPLD/pango/2_Tieta_Feiteng/Tieta_Feiteng_1001_PGC7KD69MBG400/rtl/source/Tieta_Feiteng_1001_top.v(line number: 3477)] Elaborating instance edge_delay_ps0_on_n.
I: Verilog-0003: [C:/CPLD/pango/2_Tieta_Feiteng/Tieta_Feiteng_1001_PGC7KD69MBG400/rtl/source/common/edge_delay.v(line number: 24)] Elaborating module edge_delay.
I: Module instance {Tieta_Feiteng_1001_top/edge_delay_ps0_on_n} parameter value:
    CNTR_NBITS = 32'h2 | 32'd2 | 32'b00000000000000000000000000000010
    DEF_OUTPUT = 1'h1 | 1'd1 | 1'b1
    DELAY_MODE = 1'h0 | 1'd0 | 1'b0
I: Verilog-0004: [C:/CPLD/pango/2_Tieta_Feiteng/Tieta_Feiteng_1001_PGC7KD69MBG400/rtl/source/Tieta_Feiteng_1001_top.v(line number: 3486)] Elaborating instance edge_delay_ps1_on_n.
I: Verilog-0003: [C:/CPLD/pango/2_Tieta_Feiteng/Tieta_Feiteng_1001_PGC7KD69MBG400/rtl/source/common/edge_delay.v(line number: 24)] Elaborating module edge_delay.
I: Module instance {Tieta_Feiteng_1001_top/edge_delay_ps1_on_n} parameter value:
    CNTR_NBITS = 32'h2 | 32'd2 | 32'b00000000000000000000000000000010
    DEF_OUTPUT = 1'h1 | 1'd1 | 1'b1
    DELAY_MODE = 1'h0 | 1'd0 | 1'b0
I: Verilog-0004: [C:/CPLD/pango/2_Tieta_Feiteng/Tieta_Feiteng_1001_PGC7KD69MBG400/rtl/source/Tieta_Feiteng_1001_top.v(line number: 3774)] Elaborating instance pwrcap_inst.
I: Verilog-0003: [C:/CPLD/pango/2_Tieta_Feiteng/Tieta_Feiteng_1001_PGC7KD69MBG400/rtl/source/pwrseq/pwrcap.v(line number: 25)] Elaborating module pwrcap.
I: Module instance {Tieta_Feiteng_1001_top/pwrcap_inst} parameter value:
    NUMBER_OF_PSU = 32'h2 | 32'd2 | 32'b00000000000000000000000000000010
    NUMBER_OF_CHANNEL = 32'h4 | 32'd4 | 32'b00000000000000000000000000000100
    NUMBER_OF_CPUS = 32'h2 | 32'd2 | 32'b00000000000000000000000000000010
I: Verilog-0004: [C:/CPLD/pango/2_Tieta_Feiteng/Tieta_Feiteng_1001_PGC7KD69MBG400/rtl/source/pwrseq/pwrcap.v(line number: 166)] Elaborating instance pwrcap_pwrbtn_led_inst.
I: Verilog-0003: [C:/CPLD/pango/2_Tieta_Feiteng/Tieta_Feiteng_1001_PGC7KD69MBG400/rtl/source/common/pwrcap_pwrbtn_led.v(line number: 23)] Elaborating module pwrcap_pwrbtn_led.
I: Verilog-0004: [C:/CPLD/pango/2_Tieta_Feiteng/Tieta_Feiteng_1001_PGC7KD69MBG400/rtl/source/pwrseq/pwrcap.v(line number: 196)] Elaborating instance ps_ebrake_dct.
I: Verilog-0003: [C:/CPLD/pango/2_Tieta_Feiteng/Tieta_Feiteng_1001_PGC7KD69MBG400/rtl/source/common/edge_sync.v(line number: 19)] Elaborating module edge_sync.
I: Module instance {Tieta_Feiteng_1001_top/pwrcap_inst/inst[0].ps_ebrake_dct} parameter value:
    BUFFER_WIDTH = 1'h1 | 1'd1 | 1'b1
I: Verilog-0004: [C:/CPLD/pango/2_Tieta_Feiteng/Tieta_Feiteng_1001_PGC7KD69MBG400/rtl/source/pwrseq/pwrcap.v(line number: 196)] Elaborating instance ps_ebrake_dct.
I: Verilog-0003: [C:/CPLD/pango/2_Tieta_Feiteng/Tieta_Feiteng_1001_PGC7KD69MBG400/rtl/source/common/edge_sync.v(line number: 19)] Elaborating module edge_sync.
I: Module instance {Tieta_Feiteng_1001_top/pwrcap_inst/inst[1].ps_ebrake_dct} parameter value:
    BUFFER_WIDTH = 1'h1 | 1'd1 | 1'b1
I: Verilog-0004: [C:/CPLD/pango/2_Tieta_Feiteng/Tieta_Feiteng_1001_PGC7KD69MBG400/rtl/source/Tieta_Feiteng_1001_top.v(line number: 3810)] Elaborating instance thermal_inst.
I: Verilog-0003: [C:/CPLD/pango/2_Tieta_Feiteng/Tieta_Feiteng_1001_PGC7KD69MBG400/rtl/source/common/thermal.v(line number: 18)] Elaborating module thermal.
I: Verilog-0004: [C:/CPLD/pango/2_Tieta_Feiteng/Tieta_Feiteng_1001_PGC7KD69MBG400/rtl/source/common/thermal.v(line number: 135)] Elaborating instance cpu_thermtrip_delay_inst.
I: Verilog-0003: [C:/CPLD/pango/2_Tieta_Feiteng/Tieta_Feiteng_1001_PGC7KD69MBG400/rtl/source/common/delay_timer.v(line number: 26)] Elaborating module delay_timer.
I: Module instance {Tieta_Feiteng_1001_top/thermal_inst/cpu_thermtrip_delay_timer[0].cpu_thermtrip_delay_inst} parameter value:
    CNT_SIZE = 32'h5 | 32'd5 | 32'b00000000000000000000000000000101
I: Verilog-0004: [C:/CPLD/pango/2_Tieta_Feiteng/Tieta_Feiteng_1001_PGC7KD69MBG400/rtl/source/common/thermal.v(line number: 135)] Elaborating instance cpu_thermtrip_delay_inst.
I: Verilog-0003: [C:/CPLD/pango/2_Tieta_Feiteng/Tieta_Feiteng_1001_PGC7KD69MBG400/rtl/source/common/delay_timer.v(line number: 26)] Elaborating module delay_timer.
I: Module instance {Tieta_Feiteng_1001_top/thermal_inst/cpu_thermtrip_delay_timer[1].cpu_thermtrip_delay_inst} parameter value:
    CNT_SIZE = 32'h5 | 32'd5 | 32'b00000000000000000000000000000101
I: Verilog-0004: [C:/CPLD/pango/2_Tieta_Feiteng/Tieta_Feiteng_1001_PGC7KD69MBG400/rtl/source/Tieta_Feiteng_1001_top.v(line number: 3851)] Elaborating instance system_reset_inst.
I: Verilog-0003: [C:/CPLD/pango/2_Tieta_Feiteng/Tieta_Feiteng_1001_PGC7KD69MBG400/rtl/source/common/system_reset.v(line number: 15)] Elaborating module system_reset.
I: Module instance {Tieta_Feiteng_1001_top/system_reset_inst} parameter value:
    PEAVEY_SUPPORT = 1'h1 | 1'd1 | 1'b1
    MAX_HSB_EVENTS_PER_RESET = 32'h14 | 32'd20 | 32'b00000000000000000000000000010100
    MAX_HSB_RST_ATTEMPT = 32'h4 | 32'd4 | 32'b00000000000000000000000000000100
    NUM_CPU = 32'h2 | 32'd2 | 32'b00000000000000000000000000000010
    NUM_IO = 32'h1 | 32'd1 | 32'b00000000000000000000000000000001
I: Verilog-0004: [C:/CPLD/pango/2_Tieta_Feiteng/Tieta_Feiteng_1001_PGC7KD69MBG400/rtl/source/Tieta_Feiteng_1001_top.v(line number: 3916)] Elaborating instance led_blink_code_inst.
I: Verilog-0003: [C:/CPLD/pango/2_Tieta_Feiteng/Tieta_Feiteng_1001_PGC7KD69MBG400/rtl/source/common/led_blink_code.v(line number: 35)] Elaborating module led_blink_code.
I: Module instance {Tieta_Feiteng_1001_top/led_blink_code_inst} parameter value:
    OFF_SECS = 32'h1 | 32'd1 | 32'b00000000000000000000000000000001
    MAX_NUMBER_OF_BLINKS = 32'h9 | 32'd9 | 32'b00000000000000000000000000001001
    CLASS_SIZE = 32'h8 | 32'd8 | 32'b00000000000000000000000000001000
I: Verilog-0004: [C:/CPLD/pango/2_Tieta_Feiteng/Tieta_Feiteng_1001_PGC7KD69MBG400/rtl/source/Tieta_Feiteng_1001_top.v(line number: 3940)] Elaborating instance post_leds_inst.
I: Verilog-0003: [C:/CPLD/pango/2_Tieta_Feiteng/Tieta_Feiteng_1001_PGC7KD69MBG400/rtl/source/common/post_leds.v(line number: 21)] Elaborating module post_leds.
I: Module instance {Tieta_Feiteng_1001_top/post_leds_inst} parameter value:
    MULTI_PALS = 32'h2 | 32'd2 | 32'b00000000000000000000000000000010
    PAL_VER_BITS = 32'h30 | 32'd48 | 32'b00000000000000000000000000110000
I: Verilog-0004: [C:/CPLD/pango/2_Tieta_Feiteng/Tieta_Feiteng_1001_PGC7KD69MBG400/rtl/source/Tieta_Feiteng_1001_top.v(line number: 4444)] Elaborating instance Edge_Detect_u3.
I: Verilog-0003: [C:/CPLD/pango/2_Tieta_Feiteng/Tieta_Feiteng_1001_PGC7KD69MBG400/rtl/source/common/Edge_Detect1.v(line number: 4)] Elaborating module Edge_Detect1.
I: Verilog-0004: [C:/CPLD/pango/2_Tieta_Feiteng/Tieta_Feiteng_1001_PGC7KD69MBG400/rtl/source/Tieta_Feiteng_1001_top.v(line number: 3274)] Elaborating instance fan_pwm_tach_m.
I: Verilog-0003: [C:/CPLD/pango/2_Tieta_Feiteng/Tieta_Feiteng_1001_PGC7KD69MBG400/rtl/source/fan_ctrl/fan_pwm_tach.v(line number: 11)] Elaborating module fan_pwm_tach.
I: Verilog-0004: [C:/CPLD/pango/2_Tieta_Feiteng/Tieta_Feiteng_1001_PGC7KD69MBG400/rtl/source/fan_ctrl/fan_pwm_tach.v(line number: 93)] Elaborating instance Edge_Detect_u0.
I: Verilog-0003: [C:/CPLD/pango/2_Tieta_Feiteng/Tieta_Feiteng_1001_PGC7KD69MBG400/rtl/source/common/edge_detect.v(line number: 4)] Elaborating module Edge_Detect.
I: Verilog-0004: [C:/CPLD/pango/2_Tieta_Feiteng/Tieta_Feiteng_1001_PGC7KD69MBG400/rtl/source/fan_ctrl/fan_pwm_tach.v(line number: 106)] Elaborating instance fan_pwm_cnt_u0.
I: Verilog-0003: [C:/CPLD/pango/2_Tieta_Feiteng/Tieta_Feiteng_1001_PGC7KD69MBG400/rtl/source/fan_ctrl/fan_counter.v(line number: 24)] Elaborating module fan_counter.
I: Module instance {Tieta_Feiteng_1001_top/genblk1[0].fan_pwm_tach_m/fan_pwm_cnt_u0} parameter value:
    WIDTH = 32'h8 | 32'd8 | 32'b00000000000000000000000000001000
    MAX_VALUE = 32'hFF | 32'd255 | 32'b00000000000000000000000011111111
I: Verilog-0004: [C:/CPLD/pango/2_Tieta_Feiteng/Tieta_Feiteng_1001_PGC7KD69MBG400/rtl/source/fan_ctrl/fan_pwm_tach.v(line number: 133)] Elaborating instance Edge_Detect_u1.
I: Verilog-0003: [C:/CPLD/pango/2_Tieta_Feiteng/Tieta_Feiteng_1001_PGC7KD69MBG400/rtl/source/common/edge_detect.v(line number: 4)] Elaborating module Edge_Detect.
I: Verilog-0004: [C:/CPLD/pango/2_Tieta_Feiteng/Tieta_Feiteng_1001_PGC7KD69MBG400/rtl/source/fan_ctrl/fan_pwm_tach.v(line number: 144)] Elaborating instance Edge_Detect_u2.
I: Verilog-0003: [C:/CPLD/pango/2_Tieta_Feiteng/Tieta_Feiteng_1001_PGC7KD69MBG400/rtl/source/common/edge_detect.v(line number: 4)] Elaborating module Edge_Detect.
I: Verilog-0004: [C:/CPLD/pango/2_Tieta_Feiteng/Tieta_Feiteng_1001_PGC7KD69MBG400/rtl/source/fan_ctrl/fan_pwm_tach.v(line number: 158)] Elaborating instance fan_pwm_cnt_u1.
I: Verilog-0003: [C:/CPLD/pango/2_Tieta_Feiteng/Tieta_Feiteng_1001_PGC7KD69MBG400/rtl/source/fan_ctrl/fan_counter.v(line number: 24)] Elaborating module fan_counter.
I: Module instance {Tieta_Feiteng_1001_top/genblk1[0].fan_pwm_tach_m/fan_pwm_cnt_u1} parameter value:
    WIDTH = 32'hB | 32'd11 | 32'b00000000000000000000000000001011
    MAX_VALUE = 32'h3B6 | 32'd950 | 32'b00000000000000000000001110110110
I: Verilog-0004: [C:/CPLD/pango/2_Tieta_Feiteng/Tieta_Feiteng_1001_PGC7KD69MBG400/rtl/source/fan_ctrl/fan_pwm_tach.v(line number: 168)] Elaborating instance Edge_Detect_u3.
I: Verilog-0003: [C:/CPLD/pango/2_Tieta_Feiteng/Tieta_Feiteng_1001_PGC7KD69MBG400/rtl/source/common/edge_detect.v(line number: 4)] Elaborating module Edge_Detect.
I: Verilog-0004: [C:/CPLD/pango/2_Tieta_Feiteng/Tieta_Feiteng_1001_PGC7KD69MBG400/rtl/source/fan_ctrl/fan_pwm_tach.v(line number: 181)] Elaborating instance fan_pwm_cnt_u2.
I: Verilog-0003: [C:/CPLD/pango/2_Tieta_Feiteng/Tieta_Feiteng_1001_PGC7KD69MBG400/rtl/source/fan_ctrl/fan_counter.v(line number: 24)] Elaborating module fan_counter.
I: Module instance {Tieta_Feiteng_1001_top/genblk1[0].fan_pwm_tach_m/fan_pwm_cnt_u2} parameter value:
    WIDTH = 32'hB | 32'd11 | 32'b00000000000000000000000000001011
    MAX_VALUE = 32'h3B6 | 32'd950 | 32'b00000000000000000000001110110110
I: Verilog-0004: [C:/CPLD/pango/2_Tieta_Feiteng/Tieta_Feiteng_1001_PGC7KD69MBG400/rtl/source/Tieta_Feiteng_1001_top.v(line number: 3274)] Elaborating instance fan_pwm_tach_m.
I: Verilog-0003: [C:/CPLD/pango/2_Tieta_Feiteng/Tieta_Feiteng_1001_PGC7KD69MBG400/rtl/source/fan_ctrl/fan_pwm_tach.v(line number: 11)] Elaborating module fan_pwm_tach.
I: Verilog-0004: [C:/CPLD/pango/2_Tieta_Feiteng/Tieta_Feiteng_1001_PGC7KD69MBG400/rtl/source/Tieta_Feiteng_1001_top.v(line number: 3274)] Elaborating instance fan_pwm_tach_m.
I: Verilog-0003: [C:/CPLD/pango/2_Tieta_Feiteng/Tieta_Feiteng_1001_PGC7KD69MBG400/rtl/source/fan_ctrl/fan_pwm_tach.v(line number: 11)] Elaborating module fan_pwm_tach.
W: Verilog-2044: [C:/CPLD/pango/2_Tieta_Feiteng/Tieta_Feiteng_1001_PGC7KD69MBG400/rtl/source/Tieta_Feiteng_1001_top.v(line number: 3283)] Index 4 of 'w_fan_tach_reg' is out of range.
W: Verilog-2044: [C:/CPLD/pango/2_Tieta_Feiteng/Tieta_Feiteng_1001_PGC7KD69MBG400/rtl/source/Tieta_Feiteng_1001_top.v(line number: 3284)] Index 5 of 'w_fan_tach_reg' is out of range.
W: Verilog-2044: [C:/CPLD/pango/2_Tieta_Feiteng/Tieta_Feiteng_1001_PGC7KD69MBG400/rtl/source/Tieta_Feiteng_1001_top.v(line number: 3285)] Index 4 of 'w_fan_tach_real' is out of range.
W: Verilog-2044: [C:/CPLD/pango/2_Tieta_Feiteng/Tieta_Feiteng_1001_PGC7KD69MBG400/rtl/source/Tieta_Feiteng_1001_top.v(line number: 3286)] Index 5 of 'w_fan_tach_real' is out of range.
I: Verilog-0004: [C:/CPLD/pango/2_Tieta_Feiteng/Tieta_Feiteng_1001_PGC7KD69MBG400/rtl/source/Tieta_Feiteng_1001_top.v(line number: 3274)] Elaborating instance fan_pwm_tach_m.
I: Verilog-0003: [C:/CPLD/pango/2_Tieta_Feiteng/Tieta_Feiteng_1001_PGC7KD69MBG400/rtl/source/fan_ctrl/fan_pwm_tach.v(line number: 11)] Elaborating module fan_pwm_tach.
W: Verilog-2044: [C:/CPLD/pango/2_Tieta_Feiteng/Tieta_Feiteng_1001_PGC7KD69MBG400/rtl/source/Tieta_Feiteng_1001_top.v(line number: 3283)] Index 6 of 'w_fan_tach_reg' is out of range.
W: Verilog-2044: [C:/CPLD/pango/2_Tieta_Feiteng/Tieta_Feiteng_1001_PGC7KD69MBG400/rtl/source/Tieta_Feiteng_1001_top.v(line number: 3284)] Index 7 of 'w_fan_tach_reg' is out of range.
W: Verilog-2044: [C:/CPLD/pango/2_Tieta_Feiteng/Tieta_Feiteng_1001_PGC7KD69MBG400/rtl/source/Tieta_Feiteng_1001_top.v(line number: 3285)] Index 6 of 'w_fan_tach_real' is out of range.
W: Verilog-2044: [C:/CPLD/pango/2_Tieta_Feiteng/Tieta_Feiteng_1001_PGC7KD69MBG400/rtl/source/Tieta_Feiteng_1001_top.v(line number: 3286)] Index 7 of 'w_fan_tach_real' is out of range.
I: Verilog-0004: [C:/CPLD/pango/2_Tieta_Feiteng/Tieta_Feiteng_1001_PGC7KD69MBG400/rtl/source/Tieta_Feiteng_1001_top.v(line number: 3637)] Elaborating instance uart_master_u1.
I: Verilog-0003: [C:/CPLD/pango/2_Tieta_Feiteng/Tieta_Feiteng_1001_PGC7KD69MBG400/rtl/source/communication/uart_master.v(line number: 25)] Elaborating module UART_MASTER.
I: Module instance {Tieta_Feiteng_1001_top/uart_master_u1} parameter value:
    NBIT_IN = 32'h10 | 32'd16 | 32'b00000000000000000000000000010000
    NBIT_OUT = 32'h10 | 32'd16 | 32'b00000000000000000000000000010000
    BPS_COUNT_NUM = 32'h30 | 32'd48 | 32'b00000000000000000000000000110000
    DEF_OUTPUT = 1'h0 | 1'd0 | 1'b0
    START_COUNT_NUM = 32'h18 | 32'd24 | 32'b00000000000000000000000000011000
I: Verilog-0004: [C:/CPLD/pango/2_Tieta_Feiteng/Tieta_Feiteng_1001_PGC7KD69MBG400/rtl/source/Tieta_Feiteng_1001_top.v(line number: 3655)] Elaborating instance uart_master_u2.
I: Verilog-0003: [C:/CPLD/pango/2_Tieta_Feiteng/Tieta_Feiteng_1001_PGC7KD69MBG400/rtl/source/communication/uart_master.v(line number: 25)] Elaborating module UART_MASTER.
I: Module instance {Tieta_Feiteng_1001_top/uart_master_u2} parameter value:
    NBIT_IN = 32'h10 | 32'd16 | 32'b00000000000000000000000000010000
    NBIT_OUT = 32'h10 | 32'd16 | 32'b00000000000000000000000000010000
    BPS_COUNT_NUM = 32'h30 | 32'd48 | 32'b00000000000000000000000000110000
    DEF_OUTPUT = 1'h0 | 1'd0 | 1'b0
    START_COUNT_NUM = 32'h18 | 32'd24 | 32'b00000000000000000000000000011000
I: Verilog-0004: [C:/CPLD/pango/2_Tieta_Feiteng/Tieta_Feiteng_1001_PGC7KD69MBG400/rtl/source/Tieta_Feiteng_1001_top.v(line number: 4203)] Elaborating instance bmc_cpld_i2c_ram_u0.
I: Verilog-0003: [C:/CPLD/pango/2_Tieta_Feiteng/Tieta_Feiteng_1001_PGC7KD69MBG400/rtl/source/i2c/bmc_cpld_i2c_ram.v(line number: 3)] Elaborating module bmc_cpld_i2c_ram.
I: Module instance {Tieta_Feiteng_1001_top/bmc_cpld_i2c_ram_u0} parameter value:
    DLY_LEN = 32'h10 | 32'd16 | 32'b00000000000000000000000000010000
I: Verilog-0004: [C:/CPLD/pango/2_Tieta_Feiteng/Tieta_Feiteng_1001_PGC7KD69MBG400/rtl/source/i2c/bmc_cpld_i2c_ram.v(line number: 1573)] Elaborating instance i2c_slave_bmc_u0.
I: Verilog-0003: [C:/CPLD/pango/2_Tieta_Feiteng/Tieta_Feiteng_1001_PGC7KD69MBG400/rtl/source/i2c/i2c_slave_bmc.v(line number: 9)] Elaborating module i2c_slave_bmc.
I: Module instance {Tieta_Feiteng_1001_top/bmc_cpld_i2c_ram_u0/i2c_slave_bmc_u0} parameter value:
    DLY_LEN = 32'h10 | 32'd16 | 32'b00000000000000000000000000010000
I: Verilog-0004: [C:/CPLD/pango/2_Tieta_Feiteng/Tieta_Feiteng_1001_PGC7KD69MBG400/rtl/source/i2c/i2c_slave_bmc.v(line number: 73)] Elaborating instance i2c_slave_basic0_u0.
I: Verilog-0003: [C:/CPLD/pango/2_Tieta_Feiteng/Tieta_Feiteng_1001_PGC7KD69MBG400/rtl/source/i2c/i2c_slave_basic0.v(line number: 8)] Elaborating module i2c_slave_basic0.
I: Module instance {Tieta_Feiteng_1001_top/bmc_cpld_i2c_ram_u0/i2c_slave_bmc_u0/i2c_slave_basic0_u0} parameter value:
    TOTAL_STAGES = 32'h3 | 32'd3 | 32'b00000000000000000000000000000011
    DLY_LEN = 32'h10 | 32'd16 | 32'b00000000000000000000000000010000
W: Verilog-2024: [C:/CPLD/pango/2_Tieta_Feiteng/Tieta_Feiteng_1001_PGC7KD69MBG400/rtl/source/i2c/bmc_cpld_i2c_ram.v(line number: 3)] Assign a tri-state buf to drive the floating output port o_pwm_bmc_fan0 in module bmc_cpld_i2c_ram.
W: Verilog-2024: [C:/CPLD/pango/2_Tieta_Feiteng/Tieta_Feiteng_1001_PGC7KD69MBG400/rtl/source/i2c/bmc_cpld_i2c_ram.v(line number: 3)] Assign a tri-state buf to drive the floating output port o_pwm_bmc_fan1 in module bmc_cpld_i2c_ram.
W: Verilog-2024: [C:/CPLD/pango/2_Tieta_Feiteng/Tieta_Feiteng_1001_PGC7KD69MBG400/rtl/source/i2c/bmc_cpld_i2c_ram.v(line number: 3)] Assign a tri-state buf to drive the floating output port o_pwm_bmc_fan2 in module bmc_cpld_i2c_ram.
W: Verilog-2024: [C:/CPLD/pango/2_Tieta_Feiteng/Tieta_Feiteng_1001_PGC7KD69MBG400/rtl/source/i2c/bmc_cpld_i2c_ram.v(line number: 3)] Assign a tri-state buf to drive the floating output port o_pwm_bmc_fan3 in module bmc_cpld_i2c_ram.
W: Verilog-2021: [C:/CPLD/pango/2_Tieta_Feiteng/Tieta_Feiteng_1001_PGC7KD69MBG400/rtl/source/i2c/bmc_cpld_i2c_ram.v(line number: 255)] Net w_ram_0001 in bmc_cpld_i2c_ram(original module bmc_cpld_i2c_ram) does not have a driver, tie it to 0.
W: Verilog-2021: [C:/CPLD/pango/2_Tieta_Feiteng/Tieta_Feiteng_1001_PGC7KD69MBG400/rtl/source/i2c/bmc_cpld_i2c_ram.v(line number: 278)] Net w_ram_0021 in bmc_cpld_i2c_ram(original module bmc_cpld_i2c_ram) does not have a driver, tie it to 0.
W: Verilog-2021: [C:/CPLD/pango/2_Tieta_Feiteng/Tieta_Feiteng_1001_PGC7KD69MBG400/rtl/source/i2c/bmc_cpld_i2c_ram.v(line number: 279)] Net w_ram_0022 in bmc_cpld_i2c_ram(original module bmc_cpld_i2c_ram) does not have a driver, tie it to 0.
W: Verilog-2021: [C:/CPLD/pango/2_Tieta_Feiteng/Tieta_Feiteng_1001_PGC7KD69MBG400/rtl/source/i2c/bmc_cpld_i2c_ram.v(line number: 280)] Net w_ram_0023 in bmc_cpld_i2c_ram(original module bmc_cpld_i2c_ram) does not have a driver, tie it to 0.
W: Verilog-2021: [C:/CPLD/pango/2_Tieta_Feiteng/Tieta_Feiteng_1001_PGC7KD69MBG400/rtl/source/i2c/bmc_cpld_i2c_ram.v(line number: 281)] Net w_ram_0024 in bmc_cpld_i2c_ram(original module bmc_cpld_i2c_ram) does not have a driver, tie it to 0.
W: Verilog-2021: [C:/CPLD/pango/2_Tieta_Feiteng/Tieta_Feiteng_1001_PGC7KD69MBG400/rtl/source/i2c/bmc_cpld_i2c_ram.v(line number: 282)] Net w_ram_0025 in bmc_cpld_i2c_ram(original module bmc_cpld_i2c_ram) does not have a driver, tie it to 0.
W: Verilog-2021: [C:/CPLD/pango/2_Tieta_Feiteng/Tieta_Feiteng_1001_PGC7KD69MBG400/rtl/source/i2c/bmc_cpld_i2c_ram.v(line number: 287)] Net w_ram_002A in bmc_cpld_i2c_ram(original module bmc_cpld_i2c_ram) does not have a driver, tie it to 0.
W: Verilog-2021: [C:/CPLD/pango/2_Tieta_Feiteng/Tieta_Feiteng_1001_PGC7KD69MBG400/rtl/source/i2c/bmc_cpld_i2c_ram.v(line number: 321)] Net w_ram_005A in bmc_cpld_i2c_ram(original module bmc_cpld_i2c_ram) does not have a driver, tie it to 0.
W: Verilog-2021: [C:/CPLD/pango/2_Tieta_Feiteng/Tieta_Feiteng_1001_PGC7KD69MBG400/rtl/source/i2c/bmc_cpld_i2c_ram.v(line number: 322)] Net w_ram_005B in bmc_cpld_i2c_ram(original module bmc_cpld_i2c_ram) does not have a driver, tie it to 0.
W: Verilog-2021: [C:/CPLD/pango/2_Tieta_Feiteng/Tieta_Feiteng_1001_PGC7KD69MBG400/rtl/source/i2c/bmc_cpld_i2c_ram.v(line number: 323)] Net w_ram_005C in bmc_cpld_i2c_ram(original module bmc_cpld_i2c_ram) does not have a driver, tie it to 0.
W: Verilog-2021: [C:/CPLD/pango/2_Tieta_Feiteng/Tieta_Feiteng_1001_PGC7KD69MBG400/rtl/source/i2c/bmc_cpld_i2c_ram.v(line number: 324)] Net w_ram_005D in bmc_cpld_i2c_ram(original module bmc_cpld_i2c_ram) does not have a driver, tie it to 0.
W: Verilog-2021: [C:/CPLD/pango/2_Tieta_Feiteng/Tieta_Feiteng_1001_PGC7KD69MBG400/rtl/source/i2c/bmc_cpld_i2c_ram.v(line number: 325)] Net w_ram_005E in bmc_cpld_i2c_ram(original module bmc_cpld_i2c_ram) does not have a driver, tie it to 0.
W: Verilog-2021: [C:/CPLD/pango/2_Tieta_Feiteng/Tieta_Feiteng_1001_PGC7KD69MBG400/rtl/source/i2c/bmc_cpld_i2c_ram.v(line number: 326)] Net w_ram_0062 in bmc_cpld_i2c_ram(original module bmc_cpld_i2c_ram) does not have a driver, tie it to 0.
W: Verilog-2021: [C:/CPLD/pango/2_Tieta_Feiteng/Tieta_Feiteng_1001_PGC7KD69MBG400/rtl/source/i2c/bmc_cpld_i2c_ram.v(line number: 327)] Net w_ram_0063 in bmc_cpld_i2c_ram(original module bmc_cpld_i2c_ram) does not have a driver, tie it to 0.
W: Verilog-2021: [C:/CPLD/pango/2_Tieta_Feiteng/Tieta_Feiteng_1001_PGC7KD69MBG400/rtl/source/i2c/bmc_cpld_i2c_ram.v(line number: 328)] Net w_ram_0064 in bmc_cpld_i2c_ram(original module bmc_cpld_i2c_ram) does not have a driver, tie it to 0.
W: Verilog-2021: [C:/CPLD/pango/2_Tieta_Feiteng/Tieta_Feiteng_1001_PGC7KD69MBG400/rtl/source/i2c/bmc_cpld_i2c_ram.v(line number: 329)] Net w_ram_0066 in bmc_cpld_i2c_ram(original module bmc_cpld_i2c_ram) does not have a driver, tie it to 0.
W: Verilog-2021: [C:/CPLD/pango/2_Tieta_Feiteng/Tieta_Feiteng_1001_PGC7KD69MBG400/rtl/source/i2c/bmc_cpld_i2c_ram.v(line number: 330)] Net w_ram_006B in bmc_cpld_i2c_ram(original module bmc_cpld_i2c_ram) does not have a driver, tie it to 0.
W: Verilog-2021: [C:/CPLD/pango/2_Tieta_Feiteng/Tieta_Feiteng_1001_PGC7KD69MBG400/rtl/source/i2c/bmc_cpld_i2c_ram.v(line number: 331)] Net w_ram_006C in bmc_cpld_i2c_ram(original module bmc_cpld_i2c_ram) does not have a driver, tie it to 0.
W: Verilog-2021: [C:/CPLD/pango/2_Tieta_Feiteng/Tieta_Feiteng_1001_PGC7KD69MBG400/rtl/source/i2c/bmc_cpld_i2c_ram.v(line number: 332)] Net w_ram_006D in bmc_cpld_i2c_ram(original module bmc_cpld_i2c_ram) does not have a driver, tie it to 0.
W: Verilog-2021: [C:/CPLD/pango/2_Tieta_Feiteng/Tieta_Feiteng_1001_PGC7KD69MBG400/rtl/source/i2c/bmc_cpld_i2c_ram.v(line number: 336)] Net w_ram_0073 in bmc_cpld_i2c_ram(original module bmc_cpld_i2c_ram) does not have a driver, tie it to 0.
W: Verilog-2021: [C:/CPLD/pango/2_Tieta_Feiteng/Tieta_Feiteng_1001_PGC7KD69MBG400/rtl/source/i2c/bmc_cpld_i2c_ram.v(line number: 341)] Net w_ram_0093 in bmc_cpld_i2c_ram(original module bmc_cpld_i2c_ram) does not have a driver, tie it to 0.
W: Verilog-2021: [C:/CPLD/pango/2_Tieta_Feiteng/Tieta_Feiteng_1001_PGC7KD69MBG400/rtl/source/i2c/bmc_cpld_i2c_ram.v(line number: 342)] Net w_ram_009C in bmc_cpld_i2c_ram(original module bmc_cpld_i2c_ram) does not have a driver, tie it to 0.
W: Verilog-2021: [C:/CPLD/pango/2_Tieta_Feiteng/Tieta_Feiteng_1001_PGC7KD69MBG400/rtl/source/i2c/bmc_cpld_i2c_ram.v(line number: 343)] Net w_ram_009D in bmc_cpld_i2c_ram(original module bmc_cpld_i2c_ram) does not have a driver, tie it to 0.
W: Verilog-2021: [C:/CPLD/pango/2_Tieta_Feiteng/Tieta_Feiteng_1001_PGC7KD69MBG400/rtl/source/i2c/bmc_cpld_i2c_ram.v(line number: 344)] Net w_ram_009E in bmc_cpld_i2c_ram(original module bmc_cpld_i2c_ram) does not have a driver, tie it to 0.
W: Verilog-2021: [C:/CPLD/pango/2_Tieta_Feiteng/Tieta_Feiteng_1001_PGC7KD69MBG400/rtl/source/i2c/bmc_cpld_i2c_ram.v(line number: 361)] Net w_ram_00B0 in bmc_cpld_i2c_ram(original module bmc_cpld_i2c_ram) does not have a driver, tie it to 0.
W: Verilog-2021: [C:/CPLD/pango/2_Tieta_Feiteng/Tieta_Feiteng_1001_PGC7KD69MBG400/rtl/source/i2c/bmc_cpld_i2c_ram.v(line number: 362)] Net w_ram_00C0 in bmc_cpld_i2c_ram(original module bmc_cpld_i2c_ram) does not have a driver, tie it to 0.
W: Verilog-2021: [C:/CPLD/pango/2_Tieta_Feiteng/Tieta_Feiteng_1001_PGC7KD69MBG400/rtl/source/i2c/bmc_cpld_i2c_ram.v(line number: 367)] Net w_ram_00E0 in bmc_cpld_i2c_ram(original module bmc_cpld_i2c_ram) does not have a driver, tie it to 0.
W: Verilog-2021: [C:/CPLD/pango/2_Tieta_Feiteng/Tieta_Feiteng_1001_PGC7KD69MBG400/rtl/source/i2c/bmc_cpld_i2c_ram.v(line number: 368)] Net w_ram_00F0 in bmc_cpld_i2c_ram(original module bmc_cpld_i2c_ram) does not have a driver, tie it to 0.
W: Verilog-2021: [C:/CPLD/pango/2_Tieta_Feiteng/Tieta_Feiteng_1001_PGC7KD69MBG400/rtl/source/i2c/bmc_cpld_i2c_ram.v(line number: 378)] Net w_ram_00FA in bmc_cpld_i2c_ram(original module bmc_cpld_i2c_ram) does not have a driver, tie it to 0.
W: Verilog-2021: [C:/CPLD/pango/2_Tieta_Feiteng/Tieta_Feiteng_1001_PGC7KD69MBG400/rtl/source/i2c/bmc_cpld_i2c_ram.v(line number: 384)] Net w_ram_0103 in bmc_cpld_i2c_ram(original module bmc_cpld_i2c_ram) does not have a driver, tie it to 0.
W: Verilog-2021: [C:/CPLD/pango/2_Tieta_Feiteng/Tieta_Feiteng_1001_PGC7KD69MBG400/rtl/source/i2c/bmc_cpld_i2c_ram.v(line number: 385)] Net w_ram_0104 in bmc_cpld_i2c_ram(original module bmc_cpld_i2c_ram) does not have a driver, tie it to 0.
W: Verilog-2021: [C:/CPLD/pango/2_Tieta_Feiteng/Tieta_Feiteng_1001_PGC7KD69MBG400/rtl/source/i2c/bmc_cpld_i2c_ram.v(line number: 386)] Net w_ram_0105 in bmc_cpld_i2c_ram(original module bmc_cpld_i2c_ram) does not have a driver, tie it to 0.
W: Verilog-2021: [C:/CPLD/pango/2_Tieta_Feiteng/Tieta_Feiteng_1001_PGC7KD69MBG400/rtl/source/i2c/bmc_cpld_i2c_ram.v(line number: 387)] Net w_ram_0110 in bmc_cpld_i2c_ram(original module bmc_cpld_i2c_ram) does not have a driver, tie it to 0.
W: Verilog-2021: [C:/CPLD/pango/2_Tieta_Feiteng/Tieta_Feiteng_1001_PGC7KD69MBG400/rtl/source/i2c/bmc_cpld_i2c_ram.v(line number: 388)] Net w_ram_0111 in bmc_cpld_i2c_ram(original module bmc_cpld_i2c_ram) does not have a driver, tie it to 0.
W: Verilog-2021: [C:/CPLD/pango/2_Tieta_Feiteng/Tieta_Feiteng_1001_PGC7KD69MBG400/rtl/source/i2c/bmc_cpld_i2c_ram.v(line number: 389)] Net w_ram_0120 in bmc_cpld_i2c_ram(original module bmc_cpld_i2c_ram) does not have a driver, tie it to 0.
W: Verilog-2021: [C:/CPLD/pango/2_Tieta_Feiteng/Tieta_Feiteng_1001_PGC7KD69MBG400/rtl/source/i2c/bmc_cpld_i2c_ram.v(line number: 390)] Net w_ram_0121 in bmc_cpld_i2c_ram(original module bmc_cpld_i2c_ram) does not have a driver, tie it to 0.
W: Verilog-2021: [C:/CPLD/pango/2_Tieta_Feiteng/Tieta_Feiteng_1001_PGC7KD69MBG400/rtl/source/i2c/bmc_cpld_i2c_ram.v(line number: 391)] Net w_ram_0260 in bmc_cpld_i2c_ram(original module bmc_cpld_i2c_ram) does not have a driver, tie it to 0.
W: Verilog-2021: [C:/CPLD/pango/2_Tieta_Feiteng/Tieta_Feiteng_1001_PGC7KD69MBG400/rtl/source/i2c/bmc_cpld_i2c_ram.v(line number: 392)] Net w_ram_0271 in bmc_cpld_i2c_ram(original module bmc_cpld_i2c_ram) does not have a driver, tie it to 0.
W: Verilog-2021: [C:/CPLD/pango/2_Tieta_Feiteng/Tieta_Feiteng_1001_PGC7KD69MBG400/rtl/source/i2c/bmc_cpld_i2c_ram.v(line number: 393)] Net w_ram_0290 in bmc_cpld_i2c_ram(original module bmc_cpld_i2c_ram) does not have a driver, tie it to 0.
W: Verilog-2021: [C:/CPLD/pango/2_Tieta_Feiteng/Tieta_Feiteng_1001_PGC7KD69MBG400/rtl/source/i2c/bmc_cpld_i2c_ram.v(line number: 394)] Net w_ram_0291 in bmc_cpld_i2c_ram(original module bmc_cpld_i2c_ram) does not have a driver, tie it to 0.
W: Verilog-2021: [C:/CPLD/pango/2_Tieta_Feiteng/Tieta_Feiteng_1001_PGC7KD69MBG400/rtl/source/i2c/bmc_cpld_i2c_ram.v(line number: 395)] Net w_ram_02A1 in bmc_cpld_i2c_ram(original module bmc_cpld_i2c_ram) does not have a driver, tie it to 0.
W: Verilog-2021: [C:/CPLD/pango/2_Tieta_Feiteng/Tieta_Feiteng_1001_PGC7KD69MBG400/rtl/source/i2c/bmc_cpld_i2c_ram.v(line number: 396)] Net w_ram_02A3 in bmc_cpld_i2c_ram(original module bmc_cpld_i2c_ram) does not have a driver, tie it to 0.
W: Verilog-2021: [C:/CPLD/pango/2_Tieta_Feiteng/Tieta_Feiteng_1001_PGC7KD69MBG400/rtl/source/i2c/bmc_cpld_i2c_ram.v(line number: 397)] Net w_ram_02A4 in bmc_cpld_i2c_ram(original module bmc_cpld_i2c_ram) does not have a driver, tie it to 0.
W: Verilog-2021: [C:/CPLD/pango/2_Tieta_Feiteng/Tieta_Feiteng_1001_PGC7KD69MBG400/rtl/source/i2c/bmc_cpld_i2c_ram.v(line number: 398)] Net w_ram_02A8 in bmc_cpld_i2c_ram(original module bmc_cpld_i2c_ram) does not have a driver, tie it to 0.
W: Verilog-2021: [C:/CPLD/pango/2_Tieta_Feiteng/Tieta_Feiteng_1001_PGC7KD69MBG400/rtl/source/i2c/bmc_cpld_i2c_ram.v(line number: 399)] Net w_ram_02AB in bmc_cpld_i2c_ram(original module bmc_cpld_i2c_ram) does not have a driver, tie it to 0.
W: Verilog-2021: [C:/CPLD/pango/2_Tieta_Feiteng/Tieta_Feiteng_1001_PGC7KD69MBG400/rtl/source/i2c/bmc_cpld_i2c_ram.v(line number: 400)] Net w_ram_02E0 in bmc_cpld_i2c_ram(original module bmc_cpld_i2c_ram) does not have a driver, tie it to 0.
W: Verilog-2021: [C:/CPLD/pango/2_Tieta_Feiteng/Tieta_Feiteng_1001_PGC7KD69MBG400/rtl/source/i2c/bmc_cpld_i2c_ram.v(line number: 401)] Net w_ram_02E8 in bmc_cpld_i2c_ram(original module bmc_cpld_i2c_ram) does not have a driver, tie it to 0.
W: Verilog-2021: [C:/CPLD/pango/2_Tieta_Feiteng/Tieta_Feiteng_1001_PGC7KD69MBG400/rtl/source/i2c/bmc_cpld_i2c_ram.v(line number: 402)] Net w_ram_0300 in bmc_cpld_i2c_ram(original module bmc_cpld_i2c_ram) does not have a driver, tie it to 0.
W: Verilog-2021: [C:/CPLD/pango/2_Tieta_Feiteng/Tieta_Feiteng_1001_PGC7KD69MBG400/rtl/source/i2c/bmc_cpld_i2c_ram.v(line number: 403)] Net w_ram_0310 in bmc_cpld_i2c_ram(original module bmc_cpld_i2c_ram) does not have a driver, tie it to 0.
W: Verilog-2021: [C:/CPLD/pango/2_Tieta_Feiteng/Tieta_Feiteng_1001_PGC7KD69MBG400/rtl/source/i2c/bmc_cpld_i2c_ram.v(line number: 404)] Net w_ram_0311 in bmc_cpld_i2c_ram(original module bmc_cpld_i2c_ram) does not have a driver, tie it to 0.
W: Verilog-2021: [C:/CPLD/pango/2_Tieta_Feiteng/Tieta_Feiteng_1001_PGC7KD69MBG400/rtl/source/i2c/bmc_cpld_i2c_ram.v(line number: 405)] Net w_ram_0312 in bmc_cpld_i2c_ram(original module bmc_cpld_i2c_ram) does not have a driver, tie it to 0.
W: Verilog-2021: [C:/CPLD/pango/2_Tieta_Feiteng/Tieta_Feiteng_1001_PGC7KD69MBG400/rtl/source/i2c/bmc_cpld_i2c_ram.v(line number: 406)] Net w_ram_03E0 in bmc_cpld_i2c_ram(original module bmc_cpld_i2c_ram) does not have a driver, tie it to 0.
W: Verilog-2021: [C:/CPLD/pango/2_Tieta_Feiteng/Tieta_Feiteng_1001_PGC7KD69MBG400/rtl/source/i2c/bmc_cpld_i2c_ram.v(line number: 407)] Net w_ram_03F0 in bmc_cpld_i2c_ram(original module bmc_cpld_i2c_ram) does not have a driver, tie it to 0.
W: Verilog-2021: [C:/CPLD/pango/2_Tieta_Feiteng/Tieta_Feiteng_1001_PGC7KD69MBG400/rtl/source/i2c/bmc_cpld_i2c_ram.v(line number: 408)] Net w_ram_0440 in bmc_cpld_i2c_ram(original module bmc_cpld_i2c_ram) does not have a driver, tie it to 0.
W: Verilog-2021: [C:/CPLD/pango/2_Tieta_Feiteng/Tieta_Feiteng_1001_PGC7KD69MBG400/rtl/source/i2c/bmc_cpld_i2c_ram.v(line number: 409)] Net w_ram_0460 in bmc_cpld_i2c_ram(original module bmc_cpld_i2c_ram) does not have a driver, tie it to 0.
W: Verilog-2021: [C:/CPLD/pango/2_Tieta_Feiteng/Tieta_Feiteng_1001_PGC7KD69MBG400/rtl/source/i2c/bmc_cpld_i2c_ram.v(line number: 410)] Net w_ram_0461 in bmc_cpld_i2c_ram(original module bmc_cpld_i2c_ram) does not have a driver, tie it to 0.
W: Verilog-2021: [C:/CPLD/pango/2_Tieta_Feiteng/Tieta_Feiteng_1001_PGC7KD69MBG400/rtl/source/i2c/bmc_cpld_i2c_ram.v(line number: 411)] Net w_ram_0470 in bmc_cpld_i2c_ram(original module bmc_cpld_i2c_ram) does not have a driver, tie it to 0.
W: Verilog-2021: [C:/CPLD/pango/2_Tieta_Feiteng/Tieta_Feiteng_1001_PGC7KD69MBG400/rtl/source/i2c/bmc_cpld_i2c_ram.v(line number: 412)] Net w_ram_0471 in bmc_cpld_i2c_ram(original module bmc_cpld_i2c_ram) does not have a driver, tie it to 0.
W: Verilog-2021: [C:/CPLD/pango/2_Tieta_Feiteng/Tieta_Feiteng_1001_PGC7KD69MBG400/rtl/source/i2c/bmc_cpld_i2c_ram.v(line number: 413)] Net w_ram_04B0 in bmc_cpld_i2c_ram(original module bmc_cpld_i2c_ram) does not have a driver, tie it to 0.
W: Verilog-2021: [C:/CPLD/pango/2_Tieta_Feiteng/Tieta_Feiteng_1001_PGC7KD69MBG400/rtl/source/i2c/bmc_cpld_i2c_ram.v(line number: 414)] Net w_ram_0560 in bmc_cpld_i2c_ram(original module bmc_cpld_i2c_ram) does not have a driver, tie it to 0.
W: Verilog-2021: [C:/CPLD/pango/2_Tieta_Feiteng/Tieta_Feiteng_1001_PGC7KD69MBG400/rtl/source/i2c/bmc_cpld_i2c_ram.v(line number: 415)] Net w_ram_05D0 in bmc_cpld_i2c_ram(original module bmc_cpld_i2c_ram) does not have a driver, tie it to 0.
W: Verilog-2021: [C:/CPLD/pango/2_Tieta_Feiteng/Tieta_Feiteng_1001_PGC7KD69MBG400/rtl/source/i2c/bmc_cpld_i2c_ram.v(line number: 416)] Net w_ram_0640 in bmc_cpld_i2c_ram(original module bmc_cpld_i2c_ram) does not have a driver, tie it to 0.
W: Verilog-2021: [C:/CPLD/pango/2_Tieta_Feiteng/Tieta_Feiteng_1001_PGC7KD69MBG400/rtl/source/i2c/bmc_cpld_i2c_ram.v(line number: 486)] Net r_reg_00D1 in bmc_cpld_i2c_ram(original module bmc_cpld_i2c_ram) does not have a driver, tie it to 0.
W: Verilog-2021: [C:/CPLD/pango/2_Tieta_Feiteng/Tieta_Feiteng_1001_PGC7KD69MBG400/rtl/source/i2c/bmc_cpld_i2c_ram.v(line number: 487)] Net r_reg_00D2 in bmc_cpld_i2c_ram(original module bmc_cpld_i2c_ram) does not have a driver, tie it to 0.
W: Verilog-2021: [C:/CPLD/pango/2_Tieta_Feiteng/Tieta_Feiteng_1001_PGC7KD69MBG400/rtl/source/i2c/bmc_cpld_i2c_ram.v(line number: 489)] Net r_reg_00D4 in bmc_cpld_i2c_ram(original module bmc_cpld_i2c_ram) does not have a driver, tie it to 0.
W: Verilog-2021: [C:/CPLD/pango/2_Tieta_Feiteng/Tieta_Feiteng_1001_PGC7KD69MBG400/rtl/source/i2c/bmc_cpld_i2c_ram.v(line number: 492)] Net r_reg_0101 in bmc_cpld_i2c_ram(original module bmc_cpld_i2c_ram) does not have a driver, tie it to 0.
W: Verilog-2021: [C:/CPLD/pango/2_Tieta_Feiteng/Tieta_Feiteng_1001_PGC7KD69MBG400/rtl/source/i2c/bmc_cpld_i2c_ram.v(line number: 493)] Net r_reg_0102 in bmc_cpld_i2c_ram(original module bmc_cpld_i2c_ram) does not have a driver, tie it to 0.
W: Verilog-2021: [C:/CPLD/pango/2_Tieta_Feiteng/Tieta_Feiteng_1001_PGC7KD69MBG400/rtl/source/i2c/bmc_cpld_i2c_ram.v(line number: 496)] Net r_reg_0130 in bmc_cpld_i2c_ram(original module bmc_cpld_i2c_ram) does not have a driver, tie it to 0.
W: Verilog-2021: [C:/CPLD/pango/2_Tieta_Feiteng/Tieta_Feiteng_1001_PGC7KD69MBG400/rtl/source/i2c/bmc_cpld_i2c_ram.v(line number: 498)] Net r_reg_0141 in bmc_cpld_i2c_ram(original module bmc_cpld_i2c_ram) does not have a driver, tie it to 0.
W: Verilog-2021: [C:/CPLD/pango/2_Tieta_Feiteng/Tieta_Feiteng_1001_PGC7KD69MBG400/rtl/source/i2c/bmc_cpld_i2c_ram.v(line number: 499)] Net r_reg_0142 in bmc_cpld_i2c_ram(original module bmc_cpld_i2c_ram) does not have a driver, tie it to 0.
W: Verilog-2021: [C:/CPLD/pango/2_Tieta_Feiteng/Tieta_Feiteng_1001_PGC7KD69MBG400/rtl/source/i2c/bmc_cpld_i2c_ram.v(line number: 500)] Net r_reg_0143 in bmc_cpld_i2c_ram(original module bmc_cpld_i2c_ram) does not have a driver, tie it to 0.
W: Verilog-2021: [C:/CPLD/pango/2_Tieta_Feiteng/Tieta_Feiteng_1001_PGC7KD69MBG400/rtl/source/i2c/bmc_cpld_i2c_ram.v(line number: 501)] Net r_reg_0270 in bmc_cpld_i2c_ram(original module bmc_cpld_i2c_ram) does not have a driver, tie it to 0.
W: Verilog-2021: [C:/CPLD/pango/2_Tieta_Feiteng/Tieta_Feiteng_1001_PGC7KD69MBG400/rtl/source/i2c/bmc_cpld_i2c_ram.v(line number: 503)] Net r_reg_02A2 in bmc_cpld_i2c_ram(original module bmc_cpld_i2c_ram) does not have a driver, tie it to 0.
W: Verilog-2021: [C:/CPLD/pango/2_Tieta_Feiteng/Tieta_Feiteng_1001_PGC7KD69MBG400/rtl/source/i2c/bmc_cpld_i2c_ram.v(line number: 505)] Net r_reg_02A9 in bmc_cpld_i2c_ram(original module bmc_cpld_i2c_ram) does not have a driver, tie it to 0.
W: Verilog-2021: [C:/CPLD/pango/2_Tieta_Feiteng/Tieta_Feiteng_1001_PGC7KD69MBG400/rtl/source/i2c/bmc_cpld_i2c_ram.v(line number: 506)] Net r_reg_02C0 in bmc_cpld_i2c_ram(original module bmc_cpld_i2c_ram) does not have a driver, tie it to 0.
W: Verilog-2021: [C:/CPLD/pango/2_Tieta_Feiteng/Tieta_Feiteng_1001_PGC7KD69MBG400/rtl/source/i2c/bmc_cpld_i2c_ram.v(line number: 508)] Net r_reg_03A0 in bmc_cpld_i2c_ram(original module bmc_cpld_i2c_ram) does not have a driver, tie it to 0.
W: Verilog-2021: [C:/CPLD/pango/2_Tieta_Feiteng/Tieta_Feiteng_1001_PGC7KD69MBG400/rtl/source/i2c/bmc_cpld_i2c_ram.v(line number: 509)] Net r_reg_03A1 in bmc_cpld_i2c_ram(original module bmc_cpld_i2c_ram) does not have a driver, tie it to 0.
W: Verilog-2021: [C:/CPLD/pango/2_Tieta_Feiteng/Tieta_Feiteng_1001_PGC7KD69MBG400/rtl/source/i2c/bmc_cpld_i2c_ram.v(line number: 510)] Net r_reg_04D0 in bmc_cpld_i2c_ram(original module bmc_cpld_i2c_ram) does not have a driver, tie it to 0.
W: Verilog-2021: [C:/CPLD/pango/2_Tieta_Feiteng/Tieta_Feiteng_1001_PGC7KD69MBG400/rtl/source/i2c/bmc_cpld_i2c_ram.v(line number: 511)] Net r_reg_04D1 in bmc_cpld_i2c_ram(original module bmc_cpld_i2c_ram) does not have a driver, tie it to 0.
W: Verilog-2021: [C:/CPLD/pango/2_Tieta_Feiteng/Tieta_Feiteng_1001_PGC7KD69MBG400/rtl/source/i2c/bmc_cpld_i2c_ram.v(line number: 512)] Net r_reg_04D2 in bmc_cpld_i2c_ram(original module bmc_cpld_i2c_ram) does not have a driver, tie it to 0.
W: Verilog-2021: [C:/CPLD/pango/2_Tieta_Feiteng/Tieta_Feiteng_1001_PGC7KD69MBG400/rtl/source/i2c/bmc_cpld_i2c_ram.v(line number: 514)] Net r_reg_0641 in bmc_cpld_i2c_ram(original module bmc_cpld_i2c_ram) does not have a driver, tie it to 0.
W: Verilog-2021: [C:/CPLD/pango/2_Tieta_Feiteng/Tieta_Feiteng_1001_PGC7KD69MBG400/rtl/source/i2c/bmc_cpld_i2c_ram.v(line number: 515)] Net r_reg_0800 in bmc_cpld_i2c_ram(original module bmc_cpld_i2c_ram) does not have a driver, tie it to 0.
W: Verilog-2019: [C:/CPLD/pango/2_Tieta_Feiteng/Tieta_Feiteng_1001_PGC7KD69MBG400/rtl/source/Tieta_Feiteng_1001_top.v(line number: 4315)] Width mismatch between port 'o_bmc_ctr_fan_led_status' (8 bits) and port connection (4 bits) in module instance 'bmc_cpld_i2c_ram'.
W: Verilog-2024: [C:/CPLD/pango/2_Tieta_Feiteng/Tieta_Feiteng_1001_PGC7KD69MBG400/rtl/source/Tieta_Feiteng_1001_top.v(line number: 4)] Assign a tri-state buf to drive the floating output port o_CPLD_M_S_SGPIO1_CLK_R in module Tieta_Feiteng_1001_top.
W: Verilog-2024: [C:/CPLD/pango/2_Tieta_Feiteng/Tieta_Feiteng_1001_PGC7KD69MBG400/rtl/source/Tieta_Feiteng_1001_top.v(line number: 4)] Assign a tri-state buf to drive the floating output port o_CPLD_M_S_SGPIO1_LD_N_R in module Tieta_Feiteng_1001_top.
W: Verilog-2024: [C:/CPLD/pango/2_Tieta_Feiteng/Tieta_Feiteng_1001_PGC7KD69MBG400/rtl/source/Tieta_Feiteng_1001_top.v(line number: 4)] Assign a tri-state buf to drive the floating output port o_CPLD_M_S_SGPIO1_MOSI_R in module Tieta_Feiteng_1001_top.
W: Verilog-2024: [C:/CPLD/pango/2_Tieta_Feiteng/Tieta_Feiteng_1001_PGC7KD69MBG400/rtl/source/Tieta_Feiteng_1001_top.v(line number: 4)] Assign a tri-state buf to drive the floating output port o_CPU0_D1_SPI0_SCK in module Tieta_Feiteng_1001_top.
W: Verilog-2024: [C:/CPLD/pango/2_Tieta_Feiteng/Tieta_Feiteng_1001_PGC7KD69MBG400/rtl/source/Tieta_Feiteng_1001_top.v(line number: 4)] Assign a tri-state buf to drive the floating output port o_CPU0_D1_SPI0_CS in module Tieta_Feiteng_1001_top.
W: Verilog-2024: [C:/CPLD/pango/2_Tieta_Feiteng/Tieta_Feiteng_1001_PGC7KD69MBG400/rtl/source/Tieta_Feiteng_1001_top.v(line number: 4)] Assign a tri-state buf to drive the floating output port o_CPU0_D1_SPI0_MOSI in module Tieta_Feiteng_1001_top.
W: Verilog-2024: [C:/CPLD/pango/2_Tieta_Feiteng/Tieta_Feiteng_1001_PGC7KD69MBG400/rtl/source/Tieta_Feiteng_1001_top.v(line number: 4)] Assign a tri-state buf to drive the floating output port o_PAL_DPLL_INIT_R in module Tieta_Feiteng_1001_top.
W: Verilog-2024: [C:/CPLD/pango/2_Tieta_Feiteng/Tieta_Feiteng_1001_PGC7KD69MBG400/rtl/source/Tieta_Feiteng_1001_top.v(line number: 4)] Assign a tri-state buf to drive the floating output port o_PAL_DPLL_RESET_R in module Tieta_Feiteng_1001_top.
W: Verilog-2024: [C:/CPLD/pango/2_Tieta_Feiteng/Tieta_Feiteng_1001_PGC7KD69MBG400/rtl/source/Tieta_Feiteng_1001_top.v(line number: 4)] Assign a tri-state buf to drive the floating output port o_PAL_DPLL_GPIO0_R in module Tieta_Feiteng_1001_top.
W: Verilog-2024: [C:/CPLD/pango/2_Tieta_Feiteng/Tieta_Feiteng_1001_PGC7KD69MBG400/rtl/source/Tieta_Feiteng_1001_top.v(line number: 4)] Assign a tri-state buf to drive the floating output port o_PAL_DPLL_GPIO1_R in module Tieta_Feiteng_1001_top.
W: Verilog-2024: [C:/CPLD/pango/2_Tieta_Feiteng/Tieta_Feiteng_1001_PGC7KD69MBG400/rtl/source/Tieta_Feiteng_1001_top.v(line number: 4)] Assign a tri-state buf to drive the floating output port o_CPU0_D0123_SOCKET_ID_R in module Tieta_Feiteng_1001_top.
W: Verilog-2024: [C:/CPLD/pango/2_Tieta_Feiteng/Tieta_Feiteng_1001_PGC7KD69MBG400/rtl/source/Tieta_Feiteng_1001_top.v(line number: 4)] Assign a tri-state buf to drive the floating output port o_CPU1_D0123_SOCKET_ID_R in module Tieta_Feiteng_1001_top.
W: Verilog-2036: [C:/CPLD/pango/2_Tieta_Feiteng/Tieta_Feiteng_1001_PGC7KD69MBG400/rtl/source/Tieta_Feiteng_1001_top.v(line number: 3448)] The net xr_ps_enable that drives an input pin of module instance Tieta_Feiteng_1001_top.psu_inst has no driver, tie the net to 0.
W: Verilog-2036: [C:/CPLD/pango/2_Tieta_Feiteng/Tieta_Feiteng_1001_PGC7KD69MBG400/rtl/source/Tieta_Feiteng_1001_top.v(line number: 4203)] The net cpld_pwm_main_type that drives an input pin of module instance Tieta_Feiteng_1001_top.bmc_cpld_i2c_ram_u0 has no driver, tie the net to 0.
W: Verilog-2023: [C:/CPLD/pango/2_Tieta_Feiteng/Tieta_Feiteng_1001_PGC7KD69MBG400/rtl/source/Tieta_Feiteng_1001_top.v(line number: 4203)] Assign 0 to drive the floating input pin ocp2_fan_foo of module instance Tieta_Feiteng_1001_top.bmc_cpld_i2c_ram_u0.
W: Verilog-2023: [C:/CPLD/pango/2_Tieta_Feiteng/Tieta_Feiteng_1001_PGC7KD69MBG400/rtl/source/Tieta_Feiteng_1001_top.v(line number: 4203)] Assign 0 to drive the floating input pin ocp2_fan_prsnt of module instance Tieta_Feiteng_1001_top.bmc_cpld_i2c_ram_u0.
W: Verilog-2023: [C:/CPLD/pango/2_Tieta_Feiteng/Tieta_Feiteng_1001_PGC7KD69MBG400/rtl/source/Tieta_Feiteng_1001_top.v(line number: 4203)] Assign 0 to drive the floating input pin ocp1_fan_foo of module instance Tieta_Feiteng_1001_top.bmc_cpld_i2c_ram_u0.
W: Verilog-2023: [C:/CPLD/pango/2_Tieta_Feiteng/Tieta_Feiteng_1001_PGC7KD69MBG400/rtl/source/Tieta_Feiteng_1001_top.v(line number: 4203)] Assign 0 to drive the floating input pin ocp1_fan_prsnt of module instance Tieta_Feiteng_1001_top.bmc_cpld_i2c_ram_u0.
W: Verilog-2023: [C:/CPLD/pango/2_Tieta_Feiteng/Tieta_Feiteng_1001_PGC7KD69MBG400/rtl/source/Tieta_Feiteng_1001_top.v(line number: 4203)] Assign 0 to drive the floating input pin fan_prsnt of module instance Tieta_Feiteng_1001_top.bmc_cpld_i2c_ram_u0.
W: Verilog-2036: [C:/CPLD/pango/2_Tieta_Feiteng/Tieta_Feiteng_1001_PGC7KD69MBG400/rtl/source/Tieta_Feiteng_1001_top.v(line number: 4203)] The net i2c_ram_1058 that drives an input pin of module instance Tieta_Feiteng_1001_top.bmc_cpld_i2c_ram_u0 has no driver, tie the net to 0.
W: Verilog-2021: [C:/CPLD/pango/2_Tieta_Feiteng/Tieta_Feiteng_1001_PGC7KD69MBG400/rtl/source/Tieta_Feiteng_1001_top.v(line number: 806)] Net emc_alert_n in Tieta_Feiteng_1001_top(original module Tieta_Feiteng_1001_top) does not have a driver, tie it to 0.
W: Verilog-2021: [C:/CPLD/pango/2_Tieta_Feiteng/Tieta_Feiteng_1001_PGC7KD69MBG400/rtl/source/Tieta_Feiteng_1001_top.v(line number: 953)] Net vwire_cpu_rst_pcie in Tieta_Feiteng_1001_top(original module Tieta_Feiteng_1001_top) does not have a driver, tie it to 0.
W: Verilog-2021: [C:/CPLD/pango/2_Tieta_Feiteng/Tieta_Feiteng_1001_PGC7KD69MBG400/rtl/source/Tieta_Feiteng_1001_top.v(line number: 967)] Net keep_alive_on_fault in Tieta_Feiteng_1001_top(original module Tieta_Feiteng_1001_top) does not have a driver, tie it to 0.
W: Verilog-2021: [C:/CPLD/pango/2_Tieta_Feiteng/Tieta_Feiteng_1001_PGC7KD69MBG400/rtl/source/Tieta_Feiteng_1001_top.v(line number: 973)] Net emc_alert_mask in Tieta_Feiteng_1001_top(original module Tieta_Feiteng_1001_top) does not have a driver, tie it to 0.
W: Verilog-2021: [C:/CPLD/pango/2_Tieta_Feiteng/Tieta_Feiteng_1001_PGC7KD69MBG400/rtl/source/Tieta_Feiteng_1001_top.v(line number: 976)] Net riser1_emc_alert_mask in Tieta_Feiteng_1001_top(original module Tieta_Feiteng_1001_top) does not have a driver, tie it to 0.
W: Verilog-2021: [C:/CPLD/pango/2_Tieta_Feiteng/Tieta_Feiteng_1001_PGC7KD69MBG400/rtl/source/Tieta_Feiteng_1001_top.v(line number: 977)] Net riser2_emc_alert_mask in Tieta_Feiteng_1001_top(original module Tieta_Feiteng_1001_top) does not have a driver, tie it to 0.
W: Verilog-2021: [C:/CPLD/pango/2_Tieta_Feiteng/Tieta_Feiteng_1001_PGC7KD69MBG400/rtl/source/Tieta_Feiteng_1001_top.v(line number: 986)] Net ocp_temp_alert_mask in Tieta_Feiteng_1001_top(original module Tieta_Feiteng_1001_top) does not have a driver, tie it to 0.
W: Verilog-2020: [C:/CPLD/pango/2_Tieta_Feiteng/Tieta_Feiteng_1001_PGC7KD69MBG400/rtl/source/Tieta_Feiteng_1001_top.v(line number: 1034)] Net i2c_ram_1055[3] in Tieta_Feiteng_1001_top(original module Tieta_Feiteng_1001_top) does not have a driver, tie it to 0.
W: Verilog-2020: [C:/CPLD/pango/2_Tieta_Feiteng/Tieta_Feiteng_1001_PGC7KD69MBG400/rtl/source/Tieta_Feiteng_1001_top.v(line number: 1034)] Net i2c_ram_1055[4] in Tieta_Feiteng_1001_top(original module Tieta_Feiteng_1001_top) does not have a driver, tie it to 0.
W: Verilog-2020: [C:/CPLD/pango/2_Tieta_Feiteng/Tieta_Feiteng_1001_PGC7KD69MBG400/rtl/source/Tieta_Feiteng_1001_top.v(line number: 1034)] Net i2c_ram_1055[7] in Tieta_Feiteng_1001_top(original module Tieta_Feiteng_1001_top) does not have a driver, tie it to 0.
W: Verilog-2020: [C:/CPLD/pango/2_Tieta_Feiteng/Tieta_Feiteng_1001_PGC7KD69MBG400/rtl/source/Tieta_Feiteng_1001_top.v(line number: 1035)] Net i2c_ram_1056[6] in Tieta_Feiteng_1001_top(original module Tieta_Feiteng_1001_top) does not have a driver, tie it to 0.
W: Verilog-2020: [C:/CPLD/pango/2_Tieta_Feiteng/Tieta_Feiteng_1001_PGC7KD69MBG400/rtl/source/Tieta_Feiteng_1001_top.v(line number: 1035)] Net i2c_ram_1056[7] in Tieta_Feiteng_1001_top(original module Tieta_Feiteng_1001_top) does not have a driver, tie it to 0.
W: Verilog-2020: [C:/CPLD/pango/2_Tieta_Feiteng/Tieta_Feiteng_1001_PGC7KD69MBG400/rtl/source/Tieta_Feiteng_1001_top.v(line number: 1036)] Net i2c_ram_1057[0] in Tieta_Feiteng_1001_top(original module Tieta_Feiteng_1001_top) does not have a driver, tie it to 0.
W: Verilog-2021: [C:/CPLD/pango/2_Tieta_Feiteng/Tieta_Feiteng_1001_PGC7KD69MBG400/rtl/source/Tieta_Feiteng_1001_top.v(line number: 1076)] Net pfr_to_led in Tieta_Feiteng_1001_top(original module Tieta_Feiteng_1001_top) does not have a driver, tie it to 0.
W: Verilog-2021: [C:/CPLD/pango/2_Tieta_Feiteng/Tieta_Feiteng_1001_PGC7KD69MBG400/rtl/source/Tieta_Feiteng_1001_top.v(line number: 1228)] Net db_i_pal_usb_upd1_oci4b in Tieta_Feiteng_1001_top(original module Tieta_Feiteng_1001_top) does not have a driver, tie it to 0.
W: Verilog-2021: [C:/CPLD/pango/2_Tieta_Feiteng/Tieta_Feiteng_1001_PGC7KD69MBG400/rtl/source/Tieta_Feiteng_1001_top.v(line number: 1248)] Net pgd_p1v8_stby_dly32ms in Tieta_Feiteng_1001_top(original module Tieta_Feiteng_1001_top) does not have a driver, tie it to 0.
W: Verilog-2021: [C:/CPLD/pango/2_Tieta_Feiteng/Tieta_Feiteng_1001_PGC7KD69MBG400/rtl/source/Tieta_Feiteng_1001_top.v(line number: 1249)] Net pgd_p1v8_stby_dly30ms in Tieta_Feiteng_1001_top(original module Tieta_Feiteng_1001_top) does not have a driver, tie it to 0.
W: Verilog-2021: [C:/CPLD/pango/2_Tieta_Feiteng/Tieta_Feiteng_1001_PGC7KD69MBG400/rtl/source/Tieta_Feiteng_1001_top.v(line number: 1356)] Net AUX_BP_type in Tieta_Feiteng_1001_top(original module Tieta_Feiteng_1001_top) does not have a driver, tie it to 0.
W: Verilog-2021: [C:/CPLD/pango/2_Tieta_Feiteng/Tieta_Feiteng_1001_PGC7KD69MBG400/rtl/source/Tieta_Feiteng_1001_top.v(line number: 1357)] Net pcie_detect in Tieta_Feiteng_1001_top(original module Tieta_Feiteng_1001_top) does not have a driver, tie it to 0.
W: Verilog-2021: [C:/CPLD/pango/2_Tieta_Feiteng/Tieta_Feiteng_1001_PGC7KD69MBG400/rtl/source/Tieta_Feiteng_1001_top.v(line number: 1360)] Net o_mb_cb_prsnt_bmc in Tieta_Feiteng_1001_top(original module Tieta_Feiteng_1001_top) does not have a driver, tie it to 0.
W: Verilog-2020: [C:/CPLD/pango/2_Tieta_Feiteng/Tieta_Feiteng_1001_PGC7KD69MBG400/rtl/source/Tieta_Feiteng_1001_top.v(line number: 1361)] Net debug_reg_15[0] in Tieta_Feiteng_1001_top(original module Tieta_Feiteng_1001_top) does not have a driver, tie it to 0.
W: Verilog-2020: [C:/CPLD/pango/2_Tieta_Feiteng/Tieta_Feiteng_1001_PGC7KD69MBG400/rtl/source/Tieta_Feiteng_1001_top.v(line number: 1361)] Net debug_reg_15[1] in Tieta_Feiteng_1001_top(original module Tieta_Feiteng_1001_top) does not have a driver, tie it to 0.
W: Verilog-2020: [C:/CPLD/pango/2_Tieta_Feiteng/Tieta_Feiteng_1001_PGC7KD69MBG400/rtl/source/Tieta_Feiteng_1001_top.v(line number: 1361)] Net debug_reg_15[2] in Tieta_Feiteng_1001_top(original module Tieta_Feiteng_1001_top) does not have a driver, tie it to 0.
W: Verilog-2020: [C:/CPLD/pango/2_Tieta_Feiteng/Tieta_Feiteng_1001_PGC7KD69MBG400/rtl/source/Tieta_Feiteng_1001_top.v(line number: 1361)] Net debug_reg_15[3] in Tieta_Feiteng_1001_top(original module Tieta_Feiteng_1001_top) does not have a driver, tie it to 0.
W: Verilog-2020: [C:/CPLD/pango/2_Tieta_Feiteng/Tieta_Feiteng_1001_PGC7KD69MBG400/rtl/source/Tieta_Feiteng_1001_top.v(line number: 1361)] Net debug_reg_15[4] in Tieta_Feiteng_1001_top(original module Tieta_Feiteng_1001_top) does not have a driver, tie it to 0.
W: Verilog-2020: [C:/CPLD/pango/2_Tieta_Feiteng/Tieta_Feiteng_1001_PGC7KD69MBG400/rtl/source/Tieta_Feiteng_1001_top.v(line number: 1361)] Net debug_reg_15[5] in Tieta_Feiteng_1001_top(original module Tieta_Feiteng_1001_top) does not have a driver, tie it to 0.
W: Verilog-2020: [C:/CPLD/pango/2_Tieta_Feiteng/Tieta_Feiteng_1001_PGC7KD69MBG400/rtl/source/Tieta_Feiteng_1001_top.v(line number: 1361)] Net debug_reg_15[6] in Tieta_Feiteng_1001_top(original module Tieta_Feiteng_1001_top) does not have a driver, tie it to 0.
W: Verilog-2020: [C:/CPLD/pango/2_Tieta_Feiteng/Tieta_Feiteng_1001_PGC7KD69MBG400/rtl/source/Tieta_Feiteng_1001_top.v(line number: 1361)] Net debug_reg_15[7] in Tieta_Feiteng_1001_top(original module Tieta_Feiteng_1001_top) does not have a driver, tie it to 0.
W: Verilog-2020: [C:/CPLD/pango/2_Tieta_Feiteng/Tieta_Feiteng_1001_PGC7KD69MBG400/rtl/source/Tieta_Feiteng_1001_top.v(line number: 2176)] Net mcpld_to_scpld_p2s_data[32] in Tieta_Feiteng_1001_top(original module Tieta_Feiteng_1001_top) does not have a driver, tie it to 0.
W: Verilog-2020: [C:/CPLD/pango/2_Tieta_Feiteng/Tieta_Feiteng_1001_PGC7KD69MBG400/rtl/source/Tieta_Feiteng_1001_top.v(line number: 2176)] Net mcpld_to_scpld_p2s_data[219] in Tieta_Feiteng_1001_top(original module Tieta_Feiteng_1001_top) does not have a driver, tie it to 0.
W: Verilog-2021: [C:/CPLD/pango/2_Tieta_Feiteng/Tieta_Feiteng_1001_PGC7KD69MBG400/rtl/source/Tieta_Feiteng_1001_top.v(line number: 1711)] Net i_PAL_OCP1_FAN_PRSNT_N in Tieta_Feiteng_1001_top(original module Tieta_Feiteng_1001_top) does not have a driver, tie it to 0.
W: Verilog-2021: [C:/CPLD/pango/2_Tieta_Feiteng/Tieta_Feiteng_1001_PGC7KD69MBG400/rtl/source/Tieta_Feiteng_1001_top.v(line number: 1807)] Net i_PAL_CPU0_VR_PMALT_UPD in Tieta_Feiteng_1001_top(original module Tieta_Feiteng_1001_top) does not have a driver, tie it to 0.
W: Verilog-2021: [C:/CPLD/pango/2_Tieta_Feiteng/Tieta_Feiteng_1001_PGC7KD69MBG400/rtl/source/Tieta_Feiteng_1001_top.v(line number: 1808)] Net i_PAL_CPU1_VR_PMALT_UPD in Tieta_Feiteng_1001_top(original module Tieta_Feiteng_1001_top) does not have a driver, tie it to 0.
W: Verilog-2021: [C:/CPLD/pango/2_Tieta_Feiteng/Tieta_Feiteng_1001_PGC7KD69MBG400/rtl/source/Tieta_Feiteng_1001_top.v(line number: 1825)] Net ocp_pvt_act_p0_n in Tieta_Feiteng_1001_top(original module Tieta_Feiteng_1001_top) does not have a driver, tie it to 0.
W: Verilog-2021: [C:/CPLD/pango/2_Tieta_Feiteng/Tieta_Feiteng_1001_PGC7KD69MBG400/rtl/source/Tieta_Feiteng_1001_top.v(line number: 1826)] Net ocp_pvt_act_p1_n in Tieta_Feiteng_1001_top(original module Tieta_Feiteng_1001_top) does not have a driver, tie it to 0.
W: Verilog-2021: [C:/CPLD/pango/2_Tieta_Feiteng/Tieta_Feiteng_1001_PGC7KD69MBG400/rtl/source/Tieta_Feiteng_1001_top.v(line number: 1827)] Net ocp_pvt_act_p2_n in Tieta_Feiteng_1001_top(original module Tieta_Feiteng_1001_top) does not have a driver, tie it to 0.
W: Verilog-2021: [C:/CPLD/pango/2_Tieta_Feiteng/Tieta_Feiteng_1001_PGC7KD69MBG400/rtl/source/Tieta_Feiteng_1001_top.v(line number: 1828)] Net ocp_pvt_act_p3_n in Tieta_Feiteng_1001_top(original module Tieta_Feiteng_1001_top) does not have a driver, tie it to 0.
W: Verilog-2021: [C:/CPLD/pango/2_Tieta_Feiteng/Tieta_Feiteng_1001_PGC7KD69MBG400/rtl/source/Tieta_Feiteng_1001_top.v(line number: 1829)] Net ocp_pvt_act_p4_n in Tieta_Feiteng_1001_top(original module Tieta_Feiteng_1001_top) does not have a driver, tie it to 0.
W: Verilog-2021: [C:/CPLD/pango/2_Tieta_Feiteng/Tieta_Feiteng_1001_PGC7KD69MBG400/rtl/source/Tieta_Feiteng_1001_top.v(line number: 1830)] Net ocp_pvt_act_p5_n in Tieta_Feiteng_1001_top(original module Tieta_Feiteng_1001_top) does not have a driver, tie it to 0.
W: Verilog-2021: [C:/CPLD/pango/2_Tieta_Feiteng/Tieta_Feiteng_1001_PGC7KD69MBG400/rtl/source/Tieta_Feiteng_1001_top.v(line number: 1831)] Net ocp_pvt_act_p6_n in Tieta_Feiteng_1001_top(original module Tieta_Feiteng_1001_top) does not have a driver, tie it to 0.
W: Verilog-2021: [C:/CPLD/pango/2_Tieta_Feiteng/Tieta_Feiteng_1001_PGC7KD69MBG400/rtl/source/Tieta_Feiteng_1001_top.v(line number: 1832)] Net ocp_pvt_act_p7_n in Tieta_Feiteng_1001_top(original module Tieta_Feiteng_1001_top) does not have a driver, tie it to 0.
W: Verilog-2021: [C:/CPLD/pango/2_Tieta_Feiteng/Tieta_Feiteng_1001_PGC7KD69MBG400/rtl/source/Tieta_Feiteng_1001_top.v(line number: 1833)] Net ocp_pvt_link_spda_p0_n in Tieta_Feiteng_1001_top(original module Tieta_Feiteng_1001_top) does not have a driver, tie it to 0.
W: Verilog-2021: [C:/CPLD/pango/2_Tieta_Feiteng/Tieta_Feiteng_1001_PGC7KD69MBG400/rtl/source/Tieta_Feiteng_1001_top.v(line number: 1833)] Net ocp_pvt_link_spdb_p0_n in Tieta_Feiteng_1001_top(original module Tieta_Feiteng_1001_top) does not have a driver, tie it to 0.
W: Verilog-2021: [C:/CPLD/pango/2_Tieta_Feiteng/Tieta_Feiteng_1001_PGC7KD69MBG400/rtl/source/Tieta_Feiteng_1001_top.v(line number: 1834)] Net ocp_pvt_link_spda_p1_n in Tieta_Feiteng_1001_top(original module Tieta_Feiteng_1001_top) does not have a driver, tie it to 0.
W: Verilog-2021: [C:/CPLD/pango/2_Tieta_Feiteng/Tieta_Feiteng_1001_PGC7KD69MBG400/rtl/source/Tieta_Feiteng_1001_top.v(line number: 1834)] Net ocp_pvt_link_spdb_p1_n in Tieta_Feiteng_1001_top(original module Tieta_Feiteng_1001_top) does not have a driver, tie it to 0.
W: Verilog-2021: [C:/CPLD/pango/2_Tieta_Feiteng/Tieta_Feiteng_1001_PGC7KD69MBG400/rtl/source/Tieta_Feiteng_1001_top.v(line number: 1835)] Net ocp_pvt_link_spda_p2_n in Tieta_Feiteng_1001_top(original module Tieta_Feiteng_1001_top) does not have a driver, tie it to 0.
W: Verilog-2021: [C:/CPLD/pango/2_Tieta_Feiteng/Tieta_Feiteng_1001_PGC7KD69MBG400/rtl/source/Tieta_Feiteng_1001_top.v(line number: 1835)] Net ocp_pvt_link_spdb_p2_n in Tieta_Feiteng_1001_top(original module Tieta_Feiteng_1001_top) does not have a driver, tie it to 0.
W: Verilog-2021: [C:/CPLD/pango/2_Tieta_Feiteng/Tieta_Feiteng_1001_PGC7KD69MBG400/rtl/source/Tieta_Feiteng_1001_top.v(line number: 1836)] Net ocp_pvt_link_spda_p3_n in Tieta_Feiteng_1001_top(original module Tieta_Feiteng_1001_top) does not have a driver, tie it to 0.
W: Verilog-2021: [C:/CPLD/pango/2_Tieta_Feiteng/Tieta_Feiteng_1001_PGC7KD69MBG400/rtl/source/Tieta_Feiteng_1001_top.v(line number: 1836)] Net ocp_pvt_link_spdb_p3_n in Tieta_Feiteng_1001_top(original module Tieta_Feiteng_1001_top) does not have a driver, tie it to 0.
W: Verilog-2021: [C:/CPLD/pango/2_Tieta_Feiteng/Tieta_Feiteng_1001_PGC7KD69MBG400/rtl/source/Tieta_Feiteng_1001_top.v(line number: 1837)] Net ocp_pvt_link_spda_p4_n in Tieta_Feiteng_1001_top(original module Tieta_Feiteng_1001_top) does not have a driver, tie it to 0.
W: Verilog-2021: [C:/CPLD/pango/2_Tieta_Feiteng/Tieta_Feiteng_1001_PGC7KD69MBG400/rtl/source/Tieta_Feiteng_1001_top.v(line number: 1837)] Net ocp_pvt_link_spdb_p4_n in Tieta_Feiteng_1001_top(original module Tieta_Feiteng_1001_top) does not have a driver, tie it to 0.
W: Verilog-2021: [C:/CPLD/pango/2_Tieta_Feiteng/Tieta_Feiteng_1001_PGC7KD69MBG400/rtl/source/Tieta_Feiteng_1001_top.v(line number: 1838)] Net ocp_pvt_link_spda_p5_n in Tieta_Feiteng_1001_top(original module Tieta_Feiteng_1001_top) does not have a driver, tie it to 0.
W: Verilog-2021: [C:/CPLD/pango/2_Tieta_Feiteng/Tieta_Feiteng_1001_PGC7KD69MBG400/rtl/source/Tieta_Feiteng_1001_top.v(line number: 1838)] Net ocp_pvt_link_spdb_p5_n in Tieta_Feiteng_1001_top(original module Tieta_Feiteng_1001_top) does not have a driver, tie it to 0.
W: Verilog-2021: [C:/CPLD/pango/2_Tieta_Feiteng/Tieta_Feiteng_1001_PGC7KD69MBG400/rtl/source/Tieta_Feiteng_1001_top.v(line number: 1839)] Net ocp_pvt_link_spda_p6_n in Tieta_Feiteng_1001_top(original module Tieta_Feiteng_1001_top) does not have a driver, tie it to 0.
W: Verilog-2021: [C:/CPLD/pango/2_Tieta_Feiteng/Tieta_Feiteng_1001_PGC7KD69MBG400/rtl/source/Tieta_Feiteng_1001_top.v(line number: 1839)] Net ocp_pvt_link_spdb_p6_n in Tieta_Feiteng_1001_top(original module Tieta_Feiteng_1001_top) does not have a driver, tie it to 0.
W: Verilog-2021: [C:/CPLD/pango/2_Tieta_Feiteng/Tieta_Feiteng_1001_PGC7KD69MBG400/rtl/source/Tieta_Feiteng_1001_top.v(line number: 1840)] Net ocp_pvt_link_spda_p7_n in Tieta_Feiteng_1001_top(original module Tieta_Feiteng_1001_top) does not have a driver, tie it to 0.
W: Verilog-2021: [C:/CPLD/pango/2_Tieta_Feiteng/Tieta_Feiteng_1001_PGC7KD69MBG400/rtl/source/Tieta_Feiteng_1001_top.v(line number: 1840)] Net ocp_pvt_link_spdb_p7_n in Tieta_Feiteng_1001_top(original module Tieta_Feiteng_1001_top) does not have a driver, tie it to 0.
W: Verilog-2021: [C:/CPLD/pango/2_Tieta_Feiteng/Tieta_Feiteng_1001_PGC7KD69MBG400/rtl/source/Tieta_Feiteng_1001_top.v(line number: 1841)] Net ocp2_pvt_act_p0_n in Tieta_Feiteng_1001_top(original module Tieta_Feiteng_1001_top) does not have a driver, tie it to 0.
W: Verilog-2021: [C:/CPLD/pango/2_Tieta_Feiteng/Tieta_Feiteng_1001_PGC7KD69MBG400/rtl/source/Tieta_Feiteng_1001_top.v(line number: 1842)] Net ocp2_pvt_act_p1_n in Tieta_Feiteng_1001_top(original module Tieta_Feiteng_1001_top) does not have a driver, tie it to 0.
W: Verilog-2021: [C:/CPLD/pango/2_Tieta_Feiteng/Tieta_Feiteng_1001_PGC7KD69MBG400/rtl/source/Tieta_Feiteng_1001_top.v(line number: 1843)] Net ocp2_pvt_act_p2_n in Tieta_Feiteng_1001_top(original module Tieta_Feiteng_1001_top) does not have a driver, tie it to 0.
W: Verilog-2021: [C:/CPLD/pango/2_Tieta_Feiteng/Tieta_Feiteng_1001_PGC7KD69MBG400/rtl/source/Tieta_Feiteng_1001_top.v(line number: 1844)] Net ocp2_pvt_act_p3_n in Tieta_Feiteng_1001_top(original module Tieta_Feiteng_1001_top) does not have a driver, tie it to 0.
W: Verilog-2021: [C:/CPLD/pango/2_Tieta_Feiteng/Tieta_Feiteng_1001_PGC7KD69MBG400/rtl/source/Tieta_Feiteng_1001_top.v(line number: 1845)] Net ocp2_pvt_act_p4_n in Tieta_Feiteng_1001_top(original module Tieta_Feiteng_1001_top) does not have a driver, tie it to 0.
W: Verilog-2021: [C:/CPLD/pango/2_Tieta_Feiteng/Tieta_Feiteng_1001_PGC7KD69MBG400/rtl/source/Tieta_Feiteng_1001_top.v(line number: 1846)] Net ocp2_pvt_act_p5_n in Tieta_Feiteng_1001_top(original module Tieta_Feiteng_1001_top) does not have a driver, tie it to 0.
W: Verilog-2021: [C:/CPLD/pango/2_Tieta_Feiteng/Tieta_Feiteng_1001_PGC7KD69MBG400/rtl/source/Tieta_Feiteng_1001_top.v(line number: 1847)] Net ocp2_pvt_act_p6_n in Tieta_Feiteng_1001_top(original module Tieta_Feiteng_1001_top) does not have a driver, tie it to 0.
W: Verilog-2021: [C:/CPLD/pango/2_Tieta_Feiteng/Tieta_Feiteng_1001_PGC7KD69MBG400/rtl/source/Tieta_Feiteng_1001_top.v(line number: 1848)] Net ocp2_pvt_act_p7_n in Tieta_Feiteng_1001_top(original module Tieta_Feiteng_1001_top) does not have a driver, tie it to 0.
W: Verilog-2021: [C:/CPLD/pango/2_Tieta_Feiteng/Tieta_Feiteng_1001_PGC7KD69MBG400/rtl/source/Tieta_Feiteng_1001_top.v(line number: 1849)] Net ocp2_pvt_link_spda_p0_n in Tieta_Feiteng_1001_top(original module Tieta_Feiteng_1001_top) does not have a driver, tie it to 0.
W: Verilog-2021: [C:/CPLD/pango/2_Tieta_Feiteng/Tieta_Feiteng_1001_PGC7KD69MBG400/rtl/source/Tieta_Feiteng_1001_top.v(line number: 1849)] Net ocp2_pvt_link_spdb_p0_n in Tieta_Feiteng_1001_top(original module Tieta_Feiteng_1001_top) does not have a driver, tie it to 0.
W: Verilog-2021: [C:/CPLD/pango/2_Tieta_Feiteng/Tieta_Feiteng_1001_PGC7KD69MBG400/rtl/source/Tieta_Feiteng_1001_top.v(line number: 1850)] Net ocp2_pvt_link_spda_p1_n in Tieta_Feiteng_1001_top(original module Tieta_Feiteng_1001_top) does not have a driver, tie it to 0.
W: Verilog-2021: [C:/CPLD/pango/2_Tieta_Feiteng/Tieta_Feiteng_1001_PGC7KD69MBG400/rtl/source/Tieta_Feiteng_1001_top.v(line number: 1850)] Net ocp2_pvt_link_spdb_p1_n in Tieta_Feiteng_1001_top(original module Tieta_Feiteng_1001_top) does not have a driver, tie it to 0.
W: Verilog-2021: [C:/CPLD/pango/2_Tieta_Feiteng/Tieta_Feiteng_1001_PGC7KD69MBG400/rtl/source/Tieta_Feiteng_1001_top.v(line number: 1851)] Net ocp2_pvt_link_spda_p2_n in Tieta_Feiteng_1001_top(original module Tieta_Feiteng_1001_top) does not have a driver, tie it to 0.
W: Verilog-2021: [C:/CPLD/pango/2_Tieta_Feiteng/Tieta_Feiteng_1001_PGC7KD69MBG400/rtl/source/Tieta_Feiteng_1001_top.v(line number: 1851)] Net ocp2_pvt_link_spdb_p2_n in Tieta_Feiteng_1001_top(original module Tieta_Feiteng_1001_top) does not have a driver, tie it to 0.
W: Verilog-2021: [C:/CPLD/pango/2_Tieta_Feiteng/Tieta_Feiteng_1001_PGC7KD69MBG400/rtl/source/Tieta_Feiteng_1001_top.v(line number: 1852)] Net ocp2_pvt_link_spda_p3_n in Tieta_Feiteng_1001_top(original module Tieta_Feiteng_1001_top) does not have a driver, tie it to 0.
W: Verilog-2021: [C:/CPLD/pango/2_Tieta_Feiteng/Tieta_Feiteng_1001_PGC7KD69MBG400/rtl/source/Tieta_Feiteng_1001_top.v(line number: 1852)] Net ocp2_pvt_link_spdb_p3_n in Tieta_Feiteng_1001_top(original module Tieta_Feiteng_1001_top) does not have a driver, tie it to 0.
W: Verilog-2021: [C:/CPLD/pango/2_Tieta_Feiteng/Tieta_Feiteng_1001_PGC7KD69MBG400/rtl/source/Tieta_Feiteng_1001_top.v(line number: 1853)] Net ocp2_pvt_link_spda_p4_n in Tieta_Feiteng_1001_top(original module Tieta_Feiteng_1001_top) does not have a driver, tie it to 0.
W: Verilog-2021: [C:/CPLD/pango/2_Tieta_Feiteng/Tieta_Feiteng_1001_PGC7KD69MBG400/rtl/source/Tieta_Feiteng_1001_top.v(line number: 1853)] Net ocp2_pvt_link_spdb_p4_n in Tieta_Feiteng_1001_top(original module Tieta_Feiteng_1001_top) does not have a driver, tie it to 0.
W: Verilog-2021: [C:/CPLD/pango/2_Tieta_Feiteng/Tieta_Feiteng_1001_PGC7KD69MBG400/rtl/source/Tieta_Feiteng_1001_top.v(line number: 1854)] Net ocp2_pvt_link_spda_p5_n in Tieta_Feiteng_1001_top(original module Tieta_Feiteng_1001_top) does not have a driver, tie it to 0.
W: Verilog-2021: [C:/CPLD/pango/2_Tieta_Feiteng/Tieta_Feiteng_1001_PGC7KD69MBG400/rtl/source/Tieta_Feiteng_1001_top.v(line number: 1854)] Net ocp2_pvt_link_spdb_p5_n in Tieta_Feiteng_1001_top(original module Tieta_Feiteng_1001_top) does not have a driver, tie it to 0.
W: Verilog-2021: [C:/CPLD/pango/2_Tieta_Feiteng/Tieta_Feiteng_1001_PGC7KD69MBG400/rtl/source/Tieta_Feiteng_1001_top.v(line number: 1855)] Net ocp2_pvt_link_spda_p6_n in Tieta_Feiteng_1001_top(original module Tieta_Feiteng_1001_top) does not have a driver, tie it to 0.
W: Verilog-2021: [C:/CPLD/pango/2_Tieta_Feiteng/Tieta_Feiteng_1001_PGC7KD69MBG400/rtl/source/Tieta_Feiteng_1001_top.v(line number: 1855)] Net ocp2_pvt_link_spdb_p6_n in Tieta_Feiteng_1001_top(original module Tieta_Feiteng_1001_top) does not have a driver, tie it to 0.
W: Verilog-2021: [C:/CPLD/pango/2_Tieta_Feiteng/Tieta_Feiteng_1001_PGC7KD69MBG400/rtl/source/Tieta_Feiteng_1001_top.v(line number: 1856)] Net ocp2_pvt_link_spda_p7_n in Tieta_Feiteng_1001_top(original module Tieta_Feiteng_1001_top) does not have a driver, tie it to 0.
W: Verilog-2021: [C:/CPLD/pango/2_Tieta_Feiteng/Tieta_Feiteng_1001_PGC7KD69MBG400/rtl/source/Tieta_Feiteng_1001_top.v(line number: 1856)] Net ocp2_pvt_link_spdb_p7_n in Tieta_Feiteng_1001_top(original module Tieta_Feiteng_1001_top) does not have a driver, tie it to 0.
Executing : rtl-elaborate successfully. Time elapsed: 0.366s wall, 0.250s user + 0.078s system = 0.328s CPU (89.6%)

Start rtl-prep.
Executing : rtl-prep successfully. Time elapsed: 0.462s wall, 0.469s user + 0.000s system = 0.469s CPU (101.5%)

Start rtl-infer.
Start DFF-inference.
W: Sdm-2003: [C:/CPLD/pango/2_Tieta_Feiteng/Tieta_Feiteng_1001_PGC7KD69MBG400/rtl/source/Tieta_Feiteng_1001_top.v(line number: 3185)] The net 'w_fan_type[0]' in Tieta_Feiteng_1001_top is un-driven.
W: Sdm-2003: [C:/CPLD/pango/2_Tieta_Feiteng/Tieta_Feiteng_1001_PGC7KD69MBG400/rtl/source/Tieta_Feiteng_1001_top.v(line number: 3185)] The net 'w_fan_type[1]' in Tieta_Feiteng_1001_top is un-driven.
W: Sdm-2003: [C:/CPLD/pango/2_Tieta_Feiteng/Tieta_Feiteng_1001_PGC7KD69MBG400/rtl/source/Tieta_Feiteng_1001_top.v(line number: 3185)] The net 'w_fan_type[2]' in Tieta_Feiteng_1001_top is un-driven.
W: Sdm-2003: [C:/CPLD/pango/2_Tieta_Feiteng/Tieta_Feiteng_1001_PGC7KD69MBG400/rtl/source/Tieta_Feiteng_1001_top.v(line number: 3185)] The net 'w_fan_type[3]' in Tieta_Feiteng_1001_top is un-driven.
W: Sdm-2004: [C:/CPLD/pango/2_Tieta_Feiteng/Tieta_Feiteng_1001_PGC7KD69MBG400/rtl/source/Tieta_Feiteng_1001_top.v(line number: 1055)] Latch is generated for signal power_on_off, possible missing assignment in an if or case statement.
W: Sdm-2014: [C:/CPLD/pango/2_Tieta_Feiteng/Tieta_Feiteng_1001_PGC7KD69MBG400/rtl/source/communication/s2p_master.v(line number: 34)] Feedback mux created for signal 'sclk'. It is possible a async set/reset assignment for this is signal missing. To improve timing and area, specify a set/reset value.
W: Sdm-2014: [C:/CPLD/pango/2_Tieta_Feiteng/Tieta_Feiteng_1001_PGC7KD69MBG400/rtl/source/communication/s2p_master.v(line number: 33)] Feedback mux created for signal 'sld_n'. It is possible a async set/reset assignment for this is signal missing. To improve timing and area, specify a set/reset value.
W: Sdm-2014: [C:/CPLD/pango/2_Tieta_Feiteng/Tieta_Feiteng_1001_PGC7KD69MBG400/rtl/source/communication/uart_master.v(line number: 77)] Feedback mux created for signal 'reg_par_data_out'. It is possible a async set/reset assignment for this is signal missing. To improve timing and area, specify a set/reset value.
I: Removed inst rst_gmt_n that is redundant to gmt_lreset_n.
I: Removed inst rst_io_n that is redundant to gmt_lreset_n.
W: Sdm-2014: [C:/CPLD/pango/2_Tieta_Feiteng/Tieta_Feiteng_1001_PGC7KD69MBG400/rtl/source/communication/p2s_slave.v(line number: 32)] Feedback mux created for signal 'so'. It is possible a async set/reset assignment for this is signal missing. To improve timing and area, specify a set/reset value.
W: Sdm-2004: [C:/CPLD/pango/2_Tieta_Feiteng/Tieta_Feiteng_1001_PGC7KD69MBG400/rtl/source/i2c/i2c_slave_bmc.v(line number: 39)] Latch is generated for signal w_i2c_command, possible missing assignment in an if or case statement.
W: Sdm-2014: Feedback mux created for signal 'r_I2c_address[6]'. It is possible a async set/reset assignment for this is signal missing. To improve timing and area, specify a set/reset value.
W: Sdm-2014: Feedback mux created for signal 'r_I2c_address[5]'. It is possible a async set/reset assignment for this is signal missing. To improve timing and area, specify a set/reset value.
W: Sdm-2014: Feedback mux created for signal 'r_I2c_address[4]'. It is possible a async set/reset assignment for this is signal missing. To improve timing and area, specify a set/reset value.
W: Sdm-2014: Feedback mux created for signal 'r_I2c_address[3]'. It is possible a async set/reset assignment for this is signal missing. To improve timing and area, specify a set/reset value.
W: Sdm-2014: Feedback mux created for signal 'r_I2c_address[2]'. It is possible a async set/reset assignment for this is signal missing. To improve timing and area, specify a set/reset value.
W: Sdm-2014: Feedback mux created for signal 'r_I2c_address[1]'. It is possible a async set/reset assignment for this is signal missing. To improve timing and area, specify a set/reset value.
W: Sdm-2014: Feedback mux created for signal 'r_I2c_address[0]'. It is possible a async set/reset assignment for this is signal missing. To improve timing and area, specify a set/reset value.
Executing : DFF-inference successfully.
W: Sdm-2000: [C:/CPLD/pango/2_Tieta_Feiteng/Tieta_Feiteng_1001_PGC7KD69MBG400/rtl/source/common/system_reset.v(line number: 294)] Removed register node system_reset_inst/gmt_lreset_n that is stuck at constant 0.
I: Removed inst reg_power_supply_on that is redundant to reg_p12v_en.
I: Removed inst reg_cpu1_vdd_core_en_r that is redundant to reg_cpu0_vdd_core_en_r.
I: Removed inst reg_cpu1_p1v8_en_r that is redundant to reg_cpu0_p1v8_en_r.
I: Removed inst reg_cpu1_pll_p1v8_en_r that is redundant to reg_cpu0_vddq_en_r.
I: Removed inst reg_cpu0_vddq_en_r that is redundant to reg_cpu0_ddr_vdd_en_r.
I: Removed inst reg_cpu1_vddq_en_r that is redundant to reg_cpu0_ddr_vdd_en_r.
I: Removed inst reg_cpu1_ddr_vdd_en_r that is redundant to reg_cpu0_ddr_vdd_en_r.
I: Removed inst reg_cpu0_pll_p1v8_en_r that is redundant to reg_cpu0_ddr_vdd_en_r.
I: Removed inst reg_cpu1_d1_vph_p1v8_en_r that is redundant to reg_cpu1_d0_vph_p1v8_en_r.
I: Removed inst reg_cpu1_d0_vph_p1v8_en_r that is redundant to reg_cpu0_d0_vp_p0v9_en_r.
I: Removed inst reg_cpu0_d1_vp_p0v9_en_r that is redundant to reg_cpu0_d0_vp_p0v9_en_r.
I: Removed inst reg_cpu0_d1_vph_p1v8_en_r that is redundant to reg_cpu0_d0_vp_p0v9_en_r.
I: Removed inst reg_cpu1_d1_vp_p0v9_en_r that is redundant to reg_cpu0_d0_vp_p0v9_en_r.
I: Removed inst reg_cpu0_d0_vph_p1v8_en_r that is redundant to reg_cpu0_d0_vp_p0v9_en_r.
I: Removed inst reg_cpu1_d0_vp_p0v9_en_r that is redundant to reg_cpu0_d0_vp_p0v9_en_r.
I: Removed inst usb_ponrst_r_n that is redundant to reg_cpu_por_n.
Executing : rtl-infer successfully. Time elapsed: 13.768s wall, 6.766s user + 6.625s system = 13.391s CPU (97.3%)

Start rtl-control-opt.
Executing : rtl-control-opt successfully. Time elapsed: 0.061s wall, 0.063s user + 0.000s system = 0.063s CPU (102.6%)

Start rtl-data-opt.
Executing : rtl-data-opt successfully. Time elapsed: 0.386s wall, 0.375s user + 0.000s system = 0.375s CPU (97.2%)

Start FSM inference.
I: FSM state_fsm[5:0] inferred.
FSM state_fsm[5:0] STG:
Number of reachable states: 32
Input nets: N310 N317 N938 N940 any_pwr_fault_det pchdsw1_critical_fail_en pchdsw1_state_trans_en pchdsw2_critical_fail_en pchdsw2_state_trans_en pchdsw3_critical_fail_en pchdsw3_state_trans_en pchdsw_critical_fail_en pchdsw_state_trans_en pdn_watchdog_timeout pon_rst_65ms_trans_en pwron_critical_fail_en pwron_state_trans_en s5dev_pwrdis_request wait_steady_pwrok_fail_en 
S0(000000)-->S2(000010): xxxxxxxxxxxxxxxxxxx
S1(000001)-->S1(000001): xxxxxxxxxxxxx0xxxxx
S1(000001)-->S30(011110): xxxx1xxxxxxxx1xxxxx
S0(000000)-->S2(000010): xxxx0xxxxxxxx1xxxxx
S1(000001)-->S2(000010): xxxx0xxxxxxxx1xxxxx
S2(000010)-->S1(000001): xxxx0xxxxxxxxxxxx1x
S2(000010)-->S2(000010): 00xx0xxxxxxxxxxxx0x
S2(000010)-->S3(000011): 1xxx0xxxxxxxxxxxx0x
S2(000010)-->S4(000100): 01xx0xxxxxxxxxxxx0x
S2(000010)-->S19(010011): xxxx1xxxxxxxxxxxxxx
S3(000011)-->S1(000001): xxxxxxxxxxxxxxx1xxx
S3(000011)-->S2(000010): xxxxxxxxxxxxxxx01xx
S3(000011)-->S3(000011): xxxxxxxxxxxxxxx00xx
S4(000100)-->S4(000100): xxxxxxxxxxxxxxx00xx
S4(000100)-->S5(000101): xxxxxxxxxxxxxxx01xx
S5(000101)-->S5(000101): xxxxxxxxxxxxxxx00xx
S5(000101)-->S6(000110): xxxxxxxxxxxxxxx01xx
S6(000110)-->S6(000110): xxxxxxxxxxxxxxx00xx
S6(000110)-->S7(000111): xxxxxxxxxxxxxxx01xx
S7(000111)-->S7(000111): xxxxxxxxxxxxxxx00xx
S7(000111)-->S8(001000): xxxxxxxxxxxxxxx01xx
S4(000100)-->S19(010011): xxxxxxxxxxxxxxx1xxx
S5(000101)-->S19(010011): xxxxxxxxxxxxxxx1xxx
S6(000110)-->S19(010011): xxxxxxxxxxxxxxx1xxx
S7(000111)-->S19(010011): xxxxxxxxxxxxxxx1xxx
S8(001000)-->S8(001000): xxxxxxxxxxxxxxx00xx
S8(001000)-->S9(001001): xxxxxxxxxxxxxxx01xx
S9(001001)-->S9(001001): xxxxxxxxxxxxxxx00xx
S9(001001)-->S10(001010): xxxxxxxxxxxxxxx01xx
S8(001000)-->S19(010011): xxxxxxxxxxxxxxx1xxx
S9(001001)-->S19(010011): xxxxxxxxxxxxxxx1xxx
S10(001010)-->S10(001010): xxxxxxxxxxxxxxx00xx
S10(001010)-->S11(001011): xxxxxxxxxxxxxxx01xx
S11(001011)-->S11(001011): xxxxxxxxxxx00xxxxxx
S11(001011)-->S12(001100): xxxxxxxxxxx01xxxxxx
S11(001011)-->S19(010011): xxxxxxxxxxx1xxxxxxx
S8(001000)-->S19(010011): xxxxxxxxxxxxxxx1xxx
S10(001010)-->S19(010011): xxxxxxxxxxxxxxx1xxx
S12(001100)-->S12(001100): xxxxx00xxxxxxxxxxxx
S12(001100)-->S13(001101): xxxxx01xxxxxxxxxxxx
S12(001100)-->S19(010011): xxxxx1xxxxxxxxxxxxx
S13(001101)-->S13(001101): xxxxxxx00xxxxxxxxxx
S13(001101)-->S14(001110): xxxxxxx01xxxxxxxxxx
S14(001110)-->S14(001110): xxxxxxxxx00xxxxxxxx
S14(001110)-->S15(001111): xxxxxxxxx01xxxxxxxx
S14(001110)-->S19(010011): xxxxxxxxx1xxxxxxxxx
S15(001111)-->S15(001111): xxxxxxx00xxxxxxxxxx
S15(001111)-->S16(010000): xxxxxxx01xxxxxxxxxx
S13(001101)-->S19(010011): xxxxxxx1xxxxxxxxxxx
S15(001111)-->S19(010011): xxxxxxx1xxxxxxxxxxx
S16(010000)-->S16(010000): xxxxxxx00xxxxxxxxxx
S16(010000)-->S17(010001): xxxxxxx01xxxxxxxxxx
S16(010000)-->S19(010011): xxxxxxx1xxxxxxxxxxx
S17(010001)-->S17(010001): xxxxxxxxxxxxxx0xxx0
S17(010001)-->S18(010010): xxxxxxxxxxxxxx1xxx0
S17(010001)-->S19(010011): xxxxxxxxxxxxxxxxxx1
S18(010010)-->S18(010010): xx0xxxxxxxxxxxxxxxx
S18(010010)-->S19(010011): xx1xxxxxxxxxxxxxxxx
S19(010011)-->S19(010011): xxxxxxxxxxxxx0xxxxx
S19(010011)-->S20(010100): xxxxxxxxxxxxx1xxxxx
S20(010100)-->S20(010100): xxxxxxxxxxxxx0xxxxx
S20(010100)-->S21(010101): xxxxxxxxxxxxx1xxxxx
S21(010101)-->S21(010101): xxxxxxxxxxxxx0xxxxx
S21(010101)-->S22(010110): xxxxxxxxxxxxx1xxxxx
S22(010110)-->S22(010110): xxxxxxxxxxxxx0xxxxx
S22(010110)-->S23(010111): xxxxxxxxxxxxx1xxxxx
S23(010111)-->S23(010111): xxxxxxxxxxxxx0xxxxx
S23(010111)-->S24(011000): xxxxxxxxxxxxx1xxxxx
S24(011000)-->S24(011000): xxxxxxxxxxxxx0xxxxx
S24(011000)-->S25(011001): xxxxxxxxxxxxx1xxxxx
S25(011001)-->S25(011001): xxxxxxxxxxxxx0xxxxx
S25(011001)-->S26(011010): xxxxxxxxxxxxx1xxxxx
S26(011010)-->S26(011010): xxxxxxxxxxxxx0xxxxx
S26(011010)-->S27(011011): xxxxxxxxxxxxx1xxxxx
S27(011011)-->S27(011011): xxxxxxxxxxxxx0xxxxx
S27(011011)-->S28(011100): xxxxxxxxxxxxx1xxxxx
S28(011100)-->S28(011100): xxxxxxxxxxxxx0xxxxx
S28(011100)-->S29(011101): xxxxxxxxxxxxx1xxxxx
S29(011101)-->S1(000001): xxxx1xxxxxxxx1xxxxx
S29(011101)-->S29(011101): xxxxxxxxxxxxx0xxxxx
S30(011110)-->S30(011110): xxx0xxxxxxxxxxxxxxx
S30(011110)-->S31(011111): xxx1xxxxxxxxxxxxxxx
S31(011111)-->S2(000010): xxxxxxxxxxxxxxxxxxx
S29(011101)-->S2(000010): xxxx0xxxxxxxx1xxxxx
S31(011111)-->S2(000010): xxxx0xxxxxxxx1xxxxx
S2(000010)-->S19(010011): xx1x1xxxxxxxxxxxxxx
S18(010010)-->S19(010011): xx1x1xxxxxxxxxxxxxx

I: FSM r_flag_uid_fsm[7:0] inferred.
FSM r_flag_uid_fsm[7:0] STG:
Number of reachable states: 3
Input nets: N21 N85 N120 N121 
S0(00000000)-->S0(00000000): 00xx
S0(00000000)-->S1(00000001): 10xx
S0(00000000)-->S2(11111111): x1xx
S1(00000001)-->S0(00000000): xx1x
S1(00000001)-->S1(00000001): x00x
S0(00000000)-->S1(00000001): 100x
S1(00000001)-->S1(00000001): 100x
S0(00000000)-->S2(11111111): x10x
S1(00000001)-->S2(11111111): x10x
S2(11111111)-->S0(00000000): xxx1
S2(11111111)-->S2(11111111): xxx0

I: FSM state_fsm[1:0] inferred.
FSM state_fsm[1:0] STG:
Number of reachable states: 4
Input nets: N27 N37 N46 
S0(00)-->S1(01): xxx
S1(01)-->S3(11): x1x
S0(00)-->S1(01): x0x
S1(01)-->S1(01): x0x
S2(10)-->S0(00): 1xx
S2(10)-->S2(10): 0xx
S3(11)-->S2(10): xx1
S3(11)-->S3(11): xx0
S2(10)-->S2(10): 0x1
S3(11)-->S2(10): 0x1
S1(01)-->S3(11): x10
S3(11)-->S3(11): x10

I: FSM state_fsm[2:0] inferred.
FSM state_fsm[2:0] STG:
Number of reachable states: 6
Input nets: 
S0(000)-->S1(001): x
S1(001)-->S2(011): x
S2(011)-->S5(111): x
S3(100)-->S0(000): x
S4(110)-->S3(100): x
S5(111)-->S4(110): x

I: FSM curr_state_fsm[2:0] inferred.
FSM curr_state_fsm[2:0] STG:
Number of reachable states: 8
Input nets: N97 N136 N265 N272 N273 N276 det_timeout_inv t128ms_tick 
S0(000)-->S0(000): xxxxxx1x
S0(000)-->S1(001): xx1xxx0x
S0(000)-->S7(111): xx0xxx0x
S1(001)-->S1(001): 0xxxxxxx
S1(001)-->S2(010): 1xxxxxxx
S2(010)-->S2(010): xxx0xxxx
S2(010)-->S3(011): xxx1xxxx
S3(011)-->S3(011): xxxxx0xx
S3(011)-->S4(100): xxxxx1xx
S2(010)-->S3(011): xxx1x0xx
S3(011)-->S3(011): xxx1x0xx
S4(100)-->S4(100): xxxx0xxx
S4(100)-->S5(101): xxxx1xxx
S5(101)-->S1(001): x0xxxxx1
S5(101)-->S5(101): x0xxxxx0
S5(101)-->S6(110): x1xxxxxx
S6(110)-->S1(001): xxx1x1xx
S6(110)-->S6(110): xxx0xxxx
S6(110)-->S6(110): xxxxx0xx
S7(111)-->S7(111): xxxxxxxx
S1(001)-->S1(001): 00xxxxx1
S5(101)-->S1(001): 00xxxxx1

I: FSM r_I2C_state_fsm[4:0] inferred.
FSM r_I2C_state_fsm[4:0] STG:
Number of reachable states: 20
Input nets: N463 N464 N1121 i_addr_hit o_start w_scl_neg 
S1(00001)-->S2(00010): x1xxx1
S2(00010)-->S3(00011): x1xxx1
S3(00011)-->S4(00100): x1xxx1
S4(00100)-->S5(00101): x1xxx1
S5(00101)-->S6(00110): x1xxx1
S6(00110)-->S7(00111): x1xxx1
S7(00111)-->S8(01000): x1xxx1
S8(01000)-->S9(01001): x1xxx1
S9(01001)-->S10(01010): x1x1x1
S10(01010)-->S11(01011): x1xxx1
S11(01011)-->S12(01100): x1xxx1
S12(01100)-->S13(01101): x1xxx1
S13(01101)-->S14(01110): x1xxx1
S14(01110)-->S15(01111): x1xxx1
S15(01111)-->S16(10000): x1xxx1
S16(10000)-->S17(10001): x1xxx1
S17(10001)-->S18(10010): x1xxx1
S18(10010)-->S10(01010): x10xx1
S18(10010)-->S18(10010): x11xx1
S19(10011)-->S1(00001): x1xxx1
S9(01001)-->S0(00000): x1x0x1
S0(00000)-->S0(00000): 1xxxxx
S1(00001)-->S0(00000): 1xxxxx
S2(00010)-->S0(00000): 1xxxxx
S3(00011)-->S0(00000): 1xxxxx
S4(00100)-->S0(00000): 1xxxxx
S5(00101)-->S0(00000): 1xxxxx
S6(00110)-->S0(00000): 1xxxxx
S7(00111)-->S0(00000): 1xxxxx
S8(01000)-->S0(00000): 1xxxxx
S9(01001)-->S0(00000): 1xxxxx
S10(01010)-->S0(00000): 1xxxxx
S11(01011)-->S0(00000): 1xxxxx
S12(01100)-->S0(00000): 1xxxxx
S13(01101)-->S0(00000): 1xxxxx
S14(01110)-->S0(00000): 1xxxxx
S15(01111)-->S0(00000): 1xxxxx
S16(10000)-->S0(00000): 1xxxxx
S17(10001)-->S0(00000): 1xxxxx
S18(10010)-->S0(00000): 1xxxxx
S19(10011)-->S0(00000): 1xxxxx
S0(00000)-->S19(10011): xxxx1x
S1(00001)-->S19(10011): xxxx1x
S2(00010)-->S19(10011): xxxx1x
S3(00011)-->S19(10011): xxxx1x
S4(00100)-->S19(10011): xxxx1x
S5(00101)-->S19(10011): xxxx1x
S6(00110)-->S19(10011): xxxx1x
S7(00111)-->S19(10011): xxxx1x
S8(01000)-->S19(10011): xxxx1x
S9(01001)-->S19(10011): xxxx1x
S10(01010)-->S19(10011): xxxx1x
S11(01011)-->S19(10011): xxxx1x
S12(01100)-->S19(10011): xxxx1x
S13(01101)-->S19(10011): xxxx1x
S14(01110)-->S19(10011): xxxx1x
S15(01111)-->S19(10011): xxxx1x
S16(10000)-->S19(10011): xxxx1x
S17(10001)-->S19(10011): xxxx1x
S18(10010)-->S19(10011): xxxx1x
S19(10011)-->S19(10011): xxxx1x

Executing : FSM inference successfully. Time elapsed: 0.260s wall, 0.234s user + 0.031s system = 0.266s CPU (102.3%)

Start sdm2adm.
I: Constant propagation done on N80 (bmsWIDEMUX).
I: Constant propagation done on N66 (bmsWIDEMUX).
I: Constant propagation done on N80 (bmsWIDEMUX).
I: Constant propagation done on N66 (bmsWIDEMUX).
I: Constant propagation done on N71[9]_inv (bmsWIDEINV).
I: Constant propagation done on N600 (bmsREDAND).
I: Constant propagation done on N601 (bmsREDAND).
I: Constant propagation done on N602 (bmsREDAND).
I: Constant propagation done on N603 (bmsREDAND).
I: Constant propagation done on N604 (bmsREDAND).
Executing : sdm2adm successfully. Time elapsed: 0.405s wall, 0.391s user + 0.016s system = 0.406s CPU (100.4%)

Saving design to DB.
Action compile: Export DB successfully.
Action compile: Real time elapsed is 0h:0m:22s
Action compile: CPU time elapsed is 0h:0m:10s
Action compile: Process CPU time elapsed is 0h:0m:10s
Action compile: Peak memory pool usage is 177 MB

Current time: Wed Mar 11 12:55:51 2026
Action from compile to compile: Total Real Time elapsed is 0h:0m:22s
Action from compile to compile: Total CPU time elapsed is 0h:0m:10s
Action from compile to compile: Total Process CPU Time elapsed is 0h:0m:10s
Process "Compile" done.


 
Command: synthesize -selected_syn_tool_opt 2 
Process "Synthesize" started.
Current time: Wed Mar 11 12:55:51 2026
Compiling architecture definition.
Analyzing project file 'C:/CPLD/pango/2_Tieta_Feiteng/Tieta_Feiteng_1001_PGC7KD69MBG400/prj/Tieta_M/Tieta_M.pds'.
Generated by Fabric Compiler (version 2024.2-SP1.2 build 187561) at Wed Mar 11 12:55:52 2026
Parameters for debugging are loaded as follows:
License checkout: fabric_ads from C:/studyware/pango/PDS_2024.2-SP1.2-ads/license/new_pds_6805cabd4893.lic
Compiling verification operator library.
Compiling common defs.
Loading technology operator library.
Compiling technology operator library.
Compiling technology operator (valence) library.
Reading design from compile DB
Reading design from compile DB successfully.
NOTE: The technology fpga was specified.
NOTE: delay_model specified was generic_cmos.
NOTE: Using the fpga syntax tables...
Elaborate the liberty model.
I: Multithreading enabled for Timing using a maximum of 4 processes.
Totals:
 Calls to malloc = 0
 Calls to calloc = 46253

Constraint check start.
Compiling prim grid devices.
Compiling place grid timing.
Building architecture model.
Loading device packaging model.
Building architecture floorplan logic view.
W: ConstraintEditor-4026: [C:/CPLD/pango/2_Tieta_Feiteng/Tieta_Feiteng_1001_PGC7KD69MBG400/prj/Tieta_M/Tieta_M.fdc(line number: 623)] Parse file warning: PAP_IO_STANDARD is already defined in p:o_CPU0_D1_SE_RECOVERY_R, new value LVCMOS33 will overwrite the current value.
W: ConstraintEditor-4042: Port 'p:io_BMC_I2C9_PAL_M_SDA1_R' lacks attribute 'PAP_IO_DRIVE', it's better to set the attribute for port.
W: ConstraintEditor-4042: Port 'p:io_BMC_I2C9_PAL_M_SDA1_R' lacks attribute 'PAP_IO_SLEW', it's better to set the attribute for port.
W: ConstraintEditor-4042: Port 'p:io_BMC_I2C9_PAL_M_SDA1_R' lacks attribute 'BUS_KEEPER', it's better to set the attribute for port.
W: ConstraintEditor-4042: Port 'p:io_PAL_BP1_PWR_ON_R' lacks attribute 'PAP_IO_DRIVE', it's better to set the attribute for port.
W: ConstraintEditor-4042: Port 'p:io_PAL_BP1_PWR_ON_R' lacks attribute 'PAP_IO_SLEW', it's better to set the attribute for port.
W: ConstraintEditor-4042: Port 'p:io_PAL_BP1_PWR_ON_R' lacks attribute 'BUS_KEEPER', it's better to set the attribute for port.
W: ConstraintEditor-4042: Port 'p:io_PAL_BP2_PWR_ON_R' lacks attribute 'PAP_IO_DRIVE', it's better to set the attribute for port.
W: ConstraintEditor-4042: Port 'p:io_PAL_BP2_PWR_ON_R' lacks attribute 'PAP_IO_SLEW', it's better to set the attribute for port.
W: ConstraintEditor-4042: Port 'p:io_PAL_BP2_PWR_ON_R' lacks attribute 'BUS_KEEPER', it's better to set the attribute for port.
W: ConstraintEditor-4042: Port 'p:o_BIOS0_RST_N_R' lacks attribute 'PAP_IO_DRIVE', it's better to set the attribute for port.
W: ConstraintEditor-4042: Port 'p:o_BIOS0_RST_N_R' lacks attribute 'PAP_IO_SLEW', it's better to set the attribute for port.
W: ConstraintEditor-4042: Port 'p:o_BIOS0_RST_N_R' lacks attribute 'BUS_KEEPER', it's better to set the attribute for port.
W: ConstraintEditor-4042: Port 'p:o_BIOS1_RST_N_R' lacks attribute 'PAP_IO_DRIVE', it's better to set the attribute for port.
W: ConstraintEditor-4042: Port 'p:o_BIOS1_RST_N_R' lacks attribute 'PAP_IO_SLEW', it's better to set the attribute for port.
W: ConstraintEditor-4042: Port 'p:o_BIOS1_RST_N_R' lacks attribute 'BUS_KEEPER', it's better to set the attribute for port.
W: ConstraintEditor-4042: Port 'p:o_CK440_SS_EN_R' lacks attribute 'PAP_IO_DRIVE', it's better to set the attribute for port.
W: ConstraintEditor-4042: Port 'p:o_CK440_SS_EN_R' lacks attribute 'PAP_IO_SLEW', it's better to set the attribute for port.
W: ConstraintEditor-4042: Port 'p:o_CK440_SS_EN_R' lacks attribute 'BUS_KEEPER', it's better to set the attribute for port.
W: ConstraintEditor-4042: Port 'p:o_CPLD_M_S_EXCHANGE_S1_R' lacks attribute 'PAP_IO_DRIVE', it's better to set the attribute for port.
W: ConstraintEditor-4042: Port 'p:o_CPLD_M_S_EXCHANGE_S1_R' lacks attribute 'PAP_IO_SLEW', it's better to set the attribute for port.
W: ConstraintEditor-4042: Port 'p:o_CPLD_M_S_EXCHANGE_S1_R' lacks attribute 'BUS_KEEPER', it's better to set the attribute for port.
W: ConstraintEditor-4042: Port 'p:o_CPLD_M_S_EXCHANGE_S3_R' lacks attribute 'PAP_IO_DRIVE', it's better to set the attribute for port.
W: ConstraintEditor-4042: Port 'p:o_CPLD_M_S_EXCHANGE_S3_R' lacks attribute 'PAP_IO_SLEW', it's better to set the attribute for port.
W: ConstraintEditor-4042: Port 'p:o_CPLD_M_S_EXCHANGE_S3_R' lacks attribute 'BUS_KEEPER', it's better to set the attribute for port.
W: ConstraintEditor-4042: Port 'p:o_CPLD_M_S_EXCHANGE_S4_R' lacks attribute 'PAP_IO_DRIVE', it's better to set the attribute for port.
W: ConstraintEditor-4042: Port 'p:o_CPLD_M_S_EXCHANGE_S4_R' lacks attribute 'PAP_IO_SLEW', it's better to set the attribute for port.
W: ConstraintEditor-4042: Port 'p:o_CPLD_M_S_EXCHANGE_S4_R' lacks attribute 'BUS_KEEPER', it's better to set the attribute for port.
W: ConstraintEditor-4042: Port 'p:o_CPLD_M_S_EXCHANGE_S5_R' lacks attribute 'PAP_IO_DRIVE', it's better to set the attribute for port.
W: ConstraintEditor-4042: Port 'p:o_CPLD_M_S_EXCHANGE_S5_R' lacks attribute 'PAP_IO_SLEW', it's better to set the attribute for port.
W: ConstraintEditor-4042: Port 'p:o_CPLD_M_S_EXCHANGE_S5_R' lacks attribute 'BUS_KEEPER', it's better to set the attribute for port.
W: ConstraintEditor-4042: Port 'p:o_CPLD_M_S_SGPIO1_CLK_R' lacks attribute 'PAP_IO_DRIVE', it's better to set the attribute for port.
W: ConstraintEditor-4042: Port 'p:o_CPLD_M_S_SGPIO1_CLK_R' lacks attribute 'PAP_IO_SLEW', it's better to set the attribute for port.
W: ConstraintEditor-4042: Port 'p:o_CPLD_M_S_SGPIO1_CLK_R' lacks attribute 'BUS_KEEPER', it's better to set the attribute for port.
W: ConstraintEditor-4042: Port 'p:o_CPLD_M_S_SGPIO1_LD_N_R' lacks attribute 'PAP_IO_DRIVE', it's better to set the attribute for port.
W: ConstraintEditor-4042: Port 'p:o_CPLD_M_S_SGPIO1_LD_N_R' lacks attribute 'PAP_IO_SLEW', it's better to set the attribute for port.
W: ConstraintEditor-4042: Port 'p:o_CPLD_M_S_SGPIO1_LD_N_R' lacks attribute 'BUS_KEEPER', it's better to set the attribute for port.
W: ConstraintEditor-4042: Port 'p:o_CPLD_M_S_SGPIO1_MOSI_R' lacks attribute 'PAP_IO_DRIVE', it's better to set the attribute for port.
W: ConstraintEditor-4042: Port 'p:o_CPLD_M_S_SGPIO1_MOSI_R' lacks attribute 'PAP_IO_SLEW', it's better to set the attribute for port.
W: ConstraintEditor-4042: Port 'p:o_CPLD_M_S_SGPIO1_MOSI_R' lacks attribute 'BUS_KEEPER', it's better to set the attribute for port.
W: ConstraintEditor-4042: Port 'p:o_CPLD_M_S_SGPIO_CLK_R' lacks attribute 'PAP_IO_DRIVE', it's better to set the attribute for port.
W: ConstraintEditor-4042: Port 'p:o_CPLD_M_S_SGPIO_CLK_R' lacks attribute 'PAP_IO_SLEW', it's better to set the attribute for port.
W: ConstraintEditor-4042: Port 'p:o_CPLD_M_S_SGPIO_CLK_R' lacks attribute 'BUS_KEEPER', it's better to set the attribute for port.
W: ConstraintEditor-4042: Port 'p:o_CPLD_M_S_SGPIO_LD_N_R' lacks attribute 'PAP_IO_DRIVE', it's better to set the attribute for port.
W: ConstraintEditor-4042: Port 'p:o_CPLD_M_S_SGPIO_LD_N_R' lacks attribute 'PAP_IO_SLEW', it's better to set the attribute for port.
W: ConstraintEditor-4042: Port 'p:o_CPLD_M_S_SGPIO_LD_N_R' lacks attribute 'BUS_KEEPER', it's better to set the attribute for port.
W: ConstraintEditor-4042: Port 'p:o_CPLD_M_S_SGPIO_MOSI_R' lacks attribute 'PAP_IO_DRIVE', it's better to set the attribute for port.
W: ConstraintEditor-4042: Port 'p:o_CPLD_M_S_SGPIO_MOSI_R' lacks attribute 'PAP_IO_SLEW', it's better to set the attribute for port.
W: ConstraintEditor-4042: Port 'p:o_CPLD_M_S_SGPIO_MOSI_R' lacks attribute 'BUS_KEEPER', it's better to set the attribute for port.
W: ConstraintEditor-4042: Port 'p:o_CPU0_D0_SE_RECOVERY_R' lacks attribute 'PAP_IO_DRIVE', it's better to set the attribute for port.
W: ConstraintEditor-4042: Port 'p:o_CPU0_D0_SE_RECOVERY_R' lacks attribute 'PAP_IO_SLEW', it's better to set the attribute for port.
W: ConstraintEditor-4042: Port 'p:o_CPU0_D0_SE_RECOVERY_R' lacks attribute 'BUS_KEEPER', it's better to set the attribute for port.
W: ConstraintEditor-4042: Port 'p:o_CPU0_D0_SOFT_SHUTDOWN_INT_N' lacks attribute 'PAP_IO_DRIVE', it's better to set the attribute for port.
W: ConstraintEditor-4042: Port 'p:o_CPU0_D0_SOFT_SHUTDOWN_INT_N' lacks attribute 'PAP_IO_SLEW', it's better to set the attribute for port.
W: ConstraintEditor-4042: Port 'p:o_CPU0_D0_SOFT_SHUTDOWN_INT_N' lacks attribute 'BUS_KEEPER', it's better to set the attribute for port.
W: ConstraintEditor-4042: Port 'p:o_CPU0_D1_SE_RECOVERY_R' lacks attribute 'PAP_IO_DRIVE', it's better to set the attribute for port.
W: ConstraintEditor-4042: Port 'p:o_CPU0_D1_SE_RECOVERY_R' lacks attribute 'PAP_IO_SLEW', it's better to set the attribute for port.
W: ConstraintEditor-4042: Port 'p:o_CPU0_D1_SE_RECOVERY_R' lacks attribute 'BUS_KEEPER', it's better to set the attribute for port.
W: ConstraintEditor-4042: Port 'p:o_CPU0_D0123_SOCKET_ID_R' lacks attribute 'PAP_IO_DRIVE', it's better to set the attribute for port.
W: ConstraintEditor-4042: Port 'p:o_CPU0_D0123_SOCKET_ID_R' lacks attribute 'PAP_IO_SLEW', it's better to set the attribute for port.
W: ConstraintEditor-4042: Port 'p:o_CPU0_D0123_SOCKET_ID_R' lacks attribute 'BUS_KEEPER', it's better to set the attribute for port.
W: ConstraintEditor-4042: Port 'p:o_CPU0_I2C_TRAN_EN_R' lacks attribute 'PAP_IO_DRIVE', it's better to set the attribute for port.
W: ConstraintEditor-4042: Port 'p:o_CPU0_I2C_TRAN_EN_R' lacks attribute 'PAP_IO_SLEW', it's better to set the attribute for port.
W: ConstraintEditor-4042: Port 'p:o_CPU0_I2C_TRAN_EN_R' lacks attribute 'BUS_KEEPER', it's better to set the attribute for port.
W: ConstraintEditor-4042: Port 'p:o_CPU0_PE2_RST_N_R' lacks attribute 'PAP_IO_DRIVE', it's better to set the attribute for port.
W: ConstraintEditor-4042: Port 'p:o_CPU0_PE2_RST_N_R' lacks attribute 'PAP_IO_SLEW', it's better to set the attribute for port.
W: ConstraintEditor-4042: Port 'p:o_CPU0_PE2_RST_N_R' lacks attribute 'BUS_KEEPER', it's better to set the attribute for port.
W: ConstraintEditor-4042: Port 'p:o_CPU0_PE3_RST_N_R' lacks attribute 'PAP_IO_DRIVE', it's better to set the attribute for port.
W: ConstraintEditor-4042: Port 'p:o_CPU0_PE3_RST_N_R' lacks attribute 'PAP_IO_SLEW', it's better to set the attribute for port.
W: ConstraintEditor-4042: Port 'p:o_CPU0_PE3_RST_N_R' lacks attribute 'BUS_KEEPER', it's better to set the attribute for port.
W: ConstraintEditor-4042: Port 'p:o_CPU0_POR_N_R' lacks attribute 'PAP_IO_DRIVE', it's better to set the attribute for port.
W: ConstraintEditor-4042: Port 'p:o_CPU0_POR_N_R' lacks attribute 'PAP_IO_SLEW', it's better to set the attribute for port.
W: ConstraintEditor-4042: Port 'p:o_CPU0_POR_N_R' lacks attribute 'BUS_KEEPER', it's better to set the attribute for port.
W: ConstraintEditor-4042: Port 'p:o_CPU1_D0_SE_RECOVERY_R' lacks attribute 'PAP_IO_DRIVE', it's better to set the attribute for port.
W: ConstraintEditor-4042: Port 'p:o_CPU1_D0_SE_RECOVERY_R' lacks attribute 'PAP_IO_SLEW', it's better to set the attribute for port.
W: ConstraintEditor-4042: Port 'p:o_CPU1_D0_SE_RECOVERY_R' lacks attribute 'BUS_KEEPER', it's better to set the attribute for port.
W: ConstraintEditor-4042: Port 'p:o_CPU1_D0_SOFT_SHUTDOWN_INT_N' lacks attribute 'PAP_IO_DRIVE', it's better to set the attribute for port.
W: ConstraintEditor-4042: Port 'p:o_CPU1_D0_SOFT_SHUTDOWN_INT_N' lacks attribute 'PAP_IO_SLEW', it's better to set the attribute for port.
W: ConstraintEditor-4042: Port 'p:o_CPU1_D0_SOFT_SHUTDOWN_INT_N' lacks attribute 'BUS_KEEPER', it's better to set the attribute for port.
W: ConstraintEditor-4042: Port 'p:o_CPU1_D1_SE_RECOVERY_R' lacks attribute 'PAP_IO_DRIVE', it's better to set the attribute for port.
W: ConstraintEditor-4042: Port 'p:o_CPU1_D1_SE_RECOVERY_R' lacks attribute 'PAP_IO_SLEW', it's better to set the attribute for port.
W: ConstraintEditor-4042: Port 'p:o_CPU1_D1_SE_RECOVERY_R' lacks attribute 'BUS_KEEPER', it's better to set the attribute for port.
W: ConstraintEditor-4042: Port 'p:o_CPU1_D0123_SOCKET_ID_R' lacks attribute 'PAP_IO_DRIVE', it's better to set the attribute for port.
W: ConstraintEditor-4042: Port 'p:o_CPU1_D0123_SOCKET_ID_R' lacks attribute 'PAP_IO_SLEW', it's better to set the attribute for port.
W: ConstraintEditor-4042: Port 'p:o_CPU1_D0123_SOCKET_ID_R' lacks attribute 'BUS_KEEPER', it's better to set the attribute for port.
W: ConstraintEditor-4042: Port 'p:o_CPU1_I2C_TRAN_EN_R' lacks attribute 'PAP_IO_DRIVE', it's better to set the attribute for port.
W: ConstraintEditor-4042: Port 'p:o_CPU1_I2C_TRAN_EN_R' lacks attribute 'PAP_IO_SLEW', it's better to set the attribute for port.
W: ConstraintEditor-4042: Port 'p:o_CPU1_I2C_TRAN_EN_R' lacks attribute 'BUS_KEEPER', it's better to set the attribute for port.
W: ConstraintEditor-4042: Port 'p:o_CPU1_PE1_RST_N_R' lacks attribute 'PAP_IO_DRIVE', it's better to set the attribute for port.
W: ConstraintEditor-4042: Port 'p:o_CPU1_PE1_RST_N_R' lacks attribute 'PAP_IO_SLEW', it's better to set the attribute for port.
W: ConstraintEditor-4042: Port 'p:o_CPU1_PE1_RST_N_R' lacks attribute 'BUS_KEEPER', it's better to set the attribute for port.
W: ConstraintEditor-4042: Port 'p:o_CPU1_PE2_RST_N_R' lacks attribute 'PAP_IO_DRIVE', it's better to set the attribute for port.
W: ConstraintEditor-4042: Port 'p:o_CPU1_PE2_RST_N_R' lacks attribute 'PAP_IO_SLEW', it's better to set the attribute for port.
W: ConstraintEditor-4042: Port 'p:o_CPU1_PE2_RST_N_R' lacks attribute 'BUS_KEEPER', it's better to set the attribute for port.
W: ConstraintEditor-4042: Port 'p:o_CPU1_POR_N_R' lacks attribute 'PAP_IO_DRIVE', it's better to set the attribute for port.
W: ConstraintEditor-4042: Port 'p:o_CPU1_POR_N_R' lacks attribute 'PAP_IO_SLEW', it's better to set the attribute for port.
W: ConstraintEditor-4042: Port 'p:o_CPU1_POR_N_R' lacks attribute 'BUS_KEEPER', it's better to set the attribute for port.
W: ConstraintEditor-4042: Port 'p:o_P1V8_STBY_CPLD_EN_R' lacks attribute 'PAP_IO_DRIVE', it's better to set the attribute for port.
W: ConstraintEditor-4042: Port 'p:o_P1V8_STBY_CPLD_EN_R' lacks attribute 'PAP_IO_SLEW', it's better to set the attribute for port.
W: ConstraintEditor-4042: Port 'p:o_P1V8_STBY_CPLD_EN_R' lacks attribute 'BUS_KEEPER', it's better to set the attribute for port.
W: ConstraintEditor-4042: Port 'p:o_P5V_USB_MB_DOWN_EN_R' lacks attribute 'PAP_IO_DRIVE', it's better to set the attribute for port.
W: ConstraintEditor-4042: Port 'p:o_P5V_USB_MB_DOWN_EN_R' lacks attribute 'PAP_IO_SLEW', it's better to set the attribute for port.
W: ConstraintEditor-4042: Port 'p:o_P5V_USB_MB_DOWN_EN_R' lacks attribute 'BUS_KEEPER', it's better to set the attribute for port.
W: ConstraintEditor-4042: Port 'p:o_P5V_USB_MB_UP_EN_R' lacks attribute 'PAP_IO_DRIVE', it's better to set the attribute for port.
W: ConstraintEditor-4042: Port 'p:o_P5V_USB_MB_UP_EN_R' lacks attribute 'PAP_IO_SLEW', it's better to set the attribute for port.
W: ConstraintEditor-4042: Port 'p:o_P5V_USB_MB_UP_EN_R' lacks attribute 'BUS_KEEPER', it's better to set the attribute for port.
W: ConstraintEditor-4042: Port 'p:o_PAL_88SE9230_RST_N_R' lacks attribute 'PAP_IO_DRIVE', it's better to set the attribute for port.
W: ConstraintEditor-4042: Port 'p:o_PAL_88SE9230_RST_N_R' lacks attribute 'PAP_IO_SLEW', it's better to set the attribute for port.
W: ConstraintEditor-4042: Port 'p:o_PAL_88SE9230_RST_N_R' lacks attribute 'BUS_KEEPER', it's better to set the attribute for port.
W: ConstraintEditor-4042: Port 'p:o_PAL_BMC_PERST_N_R' lacks attribute 'PAP_IO_DRIVE', it's better to set the attribute for port.
W: ConstraintEditor-4042: Port 'p:o_PAL_BMC_PERST_N_R' lacks attribute 'PAP_IO_SLEW', it's better to set the attribute for port.
W: ConstraintEditor-4042: Port 'p:o_PAL_BMC_PERST_N_R' lacks attribute 'BUS_KEEPER', it's better to set the attribute for port.
W: ConstraintEditor-4042: Port 'p:o_PAL_BMC_SRST_R' lacks attribute 'PAP_IO_DRIVE', it's better to set the attribute for port.
W: ConstraintEditor-4042: Port 'p:o_PAL_BMC_SRST_R' lacks attribute 'PAP_IO_SLEW', it's better to set the attribute for port.
W: ConstraintEditor-4042: Port 'p:o_PAL_BMC_SRST_R' lacks attribute 'BUS_KEEPER', it's better to set the attribute for port.
W: ConstraintEditor-4042: Port 'p:o_PAL_CK440_PWRDN_N_R' lacks attribute 'PAP_IO_DRIVE', it's better to set the attribute for port.
W: ConstraintEditor-4042: Port 'p:o_PAL_CK440_PWRDN_N_R' lacks attribute 'PAP_IO_SLEW', it's better to set the attribute for port.
W: ConstraintEditor-4042: Port 'p:o_PAL_CK440_PWRDN_N_R' lacks attribute 'BUS_KEEPER', it's better to set the attribute for port.
W: ConstraintEditor-4042: Port 'p:o_PAL_CPU0_D0_VPH_1V8_EN' lacks attribute 'PAP_IO_DRIVE', it's better to set the attribute for port.
W: ConstraintEditor-4042: Port 'p:o_PAL_CPU0_D0_VPH_1V8_EN' lacks attribute 'PAP_IO_SLEW', it's better to set the attribute for port.
W: ConstraintEditor-4042: Port 'p:o_PAL_CPU0_D0_VPH_1V8_EN' lacks attribute 'BUS_KEEPER', it's better to set the attribute for port.
W: ConstraintEditor-4042: Port 'p:o_PAL_CPU0_D0_VP_0V9_EN' lacks attribute 'PAP_IO_DRIVE', it's better to set the attribute for port.
W: ConstraintEditor-4042: Port 'p:o_PAL_CPU0_D0_VP_0V9_EN' lacks attribute 'PAP_IO_SLEW', it's better to set the attribute for port.
W: ConstraintEditor-4042: Port 'p:o_PAL_CPU0_D0_VP_0V9_EN' lacks attribute 'BUS_KEEPER', it's better to set the attribute for port.
W: ConstraintEditor-4042: Port 'p:o_PAL_CPU0_D1_VPH_1V8_EN' lacks attribute 'PAP_IO_DRIVE', it's better to set the attribute for port.
W: ConstraintEditor-4042: Port 'p:o_PAL_CPU0_D1_VPH_1V8_EN' lacks attribute 'PAP_IO_SLEW', it's better to set the attribute for port.
W: ConstraintEditor-4042: Port 'p:o_PAL_CPU0_D1_VPH_1V8_EN' lacks attribute 'BUS_KEEPER', it's better to set the attribute for port.
W: ConstraintEditor-4042: Port 'p:o_PAL_CPU0_D1_VP_0V9_EN' lacks attribute 'PAP_IO_DRIVE', it's better to set the attribute for port.
W: ConstraintEditor-4042: Port 'p:o_PAL_CPU0_D1_VP_0V9_EN' lacks attribute 'PAP_IO_SLEW', it's better to set the attribute for port.
W: ConstraintEditor-4042: Port 'p:o_PAL_CPU0_D1_VP_0V9_EN' lacks attribute 'BUS_KEEPER', it's better to set the attribute for port.
W: ConstraintEditor-4042: Port 'p:o_PAL_CPU0_DDR_VDD_EN_R' lacks attribute 'PAP_IO_DRIVE', it's better to set the attribute for port.
W: ConstraintEditor-4042: Port 'p:o_PAL_CPU0_DDR_VDD_EN_R' lacks attribute 'PAP_IO_SLEW', it's better to set the attribute for port.
W: ConstraintEditor-4042: Port 'p:o_PAL_CPU0_DDR_VDD_EN_R' lacks attribute 'BUS_KEEPER', it's better to set the attribute for port.
W: ConstraintEditor-4042: Port 'p:o_PAL_CPU0_NVME_ALERT_N_R' lacks attribute 'PAP_IO_DRIVE', it's better to set the attribute for port.
W: ConstraintEditor-4042: Port 'p:o_PAL_CPU0_NVME_ALERT_N_R' lacks attribute 'PAP_IO_SLEW', it's better to set the attribute for port.
W: ConstraintEditor-4042: Port 'p:o_PAL_CPU0_NVME_ALERT_N_R' lacks attribute 'BUS_KEEPER', it's better to set the attribute for port.
W: ConstraintEditor-4042: Port 'p:o_PAL_CPU0_P1V8_EN_R' lacks attribute 'PAP_IO_DRIVE', it's better to set the attribute for port.
W: ConstraintEditor-4042: Port 'p:o_PAL_CPU0_P1V8_EN_R' lacks attribute 'PAP_IO_SLEW', it's better to set the attribute for port.
W: ConstraintEditor-4042: Port 'p:o_PAL_CPU0_P1V8_EN_R' lacks attribute 'BUS_KEEPER', it's better to set the attribute for port.
W: ConstraintEditor-4042: Port 'p:o_PAL_CPU0_PLL_P1V8_EN_R' lacks attribute 'PAP_IO_DRIVE', it's better to set the attribute for port.
W: ConstraintEditor-4042: Port 'p:o_PAL_CPU0_PLL_P1V8_EN_R' lacks attribute 'PAP_IO_SLEW', it's better to set the attribute for port.
W: ConstraintEditor-4042: Port 'p:o_PAL_CPU0_PLL_P1V8_EN_R' lacks attribute 'BUS_KEEPER', it's better to set the attribute for port.
W: ConstraintEditor-4042: Port 'p:o_PAL_CPU0_VDDQ_EN_R' lacks attribute 'PAP_IO_DRIVE', it's better to set the attribute for port.
W: ConstraintEditor-4042: Port 'p:o_PAL_CPU0_VDDQ_EN_R' lacks attribute 'PAP_IO_SLEW', it's better to set the attribute for port.
W: ConstraintEditor-4042: Port 'p:o_PAL_CPU0_VDDQ_EN_R' lacks attribute 'BUS_KEEPER', it's better to set the attribute for port.
W: ConstraintEditor-4042: Port 'p:o_PAL_CPU0_VDD_CORE_EN_R' lacks attribute 'PAP_IO_DRIVE', it's better to set the attribute for port.
W: ConstraintEditor-4042: Port 'p:o_PAL_CPU0_VDD_CORE_EN_R' lacks attribute 'PAP_IO_SLEW', it's better to set the attribute for port.
W: ConstraintEditor-4042: Port 'p:o_PAL_CPU0_VDD_CORE_EN_R' lacks attribute 'BUS_KEEPER', it's better to set the attribute for port.
W: ConstraintEditor-4042: Port 'p:o_PAL_CPU0_VR8_RESET_R' lacks attribute 'PAP_IO_DRIVE', it's better to set the attribute for port.
W: ConstraintEditor-4042: Port 'p:o_PAL_CPU0_VR8_RESET_R' lacks attribute 'PAP_IO_SLEW', it's better to set the attribute for port.
W: ConstraintEditor-4042: Port 'p:o_PAL_CPU0_VR8_RESET_R' lacks attribute 'BUS_KEEPER', it's better to set the attribute for port.
W: ConstraintEditor-4042: Port 'p:o_PAL_CPU0_VR_SELECT_N_R' lacks attribute 'PAP_IO_DRIVE', it's better to set the attribute for port.
W: ConstraintEditor-4042: Port 'p:o_PAL_CPU0_VR_SELECT_N_R' lacks attribute 'PAP_IO_SLEW', it's better to set the attribute for port.
W: ConstraintEditor-4042: Port 'p:o_PAL_CPU0_VR_SELECT_N_R' lacks attribute 'BUS_KEEPER', it's better to set the attribute for port.
W: ConstraintEditor-4042: Port 'p:o_PAL_CPU1_D0_VPH_1V8_EN' lacks attribute 'PAP_IO_DRIVE', it's better to set the attribute for port.
W: ConstraintEditor-4042: Port 'p:o_PAL_CPU1_D0_VPH_1V8_EN' lacks attribute 'PAP_IO_SLEW', it's better to set the attribute for port.
W: ConstraintEditor-4042: Port 'p:o_PAL_CPU1_D0_VPH_1V8_EN' lacks attribute 'BUS_KEEPER', it's better to set the attribute for port.
W: ConstraintEditor-4042: Port 'p:o_PAL_CPU1_D0_VP_0V9_EN' lacks attribute 'PAP_IO_DRIVE', it's better to set the attribute for port.
W: ConstraintEditor-4042: Port 'p:o_PAL_CPU1_D0_VP_0V9_EN' lacks attribute 'PAP_IO_SLEW', it's better to set the attribute for port.
W: ConstraintEditor-4042: Port 'p:o_PAL_CPU1_D0_VP_0V9_EN' lacks attribute 'BUS_KEEPER', it's better to set the attribute for port.
W: ConstraintEditor-4042: Port 'p:o_PAL_CPU1_D1_VPH_1V8_EN' lacks attribute 'PAP_IO_DRIVE', it's better to set the attribute for port.
W: ConstraintEditor-4042: Port 'p:o_PAL_CPU1_D1_VPH_1V8_EN' lacks attribute 'PAP_IO_SLEW', it's better to set the attribute for port.
W: ConstraintEditor-4042: Port 'p:o_PAL_CPU1_D1_VPH_1V8_EN' lacks attribute 'BUS_KEEPER', it's better to set the attribute for port.
W: ConstraintEditor-4042: Port 'p:o_PAL_CPU1_D1_VP_0V9_EN' lacks attribute 'PAP_IO_DRIVE', it's better to set the attribute for port.
W: ConstraintEditor-4042: Port 'p:o_PAL_CPU1_D1_VP_0V9_EN' lacks attribute 'PAP_IO_SLEW', it's better to set the attribute for port.
W: ConstraintEditor-4042: Port 'p:o_PAL_CPU1_D1_VP_0V9_EN' lacks attribute 'BUS_KEEPER', it's better to set the attribute for port.
W: ConstraintEditor-4042: Port 'p:o_PAL_CPU1_DDR_VDD_EN_R' lacks attribute 'PAP_IO_DRIVE', it's better to set the attribute for port.
W: ConstraintEditor-4042: Port 'p:o_PAL_CPU1_DDR_VDD_EN_R' lacks attribute 'PAP_IO_SLEW', it's better to set the attribute for port.
W: ConstraintEditor-4042: Port 'p:o_PAL_CPU1_DDR_VDD_EN_R' lacks attribute 'BUS_KEEPER', it's better to set the attribute for port.
W: ConstraintEditor-4042: Port 'p:o_PAL_CPU1_NVME_ALERT_N_R' lacks attribute 'PAP_IO_DRIVE', it's better to set the attribute for port.
W: ConstraintEditor-4042: Port 'p:o_PAL_CPU1_NVME_ALERT_N_R' lacks attribute 'PAP_IO_SLEW', it's better to set the attribute for port.
W: ConstraintEditor-4042: Port 'p:o_PAL_CPU1_NVME_ALERT_N_R' lacks attribute 'BUS_KEEPER', it's better to set the attribute for port.
W: ConstraintEditor-4042: Port 'p:o_PAL_CPU1_P1V8_EN_R' lacks attribute 'PAP_IO_DRIVE', it's better to set the attribute for port.
W: ConstraintEditor-4042: Port 'p:o_PAL_CPU1_P1V8_EN_R' lacks attribute 'PAP_IO_SLEW', it's better to set the attribute for port.
W: ConstraintEditor-4042: Port 'p:o_PAL_CPU1_P1V8_EN_R' lacks attribute 'BUS_KEEPER', it's better to set the attribute for port.
W: ConstraintEditor-4042: Port 'p:o_PAL_CPU1_PLL_P1V8_EN_R' lacks attribute 'PAP_IO_DRIVE', it's better to set the attribute for port.
W: ConstraintEditor-4042: Port 'p:o_PAL_CPU1_PLL_P1V8_EN_R' lacks attribute 'PAP_IO_SLEW', it's better to set the attribute for port.
W: ConstraintEditor-4042: Port 'p:o_PAL_CPU1_PLL_P1V8_EN_R' lacks attribute 'BUS_KEEPER', it's better to set the attribute for port.
W: ConstraintEditor-4042: Port 'p:o_PAL_CPU1_VDDQ_EN_R' lacks attribute 'PAP_IO_DRIVE', it's better to set the attribute for port.
W: ConstraintEditor-4042: Port 'p:o_PAL_CPU1_VDDQ_EN_R' lacks attribute 'PAP_IO_SLEW', it's better to set the attribute for port.
W: ConstraintEditor-4042: Port 'p:o_PAL_CPU1_VDDQ_EN_R' lacks attribute 'BUS_KEEPER', it's better to set the attribute for port.
W: ConstraintEditor-4042: Port 'p:o_PAL_CPU1_VDD_CORE_EN_R' lacks attribute 'PAP_IO_DRIVE', it's better to set the attribute for port.
W: ConstraintEditor-4042: Port 'p:o_PAL_CPU1_VDD_CORE_EN_R' lacks attribute 'PAP_IO_SLEW', it's better to set the attribute for port.
W: ConstraintEditor-4042: Port 'p:o_PAL_CPU1_VDD_CORE_EN_R' lacks attribute 'BUS_KEEPER', it's better to set the attribute for port.
W: ConstraintEditor-4042: Port 'p:o_PAL_CPU1_VR8_RESET_R' lacks attribute 'PAP_IO_DRIVE', it's better to set the attribute for port.
W: ConstraintEditor-4042: Port 'p:o_PAL_CPU1_VR8_RESET_R' lacks attribute 'PAP_IO_SLEW', it's better to set the attribute for port.
W: ConstraintEditor-4042: Port 'p:o_PAL_CPU1_VR8_RESET_R' lacks attribute 'BUS_KEEPER', it's better to set the attribute for port.
W: ConstraintEditor-4042: Port 'p:o_PAL_CPU1_VR_SELECT_N_R' lacks attribute 'PAP_IO_DRIVE', it's better to set the attribute for port.
W: ConstraintEditor-4042: Port 'p:o_PAL_CPU1_VR_SELECT_N_R' lacks attribute 'PAP_IO_SLEW', it's better to set the attribute for port.
W: ConstraintEditor-4042: Port 'p:o_PAL_CPU1_VR_SELECT_N_R' lacks attribute 'BUS_KEEPER', it's better to set the attribute for port.
W: ConstraintEditor-4042: Port 'p:o_PAL_DPLL_GPIO0_R' lacks attribute 'PAP_IO_DRIVE', it's better to set the attribute for port.
W: ConstraintEditor-4042: Port 'p:o_PAL_DPLL_GPIO0_R' lacks attribute 'PAP_IO_SLEW', it's better to set the attribute for port.
W: ConstraintEditor-4042: Port 'p:o_PAL_DPLL_GPIO0_R' lacks attribute 'BUS_KEEPER', it's better to set the attribute for port.
W: ConstraintEditor-4042: Port 'p:o_PAL_DPLL_GPIO1_R' lacks attribute 'PAP_IO_DRIVE', it's better to set the attribute for port.
W: ConstraintEditor-4042: Port 'p:o_PAL_DPLL_GPIO1_R' lacks attribute 'PAP_IO_SLEW', it's better to set the attribute for port.
W: ConstraintEditor-4042: Port 'p:o_PAL_DPLL_GPIO1_R' lacks attribute 'BUS_KEEPER', it's better to set the attribute for port.
W: ConstraintEditor-4042: Port 'p:o_PAL_DPLL_INIT_R' lacks attribute 'PAP_IO_DRIVE', it's better to set the attribute for port.
W: ConstraintEditor-4042: Port 'p:o_PAL_DPLL_INIT_R' lacks attribute 'PAP_IO_SLEW', it's better to set the attribute for port.
W: ConstraintEditor-4042: Port 'p:o_PAL_DPLL_INIT_R' lacks attribute 'BUS_KEEPER', it's better to set the attribute for port.
W: ConstraintEditor-4042: Port 'p:o_PAL_DPLL_RESET_R' lacks attribute 'PAP_IO_DRIVE', it's better to set the attribute for port.
W: ConstraintEditor-4042: Port 'p:o_PAL_DPLL_RESET_R' lacks attribute 'PAP_IO_SLEW', it's better to set the attribute for port.
W: ConstraintEditor-4042: Port 'p:o_PAL_DPLL_RESET_R' lacks attribute 'BUS_KEEPER', it's better to set the attribute for port.
W: ConstraintEditor-4042: Port 'p:o_PAL_FAN0_PWM_R' lacks attribute 'PAP_IO_DRIVE', it's better to set the attribute for port.
W: ConstraintEditor-4042: Port 'p:o_PAL_FAN0_PWM_R' lacks attribute 'PAP_IO_SLEW', it's better to set the attribute for port.
W: ConstraintEditor-4042: Port 'p:o_PAL_FAN0_PWM_R' lacks attribute 'BUS_KEEPER', it's better to set the attribute for port.
W: ConstraintEditor-4042: Port 'p:o_PAL_FAN1_PWM_R' lacks attribute 'PAP_IO_DRIVE', it's better to set the attribute for port.
W: ConstraintEditor-4042: Port 'p:o_PAL_FAN1_PWM_R' lacks attribute 'PAP_IO_SLEW', it's better to set the attribute for port.
W: ConstraintEditor-4042: Port 'p:o_PAL_FAN1_PWM_R' lacks attribute 'BUS_KEEPER', it's better to set the attribute for port.
W: ConstraintEditor-4042: Port 'p:o_PAL_FAN2_PWM_R' lacks attribute 'PAP_IO_DRIVE', it's better to set the attribute for port.
W: ConstraintEditor-4042: Port 'p:o_PAL_FAN2_PWM_R' lacks attribute 'PAP_IO_SLEW', it's better to set the attribute for port.
W: ConstraintEditor-4042: Port 'p:o_PAL_FAN2_PWM_R' lacks attribute 'BUS_KEEPER', it's better to set the attribute for port.
W: ConstraintEditor-4042: Port 'p:o_PAL_FAN3_PWM_R' lacks attribute 'PAP_IO_DRIVE', it's better to set the attribute for port.
W: ConstraintEditor-4042: Port 'p:o_PAL_FAN3_PWM_R' lacks attribute 'PAP_IO_SLEW', it's better to set the attribute for port.
W: ConstraintEditor-4042: Port 'p:o_PAL_FAN3_PWM_R' lacks attribute 'BUS_KEEPER', it's better to set the attribute for port.
W: ConstraintEditor-4042: Port 'p:o_PAL_FAN_FAIL_LED0_R' lacks attribute 'PAP_IO_DRIVE', it's better to set the attribute for port.
W: ConstraintEditor-4042: Port 'p:o_PAL_FAN_FAIL_LED0_R' lacks attribute 'PAP_IO_SLEW', it's better to set the attribute for port.
W: ConstraintEditor-4042: Port 'p:o_PAL_FAN_FAIL_LED0_R' lacks attribute 'BUS_KEEPER', it's better to set the attribute for port.
W: ConstraintEditor-4042: Port 'p:o_PAL_FAN_FAIL_LED1_R' lacks attribute 'PAP_IO_DRIVE', it's better to set the attribute for port.
W: ConstraintEditor-4042: Port 'p:o_PAL_FAN_FAIL_LED1_R' lacks attribute 'PAP_IO_SLEW', it's better to set the attribute for port.
W: ConstraintEditor-4042: Port 'p:o_PAL_FAN_FAIL_LED1_R' lacks attribute 'BUS_KEEPER', it's better to set the attribute for port.
W: ConstraintEditor-4042: Port 'p:o_PAL_FAN_FAIL_LED2_R' lacks attribute 'PAP_IO_DRIVE', it's better to set the attribute for port.
W: ConstraintEditor-4042: Port 'p:o_PAL_FAN_FAIL_LED2_R' lacks attribute 'PAP_IO_SLEW', it's better to set the attribute for port.
W: ConstraintEditor-4042: Port 'p:o_PAL_FAN_FAIL_LED2_R' lacks attribute 'BUS_KEEPER', it's better to set the attribute for port.
W: ConstraintEditor-4042: Port 'p:o_PAL_FAN_FAIL_LED3_R' lacks attribute 'PAP_IO_DRIVE', it's better to set the attribute for port.
W: ConstraintEditor-4042: Port 'p:o_PAL_FAN_FAIL_LED3_R' lacks attribute 'PAP_IO_SLEW', it's better to set the attribute for port.
W: ConstraintEditor-4042: Port 'p:o_PAL_FAN_FAIL_LED3_R' lacks attribute 'BUS_KEEPER', it's better to set the attribute for port.
W: ConstraintEditor-4042: Port 'p:o_PAL_FAN_NRML_LED0_R' lacks attribute 'PAP_IO_DRIVE', it's better to set the attribute for port.
W: ConstraintEditor-4042: Port 'p:o_PAL_FAN_NRML_LED0_R' lacks attribute 'PAP_IO_SLEW', it's better to set the attribute for port.
W: ConstraintEditor-4042: Port 'p:o_PAL_FAN_NRML_LED0_R' lacks attribute 'BUS_KEEPER', it's better to set the attribute for port.
W: ConstraintEditor-4042: Port 'p:o_PAL_FAN_NRML_LED1_R' lacks attribute 'PAP_IO_DRIVE', it's better to set the attribute for port.
W: ConstraintEditor-4042: Port 'p:o_PAL_FAN_NRML_LED1_R' lacks attribute 'PAP_IO_SLEW', it's better to set the attribute for port.
W: ConstraintEditor-4042: Port 'p:o_PAL_FAN_NRML_LED1_R' lacks attribute 'BUS_KEEPER', it's better to set the attribute for port.
W: ConstraintEditor-4042: Port 'p:o_PAL_FAN_NRML_LED2_R' lacks attribute 'PAP_IO_DRIVE', it's better to set the attribute for port.
W: ConstraintEditor-4042: Port 'p:o_PAL_FAN_NRML_LED2_R' lacks attribute 'PAP_IO_SLEW', it's better to set the attribute for port.
W: ConstraintEditor-4042: Port 'p:o_PAL_FAN_NRML_LED2_R' lacks attribute 'BUS_KEEPER', it's better to set the attribute for port.
W: ConstraintEditor-4042: Port 'p:o_PAL_FAN_NRML_LED3_R' lacks attribute 'PAP_IO_DRIVE', it's better to set the attribute for port.
W: ConstraintEditor-4042: Port 'p:o_PAL_FAN_NRML_LED3_R' lacks attribute 'PAP_IO_SLEW', it's better to set the attribute for port.
W: ConstraintEditor-4042: Port 'p:o_PAL_FAN_NRML_LED3_R' lacks attribute 'BUS_KEEPER', it's better to set the attribute for port.
W: ConstraintEditor-4042: Port 'p:o_PAL_P3V3_STBY_RST_R' lacks attribute 'PAP_IO_DRIVE', it's better to set the attribute for port.
W: ConstraintEditor-4042: Port 'p:o_PAL_P3V3_STBY_RST_R' lacks attribute 'PAP_IO_SLEW', it's better to set the attribute for port.
W: ConstraintEditor-4042: Port 'p:o_PAL_P3V3_STBY_RST_R' lacks attribute 'BUS_KEEPER', it's better to set the attribute for port.
W: ConstraintEditor-4042: Port 'p:o_PAL_P5V_STBY_EN_R' lacks attribute 'PAP_IO_DRIVE', it's better to set the attribute for port.
W: ConstraintEditor-4042: Port 'p:o_PAL_P5V_STBY_EN_R' lacks attribute 'PAP_IO_SLEW', it's better to set the attribute for port.
W: ConstraintEditor-4042: Port 'p:o_PAL_P5V_STBY_EN_R' lacks attribute 'BUS_KEEPER', it's better to set the attribute for port.
W: ConstraintEditor-4042: Port 'p:o_PAL_P12V_CPU0_VIN_EN_R' lacks attribute 'PAP_IO_DRIVE', it's better to set the attribute for port.
W: ConstraintEditor-4042: Port 'p:o_PAL_P12V_CPU0_VIN_EN_R' lacks attribute 'PAP_IO_SLEW', it's better to set the attribute for port.
W: ConstraintEditor-4042: Port 'p:o_PAL_P12V_CPU0_VIN_EN_R' lacks attribute 'BUS_KEEPER', it's better to set the attribute for port.
W: ConstraintEditor-4042: Port 'p:o_PAL_P12V_CPU1_VIN_EN_R' lacks attribute 'PAP_IO_DRIVE', it's better to set the attribute for port.
W: ConstraintEditor-4042: Port 'p:o_PAL_P12V_CPU1_VIN_EN_R' lacks attribute 'PAP_IO_SLEW', it's better to set the attribute for port.
W: ConstraintEditor-4042: Port 'p:o_PAL_P12V_CPU1_VIN_EN_R' lacks attribute 'BUS_KEEPER', it's better to set the attribute for port.
W: ConstraintEditor-4042: Port 'p:o_PAL_P12V_DISCHARGE_R' lacks attribute 'PAP_IO_DRIVE', it's better to set the attribute for port.
W: ConstraintEditor-4042: Port 'p:o_PAL_P12V_DISCHARGE_R' lacks attribute 'PAP_IO_SLEW', it's better to set the attribute for port.
W: ConstraintEditor-4042: Port 'p:o_PAL_P12V_DISCHARGE_R' lacks attribute 'BUS_KEEPER', it's better to set the attribute for port.
W: ConstraintEditor-4042: Port 'p:o_PAL_P12V_FAN0_EN_R' lacks attribute 'PAP_IO_DRIVE', it's better to set the attribute for port.
W: ConstraintEditor-4042: Port 'p:o_PAL_P12V_FAN0_EN_R' lacks attribute 'PAP_IO_SLEW', it's better to set the attribute for port.
W: ConstraintEditor-4042: Port 'p:o_PAL_P12V_FAN0_EN_R' lacks attribute 'BUS_KEEPER', it's better to set the attribute for port.
W: ConstraintEditor-4042: Port 'p:o_PAL_P12V_FAN1_EN_R' lacks attribute 'PAP_IO_DRIVE', it's better to set the attribute for port.
W: ConstraintEditor-4042: Port 'p:o_PAL_P12V_FAN1_EN_R' lacks attribute 'PAP_IO_SLEW', it's better to set the attribute for port.
W: ConstraintEditor-4042: Port 'p:o_PAL_P12V_FAN1_EN_R' lacks attribute 'BUS_KEEPER', it's better to set the attribute for port.
W: ConstraintEditor-4042: Port 'p:o_PAL_P12V_FAN2_EN_R' lacks attribute 'PAP_IO_DRIVE', it's better to set the attribute for port.
W: ConstraintEditor-4042: Port 'p:o_PAL_P12V_FAN2_EN_R' lacks attribute 'PAP_IO_SLEW', it's better to set the attribute for port.
W: ConstraintEditor-4042: Port 'p:o_PAL_P12V_FAN2_EN_R' lacks attribute 'BUS_KEEPER', it's better to set the attribute for port.
W: ConstraintEditor-4042: Port 'p:o_PAL_P12V_FAN3_EN_R' lacks attribute 'PAP_IO_DRIVE', it's better to set the attribute for port.
W: ConstraintEditor-4042: Port 'p:o_PAL_P12V_FAN3_EN_R' lacks attribute 'PAP_IO_SLEW', it's better to set the attribute for port.
W: ConstraintEditor-4042: Port 'p:o_PAL_P12V_FAN3_EN_R' lacks attribute 'BUS_KEEPER', it's better to set the attribute for port.
W: ConstraintEditor-4042: Port 'p:o_PAL_P12V_RISER1_VIN_EN_R' lacks attribute 'PAP_IO_DRIVE', it's better to set the attribute for port.
W: ConstraintEditor-4042: Port 'p:o_PAL_P12V_RISER1_VIN_EN_R' lacks attribute 'PAP_IO_SLEW', it's better to set the attribute for port.
W: ConstraintEditor-4042: Port 'p:o_PAL_P12V_RISER1_VIN_EN_R' lacks attribute 'BUS_KEEPER', it's better to set the attribute for port.
W: ConstraintEditor-4042: Port 'p:o_PAL_P12V_RISER2_VIN_EN_R' lacks attribute 'PAP_IO_DRIVE', it's better to set the attribute for port.
W: ConstraintEditor-4042: Port 'p:o_PAL_P12V_RISER2_VIN_EN_R' lacks attribute 'PAP_IO_SLEW', it's better to set the attribute for port.
W: ConstraintEditor-4042: Port 'p:o_PAL_P12V_RISER2_VIN_EN_R' lacks attribute 'BUS_KEEPER', it's better to set the attribute for port.
W: ConstraintEditor-4042: Port 'p:o_PAL_PS1_P12V_ON_R' lacks attribute 'PAP_IO_DRIVE', it's better to set the attribute for port.
W: ConstraintEditor-4042: Port 'p:o_PAL_PS1_P12V_ON_R' lacks attribute 'PAP_IO_SLEW', it's better to set the attribute for port.
W: ConstraintEditor-4042: Port 'p:o_PAL_PS1_P12V_ON_R' lacks attribute 'BUS_KEEPER', it's better to set the attribute for port.
W: ConstraintEditor-4042: Port 'p:o_PAL_PS2_P12V_ON_R' lacks attribute 'PAP_IO_DRIVE', it's better to set the attribute for port.
W: ConstraintEditor-4042: Port 'p:o_PAL_PS2_P12V_ON_R' lacks attribute 'PAP_IO_SLEW', it's better to set the attribute for port.
W: ConstraintEditor-4042: Port 'p:o_PAL_PS2_P12V_ON_R' lacks attribute 'BUS_KEEPER', it's better to set the attribute for port.
W: ConstraintEditor-4042: Port 'p:o_PAL_PVCC_HPMOS_CPU_EN_R' lacks attribute 'PAP_IO_DRIVE', it's better to set the attribute for port.
W: ConstraintEditor-4042: Port 'p:o_PAL_PVCC_HPMOS_CPU_EN_R' lacks attribute 'PAP_IO_SLEW', it's better to set the attribute for port.
W: ConstraintEditor-4042: Port 'p:o_PAL_PVCC_HPMOS_CPU_EN_R' lacks attribute 'BUS_KEEPER', it's better to set the attribute for port.
W: ConstraintEditor-4042: Port 'p:o_PAL_PWR_LOM_EN_R' lacks attribute 'PAP_IO_DRIVE', it's better to set the attribute for port.
W: ConstraintEditor-4042: Port 'p:o_PAL_PWR_LOM_EN_R' lacks attribute 'PAP_IO_SLEW', it's better to set the attribute for port.
W: ConstraintEditor-4042: Port 'p:o_PAL_PWR_LOM_EN_R' lacks attribute 'BUS_KEEPER', it's better to set the attribute for port.
W: ConstraintEditor-4042: Port 'p:o_PAL_REAT_BP_EFUSE_EN_R' lacks attribute 'PAP_IO_DRIVE', it's better to set the attribute for port.
W: ConstraintEditor-4042: Port 'p:o_PAL_REAT_BP_EFUSE_EN_R' lacks attribute 'PAP_IO_SLEW', it's better to set the attribute for port.
W: ConstraintEditor-4042: Port 'p:o_PAL_REAT_BP_EFUSE_EN_R' lacks attribute 'BUS_KEEPER', it's better to set the attribute for port.
W: ConstraintEditor-4042: Port 'p:o_PAL_RISER1_PWR_EN_R' lacks attribute 'PAP_IO_DRIVE', it's better to set the attribute for port.
W: ConstraintEditor-4042: Port 'p:o_PAL_RISER1_PWR_EN_R' lacks attribute 'PAP_IO_SLEW', it's better to set the attribute for port.
W: ConstraintEditor-4042: Port 'p:o_PAL_RISER1_PWR_EN_R' lacks attribute 'BUS_KEEPER', it's better to set the attribute for port.
W: ConstraintEditor-4042: Port 'p:o_PAL_RISER2_PWR_EN_R' lacks attribute 'PAP_IO_DRIVE', it's better to set the attribute for port.
W: ConstraintEditor-4042: Port 'p:o_PAL_RISER2_PWR_EN_R' lacks attribute 'PAP_IO_SLEW', it's better to set the attribute for port.
W: ConstraintEditor-4042: Port 'p:o_PAL_RISER2_PWR_EN_R' lacks attribute 'BUS_KEEPER', it's better to set the attribute for port.
W: ConstraintEditor-4042: Port 'p:o_PAL_RISER2_SWITCH_EN' lacks attribute 'PAP_IO_DRIVE', it's better to set the attribute for port.
W: ConstraintEditor-4042: Port 'p:o_PAL_RISER2_SWITCH_EN' lacks attribute 'PAP_IO_SLEW', it's better to set the attribute for port.
W: ConstraintEditor-4042: Port 'p:o_PAL_RISER2_SWITCH_EN' lacks attribute 'BUS_KEEPER', it's better to set the attribute for port.
W: ConstraintEditor-4042: Port 'p:o_PAL_RST_CPU0_VPP_N_R' lacks attribute 'PAP_IO_DRIVE', it's better to set the attribute for port.
W: ConstraintEditor-4042: Port 'p:o_PAL_RST_CPU0_VPP_N_R' lacks attribute 'PAP_IO_SLEW', it's better to set the attribute for port.
W: ConstraintEditor-4042: Port 'p:o_PAL_RST_CPU0_VPP_N_R' lacks attribute 'BUS_KEEPER', it's better to set the attribute for port.
W: ConstraintEditor-4042: Port 'p:o_PAL_RST_CPU1_VPP_N_R' lacks attribute 'PAP_IO_DRIVE', it's better to set the attribute for port.
W: ConstraintEditor-4042: Port 'p:o_PAL_RST_CPU1_VPP_N_R' lacks attribute 'PAP_IO_SLEW', it's better to set the attribute for port.
W: ConstraintEditor-4042: Port 'p:o_PAL_RST_CPU1_VPP_N_R' lacks attribute 'BUS_KEEPER', it's better to set the attribute for port.
W: ConstraintEditor-4042: Port 'p:o_PAL_RTC_SELECT_N' lacks attribute 'PAP_IO_DRIVE', it's better to set the attribute for port.
W: ConstraintEditor-4042: Port 'p:o_PAL_RTC_SELECT_N' lacks attribute 'PAP_IO_SLEW', it's better to set the attribute for port.
W: ConstraintEditor-4042: Port 'p:o_PAL_RTC_SELECT_N' lacks attribute 'BUS_KEEPER', it's better to set the attribute for port.
W: ConstraintEditor-4042: Port 'p:o_PAL_SYS_EEPROM_BYPASS_N_R' lacks attribute 'PAP_IO_DRIVE', it's better to set the attribute for port.
W: ConstraintEditor-4042: Port 'p:o_PAL_SYS_EEPROM_BYPASS_N_R' lacks attribute 'PAP_IO_SLEW', it's better to set the attribute for port.
W: ConstraintEditor-4042: Port 'p:o_PAL_SYS_EEPROM_BYPASS_N_R' lacks attribute 'BUS_KEEPER', it's better to set the attribute for port.
W: ConstraintEditor-4042: Port 'p:o_PAL_UPD_VCC_3V3_EN_R' lacks attribute 'PAP_IO_DRIVE', it's better to set the attribute for port.
W: ConstraintEditor-4042: Port 'p:o_PAL_UPD_VCC_3V3_EN_R' lacks attribute 'PAP_IO_SLEW', it's better to set the attribute for port.
W: ConstraintEditor-4042: Port 'p:o_PAL_UPD_VCC_3V3_EN_R' lacks attribute 'BUS_KEEPER', it's better to set the attribute for port.
W: ConstraintEditor-4042: Port 'p:o_PAL_VCC_1V1_EN_R' lacks attribute 'PAP_IO_DRIVE', it's better to set the attribute for port.
W: ConstraintEditor-4042: Port 'p:o_PAL_VCC_1V1_EN_R' lacks attribute 'PAP_IO_SLEW', it's better to set the attribute for port.
W: ConstraintEditor-4042: Port 'p:o_PAL_VCC_1V1_EN_R' lacks attribute 'BUS_KEEPER', it's better to set the attribute for port.
W: ConstraintEditor-4042: Port 'p:o_PAL_WX1860_NRST_R' lacks attribute 'PAP_IO_DRIVE', it's better to set the attribute for port.
W: ConstraintEditor-4042: Port 'p:o_PAL_WX1860_NRST_R' lacks attribute 'PAP_IO_SLEW', it's better to set the attribute for port.
W: ConstraintEditor-4042: Port 'p:o_PAL_WX1860_NRST_R' lacks attribute 'BUS_KEEPER', it's better to set the attribute for port.
W: ConstraintEditor-4042: Port 'p:o_PAL_WX1860_PERST_R' lacks attribute 'PAP_IO_DRIVE', it's better to set the attribute for port.
W: ConstraintEditor-4042: Port 'p:o_PAL_WX1860_PERST_R' lacks attribute 'PAP_IO_SLEW', it's better to set the attribute for port.
W: ConstraintEditor-4042: Port 'p:o_PAL_WX1860_PERST_R' lacks attribute 'BUS_KEEPER', it's better to set the attribute for port.
W: ConstraintEditor-4042: Port 'p:o_PWR_88SE9230_P1V0_EN_R' lacks attribute 'PAP_IO_DRIVE', it's better to set the attribute for port.
W: ConstraintEditor-4042: Port 'p:o_PWR_88SE9230_P1V0_EN_R' lacks attribute 'PAP_IO_SLEW', it's better to set the attribute for port.
W: ConstraintEditor-4042: Port 'p:o_PWR_88SE9230_P1V0_EN_R' lacks attribute 'BUS_KEEPER', it's better to set the attribute for port.
W: ConstraintEditor-4042: Port 'p:o_PWR_88SE9230_P1V8_EN_R' lacks attribute 'PAP_IO_DRIVE', it's better to set the attribute for port.
W: ConstraintEditor-4042: Port 'p:o_PWR_88SE9230_P1V8_EN_R' lacks attribute 'PAP_IO_SLEW', it's better to set the attribute for port.
W: ConstraintEditor-4042: Port 'p:o_PWR_88SE9230_P1V8_EN_R' lacks attribute 'BUS_KEEPER', it's better to set the attribute for port.
W: ConstraintEditor-4042: Port 'p:o_CPU0_D1_SPI0_CS' lacks attribute 'PAP_IO_DRIVE', it's better to set the attribute for port.
W: ConstraintEditor-4042: Port 'p:o_CPU0_D1_SPI0_CS' lacks attribute 'PAP_IO_SLEW', it's better to set the attribute for port.
W: ConstraintEditor-4042: Port 'p:o_CPU0_D1_SPI0_CS' lacks attribute 'BUS_KEEPER', it's better to set the attribute for port.
W: ConstraintEditor-4042: Port 'p:o_CPU0_D1_SPI0_MOSI' lacks attribute 'PAP_IO_DRIVE', it's better to set the attribute for port.
W: ConstraintEditor-4042: Port 'p:o_CPU0_D1_SPI0_MOSI' lacks attribute 'PAP_IO_SLEW', it's better to set the attribute for port.
W: ConstraintEditor-4042: Port 'p:o_CPU0_D1_SPI0_MOSI' lacks attribute 'BUS_KEEPER', it's better to set the attribute for port.
W: ConstraintEditor-4042: Port 'p:o_CPU0_D1_SPI0_SCK' lacks attribute 'PAP_IO_DRIVE', it's better to set the attribute for port.
W: ConstraintEditor-4042: Port 'p:o_CPU0_D1_SPI0_SCK' lacks attribute 'PAP_IO_SLEW', it's better to set the attribute for port.
W: ConstraintEditor-4042: Port 'p:o_CPU0_D1_SPI0_SCK' lacks attribute 'BUS_KEEPER', it's better to set the attribute for port.
W: ConstraintEditor-4042: Port 'p:o_CPU0_SB_EN_R' lacks attribute 'PAP_IO_DRIVE', it's better to set the attribute for port.
W: ConstraintEditor-4042: Port 'p:o_CPU0_SB_EN_R' lacks attribute 'PAP_IO_SLEW', it's better to set the attribute for port.
W: ConstraintEditor-4042: Port 'p:o_CPU0_SB_EN_R' lacks attribute 'BUS_KEEPER', it's better to set the attribute for port.
W: ConstraintEditor-4042: Port 'p:o_CPU1_SB_EN_R' lacks attribute 'PAP_IO_DRIVE', it's better to set the attribute for port.
W: ConstraintEditor-4042: Port 'p:o_CPU1_SB_EN_R' lacks attribute 'PAP_IO_SLEW', it's better to set the attribute for port.
W: ConstraintEditor-4042: Port 'p:o_CPU1_SB_EN_R' lacks attribute 'BUS_KEEPER', it's better to set the attribute for port.
W: ConstraintEditor-4042: Port 'p:o_FT_CPU0_SCP_BOOT_FROM_FLASH_R' lacks attribute 'PAP_IO_DRIVE', it's better to set the attribute for port.
W: ConstraintEditor-4042: Port 'p:o_FT_CPU0_SCP_BOOT_FROM_FLASH_R' lacks attribute 'PAP_IO_SLEW', it's better to set the attribute for port.
W: ConstraintEditor-4042: Port 'p:o_FT_CPU0_SCP_BOOT_FROM_FLASH_R' lacks attribute 'BUS_KEEPER', it's better to set the attribute for port.
W: ConstraintEditor-4042: Port 'p:o_FT_CPU1_SCP_BOOT_FROM_FLASH_R' lacks attribute 'PAP_IO_DRIVE', it's better to set the attribute for port.
W: ConstraintEditor-4042: Port 'p:o_FT_CPU1_SCP_BOOT_FROM_FLASH_R' lacks attribute 'PAP_IO_SLEW', it's better to set the attribute for port.
W: ConstraintEditor-4042: Port 'p:o_FT_CPU1_SCP_BOOT_FROM_FLASH_R' lacks attribute 'BUS_KEEPER', it's better to set the attribute for port.
W: ConstraintEditor-4042: Port 'p:o_PAL_RISER2_SELECT' lacks attribute 'PAP_IO_DRIVE', it's better to set the attribute for port.
W: ConstraintEditor-4042: Port 'p:o_PAL_RISER2_SELECT' lacks attribute 'PAP_IO_SLEW', it's better to set the attribute for port.
W: ConstraintEditor-4042: Port 'p:o_PAL_RISER2_SELECT' lacks attribute 'BUS_KEEPER', it's better to set the attribute for port.
Found 0 error(s), 0 critical warning(s), 349 warning(s), out of 1428 constraint(s), you can contact with C:/CPLD/pango/2_Tieta_Feiteng/Tieta_Feiteng_1001_PGC7KD69MBG400/prj/Tieta_M/synthesize/constraint_check.ccr for more detail information.
Constraint check end.
Total time(hh:mm:ss) of constraint check : 00:00:00
C: SDC-2025: Clock source 'n:timer_gen_inst/clk_2p5hz' need a clock constraint, please use 'create_clock' or 'create_generate_clock' to generate.
C: SDC-2025: Clock source 'n:genblk1[3].fan_pwm_tach_m/Edge_Detect_u1/r_signal_a' need a clock constraint, please use 'create_clock' or 'create_generate_clock' to generate.
C: SDC-2025: Clock source 'n:genblk1[3].fan_pwm_tach_m/Edge_Detect_u1/r_signal_b' need a clock constraint, please use 'create_clock' or 'create_generate_clock' to generate.
C: SDC-2025: Clock source 'n:genblk1[2].fan_pwm_tach_m/Edge_Detect_u1/r_signal_a' need a clock constraint, please use 'create_clock' or 'create_generate_clock' to generate.
C: SDC-2025: Clock source 'n:genblk1[2].fan_pwm_tach_m/Edge_Detect_u1/r_signal_b' need a clock constraint, please use 'create_clock' or 'create_generate_clock' to generate.
C: SDC-2025: Clock source 'n:genblk1[1].fan_pwm_tach_m/Edge_Detect_u1/r_signal_a' need a clock constraint, please use 'create_clock' or 'create_generate_clock' to generate.
C: SDC-2025: Clock source 'n:genblk1[1].fan_pwm_tach_m/Edge_Detect_u1/r_signal_b' need a clock constraint, please use 'create_clock' or 'create_generate_clock' to generate.
C: SDC-2025: Clock source 'n:genblk1[0].fan_pwm_tach_m/Edge_Detect_u1/r_signal_a' need a clock constraint, please use 'create_clock' or 'create_generate_clock' to generate.
C: SDC-2025: Clock source 'n:genblk1[0].fan_pwm_tach_m/Edge_Detect_u1/r_signal_b' need a clock constraint, please use 'create_clock' or 'create_generate_clock' to generate.
Generated by Fabric Compiler (version 2024.2-SP1.2 build 187561) at Wed Mar 11 12:55:54 2026
Start pre-mapping.
W: Adm-4083: [C:/CPLD/pango/2_Tieta_Feiteng/Tieta_Feiteng_1001_PGC7KD69MBG400/rtl/source/Tieta_Feiteng_1001_top.v(line number: 2755)] Removed bmsWIDEDFFCPE inst count[29:0] at 29 that is stuck at constant 0.
I: Constant propagation done on count[29:0] (bmsWIDEDFFCPE).
W: Adm-4083: [C:/CPLD/pango/2_Tieta_Feiteng/Tieta_Feiteng_1001_PGC7KD69MBG400/rtl/source/Tieta_Feiteng_1001_top.v(line number: 2728)] Removed bmsWIDEDFFCPE inst counts[29:0] at 28 that is stuck at constant 0.
W: Adm-4083: [C:/CPLD/pango/2_Tieta_Feiteng/Tieta_Feiteng_1001_PGC7KD69MBG400/rtl/source/Tieta_Feiteng_1001_top.v(line number: 2728)] Removed bmsWIDEDFFCPE inst counts[29:0] at 29 that is stuck at constant 0.
I: Constant propagation done on counts[29:0] (bmsWIDEDFFCPE).
I: Removed edge_delay_1 hier-inst power_supply_on_check_inst that is redundant to p12v_stby_en_check_inst
I: Removed edge_delay_1 hier-inst p3v3_stby_bp_en_check_inst that is redundant to cpupwrok_en_check_inst
I: Removed edge_delay_1 hier-inst p3v3_stby_en_check_inst that is redundant to cpupwrok_en_check_inst
I: Constant propagation done on uart_master_u1/N97 (bmsREDAND).
I: Constant propagation done on UID_Function_u0/N21 (bmsREDAND).
I: Constant propagation done on UID_Function_u0/N84 (bmsREDAND).
I: Constant propagation done on UID_Function_u0/N120 (bmsREDAND).
I: Constant propagation done on UID_Function_u0/N258 (bmsREDAND).
I: Constant propagation done on UID_Function_u0/N261 (bmsREDAND).
I: Constant propagation done on UID_Function_u0/N263 (bmsREDAND).
W: Adm-4083: [C:/CPLD/pango/2_Tieta_Feiteng/Tieta_Feiteng_1001_PGC7KD69MBG400/rtl/source/common/UID_Function.v(line number: 146)] Removed bmsWIDEDFFPATCE inst r_cnt_pulse_set[9:0] at 5 that is stuck at constant 0.
W: Adm-4083: [C:/CPLD/pango/2_Tieta_Feiteng/Tieta_Feiteng_1001_PGC7KD69MBG400/rtl/source/common/UID_Function.v(line number: 146)] Removed bmsWIDEDFFPATCE inst r_cnt_pulse_set[9:0] at 6 that is stuck at constant 0.
I: Constant propagation done on UID_Function_u0/r_cnt_pulse_set[9:0] (bmsWIDEDFFPATCE).
W: Adm-4083: [C:/CPLD/pango/2_Tieta_Feiteng/Tieta_Feiteng_1001_PGC7KD69MBG400/rtl/source/common/UID_Function.v(line number: 114)] Removed bmsWIDEDFFPATCE inst r_uid_status[7:0] at 0 that is stuck at constant 0.
W: Adm-4083: [C:/CPLD/pango/2_Tieta_Feiteng/Tieta_Feiteng_1001_PGC7KD69MBG400/rtl/source/common/UID_Function.v(line number: 114)] Removed bmsWIDEDFFPATCE inst r_uid_status[7:0] at 1 that is stuck at constant 0.
W: Adm-4083: [C:/CPLD/pango/2_Tieta_Feiteng/Tieta_Feiteng_1001_PGC7KD69MBG400/rtl/source/common/UID_Function.v(line number: 114)] Removed bmsWIDEDFFPATCE inst r_uid_status[7:0] at 2 that is stuck at constant 0.
W: Adm-4083: [C:/CPLD/pango/2_Tieta_Feiteng/Tieta_Feiteng_1001_PGC7KD69MBG400/rtl/source/common/UID_Function.v(line number: 114)] Removed bmsWIDEDFFPATCE inst r_uid_status[7:0] at 3 that is stuck at constant 0.
W: Adm-4083: [C:/CPLD/pango/2_Tieta_Feiteng/Tieta_Feiteng_1001_PGC7KD69MBG400/rtl/source/common/UID_Function.v(line number: 114)] Removed bmsWIDEDFFPATCE inst r_uid_status[7:0] at 4 that is stuck at constant 0.
W: Adm-4083: [C:/CPLD/pango/2_Tieta_Feiteng/Tieta_Feiteng_1001_PGC7KD69MBG400/rtl/source/common/UID_Function.v(line number: 114)] Removed bmsWIDEDFFPATCE inst r_uid_status[7:0] at 5 that is stuck at constant 0.
W: Adm-4083: [C:/CPLD/pango/2_Tieta_Feiteng/Tieta_Feiteng_1001_PGC7KD69MBG400/rtl/source/common/UID_Function.v(line number: 114)] Removed bmsWIDEDFFPATCE inst r_uid_status[7:0] at 6 that is stuck at constant 0.
W: Adm-4083: [C:/CPLD/pango/2_Tieta_Feiteng/Tieta_Feiteng_1001_PGC7KD69MBG400/rtl/source/common/UID_Function.v(line number: 114)] Removed bmsWIDEDFFPATCE inst r_uid_status[7:0] at 7 that is stuck at constant 0.
W: Adm-4083: [C:/CPLD/pango/2_Tieta_Feiteng/Tieta_Feiteng_1001_PGC7KD69MBG400/rtl/source/common/UID_Function.v(line number: 146)] Removed bmsWIDEDFFPATCE inst r_cnt_pulse_set[9:0] at 0 that is stuck at constant 0.
W: Adm-4083: [C:/CPLD/pango/2_Tieta_Feiteng/Tieta_Feiteng_1001_PGC7KD69MBG400/rtl/source/common/UID_Function.v(line number: 146)] Removed bmsWIDEDFFPATCE inst r_cnt_pulse_set[9:0] at 1 that is stuck at constant 0.
W: Adm-4083: [C:/CPLD/pango/2_Tieta_Feiteng/Tieta_Feiteng_1001_PGC7KD69MBG400/rtl/source/common/UID_Function.v(line number: 146)] Removed bmsWIDEDFFPATCE inst r_cnt_pulse_set[9:0] at 7 that is stuck at constant 0.
W: Adm-4083: [C:/CPLD/pango/2_Tieta_Feiteng/Tieta_Feiteng_1001_PGC7KD69MBG400/rtl/source/common/UID_Function.v(line number: 146)] Removed bmsWIDEDFFPATCE inst r_cnt_pulse_set[9:0] at 8 that is stuck at constant 0.
W: Adm-4082: [C:/CPLD/pango/2_Tieta_Feiteng/Tieta_Feiteng_1001_PGC7KD69MBG400/rtl/source/common/edge_detect.v(line number: 40)] Removed bmsWIDEDFFCPE inst r_signal_a that is stuck at constant 1.
W: Adm-4082: [C:/CPLD/pango/2_Tieta_Feiteng/Tieta_Feiteng_1001_PGC7KD69MBG400/rtl/source/common/edge_detect.v(line number: 40)] Removed bmsWIDEDFFCPE inst r_signal_b that is stuck at constant 1.
W: Adm-4083: [C:/CPLD/pango/2_Tieta_Feiteng/Tieta_Feiteng_1001_PGC7KD69MBG400/rtl/source/common/lowpass_filter.v(line number: 57)] Removed bmsWIDEDFFCPE inst r_data[3:0] at 0 that is stuck at constant 0.
W: Adm-4083: [C:/CPLD/pango/2_Tieta_Feiteng/Tieta_Feiteng_1001_PGC7KD69MBG400/rtl/source/common/lowpass_filter.v(line number: 57)] Removed bmsWIDEDFFCPE inst r_data[3:0] at 1 that is stuck at constant 0.
W: Adm-4083: [C:/CPLD/pango/2_Tieta_Feiteng/Tieta_Feiteng_1001_PGC7KD69MBG400/rtl/source/common/lowpass_filter.v(line number: 57)] Removed bmsWIDEDFFCPE inst r_data[3:0] at 2 that is stuck at constant 0.
W: Adm-4083: [C:/CPLD/pango/2_Tieta_Feiteng/Tieta_Feiteng_1001_PGC7KD69MBG400/rtl/source/common/lowpass_filter.v(line number: 57)] Removed bmsWIDEDFFCPE inst r_data[3:0] at 3 that is stuck at constant 0.
W: Adm-4082: [C:/CPLD/pango/2_Tieta_Feiteng/Tieta_Feiteng_1001_PGC7KD69MBG400/rtl/source/common/lowpass_filter.v(line number: 67)] Removed bmsWIDEDFFCPE inst r_data_out that is stuck at constant 1.
W: Adm-4082: [C:/CPLD/pango/2_Tieta_Feiteng/Tieta_Feiteng_1001_PGC7KD69MBG400/rtl/source/common/synclib.v(line number: 285)] Removed bmsWIDEDFFCPE inst mInst[4].nxt_s1[4] that is stuck at constant 0.
W: Adm-4082: [C:/CPLD/pango/2_Tieta_Feiteng/Tieta_Feiteng_1001_PGC7KD69MBG400/rtl/source/common/synclib.v(line number: 285)] Removed bmsWIDEDFFCPE inst mInst[5].nxt_s1[5] that is stuck at constant 0.
W: Adm-4082: [C:/CPLD/pango/2_Tieta_Feiteng/Tieta_Feiteng_1001_PGC7KD69MBG400/rtl/source/common/synclib.v(line number: 285)] Removed bmsWIDEDFFCPE inst mInst[6].nxt_s1[6] that is stuck at constant 0.
W: Adm-4082: [C:/CPLD/pango/2_Tieta_Feiteng/Tieta_Feiteng_1001_PGC7KD69MBG400/rtl/source/common/synclib.v(line number: 285)] Removed bmsWIDEDFFCPE inst mInst[7].nxt_s1[7] that is stuck at constant 0.
W: Adm-4082: [C:/CPLD/pango/2_Tieta_Feiteng/Tieta_Feiteng_1001_PGC7KD69MBG400/rtl/source/common/synclib.v(line number: 285)] Removed bmsWIDEDFFCPE inst mInst[8].nxt_s1[8] that is stuck at constant 0.
W: Adm-4082: [C:/CPLD/pango/2_Tieta_Feiteng/Tieta_Feiteng_1001_PGC7KD69MBG400/rtl/source/common/synclib.v(line number: 285)] Removed bmsWIDEDFFCPE inst mInst[9].nxt_s1[9] that is stuck at constant 0.
W: Adm-4082: [C:/CPLD/pango/2_Tieta_Feiteng/Tieta_Feiteng_1001_PGC7KD69MBG400/rtl/source/common/synclib.v(line number: 285)] Removed bmsWIDEDFFCPE inst mInst[10].nxt_s1[10] that is stuck at constant 0.
W: Adm-4082: [C:/CPLD/pango/2_Tieta_Feiteng/Tieta_Feiteng_1001_PGC7KD69MBG400/rtl/source/common/synclib.v(line number: 285)] Removed bmsWIDEDFFCPE inst mInst[11].nxt_s1[11] that is stuck at constant 0.
W: Adm-4082: [C:/CPLD/pango/2_Tieta_Feiteng/Tieta_Feiteng_1001_PGC7KD69MBG400/rtl/source/common/synclib.v(line number: 285)] Removed bmsWIDEDFFCPE inst mInst[4].nxt[4] that is stuck at constant 0.
W: Adm-4082: [C:/CPLD/pango/2_Tieta_Feiteng/Tieta_Feiteng_1001_PGC7KD69MBG400/rtl/source/common/synclib.v(line number: 285)] Removed bmsWIDEDFFCPE inst mInst[5].nxt[5] that is stuck at constant 0.
W: Adm-4082: [C:/CPLD/pango/2_Tieta_Feiteng/Tieta_Feiteng_1001_PGC7KD69MBG400/rtl/source/common/synclib.v(line number: 285)] Removed bmsWIDEDFFCPE inst mInst[6].nxt[6] that is stuck at constant 0.
W: Adm-4082: [C:/CPLD/pango/2_Tieta_Feiteng/Tieta_Feiteng_1001_PGC7KD69MBG400/rtl/source/common/synclib.v(line number: 285)] Removed bmsWIDEDFFCPE inst mInst[7].nxt[7] that is stuck at constant 0.
W: Adm-4082: [C:/CPLD/pango/2_Tieta_Feiteng/Tieta_Feiteng_1001_PGC7KD69MBG400/rtl/source/common/synclib.v(line number: 285)] Removed bmsWIDEDFFCPE inst mInst[8].nxt[8] that is stuck at constant 0.
W: Adm-4082: [C:/CPLD/pango/2_Tieta_Feiteng/Tieta_Feiteng_1001_PGC7KD69MBG400/rtl/source/common/synclib.v(line number: 285)] Removed bmsWIDEDFFCPE inst mInst[9].nxt[9] that is stuck at constant 0.
W: Adm-4082: [C:/CPLD/pango/2_Tieta_Feiteng/Tieta_Feiteng_1001_PGC7KD69MBG400/rtl/source/common/synclib.v(line number: 285)] Removed bmsWIDEDFFCPE inst mInst[10].nxt[10] that is stuck at constant 0.
W: Adm-4082: [C:/CPLD/pango/2_Tieta_Feiteng/Tieta_Feiteng_1001_PGC7KD69MBG400/rtl/source/common/synclib.v(line number: 285)] Removed bmsWIDEDFFCPE inst mInst[11].nxt[11] that is stuck at constant 0.
W: Adm-4082: [C:/CPLD/pango/2_Tieta_Feiteng/Tieta_Feiteng_1001_PGC7KD69MBG400/rtl/source/common/synclib.v(line number: 285)] Removed bmsWIDEDFFCPE inst mInst[4].out_i[4] that is stuck at constant 0.
W: Adm-4082: [C:/CPLD/pango/2_Tieta_Feiteng/Tieta_Feiteng_1001_PGC7KD69MBG400/rtl/source/common/synclib.v(line number: 285)] Removed bmsWIDEDFFCPE inst mInst[5].out_i[5] that is stuck at constant 0.
W: Adm-4082: [C:/CPLD/pango/2_Tieta_Feiteng/Tieta_Feiteng_1001_PGC7KD69MBG400/rtl/source/common/synclib.v(line number: 285)] Removed bmsWIDEDFFCPE inst mInst[6].out_i[6] that is stuck at constant 0.
W: Adm-4082: [C:/CPLD/pango/2_Tieta_Feiteng/Tieta_Feiteng_1001_PGC7KD69MBG400/rtl/source/common/synclib.v(line number: 285)] Removed bmsWIDEDFFCPE inst mInst[7].out_i[7] that is stuck at constant 0.
W: Adm-4082: [C:/CPLD/pango/2_Tieta_Feiteng/Tieta_Feiteng_1001_PGC7KD69MBG400/rtl/source/common/synclib.v(line number: 285)] Removed bmsWIDEDFFCPE inst mInst[8].out_i[8] that is stuck at constant 0.
W: Adm-4082: [C:/CPLD/pango/2_Tieta_Feiteng/Tieta_Feiteng_1001_PGC7KD69MBG400/rtl/source/common/synclib.v(line number: 285)] Removed bmsWIDEDFFCPE inst mInst[9].out_i[9] that is stuck at constant 0.
W: Adm-4082: [C:/CPLD/pango/2_Tieta_Feiteng/Tieta_Feiteng_1001_PGC7KD69MBG400/rtl/source/common/synclib.v(line number: 285)] Removed bmsWIDEDFFCPE inst mInst[10].out_i[10] that is stuck at constant 0.
W: Adm-4082: [C:/CPLD/pango/2_Tieta_Feiteng/Tieta_Feiteng_1001_PGC7KD69MBG400/rtl/source/common/synclib.v(line number: 285)] Removed bmsWIDEDFFCPE inst mInst[11].out_i[11] that is stuck at constant 0.
W: Adm-4082: [C:/CPLD/pango/2_Tieta_Feiteng/Tieta_Feiteng_1001_PGC7KD69MBG400/rtl/source/common/synclib.v(line number: 370)] Removed bmsWIDEDFFCPE inst mInst[13].nxt_s1[13] that is stuck at constant 1.
W: Adm-4082: [C:/CPLD/pango/2_Tieta_Feiteng/Tieta_Feiteng_1001_PGC7KD69MBG400/rtl/source/common/synclib.v(line number: 370)] Removed bmsWIDEDFFCPE inst mInst[13].nxt[13] that is stuck at constant 1.
W: Adm-4082: [C:/CPLD/pango/2_Tieta_Feiteng/Tieta_Feiteng_1001_PGC7KD69MBG400/rtl/source/common/synclib.v(line number: 370)] Removed bmsWIDEDFFCPE inst mInst[13].out_i[13] that is stuck at constant 1.
I: Removed bmsWIDEDFFCPE inst mInst[5].nxt_s1[5] that is redundant to mInst[0].nxt_s1[0]
I: Removed bmsWIDEDFFCPE inst mInst[5].nxt[5] that is redundant to mInst[0].nxt[0]
I: Removed bmsWIDEDFFCPE inst mInst[21].nxt_s1[21] that is redundant to mInst[2].nxt_s1[2]
I: Removed bmsWIDEDFFCPE inst mInst[22].nxt_s1[22] that is redundant to mInst[2].nxt_s1[2]
I: Removed bmsWIDEDFFCPE inst mInst[23].nxt_s1[23] that is redundant to mInst[2].nxt_s1[2]
I: Removed bmsWIDEDFFCPE inst mInst[24].nxt_s1[24] that is redundant to mInst[2].nxt_s1[2]
I: Removed bmsWIDEDFFCPE inst mInst[25].nxt_s1[25] that is redundant to mInst[2].nxt_s1[2]
I: Removed bmsWIDEDFFCPE inst mInst[26].nxt_s1[26] that is redundant to mInst[2].nxt_s1[2]
I: Removed bmsWIDEDFFCPE inst mInst[27].nxt_s1[27] that is redundant to mInst[2].nxt_s1[2]
I: Removed bmsWIDEDFFCPE inst mInst[28].nxt_s1[28] that is redundant to mInst[2].nxt_s1[2]
I: Removed bmsWIDEDFFCPE inst mInst[29].nxt_s1[29] that is redundant to mInst[2].nxt_s1[2]
I: Removed bmsWIDEDFFCPE inst mInst[30].nxt_s1[30] that is redundant to mInst[2].nxt_s1[2]
I: Removed bmsWIDEDFFCPE inst mInst[31].nxt_s1[31] that is redundant to mInst[2].nxt_s1[2]
I: Removed bmsWIDEDFFCPE inst mInst[32].nxt_s1[32] that is redundant to mInst[2].nxt_s1[2]
I: Removed bmsWIDEDFFCPE inst mInst[21].nxt[21] that is redundant to mInst[2].nxt[2]
I: Removed bmsWIDEDFFCPE inst mInst[22].nxt[22] that is redundant to mInst[2].nxt[2]
I: Removed bmsWIDEDFFCPE inst mInst[23].nxt[23] that is redundant to mInst[2].nxt[2]
I: Removed bmsWIDEDFFCPE inst mInst[24].nxt[24] that is redundant to mInst[2].nxt[2]
I: Removed bmsWIDEDFFCPE inst mInst[25].nxt[25] that is redundant to mInst[2].nxt[2]
I: Removed bmsWIDEDFFCPE inst mInst[26].nxt[26] that is redundant to mInst[2].nxt[2]
I: Removed bmsWIDEDFFCPE inst mInst[27].nxt[27] that is redundant to mInst[2].nxt[2]
I: Removed bmsWIDEDFFCPE inst mInst[28].nxt[28] that is redundant to mInst[2].nxt[2]
I: Removed bmsWIDEDFFCPE inst mInst[29].nxt[29] that is redundant to mInst[2].nxt[2]
I: Removed bmsWIDEDFFCPE inst mInst[30].nxt[30] that is redundant to mInst[2].nxt[2]
I: Removed bmsWIDEDFFCPE inst mInst[31].nxt[31] that is redundant to mInst[2].nxt[2]
I: Removed bmsWIDEDFFCPE inst mInst[32].nxt[32] that is redundant to mInst[2].nxt[2]
W: Adm-4083: [C:/CPLD/pango/2_Tieta_Feiteng/Tieta_Feiteng_1001_PGC7KD69MBG400/rtl/source/common/led_blink_code.v(line number: 181)] Removed bmsWIDEDFFCPE inst events[10:0] at 1 that is stuck at constant 0.
W: Adm-4083: [C:/CPLD/pango/2_Tieta_Feiteng/Tieta_Feiteng_1001_PGC7KD69MBG400/rtl/source/common/led_blink_code.v(line number: 181)] Removed bmsWIDEDFFCPE inst events[10:0] at 2 that is stuck at constant 0.
W: Adm-4083: [C:/CPLD/pango/2_Tieta_Feiteng/Tieta_Feiteng_1001_PGC7KD69MBG400/rtl/source/common/led_blink_code.v(line number: 181)] Removed bmsWIDEDFFCPE inst events[10:0] at 3 that is stuck at constant 0.
W: Adm-4083: [C:/CPLD/pango/2_Tieta_Feiteng/Tieta_Feiteng_1001_PGC7KD69MBG400/rtl/source/common/led_blink_code.v(line number: 181)] Removed bmsWIDEDFFCPE inst events[10:0] at 4 that is stuck at constant 0.
W: Adm-4083: [C:/CPLD/pango/2_Tieta_Feiteng/Tieta_Feiteng_1001_PGC7KD69MBG400/rtl/source/common/led_blink_code.v(line number: 181)] Removed bmsWIDEDFFCPE inst events[10:0] at 5 that is stuck at constant 0.
W: Adm-4083: [C:/CPLD/pango/2_Tieta_Feiteng/Tieta_Feiteng_1001_PGC7KD69MBG400/rtl/source/common/led_blink_code.v(line number: 181)] Removed bmsWIDEDFFCPE inst events[10:0] at 6 that is stuck at constant 0.
W: Adm-4083: [C:/CPLD/pango/2_Tieta_Feiteng/Tieta_Feiteng_1001_PGC7KD69MBG400/rtl/source/common/led_blink_code.v(line number: 181)] Removed bmsWIDEDFFCPE inst events[10:0] at 7 that is stuck at constant 0.
W: Adm-4083: [C:/CPLD/pango/2_Tieta_Feiteng/Tieta_Feiteng_1001_PGC7KD69MBG400/rtl/source/common/led_blink_code.v(line number: 181)] Removed bmsWIDEDFFCPE inst events[10:0] at 8 that is stuck at constant 0.
W: Adm-4083: [C:/CPLD/pango/2_Tieta_Feiteng/Tieta_Feiteng_1001_PGC7KD69MBG400/rtl/source/common/led_blink_code.v(line number: 192)] Removed bmsWIDEDFFCPE inst threshold[3:0] at 2 that is stuck at constant 0.
W: Adm-4083: [C:/CPLD/pango/2_Tieta_Feiteng/Tieta_Feiteng_1001_PGC7KD69MBG400/rtl/source/pwrseq/psu.v(line number: 99)] Removed bmsWIDEDFFCPE inst cur_ps_enable[1:0] at 0 that is stuck at constant 0.
W: Adm-4083: [C:/CPLD/pango/2_Tieta_Feiteng/Tieta_Feiteng_1001_PGC7KD69MBG400/rtl/source/pwrseq/psu.v(line number: 99)] Removed bmsWIDEDFFCPE inst cur_ps_enable[1:0] at 1 that is stuck at constant 0.
W: Adm-4083: [C:/CPLD/pango/2_Tieta_Feiteng/Tieta_Feiteng_1001_PGC7KD69MBG400/rtl/source/pwrseq/psu.v(line number: 136)] Removed bmsWIDEDFFCPE inst in_service[1:0] at 0 that is stuck at constant 0.
W: Adm-4083: [C:/CPLD/pango/2_Tieta_Feiteng/Tieta_Feiteng_1001_PGC7KD69MBG400/rtl/source/pwrseq/psu.v(line number: 136)] Removed bmsWIDEDFFCPE inst in_service[1:0] at 1 that is stuck at constant 0.
W: Adm-4083: [C:/CPLD/pango/2_Tieta_Feiteng/Tieta_Feiteng_1001_PGC7KD69MBG400/rtl/source/pwrseq/psu.v(line number: 111)] Removed bmsWIDEDFFCPE inst ps_on_n[1:0] at 0 that is stuck at constant 0.
W: Adm-4083: [C:/CPLD/pango/2_Tieta_Feiteng/Tieta_Feiteng_1001_PGC7KD69MBG400/rtl/source/pwrseq/psu.v(line number: 111)] Removed bmsWIDEDFFCPE inst ps_on_n[1:0] at 1 that is stuck at constant 0.
W: Adm-4082: [C:/CPLD/pango/2_Tieta_Feiteng/Tieta_Feiteng_1001_PGC7KD69MBG400/rtl/source/common/pwrcap_pwrbtn_led.v(line number: 90)] Removed bmsWIDEDFFCPE inst pwrcap_grn that is stuck at constant 0.
W: Adm-4082: [C:/CPLD/pango/2_Tieta_Feiteng/Tieta_Feiteng_1001_PGC7KD69MBG400/rtl/source/common/pwrcap_pwrbtn_led.v(line number: 102)] Removed bmsWIDEDFFCPE inst pwrcap_amb that is stuck at constant 0.
W: Adm-4083: [C:/CPLD/pango/2_Tieta_Feiteng/Tieta_Feiteng_1001_PGC7KD69MBG400/rtl/source/pwrseq/edge_detect.v(line number: 42)] Removed bmsWIDEDFFCPE inst signal_in_reg[1:0] at 1 that is stuck at constant 0.
W: Adm-4082: [C:/CPLD/pango/2_Tieta_Feiteng/Tieta_Feiteng_1001_PGC7KD69MBG400/rtl/source/pwrseq/pwrseq_slave.v(line number: 1530)] Removed bmsWIDEDFFCPE inst any_lim_recov_fault that is stuck at constant 0.
W: Adm-4082: [C:/CPLD/pango/2_Tieta_Feiteng/Tieta_Feiteng_1001_PGC7KD69MBG400/rtl/source/pwrseq/pwrseq_slave.v(line number: 1530)] Removed bmsWIDEDFFCPE inst any_non_recov_fault that is stuck at constant 0.
W: Adm-4082: [C:/CPLD/pango/2_Tieta_Feiteng/Tieta_Feiteng_1001_PGC7KD69MBG400/rtl/source/pwrseq/pwrseq_slave.v(line number: 1530)] Removed bmsWIDEDFFCPE inst any_pwr_fault_det that is stuck at constant 0.
W: Adm-4082: [C:/CPLD/pango/2_Tieta_Feiteng/Tieta_Feiteng_1001_PGC7KD69MBG400/rtl/source/pwrseq/pwrseq_slave.v(line number: 1530)] Removed bmsWIDEDFFCPE inst any_recov_fault that is stuck at constant 0.
W: Adm-4083: [C:/CPLD/pango/2_Tieta_Feiteng/Tieta_Feiteng_1001_PGC7KD69MBG400/rtl/source/common/synclib.v(line number: 138)] Removed bmsWIDEDFFCPE inst ff_s1[4:0] at 2 that is stuck at constant 0.
W: Adm-4083: [C:/CPLD/pango/2_Tieta_Feiteng/Tieta_Feiteng_1001_PGC7KD69MBG400/rtl/source/common/synclib.v(line number: 138)] Removed bmsWIDEDFFCPE inst dout[4:0] at 2 that is stuck at constant 0.
W: Adm-4083: [C:/CPLD/pango/2_Tieta_Feiteng/Tieta_Feiteng_1001_PGC7KD69MBG400/rtl/source/common/system_reset.v(line number: 158)] Removed bmsWIDEDFFCPE inst hsb_rst_count[1:0] at 0 that is stuck at constant 0.
W: Adm-4083: [C:/CPLD/pango/2_Tieta_Feiteng/Tieta_Feiteng_1001_PGC7KD69MBG400/rtl/source/common/system_reset.v(line number: 158)] Removed bmsWIDEDFFCPE inst hsb_rst_count[1:0] at 1 that is stuck at constant 0.
W: Adm-4082: [C:/CPLD/pango/2_Tieta_Feiteng/Tieta_Feiteng_1001_PGC7KD69MBG400/rtl/source/common/system_reset.v(line number: 158)] Removed bmsWIDEDFFCPE inst hsb_fail_n that is stuck at constant 1.
W: Adm-4083: [C:/CPLD/pango/2_Tieta_Feiteng/Tieta_Feiteng_1001_PGC7KD69MBG400/rtl/source/common/system_reset.v(line number: 123)] Removed bmsWIDEDFFCPE inst bootnext_count[4:0] at 0 that is stuck at constant 0.
W: Adm-4083: [C:/CPLD/pango/2_Tieta_Feiteng/Tieta_Feiteng_1001_PGC7KD69MBG400/rtl/source/common/system_reset.v(line number: 123)] Removed bmsWIDEDFFCPE inst bootnext_count[4:0] at 1 that is stuck at constant 0.
W: Adm-4083: [C:/CPLD/pango/2_Tieta_Feiteng/Tieta_Feiteng_1001_PGC7KD69MBG400/rtl/source/common/system_reset.v(line number: 123)] Removed bmsWIDEDFFCPE inst bootnext_count[4:0] at 2 that is stuck at constant 0.
W: Adm-4083: [C:/CPLD/pango/2_Tieta_Feiteng/Tieta_Feiteng_1001_PGC7KD69MBG400/rtl/source/common/system_reset.v(line number: 123)] Removed bmsWIDEDFFCPE inst bootnext_count[4:0] at 3 that is stuck at constant 0.
W: Adm-4083: [C:/CPLD/pango/2_Tieta_Feiteng/Tieta_Feiteng_1001_PGC7KD69MBG400/rtl/source/common/system_reset.v(line number: 123)] Removed bmsWIDEDFFCPE inst bootnext_count[4:0] at 4 that is stuck at constant 0.
W: Adm-4082: [C:/CPLD/pango/2_Tieta_Feiteng/Tieta_Feiteng_1001_PGC7KD69MBG400/rtl/source/common/system_reset.v(line number: 123)] Removed bmsWIDEDFFCPE inst hsb_reset that is stuck at constant 0.
W: Adm-4083: [C:/CPLD/pango/2_Tieta_Feiteng/Tieta_Feiteng_1001_PGC7KD69MBG400/rtl/source/common/thermal.v(line number: 61)] Removed bmsWIDEDFFCPE inst qual_cpu_vr_hot_n[1:0] at 0 that is stuck at constant 0.
W: Adm-4083: [C:/CPLD/pango/2_Tieta_Feiteng/Tieta_Feiteng_1001_PGC7KD69MBG400/rtl/source/common/thermal.v(line number: 61)] Removed bmsWIDEDFFCPE inst qual_cpu_vr_hot_n[1:0] at 1 that is stuck at constant 0.
W: Adm-4083: [C:/CPLD/pango/2_Tieta_Feiteng/Tieta_Feiteng_1001_PGC7KD69MBG400/rtl/source/common/thermal.v(line number: 61)] Removed bmsWIDEDFFCPE inst qual_mem_vr_hot_n[3:0] at 0 that is stuck at constant 0.
W: Adm-4083: [C:/CPLD/pango/2_Tieta_Feiteng/Tieta_Feiteng_1001_PGC7KD69MBG400/rtl/source/common/thermal.v(line number: 61)] Removed bmsWIDEDFFCPE inst qual_mem_vr_hot_n[3:0] at 1 that is stuck at constant 0.
W: Adm-4083: [C:/CPLD/pango/2_Tieta_Feiteng/Tieta_Feiteng_1001_PGC7KD69MBG400/rtl/source/common/thermal.v(line number: 61)] Removed bmsWIDEDFFCPE inst qual_mem_vr_hot_n[3:0] at 2 that is stuck at constant 0.
W: Adm-4083: [C:/CPLD/pango/2_Tieta_Feiteng/Tieta_Feiteng_1001_PGC7KD69MBG400/rtl/source/common/thermal.v(line number: 61)] Removed bmsWIDEDFFCPE inst qual_mem_vr_hot_n[3:0] at 3 that is stuck at constant 0.
W: Adm-4083: [C:/CPLD/pango/2_Tieta_Feiteng/Tieta_Feiteng_1001_PGC7KD69MBG400/rtl/source/common/thermal.v(line number: 61)] Removed bmsWIDEDFFCPE inst qual_cpu_ab_alert[1:0] at 0 that is stuck at constant 0.
W: Adm-4083: [C:/CPLD/pango/2_Tieta_Feiteng/Tieta_Feiteng_1001_PGC7KD69MBG400/rtl/source/common/thermal.v(line number: 61)] Removed bmsWIDEDFFCPE inst qual_cpu_ab_alert[1:0] at 1 that is stuck at constant 0.
W: Adm-4083: [C:/CPLD/pango/2_Tieta_Feiteng/Tieta_Feiteng_1001_PGC7KD69MBG400/rtl/source/common/thermal.v(line number: 61)] Removed bmsWIDEDFFCPE inst qual_cpu_cd_alert[1:0] at 0 that is stuck at constant 0.
W: Adm-4083: [C:/CPLD/pango/2_Tieta_Feiteng/Tieta_Feiteng_1001_PGC7KD69MBG400/rtl/source/common/thermal.v(line number: 61)] Removed bmsWIDEDFFCPE inst qual_cpu_cd_alert[1:0] at 1 that is stuck at constant 0.
W: Adm-4082: [C:/CPLD/pango/2_Tieta_Feiteng/Tieta_Feiteng_1001_PGC7KD69MBG400/rtl/source/common/thermal.v(line number: 92)] Removed bmsWIDEDFFCPE inst sensor_thermtrip that is stuck at constant 0.
I: Encoding type of FSM 'curr_state_fsm[2:0]' is: onehot.
I: Encoding table of FSM 'curr_state_fsm[2:0]':
I: from  uart_master_u1/curr_state[2] uart_master_u1/curr_state[1] uart_master_u1/curr_state[0]
I: to  uart_master_u1/curr_state_reg[7] uart_master_u1/curr_state_reg[6] uart_master_u1/curr_state_reg[5] uart_master_u1/curr_state_reg[4] uart_master_u1/curr_state_reg[3] uart_master_u1/curr_state_reg[2] uart_master_u1/curr_state_reg[1] uart_master_u1/curr_state_reg[0]
I: 000 => 00000001
I: 001 => 00000010
I: 010 => 00000100
I: 011 => 00001000
I: 100 => 00010000
I: 101 => 00100000
I: 110 => 01000000
I: 111 => 10000000
I: Encoding type of FSM 'r_flag_uid_fsm[7:0]' is: original.
I: Encoding table of FSM 'r_flag_uid_fsm[7:0]':
I: from  UID_Function_u0/r_flag_uid[7] UID_Function_u0/r_flag_uid[6] UID_Function_u0/r_flag_uid[5] UID_Function_u0/r_flag_uid[4] UID_Function_u0/r_flag_uid[3] UID_Function_u0/r_flag_uid[2] UID_Function_u0/r_flag_uid[1] UID_Function_u0/r_flag_uid[0]
I: to  UID_Function_u0/r_flag_uid_reg[7] UID_Function_u0/r_flag_uid_reg[6] UID_Function_u0/r_flag_uid_reg[5] UID_Function_u0/r_flag_uid_reg[4] UID_Function_u0/r_flag_uid_reg[3] UID_Function_u0/r_flag_uid_reg[2] UID_Function_u0/r_flag_uid_reg[1] UID_Function_u0/r_flag_uid_reg[0]
I: 00000000 => 00000000
I: 00000001 => 00000001
I: 11111111 => 11111111
I: Encoding type of FSM 'r_I2C_state_fsm[4:0]' is: onehot.
I: Encoding table of FSM 'r_I2C_state_fsm[4:0]':
I: from  bmc_cpld_i2c_ram_u0/i2c_slave_bmc_u0/i2c_slave_basic0_u0/r_I2C_state[4] bmc_cpld_i2c_ram_u0/i2c_slave_bmc_u0/i2c_slave_basic0_u0/r_I2C_state[3] bmc_cpld_i2c_ram_u0/i2c_slave_bmc_u0/i2c_slave_basic0_u0/r_I2C_state[2] bmc_cpld_i2c_ram_u0/i2c_slave_bmc_u0/i2c_slave_basic0_u0/r_I2C_state[1] bmc_cpld_i2c_ram_u0/i2c_slave_bmc_u0/i2c_slave_basic0_u0/r_I2C_state[0]
I: to  bmc_cpld_i2c_ram_u0/i2c_slave_bmc_u0/i2c_slave_basic0_u0/r_I2C_state_reg[19] bmc_cpld_i2c_ram_u0/i2c_slave_bmc_u0/i2c_slave_basic0_u0/r_I2C_state_reg[18] bmc_cpld_i2c_ram_u0/i2c_slave_bmc_u0/i2c_slave_basic0_u0/r_I2C_state_reg[17] bmc_cpld_i2c_ram_u0/i2c_slave_bmc_u0/i2c_slave_basic0_u0/r_I2C_state_reg[16] bmc_cpld_i2c_ram_u0/i2c_slave_bmc_u0/i2c_slave_basic0_u0/r_I2C_state_reg[15] bmc_cpld_i2c_ram_u0/i2c_slave_bmc_u0/i2c_slave_basic0_u0/r_I2C_state_reg[14] bmc_cpld_i2c_ram_u0/i2c_slave_bmc_u0/i2c_slave_basic0_u0/r_I2C_state_reg[13] bmc_cpld_i2c_ram_u0/i2c_slave_bmc_u0/i2c_slave_basic0_u0/r_I2C_state_reg[12] bmc_cpld_i2c_ram_u0/i2c_slave_bmc_u0/i2c_slave_basic0_u0/r_I2C_state_reg[11] bmc_cpld_i2c_ram_u0/i2c_slave_bmc_u0/i2c_slave_basic0_u0/r_I2C_state_reg[10] bmc_cpld_i2c_ram_u0/i2c_slave_bmc_u0/i2c_slave_basic0_u0/r_I2C_state_reg[9] bmc_cpld_i2c_ram_u0/i2c_slave_bmc_u0/i2c_slave_basic0_u0/r_I2C_state_reg[8] bmc_cpld_i2c_ram_u0/i2c_slave_bmc_u0/i2c_slave_basic0_u0/r_I2C_state_reg[7] bmc_cpld_i2c_ram_u0/i2c_slave_bmc_u0/i2c_slave_basic0_u0/r_I2C_state_reg[6] bmc_cpld_i2c_ram_u0/i2c_slave_bmc_u0/i2c_slave_basic0_u0/r_I2C_state_reg[5] bmc_cpld_i2c_ram_u0/i2c_slave_bmc_u0/i2c_slave_basic0_u0/r_I2C_state_reg[4] bmc_cpld_i2c_ram_u0/i2c_slave_bmc_u0/i2c_slave_basic0_u0/r_I2C_state_reg[3] bmc_cpld_i2c_ram_u0/i2c_slave_bmc_u0/i2c_slave_basic0_u0/r_I2C_state_reg[2] bmc_cpld_i2c_ram_u0/i2c_slave_bmc_u0/i2c_slave_basic0_u0/r_I2C_state_reg[1] bmc_cpld_i2c_ram_u0/i2c_slave_bmc_u0/i2c_slave_basic0_u0/r_I2C_state_reg[0]
I: 00000 => 00000000000000000001
I: 00001 => 00000000000000000010
I: 00010 => 00000000000000000100
I: 00011 => 00000000000000001000
I: 00100 => 00000000000000010000
I: 00101 => 00000000000000100000
I: 00110 => 00000000000001000000
I: 00111 => 00000000000010000000
I: 01000 => 00000000000100000000
I: 01001 => 00000000001000000000
I: 01010 => 00000000010000000000
I: 01011 => 00000000100000000000
I: 01100 => 00000001000000000000
I: 01101 => 00000010000000000000
I: 01110 => 00000100000000000000
I: 01111 => 00001000000000000000
I: 10000 => 00010000000000000000
I: 10001 => 00100000000000000000
I: 10010 => 01000000000000000000
I: 10011 => 10000000000000000000
W: Public-4008: [C:/CPLD/pango/2_Tieta_Feiteng/Tieta_Feiteng_1001_PGC7KD69MBG400/rtl/source/common/synclib.v(line number: 285)] Instance 'db_bp_pgood_fault/cnt[8][2:0]' of 'bmsWIDEDFFCPE' unit is dangling and will be cleaned.
W: Public-4008: [C:/CPLD/pango/2_Tieta_Feiteng/Tieta_Feiteng_1001_PGC7KD69MBG400/rtl/source/common/synclib.v(line number: 285)] Instance 'db_bp_pgood_fault/cnt[9][2:0]' of 'bmsWIDEDFFCPE' unit is dangling and will be cleaned.
W: Public-4008: [C:/CPLD/pango/2_Tieta_Feiteng/Tieta_Feiteng_1001_PGC7KD69MBG400/rtl/source/common/synclib.v(line number: 285)] Instance 'db_bp_pgood_fault/cnt[11][2:0]' of 'bmsWIDEDFFCPE' unit is dangling and will be cleaned.
W: Public-4008: [C:/CPLD/pango/2_Tieta_Feiteng/Tieta_Feiteng_1001_PGC7KD69MBG400/rtl/source/common/synclib.v(line number: 285)] Instance 'db_bp_pgood_fault/cnt[5][2:0]' of 'bmsWIDEDFFCPE' unit is dangling and will be cleaned.
W: Public-4008: [C:/CPLD/pango/2_Tieta_Feiteng/Tieta_Feiteng_1001_PGC7KD69MBG400/rtl/source/common/synclib.v(line number: 285)] Instance 'db_bp_pgood_fault/cnt[10][2:0]' of 'bmsWIDEDFFCPE' unit is dangling and will be cleaned.
W: Public-4008: [C:/CPLD/pango/2_Tieta_Feiteng/Tieta_Feiteng_1001_PGC7KD69MBG400/rtl/source/common/synclib.v(line number: 285)] Instance 'db_bp_pgood_fault/cnt[4][2:0]' of 'bmsWIDEDFFCPE' unit is dangling and will be cleaned.
W: Public-4008: [C:/CPLD/pango/2_Tieta_Feiteng/Tieta_Feiteng_1001_PGC7KD69MBG400/rtl/source/common/synclib.v(line number: 285)] Instance 'db_bp_pgood_fault/cnt[6][2:0]' of 'bmsWIDEDFFCPE' unit is dangling and will be cleaned.
W: Public-4008: [C:/CPLD/pango/2_Tieta_Feiteng/Tieta_Feiteng_1001_PGC7KD69MBG400/rtl/source/common/synclib.v(line number: 285)] Instance 'db_bp_pgood_fault/cnt[7][2:0]' of 'bmsWIDEDFFCPE' unit is dangling and will be cleaned.
W: Public-4008: [C:/CPLD/pango/2_Tieta_Feiteng/Tieta_Feiteng_1001_PGC7KD69MBG400/rtl/source/common/synclib.v(line number: 370)] Instance 'db_inst_cpu_rail/cnt[13][2:0]' of 'bmsWIDEDFFCPE' unit is dangling and will be cleaned.
I: Encoding type of FSM 'state_fsm[1:0]' is: original.
I: Encoding table of FSM 'state_fsm[1:0]':
I: from  led_blink_code_inst/state[1] led_blink_code_inst/state[0]
I: to  led_blink_code_inst/state_reg[1] led_blink_code_inst/state_reg[0]
I: 00 => 00
I: 01 => 01
I: 10 => 10
I: 11 => 11
I: Encoding type of FSM 'curr_state_fsm[2:0]' is: onehot.
I: Encoding table of FSM 'curr_state_fsm[2:0]':
I: from  uart_master_u2/curr_state[2] uart_master_u2/curr_state[1] uart_master_u2/curr_state[0]
I: to  uart_master_u2/curr_state_reg[7] uart_master_u2/curr_state_reg[6] uart_master_u2/curr_state_reg[5] uart_master_u2/curr_state_reg[4] uart_master_u2/curr_state_reg[3] uart_master_u2/curr_state_reg[2] uart_master_u2/curr_state_reg[1] uart_master_u2/curr_state_reg[0]
I: 000 => 00000001
I: 001 => 00000010
I: 010 => 00000100
I: 011 => 00001000
I: 100 => 00010000
I: 101 => 00100000
I: 110 => 01000000
I: 111 => 10000000
I: Encoding type of FSM 'state_fsm[5:0]' is: onehot.
I: Encoding table of FSM 'state_fsm[5:0]':
I: from  pwrseq_master_inst/state[5] pwrseq_master_inst/state[4] pwrseq_master_inst/state[3] pwrseq_master_inst/state[2] pwrseq_master_inst/state[1] pwrseq_master_inst/state[0]
I: to  pwrseq_master_inst/state_reg[31] pwrseq_master_inst/state_reg[30] pwrseq_master_inst/state_reg[29] pwrseq_master_inst/state_reg[28] pwrseq_master_inst/state_reg[27] pwrseq_master_inst/state_reg[26] pwrseq_master_inst/state_reg[25] pwrseq_master_inst/state_reg[24] pwrseq_master_inst/state_reg[23] pwrseq_master_inst/state_reg[22] pwrseq_master_inst/state_reg[21] pwrseq_master_inst/state_reg[20] pwrseq_master_inst/state_reg[19] pwrseq_master_inst/state_reg[18] pwrseq_master_inst/state_reg[17] pwrseq_master_inst/state_reg[16] pwrseq_master_inst/state_reg[15] pwrseq_master_inst/state_reg[14] pwrseq_master_inst/state_reg[13] pwrseq_master_inst/state_reg[12] pwrseq_master_inst/state_reg[11] pwrseq_master_inst/state_reg[10] pwrseq_master_inst/state_reg[9] pwrseq_master_inst/state_reg[8] pwrseq_master_inst/state_reg[7] pwrseq_master_inst/state_reg[6] pwrseq_master_inst/state_reg[5] pwrseq_master_inst/state_reg[4] pwrseq_master_inst/state_reg[3] pwrseq_master_inst/state_reg[2] pwrseq_master_inst/state_reg[1] pwrseq_master_inst/state_reg[0]
I: 000000 => 00000000000000000000000000000001
I: 000001 => 00000000000000000000000000000010
I: 000010 => 00000000000000000000000000000100
I: 000011 => 00000000000000000000000000001000
I: 000100 => 00000000000000000000000000010000
I: 000101 => 00000000000000000000000000100000
I: 000110 => 00000000000000000000000001000000
I: 000111 => 00000000000000000000000010000000
I: 001000 => 00000000000000000000000100000000
I: 001001 => 00000000000000000000001000000000
I: 001010 => 00000000000000000000010000000000
I: 001011 => 00000000000000000000100000000000
I: 001100 => 00000000000000000001000000000000
I: 001101 => 00000000000000000010000000000000
I: 001110 => 00000000000000000100000000000000
I: 001111 => 00000000000000001000000000000000
I: 010000 => 00000000000000010000000000000000
I: 010001 => 00000000000000100000000000000000
I: 010010 => 00000000000001000000000000000000
I: 010011 => 00000000000010000000000000000000
I: 010100 => 00000000000100000000000000000000
I: 010101 => 00000000001000000000000000000000
I: 010110 => 00000000010000000000000000000000
I: 010111 => 00000000100000000000000000000000
I: 011000 => 00000001000000000000000000000000
I: 011001 => 00000010000000000000000000000000
I: 011010 => 00000100000000000000000000000000
I: 011011 => 00001000000000000000000000000000
I: 011100 => 00010000000000000000000000000000
I: 011101 => 00100000000000000000000000000000
I: 011110 => 01000000000000000000000000000000
I: 011111 => 10000000000000000000000000000000
I: Removed bmsREDOR inst N577 that is redundant to N187_0
I: Removed bmsREDOR inst N222_0 that is redundant to N187_0
I: Removed bmsREDOR inst N229_0 that is redundant to N187_0
I: Removed bmsREDOR inst off_state_2 that is redundant to N187_0
I: CounterOpt reduce bits [4:2] of wait_time[4:0] to const.
I: CounterOpt reduce bits [4:2] of wait_time[4:0] to const.
W: Adm-4019: [C:/CPLD/pango/2_Tieta_Feiteng/Tieta_Feiteng_1001_PGC7KD69MBG400/rtl/source/common/UID_Function.v(line number: 353)] Unable to further flatten instance 'lowpass_filter_U1'. The design is empty.
W: Public-4008: [C:/CPLD/pango/2_Tieta_Feiteng/Tieta_Feiteng_1001_PGC7KD69MBG400/rtl/source/common/thermal.v(line number: 92)] Instance 'thermal_inst/cpu_thermtrip_r[1:0]' of 'bmsWIDEDFFCPE' unit is dangling and will be cleaned.
W: Public-4008: [C:/CPLD/pango/2_Tieta_Feiteng/Tieta_Feiteng_1001_PGC7KD69MBG400/rtl/source/pwrseq/fault_detectB_chklive.v(line number: 72)] Instance 'pwrseq_slave_inst/p3v3_fault_det_inst/any_vrm_fault' of 'bmsWIDEDFFCPE' unit is dangling and will be cleaned.
W: Adm-4083: [C:/CPLD/pango/2_Tieta_Feiteng/Tieta_Feiteng_1001_PGC7KD69MBG400/rtl/source/communication/uart_master.v(line number: 99)] Removed bmsWIDEDFFCPE inst wait_time[4:0] at 2 that is stuck at constant 0.
W: Adm-4083: [C:/CPLD/pango/2_Tieta_Feiteng/Tieta_Feiteng_1001_PGC7KD69MBG400/rtl/source/communication/uart_master.v(line number: 99)] Removed bmsWIDEDFFCPE inst wait_time[4:0] at 2 that is stuck at constant 0.
W: Adm-4083: [C:/CPLD/pango/2_Tieta_Feiteng/Tieta_Feiteng_1001_PGC7KD69MBG400/rtl/source/pwrseq/pwrseq_master.v(line number: 239)] Removed bmsWIDEDFFCPE inst power_seq_sm_last[5:0] at 5 that is stuck at constant 0.
W: Adm-4082: [C:/CPLD/pango/2_Tieta_Feiteng/Tieta_Feiteng_1001_PGC7KD69MBG400/rtl/source/pwrseq/pwrseq_master.v(line number: 683)] Removed bmsWIDEDFFCPE inst rt_critical_fail_store that is stuck at constant 0.
I: Removed bmsWIDEDFFCPE inst stby_failure_detected that is redundant to rt_failure_detected
Executing : pre-mapping successfully. Time elapsed: 0.828s wall, 0.938s user + 0.109s system = 1.047s CPU (126.4%)

Start mod-gen.
I: Removed bmsLT inst genblk1[2].fan_pwm_tach_m/fan_pwm_cnt_u0/N6 that is redundant to genblk1[2].fan_pwm_tach_m/N15
I: Removed bmsLT inst genblk1[0].fan_pwm_tach_m/fan_pwm_cnt_u0/N6 that is redundant to genblk1[0].fan_pwm_tach_m/N15
I: Removed bmsLT inst genblk1[3].fan_pwm_tach_m/fan_pwm_cnt_u0/N6 that is redundant to genblk1[3].fan_pwm_tach_m/N15
I: Removed bmsLT inst genblk1[1].fan_pwm_tach_m/fan_pwm_cnt_u0/N6 that is redundant to genblk1[1].fan_pwm_tach_m/N15
I: Removed bmsWIDEDFFCPE inst pon_reset_inst/pon_reset_db_n that is redundant to UID_Function_u0/Edge_Detect_U1/r_signal_c
I: Removed bmsWIDEDFFCPE inst pwrseq_slave_inst/pgd_so_far that is redundant to UID_Function_u0/Edge_Detect_U1/r_signal_c
I: Removed bmsWIDEDFFCPE inst pwrseq_slave_inst/p3v3_stby_fault_detect_inst/_fault_detect_[0].chklive_en[0] that is redundant to pwrseq_slave_inst/p3v3_stby_bp_fault_detect_inst/_fault_detect_[0].chklive_en[0]
I: Removed bmsWIDEDFFCPE inst genblk1[1].fan_pwm_tach_m/Edge_Detect_u0/r_signal_a that is redundant to genblk1[0].fan_pwm_tach_m/Edge_Detect_u0/r_signal_a
I: Removed bmsWIDEDFFCPE inst genblk1[2].fan_pwm_tach_m/Edge_Detect_u0/r_signal_a that is redundant to genblk1[0].fan_pwm_tach_m/Edge_Detect_u0/r_signal_a
I: Removed bmsWIDEDFFCPE inst genblk1[3].fan_pwm_tach_m/Edge_Detect_u0/r_signal_a that is redundant to genblk1[0].fan_pwm_tach_m/Edge_Detect_u0/r_signal_a
I: Removed bmsWIDEDFFCPE inst pwrseq_slave_inst/_HD_BP_PWR_DETECT_BLOCK_[1].inst_hd_bp_pwr_fault_det/_fault_detect_[0].chklive_en[0] that is redundant to pwrseq_slave_inst/_HD_BP_PWR_DETECT_BLOCK_[0].inst_hd_bp_pwr_fault_det/_fault_detect_[0].chklive_en[0]
I: Removed bmsWIDEDFFCPE inst pwrseq_slave_inst/_CPU_THERMTRIP_DETECT_BLOCK_[1].inst_cpu_thermtrip_fault_det/_fault_detect_[0].chklive_en[0] that is redundant to pwrseq_slave_inst/_CPU_THERMTRIP_DETECT_BLOCK_[0].inst_cpu_thermtrip_fault_det/_fault_detect_[0].chklive_en[0]
I: Removed bmsWIDEDFFCPE inst genblk1[1].fan_pwm_tach_m/Edge_Detect_u1/r_signal_c that is redundant to genblk1[0].fan_pwm_tach_m/Edge_Detect_u1/r_signal_c
I: Removed bmsWIDEDFFCPE inst genblk1[2].fan_pwm_tach_m/Edge_Detect_u1/r_signal_c that is redundant to genblk1[0].fan_pwm_tach_m/Edge_Detect_u1/r_signal_c
I: Removed bmsWIDEDFFCPE inst genblk1[3].fan_pwm_tach_m/Edge_Detect_u1/r_signal_c that is redundant to genblk1[0].fan_pwm_tach_m/Edge_Detect_u1/r_signal_c
I: Removed bmsWIDEDFFCPE inst UID_Function_u0/r0_UID_BTN_ALL_dly that is redundant to UID_Function_u0/Edge_Detect_U0/r_signal_a
I: Removed bmsWIDEDFFCPE inst genblk1[1].fan_pwm_tach_m/Edge_Detect_u0/r_signal_c that is redundant to genblk1[0].fan_pwm_tach_m/Edge_Detect_u0/r_signal_c
I: Removed bmsWIDEDFFCPE inst genblk1[2].fan_pwm_tach_m/Edge_Detect_u0/r_signal_c that is redundant to genblk1[0].fan_pwm_tach_m/Edge_Detect_u0/r_signal_c
I: Removed bmsWIDEDFFCPE inst genblk1[3].fan_pwm_tach_m/Edge_Detect_u0/r_signal_c that is redundant to genblk1[0].fan_pwm_tach_m/Edge_Detect_u0/r_signal_c
I: Removed bmsWIDEDFFCPE inst pwrseq_slave_inst/p12v_cpu0_vin_fault_fault_detect_inst/_fault_detect_[0].chklive_en[0] that is redundant to pwrseq_slave_inst/p12_fault_detect_inst/_fault_detect_[0].chklive_en[0]
I: Removed bmsWIDEDFFCPE inst pwrseq_slave_inst/p12v_cpu1_vin_fault_detect_inst/_fault_detect_[0].chklive_en[0] that is redundant to pwrseq_slave_inst/p12_fault_detect_inst/_fault_detect_[0].chklive_en[0]
I: Removed bmsWIDEDFFCPE inst genblk1[1].fan_pwm_tach_m/Edge_Detect_u1/r_signal_a that is redundant to genblk1[0].fan_pwm_tach_m/Edge_Detect_u1/r_signal_a
I: Removed bmsWIDEDFFCPE inst genblk1[2].fan_pwm_tach_m/Edge_Detect_u1/r_signal_a that is redundant to genblk1[0].fan_pwm_tach_m/Edge_Detect_u1/r_signal_a
I: Removed bmsWIDEDFFCPE inst genblk1[3].fan_pwm_tach_m/Edge_Detect_u1/r_signal_a that is redundant to genblk1[0].fan_pwm_tach_m/Edge_Detect_u1/r_signal_a
I: Removed bmsWIDEDFFCPE inst genblk1[1].fan_pwm_tach_m/Edge_Detect_u1/r_signal_b that is redundant to genblk1[0].fan_pwm_tach_m/Edge_Detect_u1/r_signal_b
I: Removed bmsWIDEDFFCPE inst genblk1[2].fan_pwm_tach_m/Edge_Detect_u1/r_signal_b that is redundant to genblk1[0].fan_pwm_tach_m/Edge_Detect_u1/r_signal_b
I: Removed bmsWIDEDFFCPE inst genblk1[3].fan_pwm_tach_m/Edge_Detect_u1/r_signal_b that is redundant to genblk1[0].fan_pwm_tach_m/Edge_Detect_u1/r_signal_b
I: Removed bmsWIDEDFFCPE inst genblk1[1].fan_pwm_tach_m/Edge_Detect_u0/r_signal_d that is redundant to genblk1[0].fan_pwm_tach_m/Edge_Detect_u0/r_signal_d
I: Removed bmsWIDEDFFCPE inst genblk1[2].fan_pwm_tach_m/Edge_Detect_u0/r_signal_d that is redundant to genblk1[0].fan_pwm_tach_m/Edge_Detect_u0/r_signal_d
I: Removed bmsWIDEDFFCPE inst genblk1[3].fan_pwm_tach_m/Edge_Detect_u0/r_signal_d that is redundant to genblk1[0].fan_pwm_tach_m/Edge_Detect_u0/r_signal_d
I: Removed bmsWIDEDFFCPE inst UID_Function_u0/r1_UID_BTN_ALL_dly that is redundant to UID_Function_u0/Edge_Detect_U0/r_signal_b
I: Removed bmsWIDEDFFCPE inst genblk1[1].fan_pwm_tach_m/Edge_Detect_u0/r_signal_b that is redundant to genblk1[0].fan_pwm_tach_m/Edge_Detect_u0/r_signal_b
I: Removed bmsWIDEDFFCPE inst genblk1[2].fan_pwm_tach_m/Edge_Detect_u0/r_signal_b that is redundant to genblk1[0].fan_pwm_tach_m/Edge_Detect_u0/r_signal_b
I: Removed bmsWIDEDFFCPE inst genblk1[3].fan_pwm_tach_m/Edge_Detect_u0/r_signal_b that is redundant to genblk1[0].fan_pwm_tach_m/Edge_Detect_u0/r_signal_b
I: Removed bmsWIDEDFFCPE inst genblk1[1].fan_pwm_tach_m/Edge_Detect_u1/r_signal_d that is redundant to genblk1[0].fan_pwm_tach_m/Edge_Detect_u1/r_signal_d
I: Removed bmsWIDEDFFCPE inst genblk1[2].fan_pwm_tach_m/Edge_Detect_u1/r_signal_d that is redundant to genblk1[0].fan_pwm_tach_m/Edge_Detect_u1/r_signal_d
I: Removed bmsWIDEDFFCPE inst genblk1[3].fan_pwm_tach_m/Edge_Detect_u1/r_signal_d that is redundant to genblk1[0].fan_pwm_tach_m/Edge_Detect_u1/r_signal_d
E: DRC-1021: Net _$$_VCC_$$_ has multiple drivers in module Tieta_Feiteng_1001_top (see run.log for details).
    module 'bmsVCC' inst '_$$_VCC_$$_' out pin 'Z'
    module 'bmsNETLINK' inst 'opit_27 [C:/CPLD/pango/2_Tieta_Feiteng/Tieta_Feiteng_1001_PGC7KD69MBG400/rtl/source/Tieta_Feiteng_1001_top.v(line number:2991)]' out pin 'Z'

Program Error Out.
Action synthesize: Real time elapsed is 0h:0m:5s
Action synthesize: CPU time elapsed is 0h:0m:3s
Action synthesize: Process CPU time elapsed is 0h:0m:3s
Action synthesize: Peak memory pool usage is 241 MB

Current time: Wed Mar 11 12:55:55 2026
Parse module hierarchy of project 'C:/CPLD/pango/2_Tieta_Feiteng/Tieta_Feiteng_1001_PGC7KD69MBG400/prj/Tieta_M/temp_projects/Main_Flow/Main_Flow.pds' (ADS Parser)
I: Flow-6004: Design file modified: 'C:/CPLD/pango/2_Tieta_Feiteng/Tieta_Feiteng_1001_PGC7KD69MBG400/rtl/source/Tieta_Feiteng_1001_top.v'. 
Parse module hierarchy of project 'C:/CPLD/pango/2_Tieta_Feiteng/Tieta_Feiteng_1001_PGC7KD69MBG400/prj/Tieta_M/temp_projects/Main_Flow/Main_Flow.pds' (ADS Parser)
I: Flow-6004: Design file modified: 'C:/CPLD/pango/2_Tieta_Feiteng/Tieta_Feiteng_1001_PGC7KD69MBG400/rtl/source/button_ctrl/power_button.v'. 
Parse module hierarchy of project 'C:/CPLD/pango/2_Tieta_Feiteng/Tieta_Feiteng_1001_PGC7KD69MBG400/prj/Tieta_M/temp_projects/Main_Flow/Main_Flow.pds' (ADS Parser)
I: Flow-6004: Design file modified: 'C:/CPLD/pango/2_Tieta_Feiteng/Tieta_Feiteng_1001_PGC7KD69MBG400/rtl/source/common/thermal.v'. 
Parse module hierarchy of project 'C:/CPLD/pango/2_Tieta_Feiteng/Tieta_Feiteng_1001_PGC7KD69MBG400/prj/Tieta_M/temp_projects/Main_Flow/Main_Flow.pds' (ADS Parser)
I: Flow-6004: Design file modified: 'C:/CPLD/pango/2_Tieta_Feiteng/Tieta_Feiteng_1001_PGC7KD69MBG400/rtl/source/pwrseq/pwrcap.v'. 
Parse module hierarchy of project 'C:/CPLD/pango/2_Tieta_Feiteng/Tieta_Feiteng_1001_PGC7KD69MBG400/prj/Tieta_M/temp_projects/Main_Flow/Main_Flow.pds' (ADS Parser)
I: Flow-6004: Design file modified: 'C:/CPLD/pango/2_Tieta_Feiteng/Tieta_Feiteng_1001_PGC7KD69MBG400/rtl/source/pwrseq/pwrseq_master.v'. 
Parse module hierarchy of project 'C:/CPLD/pango/2_Tieta_Feiteng/Tieta_Feiteng_1001_PGC7KD69MBG400/prj/Tieta_M/temp_projects/Main_Flow/Main_Flow.pds' (ADS Parser)
I: Flow-6004: Design file modified: 'C:/CPLD/pango/2_Tieta_Feiteng/Tieta_Feiteng_1001_PGC7KD69MBG400/rtl/source/pwrseq/pwrseq_slave.v'. 
Parse module hierarchy of project 'C:/CPLD/pango/2_Tieta_Feiteng/Tieta_Feiteng_1001_PGC7KD69MBG400/prj/Tieta_M/temp_projects/Main_Flow/Main_Flow.pds' (ADS Parser)
I: Flow-6004: Design file modified: 'C:/CPLD/pango/2_Tieta_Feiteng/Tieta_Feiteng_1001_PGC7KD69MBG400/rtl/source/common/pwrcap_pwrbtn_led.v'. 
E: Verilog-4104: [C:/CPLD/pango/2_Tieta_Feiteng/Tieta_Feiteng_1001_PGC7KD69MBG400/rtl/source/Tieta_Feiteng_1001_top.v(line number: 2)] Include file 'rs35m2c16s_g5_define.v' does not exists.
E: Verilog-4306: [C:/CPLD/pango/2_Tieta_Feiteng/Tieta_Feiteng_1001_PGC7KD69MBG400/rtl/source/Tieta_Feiteng_1001_top.v(line number: 746)] Unknown macro 'NUM_CPU'.
E: Verilog-4306: [C:/CPLD/pango/2_Tieta_Feiteng/Tieta_Feiteng_1001_PGC7KD69MBG400/rtl/source/Tieta_Feiteng_1001_top.v(line number: 918)] Unknown macro 'NUM_IO'.
E: Verilog-4306: [C:/CPLD/pango/2_Tieta_Feiteng/Tieta_Feiteng_1001_PGC7KD69MBG400/rtl/source/Tieta_Feiteng_1001_top.v(line number: 919)] Unknown macro 'NUM_PSU'.
E: Verilog-4306: [C:/CPLD/pango/2_Tieta_Feiteng/Tieta_Feiteng_1001_PGC7KD69MBG400/rtl/source/Tieta_Feiteng_1001_top.v(line number: 920)] Unknown macro 'NUM_PSU'.
E: Verilog-4306: [C:/CPLD/pango/2_Tieta_Feiteng/Tieta_Feiteng_1001_PGC7KD69MBG400/rtl/source/Tieta_Feiteng_1001_top.v(line number: 921)] Unknown macro 'NUM_PSU'.
E: Verilog-4306: [C:/CPLD/pango/2_Tieta_Feiteng/Tieta_Feiteng_1001_PGC7KD69MBG400/rtl/source/Tieta_Feiteng_1001_top.v(line number: 922)] Unknown macro 'NUM_PSU'.
E: Verilog-4306: [C:/CPLD/pango/2_Tieta_Feiteng/Tieta_Feiteng_1001_PGC7KD69MBG400/rtl/source/Tieta_Feiteng_1001_top.v(line number: 923)] Unknown macro 'NUM_PSU'.
E: Verilog-4306: [C:/CPLD/pango/2_Tieta_Feiteng/Tieta_Feiteng_1001_PGC7KD69MBG400/rtl/source/Tieta_Feiteng_1001_top.v(line number: 924)] Unknown macro 'NUM_PSU'.
E: Verilog-4306: [C:/CPLD/pango/2_Tieta_Feiteng/Tieta_Feiteng_1001_PGC7KD69MBG400/rtl/source/Tieta_Feiteng_1001_top.v(line number: 925)] Unknown macro 'NUM_PSU'.
E: Verilog-4306: [C:/CPLD/pango/2_Tieta_Feiteng/Tieta_Feiteng_1001_PGC7KD69MBG400/rtl/source/Tieta_Feiteng_1001_top.v(line number: 936)] Unknown macro 'NUM_CPU'.
E: Verilog-4306: [C:/CPLD/pango/2_Tieta_Feiteng/Tieta_Feiteng_1001_PGC7KD69MBG400/rtl/source/Tieta_Feiteng_1001_top.v(line number: 937)] Unknown macro 'NUM_CPU'.
E: Verilog-4306: [C:/CPLD/pango/2_Tieta_Feiteng/Tieta_Feiteng_1001_PGC7KD69MBG400/rtl/source/Tieta_Feiteng_1001_top.v(line number: 952)] Unknown macro 'NUM_PSU'.
E: Verilog-4306: [C:/CPLD/pango/2_Tieta_Feiteng/Tieta_Feiteng_1001_PGC7KD69MBG400/rtl/source/Tieta_Feiteng_1001_top.v(line number: 960)] Unknown macro 'NUM_PSU'.
E: Verilog-4306: [C:/CPLD/pango/2_Tieta_Feiteng/Tieta_Feiteng_1001_PGC7KD69MBG400/rtl/source/Tieta_Feiteng_1001_top.v(line number: 961)] Unknown macro 'NUM_CPU'.
E: Verilog-4306: [C:/CPLD/pango/2_Tieta_Feiteng/Tieta_Feiteng_1001_PGC7KD69MBG400/rtl/source/Tieta_Feiteng_1001_top.v(line number: 962)] Unknown macro 'NUM_CPU'.
E: Verilog-4306: [C:/CPLD/pango/2_Tieta_Feiteng/Tieta_Feiteng_1001_PGC7KD69MBG400/rtl/source/Tieta_Feiteng_1001_top.v(line number: 963)] Unknown macro 'NUM_CPU'.
E: Verilog-4306: [C:/CPLD/pango/2_Tieta_Feiteng/Tieta_Feiteng_1001_PGC7KD69MBG400/rtl/source/Tieta_Feiteng_1001_top.v(line number: 964)] Unknown macro 'NUM_CPU'.
E: Verilog-4306: [C:/CPLD/pango/2_Tieta_Feiteng/Tieta_Feiteng_1001_PGC7KD69MBG400/rtl/source/Tieta_Feiteng_1001_top.v(line number: 965)] Unknown macro 'NUM_CPU'.
E: Verilog-4306: [C:/CPLD/pango/2_Tieta_Feiteng/Tieta_Feiteng_1001_PGC7KD69MBG400/rtl/source/Tieta_Feiteng_1001_top.v(line number: 1018)] Unknown macro 'NUM_CPU'.
E: Verilog-4306: [C:/CPLD/pango/2_Tieta_Feiteng/Tieta_Feiteng_1001_PGC7KD69MBG400/rtl/source/Tieta_Feiteng_1001_top.v(line number: 1223)] Unknown macro 'NUM_NIC'.
E: Verilog-4306: [C:/CPLD/pango/2_Tieta_Feiteng/Tieta_Feiteng_1001_PGC7KD69MBG400/rtl/source/Tieta_Feiteng_1001_top.v(line number: 1224)] Unknown macro 'NUM_NIC'.
E: Verilog-4306: [C:/CPLD/pango/2_Tieta_Feiteng/Tieta_Feiteng_1001_PGC7KD69MBG400/rtl/source/Tieta_Feiteng_1001_top.v(line number: 2986)] Unknown macro 'NUM_CPU'.
E: Verilog-4306: [C:/CPLD/pango/2_Tieta_Feiteng/Tieta_Feiteng_1001_PGC7KD69MBG400/rtl/source/Tieta_Feiteng_1001_top.v(line number: 2988)] Unknown macro 'NUM_S5DEV'.
E: Verilog-4306: [C:/CPLD/pango/2_Tieta_Feiteng/Tieta_Feiteng_1001_PGC7KD69MBG400/rtl/source/Tieta_Feiteng_1001_top.v(line number: 2992)] Unknown macro 'NUM_RISER'.
E: Verilog-4306: [C:/CPLD/pango/2_Tieta_Feiteng/Tieta_Feiteng_1001_PGC7KD69MBG400/rtl/source/Tieta_Feiteng_1001_top.v(line number: 3428)] Unknown macro 'NUM_PSU'.
E: Verilog-4306: [C:/CPLD/pango/2_Tieta_Feiteng/Tieta_Feiteng_1001_PGC7KD69MBG400/rtl/source/Tieta_Feiteng_1001_top.v(line number: 3722)] Unknown macro 'NUM_CPU'.
E: Verilog-4306: [C:/CPLD/pango/2_Tieta_Feiteng/Tieta_Feiteng_1001_PGC7KD69MBG400/rtl/source/Tieta_Feiteng_1001_top.v(line number: 3723)] Unknown macro 'NUM_PSU'.
E: Verilog-4306: [C:/CPLD/pango/2_Tieta_Feiteng/Tieta_Feiteng_1001_PGC7KD69MBG400/rtl/source/Tieta_Feiteng_1001_top.v(line number: 3724)] Unknown macro 'NUM_CHN'.
E: Verilog-4306: [C:/CPLD/pango/2_Tieta_Feiteng/Tieta_Feiteng_1001_PGC7KD69MBG400/rtl/source/Tieta_Feiteng_1001_top.v(line number: 3800)] Unknown macro 'NUM_CPU'.
E: Verilog-4306: [C:/CPLD/pango/2_Tieta_Feiteng/Tieta_Feiteng_1001_PGC7KD69MBG400/rtl/source/Tieta_Feiteng_1001_top.v(line number: 3801)] Unknown macro 'NUM_IO'.
E: Verilog-4306: [C:/CPLD/pango/2_Tieta_Feiteng/Tieta_Feiteng_1001_PGC7KD69MBG400/rtl/source/Tieta_Feiteng_1001_top.v(line number: 3899)] Unknown macro 'CPLD_VER'.
E: Verilog-4005: [C:/CPLD/pango/2_Tieta_Feiteng/Tieta_Feiteng_1001_PGC7KD69MBG400/rtl/source/Tieta_Feiteng_1001_top.v(line number: 3899)] Syntax error near ,.
E: Verilog-4005: [C:/CPLD/pango/2_Tieta_Feiteng/Tieta_Feiteng_1001_PGC7KD69MBG400/rtl/source/Tieta_Feiteng_1001_top.v(line number: 3899)] Syntax error near }.
E: Verilog-4005: [C:/CPLD/pango/2_Tieta_Feiteng/Tieta_Feiteng_1001_PGC7KD69MBG400/rtl/source/Tieta_Feiteng_1001_top.v(line number: 3901)] Syntax error near ..
E: Verilog-4005: [C:/CPLD/pango/2_Tieta_Feiteng/Tieta_Feiteng_1001_PGC7KD69MBG400/rtl/source/Tieta_Feiteng_1001_top.v(line number: 3902)] Syntax error near ..
E: Verilog-4005: [C:/CPLD/pango/2_Tieta_Feiteng/Tieta_Feiteng_1001_PGC7KD69MBG400/rtl/source/Tieta_Feiteng_1001_top.v(line number: 3903)] Syntax error near ).
E: Parsing ERROR.


 
Command: compile -top_module {work.Tieta_Feiteng_1001_top} -include_path {C:/CPLD/pango/2_Tieta_Feiteng/Tieta_Feiteng_1001_PGC7KD69MBG400/rtl/include	C:/CPLD/pango/2_Tieta_Feiteng/Tieta_Feiteng_1001_PGC7KD69MBG400/rtl/include} 
Process "Compile" started.
Current time: Wed Mar 11 12:56:54 2026
Compiling architecture definition.
Analyzing project file 'C:/CPLD/pango/2_Tieta_Feiteng/Tieta_Feiteng_1001_PGC7KD69MBG400/prj/Tieta_M/Tieta_M.pds'.
Generated by Fabric Compiler (version 2024.2-SP1.2 build 187561) at Wed Mar 11 12:56:56 2026
Parameters for debugging are loaded as follows:
License checkout: fabric_ads from C:/studyware/pango/PDS_2024.2-SP1.2-ads/license/new_pds_6805cabd4893.lic
Compiling verification operator library.
Loading technology operator library.
Compiling technology operator library.
Compiling technology operator (valence) library.
Generated by Fabric Compiler (version 2024.2-SP1.2 build 187561) at Wed Mar 11 12:56:57 2026
I: Enable Verilog2k features and keywords
Start rtl-analyze.
I: Include path: C:/CPLD/pango/2_Tieta_Feiteng/Tieta_Feiteng_1001_PGC7KD69MBG400/rtl/include
I: Include path: C:/CPLD/pango/2_Tieta_Feiteng/Tieta_Feiteng_1001_PGC7KD69MBG400/rtl/include
I: Include path: C:/CPLD/pango/2_Tieta_Feiteng/Tieta_Feiteng_1001_PGC7KD69MBG400/prj/Tieta_M
I: Verilog-0001: Analyzing file C:/CPLD/pango/2_Tieta_Feiteng/Tieta_Feiteng_1001_PGC7KD69MBG400/rtl/source/Tieta_Feiteng_1001_top.v.
I: Found Verilog include file C:/CPLD/pango/2_Tieta_Feiteng/Tieta_Feiteng_1001_PGC7KD69MBG400/rtl/include/pwrseq_define.v
I: Verilog-0008: [C:/CPLD/pango/2_Tieta_Feiteng/Tieta_Feiteng_1001_PGC7KD69MBG400/rtl/include/pwrseq_define.v(line number: 1)] Define macro SM_RESET_STATE 6'h00.
I: Verilog-0008: [C:/CPLD/pango/2_Tieta_Feiteng/Tieta_Feiteng_1001_PGC7KD69MBG400/rtl/include/pwrseq_define.v(line number: 2)] Define macro SM_DISABLE_S5_DEVICES 6'h01.
I: Verilog-0008: [C:/CPLD/pango/2_Tieta_Feiteng/Tieta_Feiteng_1001_PGC7KD69MBG400/rtl/include/pwrseq_define.v(line number: 4)] Define macro SM_OFF_STANDBY 6'h02.
I: Verilog-0008: [C:/CPLD/pango/2_Tieta_Feiteng/Tieta_Feiteng_1001_PGC7KD69MBG400/rtl/include/pwrseq_define.v(line number: 5)] Define macro SM_ENABLE_S5_DEVICES 6'h03.
I: Verilog-0008: [C:/CPLD/pango/2_Tieta_Feiteng/Tieta_Feiteng_1001_PGC7KD69MBG400/rtl/include/pwrseq_define.v(line number: 6)] Define macro SM_PS_ON 6'h04.
I: Verilog-0008: [C:/CPLD/pango/2_Tieta_Feiteng/Tieta_Feiteng_1001_PGC7KD69MBG400/rtl/include/pwrseq_define.v(line number: 7)] Define macro SM_EN_5V_STBY 6'h05.
I: Verilog-0008: [C:/CPLD/pango/2_Tieta_Feiteng/Tieta_Feiteng_1001_PGC7KD69MBG400/rtl/include/pwrseq_define.v(line number: 8)] Define macro SM_EN_TELEM 6'h06.
I: Verilog-0008: [C:/CPLD/pango/2_Tieta_Feiteng/Tieta_Feiteng_1001_PGC7KD69MBG400/rtl/include/pwrseq_define.v(line number: 9)] Define macro SM_EN_MAIN_EFUSE 6'h07.
I: Verilog-0008: [C:/CPLD/pango/2_Tieta_Feiteng/Tieta_Feiteng_1001_PGC7KD69MBG400/rtl/include/pwrseq_define.v(line number: 10)] Define macro SM_EN_5V 6'h08.
I: Verilog-0008: [C:/CPLD/pango/2_Tieta_Feiteng/Tieta_Feiteng_1001_PGC7KD69MBG400/rtl/include/pwrseq_define.v(line number: 11)] Define macro SM_EN_3V3 6'h09.
I: Verilog-0008: [C:/CPLD/pango/2_Tieta_Feiteng/Tieta_Feiteng_1001_PGC7KD69MBG400/rtl/include/pwrseq_define.v(line number: 12)] Define macro SM_EN_1V1 6'h0A.
I: Verilog-0008: [C:/CPLD/pango/2_Tieta_Feiteng/Tieta_Feiteng_1001_PGC7KD69MBG400/rtl/include/pwrseq_define.v(line number: 14)] Define macro SM_EN_CPU_CORE 6'h0B.
I: Verilog-0008: [C:/CPLD/pango/2_Tieta_Feiteng/Tieta_Feiteng_1001_PGC7KD69MBG400/rtl/include/pwrseq_define.v(line number: 15)] Define macro SM_EN_CPU_P1V8 6'h0C.
I: Verilog-0008: [C:/CPLD/pango/2_Tieta_Feiteng/Tieta_Feiteng_1001_PGC7KD69MBG400/rtl/include/pwrseq_define.v(line number: 16)] Define macro SM_EN_CPU_DDR 6'h0D.
I: Verilog-0008: [C:/CPLD/pango/2_Tieta_Feiteng/Tieta_Feiteng_1001_PGC7KD69MBG400/rtl/include/pwrseq_define.v(line number: 17)] Define macro SM_EN_CPU_VP 6'h0E.
I: Verilog-0008: [C:/CPLD/pango/2_Tieta_Feiteng/Tieta_Feiteng_1001_PGC7KD69MBG400/rtl/include/pwrseq_define.v(line number: 19)] Define macro PEX_RESET 6'h0F.
I: Verilog-0008: [C:/CPLD/pango/2_Tieta_Feiteng/Tieta_Feiteng_1001_PGC7KD69MBG400/rtl/include/pwrseq_define.v(line number: 20)] Define macro SM_CPU_RESET 6'h10.
I: Verilog-0008: [C:/CPLD/pango/2_Tieta_Feiteng/Tieta_Feiteng_1001_PGC7KD69MBG400/rtl/include/pwrseq_define.v(line number: 22)] Define macro SM_WAIT_POWEROK 6'h11.
I: Verilog-0008: [C:/CPLD/pango/2_Tieta_Feiteng/Tieta_Feiteng_1001_PGC7KD69MBG400/rtl/include/pwrseq_define.v(line number: 23)] Define macro SM_STEADY_PWROK 6'h12.
I: Verilog-0008: [C:/CPLD/pango/2_Tieta_Feiteng/Tieta_Feiteng_1001_PGC7KD69MBG400/rtl/include/pwrseq_define.v(line number: 24)] Define macro SM_CRITICAL_FAIL 6'h13.
I: Verilog-0008: [C:/CPLD/pango/2_Tieta_Feiteng/Tieta_Feiteng_1001_PGC7KD69MBG400/rtl/include/pwrseq_define.v(line number: 26)] Define macro SM_DISABLE_CPU_VP 6'h14.
I: Verilog-0008: [C:/CPLD/pango/2_Tieta_Feiteng/Tieta_Feiteng_1001_PGC7KD69MBG400/rtl/include/pwrseq_define.v(line number: 27)] Define macro SM_DISABLE_CPU_DDR 6'h15.
I: Verilog-0008: [C:/CPLD/pango/2_Tieta_Feiteng/Tieta_Feiteng_1001_PGC7KD69MBG400/rtl/include/pwrseq_define.v(line number: 28)] Define macro SM_DISABLE_CPU_P1V8 6'h16.
I: Verilog-0008: [C:/CPLD/pango/2_Tieta_Feiteng/Tieta_Feiteng_1001_PGC7KD69MBG400/rtl/include/pwrseq_define.v(line number: 29)] Define macro SM_DISABLE_CPU_CORE 6'h17.
I: Verilog-0008: [C:/CPLD/pango/2_Tieta_Feiteng/Tieta_Feiteng_1001_PGC7KD69MBG400/rtl/include/pwrseq_define.v(line number: 31)] Define macro SM_DISABLE_1V1 6'h18.
I: Verilog-0008: [C:/CPLD/pango/2_Tieta_Feiteng/Tieta_Feiteng_1001_PGC7KD69MBG400/rtl/include/pwrseq_define.v(line number: 32)] Define macro SM_DISABLE_3V3 6'h19.
I: Verilog-0008: [C:/CPLD/pango/2_Tieta_Feiteng/Tieta_Feiteng_1001_PGC7KD69MBG400/rtl/include/pwrseq_define.v(line number: 33)] Define macro SM_DISABLE_5V 6'h1A.
I: Verilog-0008: [C:/CPLD/pango/2_Tieta_Feiteng/Tieta_Feiteng_1001_PGC7KD69MBG400/rtl/include/pwrseq_define.v(line number: 35)] Define macro SM_DISABLE_MAIN_EFUSE 6'h1B.
I: Verilog-0008: [C:/CPLD/pango/2_Tieta_Feiteng/Tieta_Feiteng_1001_PGC7KD69MBG400/rtl/include/pwrseq_define.v(line number: 36)] Define macro SM_DISABLE_TELEM 6'h1C.
I: Verilog-0008: [C:/CPLD/pango/2_Tieta_Feiteng/Tieta_Feiteng_1001_PGC7KD69MBG400/rtl/include/pwrseq_define.v(line number: 37)] Define macro SM_DISABLE_PS_ON 6'h1D.
I: Verilog-0008: [C:/CPLD/pango/2_Tieta_Feiteng/Tieta_Feiteng_1001_PGC7KD69MBG400/rtl/include/pwrseq_define.v(line number: 39)] Define macro SM_HALT_POWER_CYCLE 6'h1E.
I: Verilog-0008: [C:/CPLD/pango/2_Tieta_Feiteng/Tieta_Feiteng_1001_PGC7KD69MBG400/rtl/include/pwrseq_define.v(line number: 40)] Define macro SM_AUX_FAIL_RECOVERY 6'h1F.
E: Verilog-4104: [C:/CPLD/pango/2_Tieta_Feiteng/Tieta_Feiteng_1001_PGC7KD69MBG400/rtl/source/Tieta_Feiteng_1001_top.v(line number: 2)] Include file 'rs35m2c16s_g5_define.v' does not exists.
I: Found Verilog include file C:/CPLD/pango/2_Tieta_Feiteng/Tieta_Feiteng_1001_PGC7KD69MBG400/rtl/include/tpm_define.v
I: Verilog-0008: [C:/CPLD/pango/2_Tieta_Feiteng/Tieta_Feiteng_1001_PGC7KD69MBG400/rtl/include/tpm_define.v(line number: 6)] Define macro FSM_SPI_MOSI_BIT0 8'h00.
I: Verilog-0008: [C:/CPLD/pango/2_Tieta_Feiteng/Tieta_Feiteng_1001_PGC7KD69MBG400/rtl/include/tpm_define.v(line number: 7)] Define macro FSM_SPI_MOSI_BIT1 8'h01.
I: Verilog-0008: [C:/CPLD/pango/2_Tieta_Feiteng/Tieta_Feiteng_1001_PGC7KD69MBG400/rtl/include/tpm_define.v(line number: 8)] Define macro FSM_SPI_MOSI_BIT2 8'h02.
I: Verilog-0008: [C:/CPLD/pango/2_Tieta_Feiteng/Tieta_Feiteng_1001_PGC7KD69MBG400/rtl/include/tpm_define.v(line number: 9)] Define macro FSM_SPI_MOSI_BIT3 8'h03.
I: Verilog-0008: [C:/CPLD/pango/2_Tieta_Feiteng/Tieta_Feiteng_1001_PGC7KD69MBG400/rtl/include/tpm_define.v(line number: 10)] Define macro FSM_SPI_MOSI_BIT4 8'h04.
I: Verilog-0008: [C:/CPLD/pango/2_Tieta_Feiteng/Tieta_Feiteng_1001_PGC7KD69MBG400/rtl/include/tpm_define.v(line number: 11)] Define macro FSM_SPI_MOSI_BIT5 8'h05.
I: Verilog-0008: [C:/CPLD/pango/2_Tieta_Feiteng/Tieta_Feiteng_1001_PGC7KD69MBG400/rtl/include/tpm_define.v(line number: 12)] Define macro FSM_SPI_MOSI_BIT6 8'h06.
I: Verilog-0008: [C:/CPLD/pango/2_Tieta_Feiteng/Tieta_Feiteng_1001_PGC7KD69MBG400/rtl/include/tpm_define.v(line number: 13)] Define macro FSM_SPI_MOSI_BIT7 8'h07.
I: Verilog-0008: [C:/CPLD/pango/2_Tieta_Feiteng/Tieta_Feiteng_1001_PGC7KD69MBG400/rtl/include/tpm_define.v(line number: 15)] Define macro FSM_SPI_MISO_BIT0 8'h00.
I: Verilog-0008: [C:/CPLD/pango/2_Tieta_Feiteng/Tieta_Feiteng_1001_PGC7KD69MBG400/rtl/include/tpm_define.v(line number: 16)] Define macro FSM_SPI_MISO_BIT1 8'h01.
I: Verilog-0008: [C:/CPLD/pango/2_Tieta_Feiteng/Tieta_Feiteng_1001_PGC7KD69MBG400/rtl/include/tpm_define.v(line number: 17)] Define macro FSM_SPI_MISO_BIT2 8'h02.
I: Verilog-0008: [C:/CPLD/pango/2_Tieta_Feiteng/Tieta_Feiteng_1001_PGC7KD69MBG400/rtl/include/tpm_define.v(line number: 18)] Define macro FSM_SPI_MISO_BIT3 8'h03.
I: Verilog-0008: [C:/CPLD/pango/2_Tieta_Feiteng/Tieta_Feiteng_1001_PGC7KD69MBG400/rtl/include/tpm_define.v(line number: 19)] Define macro FSM_SPI_MISO_BIT4 8'h04.
I: Verilog-0008: [C:/CPLD/pango/2_Tieta_Feiteng/Tieta_Feiteng_1001_PGC7KD69MBG400/rtl/include/tpm_define.v(line number: 20)] Define macro FSM_SPI_MISO_BIT5 8'h05.
I: Verilog-0008: [C:/CPLD/pango/2_Tieta_Feiteng/Tieta_Feiteng_1001_PGC7KD69MBG400/rtl/include/tpm_define.v(line number: 21)] Define macro FSM_SPI_MISO_BIT6 8'h06.
I: Verilog-0008: [C:/CPLD/pango/2_Tieta_Feiteng/Tieta_Feiteng_1001_PGC7KD69MBG400/rtl/include/tpm_define.v(line number: 22)] Define macro FSM_SPI_MISO_BIT7 8'h07.
I: Verilog-0008: [C:/CPLD/pango/2_Tieta_Feiteng/Tieta_Feiteng_1001_PGC7KD69MBG400/rtl/include/tpm_define.v(line number: 25)] Define macro FSM_SPI_IDLE 8'h00.
I: Verilog-0008: [C:/CPLD/pango/2_Tieta_Feiteng/Tieta_Feiteng_1001_PGC7KD69MBG400/rtl/include/tpm_define.v(line number: 26)] Define macro FSM_SPI 8'h01.
I: Verilog-0008: [C:/CPLD/pango/2_Tieta_Feiteng/Tieta_Feiteng_1001_PGC7KD69MBG400/rtl/include/tpm_define.v(line number: 27)] Define macro FSM_SPI_COMMAND 8'h02.
I: Verilog-0008: [C:/CPLD/pango/2_Tieta_Feiteng/Tieta_Feiteng_1001_PGC7KD69MBG400/rtl/include/tpm_define.v(line number: 28)] Define macro FSM_SPI_ADDRESS2 8'h03.
I: Verilog-0008: [C:/CPLD/pango/2_Tieta_Feiteng/Tieta_Feiteng_1001_PGC7KD69MBG400/rtl/include/tpm_define.v(line number: 29)] Define macro FSM_SPI_ADDRESS1 8'h04.
I: Verilog-0008: [C:/CPLD/pango/2_Tieta_Feiteng/Tieta_Feiteng_1001_PGC7KD69MBG400/rtl/include/tpm_define.v(line number: 30)] Define macro FSM_SPI_ADDRESS0 8'h05.
I: Verilog-0008: [C:/CPLD/pango/2_Tieta_Feiteng/Tieta_Feiteng_1001_PGC7KD69MBG400/rtl/include/tpm_define.v(line number: 31)] Define macro FSM_SPI_WDATA0 8'h06.
I: Verilog-0008: [C:/CPLD/pango/2_Tieta_Feiteng/Tieta_Feiteng_1001_PGC7KD69MBG400/rtl/include/tpm_define.v(line number: 32)] Define macro FSM_SPI_WDATA1 8'h07.
I: Verilog-0008: [C:/CPLD/pango/2_Tieta_Feiteng/Tieta_Feiteng_1001_PGC7KD69MBG400/rtl/include/tpm_define.v(line number: 33)] Define macro FSM_SPI_WDATA2 8'h08.
I: Verilog-0008: [C:/CPLD/pango/2_Tieta_Feiteng/Tieta_Feiteng_1001_PGC7KD69MBG400/rtl/include/tpm_define.v(line number: 34)] Define macro FSM_SPI_WDATA3 8'h09.
I: Verilog-0008: [C:/CPLD/pango/2_Tieta_Feiteng/Tieta_Feiteng_1001_PGC7KD69MBG400/rtl/include/tpm_define.v(line number: 35)] Define macro FSM_SPI_WDATA_DONE 8'h0A.
I: Verilog-0008: [C:/CPLD/pango/2_Tieta_Feiteng/Tieta_Feiteng_1001_PGC7KD69MBG400/rtl/include/tpm_define.v(line number: 36)] Define macro FSM_SPI_WAIT 8'h0B.
I: Verilog-0008: [C:/CPLD/pango/2_Tieta_Feiteng/Tieta_Feiteng_1001_PGC7KD69MBG400/rtl/include/tpm_define.v(line number: 37)] Define macro FSM_SPI_WAIT_RDY 8'h0C.
I: Verilog-0008: [C:/CPLD/pango/2_Tieta_Feiteng/Tieta_Feiteng_1001_PGC7KD69MBG400/rtl/include/tpm_define.v(line number: 38)] Define macro FSM_SPI_WAIT_END 8'h0D.
I: Verilog-0008: [C:/CPLD/pango/2_Tieta_Feiteng/Tieta_Feiteng_1001_PGC7KD69MBG400/rtl/include/tpm_define.v(line number: 39)] Define macro FSM_SPI_WAIT_DONE 8'h0E.
I: Verilog-0008: [C:/CPLD/pango/2_Tieta_Feiteng/Tieta_Feiteng_1001_PGC7KD69MBG400/rtl/include/tpm_define.v(line number: 40)] Define macro FSM_SPI_RDATA0 8'h0F.
I: Verilog-0008: [C:/CPLD/pango/2_Tieta_Feiteng/Tieta_Feiteng_1001_PGC7KD69MBG400/rtl/include/tpm_define.v(line number: 41)] Define macro FSM_SPI_RDATA1 8'h10.
I: Verilog-0008: [C:/CPLD/pango/2_Tieta_Feiteng/Tieta_Feiteng_1001_PGC7KD69MBG400/rtl/include/tpm_define.v(line number: 42)] Define macro FSM_SPI_RDATA2 8'h11.
I: Verilog-0008: [C:/CPLD/pango/2_Tieta_Feiteng/Tieta_Feiteng_1001_PGC7KD69MBG400/rtl/include/tpm_define.v(line number: 43)] Define macro FSM_SPI_RDATA3 8'h12.
I: Verilog-0008: [C:/CPLD/pango/2_Tieta_Feiteng/Tieta_Feiteng_1001_PGC7KD69MBG400/rtl/include/tpm_define.v(line number: 44)] Define macro FSM_SPI_RDATA_DONE 8'h13.
I: Verilog-0008: [C:/CPLD/pango/2_Tieta_Feiteng/Tieta_Feiteng_1001_PGC7KD69MBG400/rtl/include/tpm_define.v(line number: 45)] Define macro FSM_SPI_FAULT 8'h14.
I: Verilog-0008: [C:/CPLD/pango/2_Tieta_Feiteng/Tieta_Feiteng_1001_PGC7KD69MBG400/rtl/include/tpm_define.v(line number: 46)] Define macro FSM_SPI_DONE 8'h15.
I: Verilog-0008: [C:/CPLD/pango/2_Tieta_Feiteng/Tieta_Feiteng_1001_PGC7KD69MBG400/rtl/include/tpm_define.v(line number: 48)] Define macro FSM_BUF_IDLE 8'h00.
I: Verilog-0008: [C:/CPLD/pango/2_Tieta_Feiteng/Tieta_Feiteng_1001_PGC7KD69MBG400/rtl/include/tpm_define.v(line number: 49)] Define macro FSM_BUF_SPI_WDATA_DONE 8'h01.
I: Verilog-0008: [C:/CPLD/pango/2_Tieta_Feiteng/Tieta_Feiteng_1001_PGC7KD69MBG400/rtl/include/tpm_define.v(line number: 50)] Define macro FSM_BUF_SPI_TX_LPC_TX 8'h02.
I: Verilog-0008: [C:/CPLD/pango/2_Tieta_Feiteng/Tieta_Feiteng_1001_PGC7KD69MBG400/rtl/include/tpm_define.v(line number: 51)] Define macro FSM_BUF_LPC_TX_BUFFER 8'h03.
I: Verilog-0008: [C:/CPLD/pango/2_Tieta_Feiteng/Tieta_Feiteng_1001_PGC7KD69MBG400/rtl/include/tpm_define.v(line number: 52)] Define macro FSM_BUF_LPC_TX 8'h04.
I: Verilog-0008: [C:/CPLD/pango/2_Tieta_Feiteng/Tieta_Feiteng_1001_PGC7KD69MBG400/rtl/include/tpm_define.v(line number: 53)] Define macro FSM_BUF_LPC_DONE_TX 8'h05.
I: Verilog-0008: [C:/CPLD/pango/2_Tieta_Feiteng/Tieta_Feiteng_1001_PGC7KD69MBG400/rtl/include/tpm_define.v(line number: 54)] Define macro FSM_BUF_SPI_WAIT 8'h06.
I: Verilog-0008: [C:/CPLD/pango/2_Tieta_Feiteng/Tieta_Feiteng_1001_PGC7KD69MBG400/rtl/include/tpm_define.v(line number: 55)] Define macro FSM_BUF_SPI_RX_LPC_RX 8'h07.
I: Verilog-0008: [C:/CPLD/pango/2_Tieta_Feiteng/Tieta_Feiteng_1001_PGC7KD69MBG400/rtl/include/tpm_define.v(line number: 56)] Define macro FSM_BUF_LPC_RX_BUFFER 8'h08.
I: Verilog-0008: [C:/CPLD/pango/2_Tieta_Feiteng/Tieta_Feiteng_1001_PGC7KD69MBG400/rtl/include/tpm_define.v(line number: 57)] Define macro FSM_BUF_LPC_RX 8'h09.
I: Verilog-0008: [C:/CPLD/pango/2_Tieta_Feiteng/Tieta_Feiteng_1001_PGC7KD69MBG400/rtl/include/tpm_define.v(line number: 58)] Define macro FSM_BUF_LPC_DONE_RX 8'h0A.
I: Verilog-0008: [C:/CPLD/pango/2_Tieta_Feiteng/Tieta_Feiteng_1001_PGC7KD69MBG400/rtl/include/tpm_define.v(line number: 59)] Define macro FSM_BUF_LPC_RX_SPI_RX 8'h0B.
I: Verilog-0008: [C:/CPLD/pango/2_Tieta_Feiteng/Tieta_Feiteng_1001_PGC7KD69MBG400/rtl/include/tpm_define.v(line number: 60)] Define macro FSM_BUF_SPI_RDATA_BUFFER 8'h0C.
I: Verilog-0008: [C:/CPLD/pango/2_Tieta_Feiteng/Tieta_Feiteng_1001_PGC7KD69MBG400/rtl/include/tpm_define.v(line number: 61)] Define macro FSM_BUF_SPI_RDATA0 8'h0D.
I: Verilog-0008: [C:/CPLD/pango/2_Tieta_Feiteng/Tieta_Feiteng_1001_PGC7KD69MBG400/rtl/include/tpm_define.v(line number: 62)] Define macro FSM_BUF_SPI_WAIT_DONE 8'h0E.
I: Verilog-0008: [C:/CPLD/pango/2_Tieta_Feiteng/Tieta_Feiteng_1001_PGC7KD69MBG400/rtl/include/tpm_define.v(line number: 63)] Define macro FSM_BUF_DONE 8'h0F.
I: Verilog-0008: [C:/CPLD/pango/2_Tieta_Feiteng/Tieta_Feiteng_1001_PGC7KD69MBG400/rtl/include/tpm_define.v(line number: 65)] Define macro FSM_LPC_IDLE 8'h00.
I: Verilog-0008: [C:/CPLD/pango/2_Tieta_Feiteng/Tieta_Feiteng_1001_PGC7KD69MBG400/rtl/include/tpm_define.v(line number: 66)] Define macro FSM_LPC 8'h01.
I: Verilog-0008: [C:/CPLD/pango/2_Tieta_Feiteng/Tieta_Feiteng_1001_PGC7KD69MBG400/rtl/include/tpm_define.v(line number: 67)] Define macro FSM_LPC_START0 8'h02.
I: Verilog-0008: [C:/CPLD/pango/2_Tieta_Feiteng/Tieta_Feiteng_1001_PGC7KD69MBG400/rtl/include/tpm_define.v(line number: 68)] Define macro FSM_LPC_START 8'h03.
I: Verilog-0008: [C:/CPLD/pango/2_Tieta_Feiteng/Tieta_Feiteng_1001_PGC7KD69MBG400/rtl/include/tpm_define.v(line number: 69)] Define macro FSM_LPC_CTDIR 8'h04.
I: Verilog-0008: [C:/CPLD/pango/2_Tieta_Feiteng/Tieta_Feiteng_1001_PGC7KD69MBG400/rtl/include/tpm_define.v(line number: 70)] Define macro FSM_LPC_ADDR_3 8'h05.
I: Verilog-0008: [C:/CPLD/pango/2_Tieta_Feiteng/Tieta_Feiteng_1001_PGC7KD69MBG400/rtl/include/tpm_define.v(line number: 71)] Define macro FSM_LPC_ADDR_2 8'h06.
I: Verilog-0008: [C:/CPLD/pango/2_Tieta_Feiteng/Tieta_Feiteng_1001_PGC7KD69MBG400/rtl/include/tpm_define.v(line number: 72)] Define macro FSM_LPC_ADDR_1 8'h07.
I: Verilog-0008: [C:/CPLD/pango/2_Tieta_Feiteng/Tieta_Feiteng_1001_PGC7KD69MBG400/rtl/include/tpm_define.v(line number: 73)] Define macro FSM_LPC_ADDR_0 8'h08.
I: Verilog-0008: [C:/CPLD/pango/2_Tieta_Feiteng/Tieta_Feiteng_1001_PGC7KD69MBG400/rtl/include/tpm_define.v(line number: 74)] Define macro FSM_LPC_WDATA_0 8'h09.
I: Verilog-0008: [C:/CPLD/pango/2_Tieta_Feiteng/Tieta_Feiteng_1001_PGC7KD69MBG400/rtl/include/tpm_define.v(line number: 75)] Define macro FSM_LPC_WDATA_1 8'h0A.
I: Verilog-0008: [C:/CPLD/pango/2_Tieta_Feiteng/Tieta_Feiteng_1001_PGC7KD69MBG400/rtl/include/tpm_define.v(line number: 76)] Define macro FSM_LPC_WTAR_0 8'h0B.
I: Verilog-0008: [C:/CPLD/pango/2_Tieta_Feiteng/Tieta_Feiteng_1001_PGC7KD69MBG400/rtl/include/tpm_define.v(line number: 77)] Define macro FSM_LPC_WTAR_1 8'h0C.
I: Verilog-0008: [C:/CPLD/pango/2_Tieta_Feiteng/Tieta_Feiteng_1001_PGC7KD69MBG400/rtl/include/tpm_define.v(line number: 78)] Define macro FSM_LPC_WSYNC 8'h0D.
I: Verilog-0008: [C:/CPLD/pango/2_Tieta_Feiteng/Tieta_Feiteng_1001_PGC7KD69MBG400/rtl/include/tpm_define.v(line number: 79)] Define macro FSM_LPC_RDATA_0 8'h0E.
I: Verilog-0008: [C:/CPLD/pango/2_Tieta_Feiteng/Tieta_Feiteng_1001_PGC7KD69MBG400/rtl/include/tpm_define.v(line number: 80)] Define macro FSM_LPC_RDATA_1 8'h0F.
I: Verilog-0008: [C:/CPLD/pango/2_Tieta_Feiteng/Tieta_Feiteng_1001_PGC7KD69MBG400/rtl/include/tpm_define.v(line number: 81)] Define macro FSM_LPC_RTAR_0 8'h10.
I: Verilog-0008: [C:/CPLD/pango/2_Tieta_Feiteng/Tieta_Feiteng_1001_PGC7KD69MBG400/rtl/include/tpm_define.v(line number: 82)] Define macro FSM_LPC_RTAR_1 8'h11.
I: Verilog-0008: [C:/CPLD/pango/2_Tieta_Feiteng/Tieta_Feiteng_1001_PGC7KD69MBG400/rtl/include/tpm_define.v(line number: 83)] Define macro FSM_LPC_RSYNC 8'h12.
I: Verilog-0008: [C:/CPLD/pango/2_Tieta_Feiteng/Tieta_Feiteng_1001_PGC7KD69MBG400/rtl/include/tpm_define.v(line number: 84)] Define macro FSM_LPC_TAR2_0 8'h13.
I: Verilog-0008: [C:/CPLD/pango/2_Tieta_Feiteng/Tieta_Feiteng_1001_PGC7KD69MBG400/rtl/include/tpm_define.v(line number: 85)] Define macro FSM_LPC_TAR2_1 8'h14.
I: Verilog-0008: [C:/CPLD/pango/2_Tieta_Feiteng/Tieta_Feiteng_1001_PGC7KD69MBG400/rtl/include/tpm_define.v(line number: 86)] Define macro FSM_LPC_FAULT 8'h15.
I: Verilog-0008: [C:/CPLD/pango/2_Tieta_Feiteng/Tieta_Feiteng_1001_PGC7KD69MBG400/rtl/include/tpm_define.v(line number: 87)] Define macro FSM_LPC_DONE 8'h16.
I: Verilog-0008: [C:/CPLD/pango/2_Tieta_Feiteng/Tieta_Feiteng_1001_PGC7KD69MBG400/rtl/include/tpm_define.v(line number: 164)] Define macro LPC_CYCTYPE_IO 2'b00.
I: Verilog-0008: [C:/CPLD/pango/2_Tieta_Feiteng/Tieta_Feiteng_1001_PGC7KD69MBG400/rtl/include/tpm_define.v(line number: 170)] Define macro LPC_DIRECTION_RD 1'b0.
I: Verilog-0008: [C:/CPLD/pango/2_Tieta_Feiteng/Tieta_Feiteng_1001_PGC7KD69MBG400/rtl/include/tpm_define.v(line number: 171)] Define macro LPC_DIRECTION_WR 1'b1.
I: Verilog-0008: [C:/CPLD/pango/2_Tieta_Feiteng/Tieta_Feiteng_1001_PGC7KD69MBG400/rtl/include/tpm_define.v(line number: 180)] Define macro LPC_SYNC_RDY 4'b0000.
I: Verilog-0002: [C:/CPLD/pango/2_Tieta_Feiteng/Tieta_Feiteng_1001_PGC7KD69MBG400/rtl/source/Tieta_Feiteng_1001_top.v(line number: 4)] Analyzing module Tieta_Feiteng_1001_top (library work).
E: Verilog-4306: [C:/CPLD/pango/2_Tieta_Feiteng/Tieta_Feiteng_1001_PGC7KD69MBG400/rtl/source/Tieta_Feiteng_1001_top.v(line number: 746)] Unknown macro 'NUM_CPU'.
E: Verilog-4306: [C:/CPLD/pango/2_Tieta_Feiteng/Tieta_Feiteng_1001_PGC7KD69MBG400/rtl/source/Tieta_Feiteng_1001_top.v(line number: 918)] Unknown macro 'NUM_IO'.
E: Verilog-4306: [C:/CPLD/pango/2_Tieta_Feiteng/Tieta_Feiteng_1001_PGC7KD69MBG400/rtl/source/Tieta_Feiteng_1001_top.v(line number: 919)] Unknown macro 'NUM_PSU'.
E: Verilog-4306: [C:/CPLD/pango/2_Tieta_Feiteng/Tieta_Feiteng_1001_PGC7KD69MBG400/rtl/source/Tieta_Feiteng_1001_top.v(line number: 920)] Unknown macro 'NUM_PSU'.
E: Verilog-4306: [C:/CPLD/pango/2_Tieta_Feiteng/Tieta_Feiteng_1001_PGC7KD69MBG400/rtl/source/Tieta_Feiteng_1001_top.v(line number: 921)] Unknown macro 'NUM_PSU'.
E: Verilog-4306: [C:/CPLD/pango/2_Tieta_Feiteng/Tieta_Feiteng_1001_PGC7KD69MBG400/rtl/source/Tieta_Feiteng_1001_top.v(line number: 922)] Unknown macro 'NUM_PSU'.
E: Verilog-4306: [C:/CPLD/pango/2_Tieta_Feiteng/Tieta_Feiteng_1001_PGC7KD69MBG400/rtl/source/Tieta_Feiteng_1001_top.v(line number: 923)] Unknown macro 'NUM_PSU'.
E: Verilog-4306: [C:/CPLD/pango/2_Tieta_Feiteng/Tieta_Feiteng_1001_PGC7KD69MBG400/rtl/source/Tieta_Feiteng_1001_top.v(line number: 924)] Unknown macro 'NUM_PSU'.
E: Verilog-4306: [C:/CPLD/pango/2_Tieta_Feiteng/Tieta_Feiteng_1001_PGC7KD69MBG400/rtl/source/Tieta_Feiteng_1001_top.v(line number: 925)] Unknown macro 'NUM_PSU'.
E: Verilog-4306: [C:/CPLD/pango/2_Tieta_Feiteng/Tieta_Feiteng_1001_PGC7KD69MBG400/rtl/source/Tieta_Feiteng_1001_top.v(line number: 936)] Unknown macro 'NUM_CPU'.
E: Verilog-4306: [C:/CPLD/pango/2_Tieta_Feiteng/Tieta_Feiteng_1001_PGC7KD69MBG400/rtl/source/Tieta_Feiteng_1001_top.v(line number: 937)] Unknown macro 'NUM_CPU'.
E: Verilog-4306: [C:/CPLD/pango/2_Tieta_Feiteng/Tieta_Feiteng_1001_PGC7KD69MBG400/rtl/source/Tieta_Feiteng_1001_top.v(line number: 952)] Unknown macro 'NUM_PSU'.
E: Verilog-4306: [C:/CPLD/pango/2_Tieta_Feiteng/Tieta_Feiteng_1001_PGC7KD69MBG400/rtl/source/Tieta_Feiteng_1001_top.v(line number: 960)] Unknown macro 'NUM_PSU'.
E: Verilog-4306: [C:/CPLD/pango/2_Tieta_Feiteng/Tieta_Feiteng_1001_PGC7KD69MBG400/rtl/source/Tieta_Feiteng_1001_top.v(line number: 961)] Unknown macro 'NUM_CPU'.
E: Verilog-4306: [C:/CPLD/pango/2_Tieta_Feiteng/Tieta_Feiteng_1001_PGC7KD69MBG400/rtl/source/Tieta_Feiteng_1001_top.v(line number: 962)] Unknown macro 'NUM_CPU'.
E: Verilog-4306: [C:/CPLD/pango/2_Tieta_Feiteng/Tieta_Feiteng_1001_PGC7KD69MBG400/rtl/source/Tieta_Feiteng_1001_top.v(line number: 963)] Unknown macro 'NUM_CPU'.
E: Verilog-4306: [C:/CPLD/pango/2_Tieta_Feiteng/Tieta_Feiteng_1001_PGC7KD69MBG400/rtl/source/Tieta_Feiteng_1001_top.v(line number: 964)] Unknown macro 'NUM_CPU'.
E: Verilog-4306: [C:/CPLD/pango/2_Tieta_Feiteng/Tieta_Feiteng_1001_PGC7KD69MBG400/rtl/source/Tieta_Feiteng_1001_top.v(line number: 965)] Unknown macro 'NUM_CPU'.
E: Verilog-4306: [C:/CPLD/pango/2_Tieta_Feiteng/Tieta_Feiteng_1001_PGC7KD69MBG400/rtl/source/Tieta_Feiteng_1001_top.v(line number: 1018)] Unknown macro 'NUM_CPU'.
E: Verilog-4306: [C:/CPLD/pango/2_Tieta_Feiteng/Tieta_Feiteng_1001_PGC7KD69MBG400/rtl/source/Tieta_Feiteng_1001_top.v(line number: 1223)] Unknown macro 'NUM_NIC'.
E: Verilog-4306: [C:/CPLD/pango/2_Tieta_Feiteng/Tieta_Feiteng_1001_PGC7KD69MBG400/rtl/source/Tieta_Feiteng_1001_top.v(line number: 1224)] Unknown macro 'NUM_NIC'.
W: Verilog-2057: [C:/CPLD/pango/2_Tieta_Feiteng/Tieta_Feiteng_1001_PGC7KD69MBG400/rtl/source/Tieta_Feiteng_1001_top.v(line number: 1712)] i_PAL_OCP1_FAN_PRSNT_N is declared implicitly.
W: Verilog-2057: [C:/CPLD/pango/2_Tieta_Feiteng/Tieta_Feiteng_1001_PGC7KD69MBG400/rtl/source/Tieta_Feiteng_1001_top.v(line number: 1761)] db_i_pal_ocp1_fan_prsnt_n is declared implicitly.
W: Verilog-2057: [C:/CPLD/pango/2_Tieta_Feiteng/Tieta_Feiteng_1001_PGC7KD69MBG400/rtl/source/Tieta_Feiteng_1001_top.v(line number: 1808)] i_PAL_CPU0_VR_PMALT_UPD is declared implicitly.
W: Verilog-2057: [C:/CPLD/pango/2_Tieta_Feiteng/Tieta_Feiteng_1001_PGC7KD69MBG400/rtl/source/Tieta_Feiteng_1001_top.v(line number: 1809)] i_PAL_CPU1_VR_PMALT_UPD is declared implicitly.
W: Verilog-2057: [C:/CPLD/pango/2_Tieta_Feiteng/Tieta_Feiteng_1001_PGC7KD69MBG400/rtl/source/Tieta_Feiteng_1001_top.v(line number: 1826)] ocp_pvt_act_p0_n is declared implicitly.
W: Verilog-2057: [C:/CPLD/pango/2_Tieta_Feiteng/Tieta_Feiteng_1001_PGC7KD69MBG400/rtl/source/Tieta_Feiteng_1001_top.v(line number: 1827)] ocp_pvt_act_p1_n is declared implicitly.
W: Verilog-2057: [C:/CPLD/pango/2_Tieta_Feiteng/Tieta_Feiteng_1001_PGC7KD69MBG400/rtl/source/Tieta_Feiteng_1001_top.v(line number: 1828)] ocp_pvt_act_p2_n is declared implicitly.
W: Verilog-2057: [C:/CPLD/pango/2_Tieta_Feiteng/Tieta_Feiteng_1001_PGC7KD69MBG400/rtl/source/Tieta_Feiteng_1001_top.v(line number: 1829)] ocp_pvt_act_p3_n is declared implicitly.
W: Verilog-2057: [C:/CPLD/pango/2_Tieta_Feiteng/Tieta_Feiteng_1001_PGC7KD69MBG400/rtl/source/Tieta_Feiteng_1001_top.v(line number: 1830)] ocp_pvt_act_p4_n is declared implicitly.
W: Verilog-2057: [C:/CPLD/pango/2_Tieta_Feiteng/Tieta_Feiteng_1001_PGC7KD69MBG400/rtl/source/Tieta_Feiteng_1001_top.v(line number: 1831)] ocp_pvt_act_p5_n is declared implicitly.
W: Verilog-2057: [C:/CPLD/pango/2_Tieta_Feiteng/Tieta_Feiteng_1001_PGC7KD69MBG400/rtl/source/Tieta_Feiteng_1001_top.v(line number: 1832)] ocp_pvt_act_p6_n is declared implicitly.
W: Verilog-2057: [C:/CPLD/pango/2_Tieta_Feiteng/Tieta_Feiteng_1001_PGC7KD69MBG400/rtl/source/Tieta_Feiteng_1001_top.v(line number: 1833)] ocp_pvt_act_p7_n is declared implicitly.
W: Verilog-2057: [C:/CPLD/pango/2_Tieta_Feiteng/Tieta_Feiteng_1001_PGC7KD69MBG400/rtl/source/Tieta_Feiteng_1001_top.v(line number: 1834)] ocp_pvt_link_spda_p0_n is declared implicitly.
W: Verilog-2057: [C:/CPLD/pango/2_Tieta_Feiteng/Tieta_Feiteng_1001_PGC7KD69MBG400/rtl/source/Tieta_Feiteng_1001_top.v(line number: 1834)] ocp_pvt_link_spdb_p0_n is declared implicitly.
W: Verilog-2057: [C:/CPLD/pango/2_Tieta_Feiteng/Tieta_Feiteng_1001_PGC7KD69MBG400/rtl/source/Tieta_Feiteng_1001_top.v(line number: 1835)] ocp_pvt_link_spda_p1_n is declared implicitly.
W: Verilog-2057: [C:/CPLD/pango/2_Tieta_Feiteng/Tieta_Feiteng_1001_PGC7KD69MBG400/rtl/source/Tieta_Feiteng_1001_top.v(line number: 1835)] ocp_pvt_link_spdb_p1_n is declared implicitly.
W: Verilog-2057: [C:/CPLD/pango/2_Tieta_Feiteng/Tieta_Feiteng_1001_PGC7KD69MBG400/rtl/source/Tieta_Feiteng_1001_top.v(line number: 1836)] ocp_pvt_link_spda_p2_n is declared implicitly.
W: Verilog-2057: [C:/CPLD/pango/2_Tieta_Feiteng/Tieta_Feiteng_1001_PGC7KD69MBG400/rtl/source/Tieta_Feiteng_1001_top.v(line number: 1836)] ocp_pvt_link_spdb_p2_n is declared implicitly.
W: Verilog-2057: [C:/CPLD/pango/2_Tieta_Feiteng/Tieta_Feiteng_1001_PGC7KD69MBG400/rtl/source/Tieta_Feiteng_1001_top.v(line number: 1837)] ocp_pvt_link_spda_p3_n is declared implicitly.
W: Verilog-2057: [C:/CPLD/pango/2_Tieta_Feiteng/Tieta_Feiteng_1001_PGC7KD69MBG400/rtl/source/Tieta_Feiteng_1001_top.v(line number: 1837)] ocp_pvt_link_spdb_p3_n is declared implicitly.
W: Verilog-2057: [C:/CPLD/pango/2_Tieta_Feiteng/Tieta_Feiteng_1001_PGC7KD69MBG400/rtl/source/Tieta_Feiteng_1001_top.v(line number: 1838)] ocp_pvt_link_spda_p4_n is declared implicitly.
W: Verilog-2057: [C:/CPLD/pango/2_Tieta_Feiteng/Tieta_Feiteng_1001_PGC7KD69MBG400/rtl/source/Tieta_Feiteng_1001_top.v(line number: 1838)] ocp_pvt_link_spdb_p4_n is declared implicitly.
W: Verilog-2057: [C:/CPLD/pango/2_Tieta_Feiteng/Tieta_Feiteng_1001_PGC7KD69MBG400/rtl/source/Tieta_Feiteng_1001_top.v(line number: 1839)] ocp_pvt_link_spda_p5_n is declared implicitly.
W: Verilog-2057: [C:/CPLD/pango/2_Tieta_Feiteng/Tieta_Feiteng_1001_PGC7KD69MBG400/rtl/source/Tieta_Feiteng_1001_top.v(line number: 1839)] ocp_pvt_link_spdb_p5_n is declared implicitly.
W: Verilog-2057: [C:/CPLD/pango/2_Tieta_Feiteng/Tieta_Feiteng_1001_PGC7KD69MBG400/rtl/source/Tieta_Feiteng_1001_top.v(line number: 1840)] ocp_pvt_link_spda_p6_n is declared implicitly.
W: Verilog-2057: [C:/CPLD/pango/2_Tieta_Feiteng/Tieta_Feiteng_1001_PGC7KD69MBG400/rtl/source/Tieta_Feiteng_1001_top.v(line number: 1840)] ocp_pvt_link_spdb_p6_n is declared implicitly.
W: Verilog-2057: [C:/CPLD/pango/2_Tieta_Feiteng/Tieta_Feiteng_1001_PGC7KD69MBG400/rtl/source/Tieta_Feiteng_1001_top.v(line number: 1841)] ocp_pvt_link_spda_p7_n is declared implicitly.
W: Verilog-2057: [C:/CPLD/pango/2_Tieta_Feiteng/Tieta_Feiteng_1001_PGC7KD69MBG400/rtl/source/Tieta_Feiteng_1001_top.v(line number: 1841)] ocp_pvt_link_spdb_p7_n is declared implicitly.
W: Verilog-2057: [C:/CPLD/pango/2_Tieta_Feiteng/Tieta_Feiteng_1001_PGC7KD69MBG400/rtl/source/Tieta_Feiteng_1001_top.v(line number: 1842)] ocp2_pvt_act_p0_n is declared implicitly.
W: Verilog-2057: [C:/CPLD/pango/2_Tieta_Feiteng/Tieta_Feiteng_1001_PGC7KD69MBG400/rtl/source/Tieta_Feiteng_1001_top.v(line number: 1843)] ocp2_pvt_act_p1_n is declared implicitly.
W: Verilog-2057: [C:/CPLD/pango/2_Tieta_Feiteng/Tieta_Feiteng_1001_PGC7KD69MBG400/rtl/source/Tieta_Feiteng_1001_top.v(line number: 1844)] ocp2_pvt_act_p2_n is declared implicitly.
W: Verilog-2057: [C:/CPLD/pango/2_Tieta_Feiteng/Tieta_Feiteng_1001_PGC7KD69MBG400/rtl/source/Tieta_Feiteng_1001_top.v(line number: 1845)] ocp2_pvt_act_p3_n is declared implicitly.
W: Verilog-2057: [C:/CPLD/pango/2_Tieta_Feiteng/Tieta_Feiteng_1001_PGC7KD69MBG400/rtl/source/Tieta_Feiteng_1001_top.v(line number: 1846)] ocp2_pvt_act_p4_n is declared implicitly.
W: Verilog-2057: [C:/CPLD/pango/2_Tieta_Feiteng/Tieta_Feiteng_1001_PGC7KD69MBG400/rtl/source/Tieta_Feiteng_1001_top.v(line number: 1847)] ocp2_pvt_act_p5_n is declared implicitly.
W: Verilog-2057: [C:/CPLD/pango/2_Tieta_Feiteng/Tieta_Feiteng_1001_PGC7KD69MBG400/rtl/source/Tieta_Feiteng_1001_top.v(line number: 1848)] ocp2_pvt_act_p6_n is declared implicitly.
W: Verilog-2057: [C:/CPLD/pango/2_Tieta_Feiteng/Tieta_Feiteng_1001_PGC7KD69MBG400/rtl/source/Tieta_Feiteng_1001_top.v(line number: 1849)] ocp2_pvt_act_p7_n is declared implicitly.
W: Verilog-2057: [C:/CPLD/pango/2_Tieta_Feiteng/Tieta_Feiteng_1001_PGC7KD69MBG400/rtl/source/Tieta_Feiteng_1001_top.v(line number: 1850)] ocp2_pvt_link_spda_p0_n is declared implicitly.
W: Verilog-2057: [C:/CPLD/pango/2_Tieta_Feiteng/Tieta_Feiteng_1001_PGC7KD69MBG400/rtl/source/Tieta_Feiteng_1001_top.v(line number: 1850)] ocp2_pvt_link_spdb_p0_n is declared implicitly.
W: Verilog-2057: [C:/CPLD/pango/2_Tieta_Feiteng/Tieta_Feiteng_1001_PGC7KD69MBG400/rtl/source/Tieta_Feiteng_1001_top.v(line number: 1851)] ocp2_pvt_link_spda_p1_n is declared implicitly.
W: Verilog-2057: [C:/CPLD/pango/2_Tieta_Feiteng/Tieta_Feiteng_1001_PGC7KD69MBG400/rtl/source/Tieta_Feiteng_1001_top.v(line number: 1851)] ocp2_pvt_link_spdb_p1_n is declared implicitly.
W: Verilog-2057: [C:/CPLD/pango/2_Tieta_Feiteng/Tieta_Feiteng_1001_PGC7KD69MBG400/rtl/source/Tieta_Feiteng_1001_top.v(line number: 1852)] ocp2_pvt_link_spda_p2_n is declared implicitly.
W: Verilog-2057: [C:/CPLD/pango/2_Tieta_Feiteng/Tieta_Feiteng_1001_PGC7KD69MBG400/rtl/source/Tieta_Feiteng_1001_top.v(line number: 1852)] ocp2_pvt_link_spdb_p2_n is declared implicitly.
W: Verilog-2057: [C:/CPLD/pango/2_Tieta_Feiteng/Tieta_Feiteng_1001_PGC7KD69MBG400/rtl/source/Tieta_Feiteng_1001_top.v(line number: 1853)] ocp2_pvt_link_spda_p3_n is declared implicitly.
W: Verilog-2057: [C:/CPLD/pango/2_Tieta_Feiteng/Tieta_Feiteng_1001_PGC7KD69MBG400/rtl/source/Tieta_Feiteng_1001_top.v(line number: 1853)] ocp2_pvt_link_spdb_p3_n is declared implicitly.
W: Verilog-2057: [C:/CPLD/pango/2_Tieta_Feiteng/Tieta_Feiteng_1001_PGC7KD69MBG400/rtl/source/Tieta_Feiteng_1001_top.v(line number: 1854)] ocp2_pvt_link_spda_p4_n is declared implicitly.
W: Verilog-2057: [C:/CPLD/pango/2_Tieta_Feiteng/Tieta_Feiteng_1001_PGC7KD69MBG400/rtl/source/Tieta_Feiteng_1001_top.v(line number: 1854)] ocp2_pvt_link_spdb_p4_n is declared implicitly.
W: Verilog-2057: [C:/CPLD/pango/2_Tieta_Feiteng/Tieta_Feiteng_1001_PGC7KD69MBG400/rtl/source/Tieta_Feiteng_1001_top.v(line number: 1855)] ocp2_pvt_link_spda_p5_n is declared implicitly.
W: Verilog-2057: [C:/CPLD/pango/2_Tieta_Feiteng/Tieta_Feiteng_1001_PGC7KD69MBG400/rtl/source/Tieta_Feiteng_1001_top.v(line number: 1855)] ocp2_pvt_link_spdb_p5_n is declared implicitly.
W: Verilog-2057: [C:/CPLD/pango/2_Tieta_Feiteng/Tieta_Feiteng_1001_PGC7KD69MBG400/rtl/source/Tieta_Feiteng_1001_top.v(line number: 1856)] ocp2_pvt_link_spda_p6_n is declared implicitly.
W: Verilog-2057: [C:/CPLD/pango/2_Tieta_Feiteng/Tieta_Feiteng_1001_PGC7KD69MBG400/rtl/source/Tieta_Feiteng_1001_top.v(line number: 1856)] ocp2_pvt_link_spdb_p6_n is declared implicitly.
W: Verilog-2057: [C:/CPLD/pango/2_Tieta_Feiteng/Tieta_Feiteng_1001_PGC7KD69MBG400/rtl/source/Tieta_Feiteng_1001_top.v(line number: 1857)] ocp2_pvt_link_spda_p7_n is declared implicitly.
W: Verilog-2057: [C:/CPLD/pango/2_Tieta_Feiteng/Tieta_Feiteng_1001_PGC7KD69MBG400/rtl/source/Tieta_Feiteng_1001_top.v(line number: 1857)] ocp2_pvt_link_spdb_p7_n is declared implicitly.
W: Verilog-2057: [C:/CPLD/pango/2_Tieta_Feiteng/Tieta_Feiteng_1001_PGC7KD69MBG400/rtl/source/Tieta_Feiteng_1001_top.v(line number: 2951)] stby_failure_detected is declared implicitly.
W: Verilog-2057: [C:/CPLD/pango/2_Tieta_Feiteng/Tieta_Feiteng_1001_PGC7KD69MBG400/rtl/source/Tieta_Feiteng_1001_top.v(line number: 2953)] dc_failure_detected is declared implicitly.
W: Verilog-2057: [C:/CPLD/pango/2_Tieta_Feiteng/Tieta_Feiteng_1001_PGC7KD69MBG400/rtl/source/Tieta_Feiteng_1001_top.v(line number: 2955)] rt_failure_detected is declared implicitly.
W: Verilog-2057: [C:/CPLD/pango/2_Tieta_Feiteng/Tieta_Feiteng_1001_PGC7KD69MBG400/rtl/source/Tieta_Feiteng_1001_top.v(line number: 2957)] cpld_latch_sys_off is declared implicitly.
E: Verilog-4306: [C:/CPLD/pango/2_Tieta_Feiteng/Tieta_Feiteng_1001_PGC7KD69MBG400/rtl/source/Tieta_Feiteng_1001_top.v(line number: 2986)] Unknown macro 'NUM_CPU'.
E: Verilog-4306: [C:/CPLD/pango/2_Tieta_Feiteng/Tieta_Feiteng_1001_PGC7KD69MBG400/rtl/source/Tieta_Feiteng_1001_top.v(line number: 2988)] Unknown macro 'NUM_S5DEV'.
E: Verilog-4306: [C:/CPLD/pango/2_Tieta_Feiteng/Tieta_Feiteng_1001_PGC7KD69MBG400/rtl/source/Tieta_Feiteng_1001_top.v(line number: 2992)] Unknown macro 'NUM_RISER'.
W: Verilog-2057: [C:/CPLD/pango/2_Tieta_Feiteng/Tieta_Feiteng_1001_PGC7KD69MBG400/rtl/source/Tieta_Feiteng_1001_top.v(line number: 3069)] p1v1_en_r is declared implicitly.
E: Verilog-4306: [C:/CPLD/pango/2_Tieta_Feiteng/Tieta_Feiteng_1001_PGC7KD69MBG400/rtl/source/Tieta_Feiteng_1001_top.v(line number: 3428)] Unknown macro 'NUM_PSU'.
E: Verilog-4306: [C:/CPLD/pango/2_Tieta_Feiteng/Tieta_Feiteng_1001_PGC7KD69MBG400/rtl/source/Tieta_Feiteng_1001_top.v(line number: 3722)] Unknown macro 'NUM_CPU'.
E: Verilog-4306: [C:/CPLD/pango/2_Tieta_Feiteng/Tieta_Feiteng_1001_PGC7KD69MBG400/rtl/source/Tieta_Feiteng_1001_top.v(line number: 3723)] Unknown macro 'NUM_PSU'.
E: Verilog-4306: [C:/CPLD/pango/2_Tieta_Feiteng/Tieta_Feiteng_1001_PGC7KD69MBG400/rtl/source/Tieta_Feiteng_1001_top.v(line number: 3724)] Unknown macro 'NUM_CHN'.
E: Verilog-4306: [C:/CPLD/pango/2_Tieta_Feiteng/Tieta_Feiteng_1001_PGC7KD69MBG400/rtl/source/Tieta_Feiteng_1001_top.v(line number: 3800)] Unknown macro 'NUM_CPU'.
E: Verilog-4306: [C:/CPLD/pango/2_Tieta_Feiteng/Tieta_Feiteng_1001_PGC7KD69MBG400/rtl/source/Tieta_Feiteng_1001_top.v(line number: 3801)] Unknown macro 'NUM_IO'.
E: Verilog-4306: [C:/CPLD/pango/2_Tieta_Feiteng/Tieta_Feiteng_1001_PGC7KD69MBG400/rtl/source/Tieta_Feiteng_1001_top.v(line number: 3899)] Unknown macro 'CPLD_VER'.
E: Verilog-4005: [C:/CPLD/pango/2_Tieta_Feiteng/Tieta_Feiteng_1001_PGC7KD69MBG400/rtl/source/Tieta_Feiteng_1001_top.v(line number: 3899)] Syntax error near ,.
E: Verilog-4005: [C:/CPLD/pango/2_Tieta_Feiteng/Tieta_Feiteng_1001_PGC7KD69MBG400/rtl/source/Tieta_Feiteng_1001_top.v(line number: 3899)] Syntax error near }.
E: Verilog-4005: [C:/CPLD/pango/2_Tieta_Feiteng/Tieta_Feiteng_1001_PGC7KD69MBG400/rtl/source/Tieta_Feiteng_1001_top.v(line number: 3901)] Syntax error near ..
E: Verilog-4005: [C:/CPLD/pango/2_Tieta_Feiteng/Tieta_Feiteng_1001_PGC7KD69MBG400/rtl/source/Tieta_Feiteng_1001_top.v(line number: 3902)] Syntax error near ..
E: Verilog-4005: [C:/CPLD/pango/2_Tieta_Feiteng/Tieta_Feiteng_1001_PGC7KD69MBG400/rtl/source/Tieta_Feiteng_1001_top.v(line number: 3903)] Syntax error near ).
E: Parsing ERROR.
W: Public-4030: File 'C:/CPLD/pango/2_Tieta_Feiteng/Tieta_Feiteng_1001_PGC7KD69MBG400/rtl/include/pwrseq_define.v' has been added. It is skipped.
I: Verilog-0001: Analyzing file C:/CPLD/pango/2_Tieta_Feiteng/Tieta_Feiteng_1001_PGC7KD69MBG400/rtl/include/pwrseq_define.v.
I: Verilog-0008: [C:/CPLD/pango/2_Tieta_Feiteng/Tieta_Feiteng_1001_PGC7KD69MBG400/rtl/include/pwrseq_define.v(line number: 1)] Define macro SM_RESET_STATE 6'h00.
I: Verilog-0008: [C:/CPLD/pango/2_Tieta_Feiteng/Tieta_Feiteng_1001_PGC7KD69MBG400/rtl/include/pwrseq_define.v(line number: 2)] Define macro SM_DISABLE_S5_DEVICES 6'h01.
I: Verilog-0008: [C:/CPLD/pango/2_Tieta_Feiteng/Tieta_Feiteng_1001_PGC7KD69MBG400/rtl/include/pwrseq_define.v(line number: 4)] Define macro SM_OFF_STANDBY 6'h02.
I: Verilog-0008: [C:/CPLD/pango/2_Tieta_Feiteng/Tieta_Feiteng_1001_PGC7KD69MBG400/rtl/include/pwrseq_define.v(line number: 5)] Define macro SM_ENABLE_S5_DEVICES 6'h03.
I: Verilog-0008: [C:/CPLD/pango/2_Tieta_Feiteng/Tieta_Feiteng_1001_PGC7KD69MBG400/rtl/include/pwrseq_define.v(line number: 6)] Define macro SM_PS_ON 6'h04.
I: Verilog-0008: [C:/CPLD/pango/2_Tieta_Feiteng/Tieta_Feiteng_1001_PGC7KD69MBG400/rtl/include/pwrseq_define.v(line number: 7)] Define macro SM_EN_5V_STBY 6'h05.
I: Verilog-0008: [C:/CPLD/pango/2_Tieta_Feiteng/Tieta_Feiteng_1001_PGC7KD69MBG400/rtl/include/pwrseq_define.v(line number: 8)] Define macro SM_EN_TELEM 6'h06.
I: Verilog-0008: [C:/CPLD/pango/2_Tieta_Feiteng/Tieta_Feiteng_1001_PGC7KD69MBG400/rtl/include/pwrseq_define.v(line number: 9)] Define macro SM_EN_MAIN_EFUSE 6'h07.
I: Verilog-0008: [C:/CPLD/pango/2_Tieta_Feiteng/Tieta_Feiteng_1001_PGC7KD69MBG400/rtl/include/pwrseq_define.v(line number: 10)] Define macro SM_EN_5V 6'h08.
I: Verilog-0008: [C:/CPLD/pango/2_Tieta_Feiteng/Tieta_Feiteng_1001_PGC7KD69MBG400/rtl/include/pwrseq_define.v(line number: 11)] Define macro SM_EN_3V3 6'h09.
I: Verilog-0008: [C:/CPLD/pango/2_Tieta_Feiteng/Tieta_Feiteng_1001_PGC7KD69MBG400/rtl/include/pwrseq_define.v(line number: 12)] Define macro SM_EN_1V1 6'h0A.
I: Verilog-0008: [C:/CPLD/pango/2_Tieta_Feiteng/Tieta_Feiteng_1001_PGC7KD69MBG400/rtl/include/pwrseq_define.v(line number: 14)] Define macro SM_EN_CPU_CORE 6'h0B.
I: Verilog-0008: [C:/CPLD/pango/2_Tieta_Feiteng/Tieta_Feiteng_1001_PGC7KD69MBG400/rtl/include/pwrseq_define.v(line number: 15)] Define macro SM_EN_CPU_P1V8 6'h0C.
I: Verilog-0008: [C:/CPLD/pango/2_Tieta_Feiteng/Tieta_Feiteng_1001_PGC7KD69MBG400/rtl/include/pwrseq_define.v(line number: 16)] Define macro SM_EN_CPU_DDR 6'h0D.
I: Verilog-0008: [C:/CPLD/pango/2_Tieta_Feiteng/Tieta_Feiteng_1001_PGC7KD69MBG400/rtl/include/pwrseq_define.v(line number: 17)] Define macro SM_EN_CPU_VP 6'h0E.
I: Verilog-0008: [C:/CPLD/pango/2_Tieta_Feiteng/Tieta_Feiteng_1001_PGC7KD69MBG400/rtl/include/pwrseq_define.v(line number: 19)] Define macro PEX_RESET 6'h0F.
I: Verilog-0008: [C:/CPLD/pango/2_Tieta_Feiteng/Tieta_Feiteng_1001_PGC7KD69MBG400/rtl/include/pwrseq_define.v(line number: 20)] Define macro SM_CPU_RESET 6'h10.
I: Verilog-0008: [C:/CPLD/pango/2_Tieta_Feiteng/Tieta_Feiteng_1001_PGC7KD69MBG400/rtl/include/pwrseq_define.v(line number: 22)] Define macro SM_WAIT_POWEROK 6'h11.
I: Verilog-0008: [C:/CPLD/pango/2_Tieta_Feiteng/Tieta_Feiteng_1001_PGC7KD69MBG400/rtl/include/pwrseq_define.v(line number: 23)] Define macro SM_STEADY_PWROK 6'h12.
I: Verilog-0008: [C:/CPLD/pango/2_Tieta_Feiteng/Tieta_Feiteng_1001_PGC7KD69MBG400/rtl/include/pwrseq_define.v(line number: 24)] Define macro SM_CRITICAL_FAIL 6'h13.
I: Verilog-0008: [C:/CPLD/pango/2_Tieta_Feiteng/Tieta_Feiteng_1001_PGC7KD69MBG400/rtl/include/pwrseq_define.v(line number: 26)] Define macro SM_DISABLE_CPU_VP 6'h14.
I: Verilog-0008: [C:/CPLD/pango/2_Tieta_Feiteng/Tieta_Feiteng_1001_PGC7KD69MBG400/rtl/include/pwrseq_define.v(line number: 27)] Define macro SM_DISABLE_CPU_DDR 6'h15.
I: Verilog-0008: [C:/CPLD/pango/2_Tieta_Feiteng/Tieta_Feiteng_1001_PGC7KD69MBG400/rtl/include/pwrseq_define.v(line number: 28)] Define macro SM_DISABLE_CPU_P1V8 6'h16.
I: Verilog-0008: [C:/CPLD/pango/2_Tieta_Feiteng/Tieta_Feiteng_1001_PGC7KD69MBG400/rtl/include/pwrseq_define.v(line number: 29)] Define macro SM_DISABLE_CPU_CORE 6'h17.
I: Verilog-0008: [C:/CPLD/pango/2_Tieta_Feiteng/Tieta_Feiteng_1001_PGC7KD69MBG400/rtl/include/pwrseq_define.v(line number: 31)] Define macro SM_DISABLE_1V1 6'h18.
I: Verilog-0008: [C:/CPLD/pango/2_Tieta_Feiteng/Tieta_Feiteng_1001_PGC7KD69MBG400/rtl/include/pwrseq_define.v(line number: 32)] Define macro SM_DISABLE_3V3 6'h19.
I: Verilog-0008: [C:/CPLD/pango/2_Tieta_Feiteng/Tieta_Feiteng_1001_PGC7KD69MBG400/rtl/include/pwrseq_define.v(line number: 33)] Define macro SM_DISABLE_5V 6'h1A.
I: Verilog-0008: [C:/CPLD/pango/2_Tieta_Feiteng/Tieta_Feiteng_1001_PGC7KD69MBG400/rtl/include/pwrseq_define.v(line number: 35)] Define macro SM_DISABLE_MAIN_EFUSE 6'h1B.
I: Verilog-0008: [C:/CPLD/pango/2_Tieta_Feiteng/Tieta_Feiteng_1001_PGC7KD69MBG400/rtl/include/pwrseq_define.v(line number: 36)] Define macro SM_DISABLE_TELEM 6'h1C.
I: Verilog-0008: [C:/CPLD/pango/2_Tieta_Feiteng/Tieta_Feiteng_1001_PGC7KD69MBG400/rtl/include/pwrseq_define.v(line number: 37)] Define macro SM_DISABLE_PS_ON 6'h1D.
I: Verilog-0008: [C:/CPLD/pango/2_Tieta_Feiteng/Tieta_Feiteng_1001_PGC7KD69MBG400/rtl/include/pwrseq_define.v(line number: 39)] Define macro SM_HALT_POWER_CYCLE 6'h1E.
I: Verilog-0008: [C:/CPLD/pango/2_Tieta_Feiteng/Tieta_Feiteng_1001_PGC7KD69MBG400/rtl/include/pwrseq_define.v(line number: 40)] Define macro SM_AUX_FAIL_RECOVERY 6'h1F.
Parsing done.
W: Public-4030: File 'C:/CPLD/pango/2_Tieta_Feiteng/Tieta_Feiteng_1001_PGC7KD69MBG400/rtl/include/tpm_define.v' has been added. It is skipped.
I: Verilog-0001: Analyzing file C:/CPLD/pango/2_Tieta_Feiteng/Tieta_Feiteng_1001_PGC7KD69MBG400/rtl/include/tpm_define.v.
I: Verilog-0008: [C:/CPLD/pango/2_Tieta_Feiteng/Tieta_Feiteng_1001_PGC7KD69MBG400/rtl/include/tpm_define.v(line number: 6)] Define macro FSM_SPI_MOSI_BIT0 8'h00.
I: Verilog-0008: [C:/CPLD/pango/2_Tieta_Feiteng/Tieta_Feiteng_1001_PGC7KD69MBG400/rtl/include/tpm_define.v(line number: 7)] Define macro FSM_SPI_MOSI_BIT1 8'h01.
I: Verilog-0008: [C:/CPLD/pango/2_Tieta_Feiteng/Tieta_Feiteng_1001_PGC7KD69MBG400/rtl/include/tpm_define.v(line number: 8)] Define macro FSM_SPI_MOSI_BIT2 8'h02.
I: Verilog-0008: [C:/CPLD/pango/2_Tieta_Feiteng/Tieta_Feiteng_1001_PGC7KD69MBG400/rtl/include/tpm_define.v(line number: 9)] Define macro FSM_SPI_MOSI_BIT3 8'h03.
I: Verilog-0008: [C:/CPLD/pango/2_Tieta_Feiteng/Tieta_Feiteng_1001_PGC7KD69MBG400/rtl/include/tpm_define.v(line number: 10)] Define macro FSM_SPI_MOSI_BIT4 8'h04.
I: Verilog-0008: [C:/CPLD/pango/2_Tieta_Feiteng/Tieta_Feiteng_1001_PGC7KD69MBG400/rtl/include/tpm_define.v(line number: 11)] Define macro FSM_SPI_MOSI_BIT5 8'h05.
I: Verilog-0008: [C:/CPLD/pango/2_Tieta_Feiteng/Tieta_Feiteng_1001_PGC7KD69MBG400/rtl/include/tpm_define.v(line number: 12)] Define macro FSM_SPI_MOSI_BIT6 8'h06.
I: Verilog-0008: [C:/CPLD/pango/2_Tieta_Feiteng/Tieta_Feiteng_1001_PGC7KD69MBG400/rtl/include/tpm_define.v(line number: 13)] Define macro FSM_SPI_MOSI_BIT7 8'h07.
I: Verilog-0008: [C:/CPLD/pango/2_Tieta_Feiteng/Tieta_Feiteng_1001_PGC7KD69MBG400/rtl/include/tpm_define.v(line number: 15)] Define macro FSM_SPI_MISO_BIT0 8'h00.
I: Verilog-0008: [C:/CPLD/pango/2_Tieta_Feiteng/Tieta_Feiteng_1001_PGC7KD69MBG400/rtl/include/tpm_define.v(line number: 16)] Define macro FSM_SPI_MISO_BIT1 8'h01.
I: Verilog-0008: [C:/CPLD/pango/2_Tieta_Feiteng/Tieta_Feiteng_1001_PGC7KD69MBG400/rtl/include/tpm_define.v(line number: 17)] Define macro FSM_SPI_MISO_BIT2 8'h02.
I: Verilog-0008: [C:/CPLD/pango/2_Tieta_Feiteng/Tieta_Feiteng_1001_PGC7KD69MBG400/rtl/include/tpm_define.v(line number: 18)] Define macro FSM_SPI_MISO_BIT3 8'h03.
I: Verilog-0008: [C:/CPLD/pango/2_Tieta_Feiteng/Tieta_Feiteng_1001_PGC7KD69MBG400/rtl/include/tpm_define.v(line number: 19)] Define macro FSM_SPI_MISO_BIT4 8'h04.
I: Verilog-0008: [C:/CPLD/pango/2_Tieta_Feiteng/Tieta_Feiteng_1001_PGC7KD69MBG400/rtl/include/tpm_define.v(line number: 20)] Define macro FSM_SPI_MISO_BIT5 8'h05.
I: Verilog-0008: [C:/CPLD/pango/2_Tieta_Feiteng/Tieta_Feiteng_1001_PGC7KD69MBG400/rtl/include/tpm_define.v(line number: 21)] Define macro FSM_SPI_MISO_BIT6 8'h06.
I: Verilog-0008: [C:/CPLD/pango/2_Tieta_Feiteng/Tieta_Feiteng_1001_PGC7KD69MBG400/rtl/include/tpm_define.v(line number: 22)] Define macro FSM_SPI_MISO_BIT7 8'h07.
I: Verilog-0008: [C:/CPLD/pango/2_Tieta_Feiteng/Tieta_Feiteng_1001_PGC7KD69MBG400/rtl/include/tpm_define.v(line number: 25)] Define macro FSM_SPI_IDLE 8'h00.
I: Verilog-0008: [C:/CPLD/pango/2_Tieta_Feiteng/Tieta_Feiteng_1001_PGC7KD69MBG400/rtl/include/tpm_define.v(line number: 26)] Define macro FSM_SPI 8'h01.
I: Verilog-0008: [C:/CPLD/pango/2_Tieta_Feiteng/Tieta_Feiteng_1001_PGC7KD69MBG400/rtl/include/tpm_define.v(line number: 27)] Define macro FSM_SPI_COMMAND 8'h02.
I: Verilog-0008: [C:/CPLD/pango/2_Tieta_Feiteng/Tieta_Feiteng_1001_PGC7KD69MBG400/rtl/include/tpm_define.v(line number: 28)] Define macro FSM_SPI_ADDRESS2 8'h03.
I: Verilog-0008: [C:/CPLD/pango/2_Tieta_Feiteng/Tieta_Feiteng_1001_PGC7KD69MBG400/rtl/include/tpm_define.v(line number: 29)] Define macro FSM_SPI_ADDRESS1 8'h04.
I: Verilog-0008: [C:/CPLD/pango/2_Tieta_Feiteng/Tieta_Feiteng_1001_PGC7KD69MBG400/rtl/include/tpm_define.v(line number: 30)] Define macro FSM_SPI_ADDRESS0 8'h05.
I: Verilog-0008: [C:/CPLD/pango/2_Tieta_Feiteng/Tieta_Feiteng_1001_PGC7KD69MBG400/rtl/include/tpm_define.v(line number: 31)] Define macro FSM_SPI_WDATA0 8'h06.
I: Verilog-0008: [C:/CPLD/pango/2_Tieta_Feiteng/Tieta_Feiteng_1001_PGC7KD69MBG400/rtl/include/tpm_define.v(line number: 32)] Define macro FSM_SPI_WDATA1 8'h07.
I: Verilog-0008: [C:/CPLD/pango/2_Tieta_Feiteng/Tieta_Feiteng_1001_PGC7KD69MBG400/rtl/include/tpm_define.v(line number: 33)] Define macro FSM_SPI_WDATA2 8'h08.
I: Verilog-0008: [C:/CPLD/pango/2_Tieta_Feiteng/Tieta_Feiteng_1001_PGC7KD69MBG400/rtl/include/tpm_define.v(line number: 34)] Define macro FSM_SPI_WDATA3 8'h09.
I: Verilog-0008: [C:/CPLD/pango/2_Tieta_Feiteng/Tieta_Feiteng_1001_PGC7KD69MBG400/rtl/include/tpm_define.v(line number: 35)] Define macro FSM_SPI_WDATA_DONE 8'h0A.
I: Verilog-0008: [C:/CPLD/pango/2_Tieta_Feiteng/Tieta_Feiteng_1001_PGC7KD69MBG400/rtl/include/tpm_define.v(line number: 36)] Define macro FSM_SPI_WAIT 8'h0B.
I: Verilog-0008: [C:/CPLD/pango/2_Tieta_Feiteng/Tieta_Feiteng_1001_PGC7KD69MBG400/rtl/include/tpm_define.v(line number: 37)] Define macro FSM_SPI_WAIT_RDY 8'h0C.
I: Verilog-0008: [C:/CPLD/pango/2_Tieta_Feiteng/Tieta_Feiteng_1001_PGC7KD69MBG400/rtl/include/tpm_define.v(line number: 38)] Define macro FSM_SPI_WAIT_END 8'h0D.
I: Verilog-0008: [C:/CPLD/pango/2_Tieta_Feiteng/Tieta_Feiteng_1001_PGC7KD69MBG400/rtl/include/tpm_define.v(line number: 39)] Define macro FSM_SPI_WAIT_DONE 8'h0E.
I: Verilog-0008: [C:/CPLD/pango/2_Tieta_Feiteng/Tieta_Feiteng_1001_PGC7KD69MBG400/rtl/include/tpm_define.v(line number: 40)] Define macro FSM_SPI_RDATA0 8'h0F.
I: Verilog-0008: [C:/CPLD/pango/2_Tieta_Feiteng/Tieta_Feiteng_1001_PGC7KD69MBG400/rtl/include/tpm_define.v(line number: 41)] Define macro FSM_SPI_RDATA1 8'h10.
I: Verilog-0008: [C:/CPLD/pango/2_Tieta_Feiteng/Tieta_Feiteng_1001_PGC7KD69MBG400/rtl/include/tpm_define.v(line number: 42)] Define macro FSM_SPI_RDATA2 8'h11.
I: Verilog-0008: [C:/CPLD/pango/2_Tieta_Feiteng/Tieta_Feiteng_1001_PGC7KD69MBG400/rtl/include/tpm_define.v(line number: 43)] Define macro FSM_SPI_RDATA3 8'h12.
I: Verilog-0008: [C:/CPLD/pango/2_Tieta_Feiteng/Tieta_Feiteng_1001_PGC7KD69MBG400/rtl/include/tpm_define.v(line number: 44)] Define macro FSM_SPI_RDATA_DONE 8'h13.
I: Verilog-0008: [C:/CPLD/pango/2_Tieta_Feiteng/Tieta_Feiteng_1001_PGC7KD69MBG400/rtl/include/tpm_define.v(line number: 45)] Define macro FSM_SPI_FAULT 8'h14.
I: Verilog-0008: [C:/CPLD/pango/2_Tieta_Feiteng/Tieta_Feiteng_1001_PGC7KD69MBG400/rtl/include/tpm_define.v(line number: 46)] Define macro FSM_SPI_DONE 8'h15.
I: Verilog-0008: [C:/CPLD/pango/2_Tieta_Feiteng/Tieta_Feiteng_1001_PGC7KD69MBG400/rtl/include/tpm_define.v(line number: 48)] Define macro FSM_BUF_IDLE 8'h00.
I: Verilog-0008: [C:/CPLD/pango/2_Tieta_Feiteng/Tieta_Feiteng_1001_PGC7KD69MBG400/rtl/include/tpm_define.v(line number: 49)] Define macro FSM_BUF_SPI_WDATA_DONE 8'h01.
I: Verilog-0008: [C:/CPLD/pango/2_Tieta_Feiteng/Tieta_Feiteng_1001_PGC7KD69MBG400/rtl/include/tpm_define.v(line number: 50)] Define macro FSM_BUF_SPI_TX_LPC_TX 8'h02.
I: Verilog-0008: [C:/CPLD/pango/2_Tieta_Feiteng/Tieta_Feiteng_1001_PGC7KD69MBG400/rtl/include/tpm_define.v(line number: 51)] Define macro FSM_BUF_LPC_TX_BUFFER 8'h03.
I: Verilog-0008: [C:/CPLD/pango/2_Tieta_Feiteng/Tieta_Feiteng_1001_PGC7KD69MBG400/rtl/include/tpm_define.v(line number: 52)] Define macro FSM_BUF_LPC_TX 8'h04.
I: Verilog-0008: [C:/CPLD/pango/2_Tieta_Feiteng/Tieta_Feiteng_1001_PGC7KD69MBG400/rtl/include/tpm_define.v(line number: 53)] Define macro FSM_BUF_LPC_DONE_TX 8'h05.
I: Verilog-0008: [C:/CPLD/pango/2_Tieta_Feiteng/Tieta_Feiteng_1001_PGC7KD69MBG400/rtl/include/tpm_define.v(line number: 54)] Define macro FSM_BUF_SPI_WAIT 8'h06.
I: Verilog-0008: [C:/CPLD/pango/2_Tieta_Feiteng/Tieta_Feiteng_1001_PGC7KD69MBG400/rtl/include/tpm_define.v(line number: 55)] Define macro FSM_BUF_SPI_RX_LPC_RX 8'h07.
I: Verilog-0008: [C:/CPLD/pango/2_Tieta_Feiteng/Tieta_Feiteng_1001_PGC7KD69MBG400/rtl/include/tpm_define.v(line number: 56)] Define macro FSM_BUF_LPC_RX_BUFFER 8'h08.
I: Verilog-0008: [C:/CPLD/pango/2_Tieta_Feiteng/Tieta_Feiteng_1001_PGC7KD69MBG400/rtl/include/tpm_define.v(line number: 57)] Define macro FSM_BUF_LPC_RX 8'h09.
I: Verilog-0008: [C:/CPLD/pango/2_Tieta_Feiteng/Tieta_Feiteng_1001_PGC7KD69MBG400/rtl/include/tpm_define.v(line number: 58)] Define macro FSM_BUF_LPC_DONE_RX 8'h0A.
I: Verilog-0008: [C:/CPLD/pango/2_Tieta_Feiteng/Tieta_Feiteng_1001_PGC7KD69MBG400/rtl/include/tpm_define.v(line number: 59)] Define macro FSM_BUF_LPC_RX_SPI_RX 8'h0B.
I: Verilog-0008: [C:/CPLD/pango/2_Tieta_Feiteng/Tieta_Feiteng_1001_PGC7KD69MBG400/rtl/include/tpm_define.v(line number: 60)] Define macro FSM_BUF_SPI_RDATA_BUFFER 8'h0C.
I: Verilog-0008: [C:/CPLD/pango/2_Tieta_Feiteng/Tieta_Feiteng_1001_PGC7KD69MBG400/rtl/include/tpm_define.v(line number: 61)] Define macro FSM_BUF_SPI_RDATA0 8'h0D.
I: Verilog-0008: [C:/CPLD/pango/2_Tieta_Feiteng/Tieta_Feiteng_1001_PGC7KD69MBG400/rtl/include/tpm_define.v(line number: 62)] Define macro FSM_BUF_SPI_WAIT_DONE 8'h0E.
I: Verilog-0008: [C:/CPLD/pango/2_Tieta_Feiteng/Tieta_Feiteng_1001_PGC7KD69MBG400/rtl/include/tpm_define.v(line number: 63)] Define macro FSM_BUF_DONE 8'h0F.
I: Verilog-0008: [C:/CPLD/pango/2_Tieta_Feiteng/Tieta_Feiteng_1001_PGC7KD69MBG400/rtl/include/tpm_define.v(line number: 65)] Define macro FSM_LPC_IDLE 8'h00.
I: Verilog-0008: [C:/CPLD/pango/2_Tieta_Feiteng/Tieta_Feiteng_1001_PGC7KD69MBG400/rtl/include/tpm_define.v(line number: 66)] Define macro FSM_LPC 8'h01.
I: Verilog-0008: [C:/CPLD/pango/2_Tieta_Feiteng/Tieta_Feiteng_1001_PGC7KD69MBG400/rtl/include/tpm_define.v(line number: 67)] Define macro FSM_LPC_START0 8'h02.
I: Verilog-0008: [C:/CPLD/pango/2_Tieta_Feiteng/Tieta_Feiteng_1001_PGC7KD69MBG400/rtl/include/tpm_define.v(line number: 68)] Define macro FSM_LPC_START 8'h03.
I: Verilog-0008: [C:/CPLD/pango/2_Tieta_Feiteng/Tieta_Feiteng_1001_PGC7KD69MBG400/rtl/include/tpm_define.v(line number: 69)] Define macro FSM_LPC_CTDIR 8'h04.
I: Verilog-0008: [C:/CPLD/pango/2_Tieta_Feiteng/Tieta_Feiteng_1001_PGC7KD69MBG400/rtl/include/tpm_define.v(line number: 70)] Define macro FSM_LPC_ADDR_3 8'h05.
I: Verilog-0008: [C:/CPLD/pango/2_Tieta_Feiteng/Tieta_Feiteng_1001_PGC7KD69MBG400/rtl/include/tpm_define.v(line number: 71)] Define macro FSM_LPC_ADDR_2 8'h06.
I: Verilog-0008: [C:/CPLD/pango/2_Tieta_Feiteng/Tieta_Feiteng_1001_PGC7KD69MBG400/rtl/include/tpm_define.v(line number: 72)] Define macro FSM_LPC_ADDR_1 8'h07.
I: Verilog-0008: [C:/CPLD/pango/2_Tieta_Feiteng/Tieta_Feiteng_1001_PGC7KD69MBG400/rtl/include/tpm_define.v(line number: 73)] Define macro FSM_LPC_ADDR_0 8'h08.
I: Verilog-0008: [C:/CPLD/pango/2_Tieta_Feiteng/Tieta_Feiteng_1001_PGC7KD69MBG400/rtl/include/tpm_define.v(line number: 74)] Define macro FSM_LPC_WDATA_0 8'h09.
I: Verilog-0008: [C:/CPLD/pango/2_Tieta_Feiteng/Tieta_Feiteng_1001_PGC7KD69MBG400/rtl/include/tpm_define.v(line number: 75)] Define macro FSM_LPC_WDATA_1 8'h0A.
I: Verilog-0008: [C:/CPLD/pango/2_Tieta_Feiteng/Tieta_Feiteng_1001_PGC7KD69MBG400/rtl/include/tpm_define.v(line number: 76)] Define macro FSM_LPC_WTAR_0 8'h0B.
I: Verilog-0008: [C:/CPLD/pango/2_Tieta_Feiteng/Tieta_Feiteng_1001_PGC7KD69MBG400/rtl/include/tpm_define.v(line number: 77)] Define macro FSM_LPC_WTAR_1 8'h0C.
I: Verilog-0008: [C:/CPLD/pango/2_Tieta_Feiteng/Tieta_Feiteng_1001_PGC7KD69MBG400/rtl/include/tpm_define.v(line number: 78)] Define macro FSM_LPC_WSYNC 8'h0D.
I: Verilog-0008: [C:/CPLD/pango/2_Tieta_Feiteng/Tieta_Feiteng_1001_PGC7KD69MBG400/rtl/include/tpm_define.v(line number: 79)] Define macro FSM_LPC_RDATA_0 8'h0E.
I: Verilog-0008: [C:/CPLD/pango/2_Tieta_Feiteng/Tieta_Feiteng_1001_PGC7KD69MBG400/rtl/include/tpm_define.v(line number: 80)] Define macro FSM_LPC_RDATA_1 8'h0F.
I: Verilog-0008: [C:/CPLD/pango/2_Tieta_Feiteng/Tieta_Feiteng_1001_PGC7KD69MBG400/rtl/include/tpm_define.v(line number: 81)] Define macro FSM_LPC_RTAR_0 8'h10.
I: Verilog-0008: [C:/CPLD/pango/2_Tieta_Feiteng/Tieta_Feiteng_1001_PGC7KD69MBG400/rtl/include/tpm_define.v(line number: 82)] Define macro FSM_LPC_RTAR_1 8'h11.
I: Verilog-0008: [C:/CPLD/pango/2_Tieta_Feiteng/Tieta_Feiteng_1001_PGC7KD69MBG400/rtl/include/tpm_define.v(line number: 83)] Define macro FSM_LPC_RSYNC 8'h12.
I: Verilog-0008: [C:/CPLD/pango/2_Tieta_Feiteng/Tieta_Feiteng_1001_PGC7KD69MBG400/rtl/include/tpm_define.v(line number: 84)] Define macro FSM_LPC_TAR2_0 8'h13.
I: Verilog-0008: [C:/CPLD/pango/2_Tieta_Feiteng/Tieta_Feiteng_1001_PGC7KD69MBG400/rtl/include/tpm_define.v(line number: 85)] Define macro FSM_LPC_TAR2_1 8'h14.
I: Verilog-0008: [C:/CPLD/pango/2_Tieta_Feiteng/Tieta_Feiteng_1001_PGC7KD69MBG400/rtl/include/tpm_define.v(line number: 86)] Define macro FSM_LPC_FAULT 8'h15.
I: Verilog-0008: [C:/CPLD/pango/2_Tieta_Feiteng/Tieta_Feiteng_1001_PGC7KD69MBG400/rtl/include/tpm_define.v(line number: 87)] Define macro FSM_LPC_DONE 8'h16.
I: Verilog-0008: [C:/CPLD/pango/2_Tieta_Feiteng/Tieta_Feiteng_1001_PGC7KD69MBG400/rtl/include/tpm_define.v(line number: 164)] Define macro LPC_CYCTYPE_IO 2'b00.
I: Verilog-0008: [C:/CPLD/pango/2_Tieta_Feiteng/Tieta_Feiteng_1001_PGC7KD69MBG400/rtl/include/tpm_define.v(line number: 170)] Define macro LPC_DIRECTION_RD 1'b0.
I: Verilog-0008: [C:/CPLD/pango/2_Tieta_Feiteng/Tieta_Feiteng_1001_PGC7KD69MBG400/rtl/include/tpm_define.v(line number: 171)] Define macro LPC_DIRECTION_WR 1'b1.
I: Verilog-0008: [C:/CPLD/pango/2_Tieta_Feiteng/Tieta_Feiteng_1001_PGC7KD69MBG400/rtl/include/tpm_define.v(line number: 180)] Define macro LPC_SYNC_RDY 4'b0000.
Parsing done.
I: Verilog-0001: Analyzing file C:/CPLD/pango/2_Tieta_Feiteng/Tieta_Feiteng_1001_PGC7KD69MBG400/rtl/source/button_ctrl/power_button.v.
I: Verilog-0002: [C:/CPLD/pango/2_Tieta_Feiteng/Tieta_Feiteng_1001_PGC7KD69MBG400/rtl/source/button_ctrl/power_button.v(line number: 16)] Analyzing module power_button (library work).
Parsing done.
I: Verilog-0001: Analyzing file C:/CPLD/pango/2_Tieta_Feiteng/Tieta_Feiteng_1001_PGC7KD69MBG400/rtl/source/common/edge_delay.v.
I: Verilog-0002: [C:/CPLD/pango/2_Tieta_Feiteng/Tieta_Feiteng_1001_PGC7KD69MBG400/rtl/source/common/edge_delay.v(line number: 24)] Analyzing module edge_delay (library work).
Parsing done.
I: Verilog-0001: Analyzing file C:/CPLD/pango/2_Tieta_Feiteng/Tieta_Feiteng_1001_PGC7KD69MBG400/rtl/source/common/edge_detect.v.
I: Verilog-0002: [C:/CPLD/pango/2_Tieta_Feiteng/Tieta_Feiteng_1001_PGC7KD69MBG400/rtl/source/common/edge_detect.v(line number: 4)] Analyzing module Edge_Detect (library work).
Parsing done.
I: Verilog-0001: Analyzing file C:/CPLD/pango/2_Tieta_Feiteng/Tieta_Feiteng_1001_PGC7KD69MBG400/rtl/source/common/Edge_Detect1.v.
I: Verilog-0002: [C:/CPLD/pango/2_Tieta_Feiteng/Tieta_Feiteng_1001_PGC7KD69MBG400/rtl/source/common/Edge_Detect1.v(line number: 4)] Analyzing module Edge_Detect1 (library work).
Parsing done.
I: Verilog-0001: Analyzing file C:/CPLD/pango/2_Tieta_Feiteng/Tieta_Feiteng_1001_PGC7KD69MBG400/rtl/source/common/edge_sync.v.
I: Verilog-0002: [C:/CPLD/pango/2_Tieta_Feiteng/Tieta_Feiteng_1001_PGC7KD69MBG400/rtl/source/common/edge_sync.v(line number: 19)] Analyzing module edge_sync (library work).
I: [C:/CPLD/pango/2_Tieta_Feiteng/Tieta_Feiteng_1001_PGC7KD69MBG400/rtl/source/common/edge_sync.v(line number: 21)] Convert attribute name from syn_preserve to PAP_PRESERVE
Parsing done.
I: Verilog-0001: Analyzing file C:/CPLD/pango/2_Tieta_Feiteng/Tieta_Feiteng_1001_PGC7KD69MBG400/rtl/source/common/led_blink_code.v.
I: Verilog-0008: [C:/CPLD/pango/2_Tieta_Feiteng/Tieta_Feiteng_1001_PGC7KD69MBG400/rtl/source/common/led_blink_code.v(line number: 33)] Define macro CLK_CYCLES_OFF 1.
I: Verilog-0002: [C:/CPLD/pango/2_Tieta_Feiteng/Tieta_Feiteng_1001_PGC7KD69MBG400/rtl/source/common/led_blink_code.v(line number: 35)] Analyzing module led_blink_code (library work).
Parsing done.
I: Verilog-0001: Analyzing file C:/CPLD/pango/2_Tieta_Feiteng/Tieta_Feiteng_1001_PGC7KD69MBG400/rtl/source/common/pon_reset.v.
I: Verilog-0002: [C:/CPLD/pango/2_Tieta_Feiteng/Tieta_Feiteng_1001_PGC7KD69MBG400/rtl/source/common/pon_reset.v(line number: 19)] Analyzing module pon_reset (library work).
Parsing done.
I: Verilog-0001: Analyzing file C:/CPLD/pango/2_Tieta_Feiteng/Tieta_Feiteng_1001_PGC7KD69MBG400/rtl/source/common/post_leds.v.
I: Verilog-0002: [C:/CPLD/pango/2_Tieta_Feiteng/Tieta_Feiteng_1001_PGC7KD69MBG400/rtl/source/common/post_leds.v(line number: 21)] Analyzing module post_leds (library work).
I: [C:/CPLD/pango/2_Tieta_Feiteng/Tieta_Feiteng_1001_PGC7KD69MBG400/rtl/source/common/post_leds.v(line number: 42)] Convert attribute name from syn_encoding to PAP_FSM_ENCODING
Parsing done.
I: Verilog-0001: Analyzing file C:/CPLD/pango/2_Tieta_Feiteng/Tieta_Feiteng_1001_PGC7KD69MBG400/rtl/source/common/synclib.v.
I: Verilog-0002: [C:/CPLD/pango/2_Tieta_Feiteng/Tieta_Feiteng_1001_PGC7KD69MBG400/rtl/source/common/synclib.v(line number: 50)] Analyzing module SYNC_RESET_N_AASD (library work).
I: Verilog-0002: [C:/CPLD/pango/2_Tieta_Feiteng/Tieta_Feiteng_1001_PGC7KD69MBG400/rtl/source/common/synclib.v(line number: 70)] Analyzing module SYNC_RESET_AASD (library work).
I: Verilog-0002: [C:/CPLD/pango/2_Tieta_Feiteng/Tieta_Feiteng_1001_PGC7KD69MBG400/rtl/source/common/synclib.v(line number: 90)] Analyzing module SYNC_RESET_SASD (library work).
I: Verilog-0002: [C:/CPLD/pango/2_Tieta_Feiteng/Tieta_Feiteng_1001_PGC7KD69MBG400/rtl/source/common/synclib.v(line number: 106)] Analyzing module SYNC_DATA_N (library work).
I: Verilog-0002: [C:/CPLD/pango/2_Tieta_Feiteng/Tieta_Feiteng_1001_PGC7KD69MBG400/rtl/source/common/synclib.v(line number: 130)] Analyzing module SYNC_DATA (library work).
I: Verilog-0002: [C:/CPLD/pango/2_Tieta_Feiteng/Tieta_Feiteng_1001_PGC7KD69MBG400/rtl/source/common/synclib.v(line number: 155)] Analyzing module STABLE (library work).
I: Verilog-0002: [C:/CPLD/pango/2_Tieta_Feiteng/Tieta_Feiteng_1001_PGC7KD69MBG400/rtl/source/common/synclib.v(line number: 182)] Analyzing module BREAK_COMBI_N (library work).
I: Verilog-0002: [C:/CPLD/pango/2_Tieta_Feiteng/Tieta_Feiteng_1001_PGC7KD69MBG400/rtl/source/common/synclib.v(line number: 198)] Analyzing module BREAK_COMBI (library work).
I: Verilog-0002: [C:/CPLD/pango/2_Tieta_Feiteng/Tieta_Feiteng_1001_PGC7KD69MBG400/rtl/source/common/synclib.v(line number: 217)] Analyzing module ISOLATE_COMBI (library work).
I: Verilog-0002: [C:/CPLD/pango/2_Tieta_Feiteng/Tieta_Feiteng_1001_PGC7KD69MBG400/rtl/source/common/synclib.v(line number: 269)] Analyzing module PGM_DEBOUNCE_N (library work).
I: Verilog-0002: [C:/CPLD/pango/2_Tieta_Feiteng/Tieta_Feiteng_1001_PGC7KD69MBG400/rtl/source/common/synclib.v(line number: 354)] Analyzing module PGM_DEBOUNCE (library work).
I: Verilog-0002: [C:/CPLD/pango/2_Tieta_Feiteng/Tieta_Feiteng_1001_PGC7KD69MBG400/rtl/source/common/synclib.v(line number: 456)] Analyzing module PGM_DEBOUNCE_GPO_N (library work).
Parsing done.
I: Verilog-0001: Analyzing file C:/CPLD/pango/2_Tieta_Feiteng/Tieta_Feiteng_1001_PGC7KD69MBG400/rtl/source/common/system_reset.v.
I: Verilog-0002: [C:/CPLD/pango/2_Tieta_Feiteng/Tieta_Feiteng_1001_PGC7KD69MBG400/rtl/source/common/system_reset.v(line number: 15)] Analyzing module system_reset (library work).
Parsing done.
I: Verilog-0001: Analyzing file C:/CPLD/pango/2_Tieta_Feiteng/Tieta_Feiteng_1001_PGC7KD69MBG400/rtl/source/common/UID_Function.v.
I: Verilog-0002: [C:/CPLD/pango/2_Tieta_Feiteng/Tieta_Feiteng_1001_PGC7KD69MBG400/rtl/source/common/UID_Function.v(line number: 27)] Analyzing module UID_Function (library work).
Parsing done.
I: Verilog-0001: Analyzing file C:/CPLD/pango/2_Tieta_Feiteng/Tieta_Feiteng_1001_PGC7KD69MBG400/rtl/source/communication/p2s_master.v.
I: Verilog-0002: [C:/CPLD/pango/2_Tieta_Feiteng/Tieta_Feiteng_1001_PGC7KD69MBG400/rtl/source/communication/p2s_master.v(line number: 27)] Analyzing module p2s_master (library work).
I: [C:/CPLD/pango/2_Tieta_Feiteng/Tieta_Feiteng_1001_PGC7KD69MBG400/rtl/source/communication/p2s_master.v(line number: 27)] Convert attribute name from syn_preserve to PAP_PRESERVE
Parsing done.
I: Verilog-0001: Analyzing file C:/CPLD/pango/2_Tieta_Feiteng/Tieta_Feiteng_1001_PGC7KD69MBG400/rtl/source/communication/p2s_slave.v.
I: Verilog-0002: [C:/CPLD/pango/2_Tieta_Feiteng/Tieta_Feiteng_1001_PGC7KD69MBG400/rtl/source/communication/p2s_slave.v(line number: 28)] Analyzing module p2s_slave (library work).
I: [C:/CPLD/pango/2_Tieta_Feiteng/Tieta_Feiteng_1001_PGC7KD69MBG400/rtl/source/communication/p2s_slave.v(line number: 28)] Convert attribute name from syn_preserve to PAP_PRESERVE
Parsing done.
I: Verilog-0001: Analyzing file C:/CPLD/pango/2_Tieta_Feiteng/Tieta_Feiteng_1001_PGC7KD69MBG400/rtl/source/communication/s2p_master.v.
I: Verilog-0002: [C:/CPLD/pango/2_Tieta_Feiteng/Tieta_Feiteng_1001_PGC7KD69MBG400/rtl/source/communication/s2p_master.v(line number: 27)] Analyzing module s2p_master (library work).
I: [C:/CPLD/pango/2_Tieta_Feiteng/Tieta_Feiteng_1001_PGC7KD69MBG400/rtl/source/communication/s2p_master.v(line number: 27)] Convert attribute name from syn_preserve to PAP_PRESERVE
Parsing done.
I: Verilog-0001: Analyzing file C:/CPLD/pango/2_Tieta_Feiteng/Tieta_Feiteng_1001_PGC7KD69MBG400/rtl/source/communication/s2p_slave.v.
I: Verilog-0002: [C:/CPLD/pango/2_Tieta_Feiteng/Tieta_Feiteng_1001_PGC7KD69MBG400/rtl/source/communication/s2p_slave.v(line number: 27)] Analyzing module s2p_slave (library work).
I: [C:/CPLD/pango/2_Tieta_Feiteng/Tieta_Feiteng_1001_PGC7KD69MBG400/rtl/source/communication/s2p_slave.v(line number: 28)] Convert attribute name from syn_preserve to PAP_PRESERVE
Parsing done.
I: Verilog-0001: Analyzing file C:/CPLD/pango/2_Tieta_Feiteng/Tieta_Feiteng_1001_PGC7KD69MBG400/rtl/source/communication/uart_master.v.
I: Verilog-0002: [C:/CPLD/pango/2_Tieta_Feiteng/Tieta_Feiteng_1001_PGC7KD69MBG400/rtl/source/communication/uart_master.v(line number: 25)] Analyzing module UART_MASTER (library work).
Parsing done.
I: Verilog-0001: Analyzing file C:/CPLD/pango/2_Tieta_Feiteng/Tieta_Feiteng_1001_PGC7KD69MBG400/rtl/source/fan_ctrl/fan_counter.v.
I: Verilog-0002: [C:/CPLD/pango/2_Tieta_Feiteng/Tieta_Feiteng_1001_PGC7KD69MBG400/rtl/source/fan_ctrl/fan_counter.v(line number: 24)] Analyzing module fan_counter (library work).
Parsing done.
I: Verilog-0001: Analyzing file C:/CPLD/pango/2_Tieta_Feiteng/Tieta_Feiteng_1001_PGC7KD69MBG400/rtl/source/fan_ctrl/fan_pwm_tach.v.
I: Verilog-0002: [C:/CPLD/pango/2_Tieta_Feiteng/Tieta_Feiteng_1001_PGC7KD69MBG400/rtl/source/fan_ctrl/fan_pwm_tach.v(line number: 11)] Analyzing module fan_pwm_tach (library work).
Parsing done.
I: Verilog-0001: Analyzing file C:/CPLD/pango/2_Tieta_Feiteng/Tieta_Feiteng_1001_PGC7KD69MBG400/rtl/source/i2c/bmc_cpld_i2c_ram.v.
I: Verilog-0002: [C:/CPLD/pango/2_Tieta_Feiteng/Tieta_Feiteng_1001_PGC7KD69MBG400/rtl/source/i2c/bmc_cpld_i2c_ram.v(line number: 3)] Analyzing module bmc_cpld_i2c_ram (library work).
Parsing done.
I: Verilog-0001: Analyzing file C:/CPLD/pango/2_Tieta_Feiteng/Tieta_Feiteng_1001_PGC7KD69MBG400/rtl/source/pwrseq/psu.v.
I: Found Verilog include file C:/CPLD/pango/2_Tieta_Feiteng/Tieta_Feiteng_1001_PGC7KD69MBG400/rtl/include/pwrseq_define.v
I: Verilog-0008: [C:/CPLD/pango/2_Tieta_Feiteng/Tieta_Feiteng_1001_PGC7KD69MBG400/rtl/include/pwrseq_define.v(line number: 1)] Define macro SM_RESET_STATE 6'h00.
I: Verilog-0008: [C:/CPLD/pango/2_Tieta_Feiteng/Tieta_Feiteng_1001_PGC7KD69MBG400/rtl/include/pwrseq_define.v(line number: 2)] Define macro SM_DISABLE_S5_DEVICES 6'h01.
I: Verilog-0008: [C:/CPLD/pango/2_Tieta_Feiteng/Tieta_Feiteng_1001_PGC7KD69MBG400/rtl/include/pwrseq_define.v(line number: 4)] Define macro SM_OFF_STANDBY 6'h02.
I: Verilog-0008: [C:/CPLD/pango/2_Tieta_Feiteng/Tieta_Feiteng_1001_PGC7KD69MBG400/rtl/include/pwrseq_define.v(line number: 5)] Define macro SM_ENABLE_S5_DEVICES 6'h03.
I: Verilog-0008: [C:/CPLD/pango/2_Tieta_Feiteng/Tieta_Feiteng_1001_PGC7KD69MBG400/rtl/include/pwrseq_define.v(line number: 6)] Define macro SM_PS_ON 6'h04.
I: Verilog-0008: [C:/CPLD/pango/2_Tieta_Feiteng/Tieta_Feiteng_1001_PGC7KD69MBG400/rtl/include/pwrseq_define.v(line number: 7)] Define macro SM_EN_5V_STBY 6'h05.
I: Verilog-0008: [C:/CPLD/pango/2_Tieta_Feiteng/Tieta_Feiteng_1001_PGC7KD69MBG400/rtl/include/pwrseq_define.v(line number: 8)] Define macro SM_EN_TELEM 6'h06.
I: Verilog-0008: [C:/CPLD/pango/2_Tieta_Feiteng/Tieta_Feiteng_1001_PGC7KD69MBG400/rtl/include/pwrseq_define.v(line number: 9)] Define macro SM_EN_MAIN_EFUSE 6'h07.
I: Verilog-0008: [C:/CPLD/pango/2_Tieta_Feiteng/Tieta_Feiteng_1001_PGC7KD69MBG400/rtl/include/pwrseq_define.v(line number: 10)] Define macro SM_EN_5V 6'h08.
I: Verilog-0008: [C:/CPLD/pango/2_Tieta_Feiteng/Tieta_Feiteng_1001_PGC7KD69MBG400/rtl/include/pwrseq_define.v(line number: 11)] Define macro SM_EN_3V3 6'h09.
I: Verilog-0008: [C:/CPLD/pango/2_Tieta_Feiteng/Tieta_Feiteng_1001_PGC7KD69MBG400/rtl/include/pwrseq_define.v(line number: 12)] Define macro SM_EN_1V1 6'h0A.
I: Verilog-0008: [C:/CPLD/pango/2_Tieta_Feiteng/Tieta_Feiteng_1001_PGC7KD69MBG400/rtl/include/pwrseq_define.v(line number: 14)] Define macro SM_EN_CPU_CORE 6'h0B.
I: Verilog-0008: [C:/CPLD/pango/2_Tieta_Feiteng/Tieta_Feiteng_1001_PGC7KD69MBG400/rtl/include/pwrseq_define.v(line number: 15)] Define macro SM_EN_CPU_P1V8 6'h0C.
I: Verilog-0008: [C:/CPLD/pango/2_Tieta_Feiteng/Tieta_Feiteng_1001_PGC7KD69MBG400/rtl/include/pwrseq_define.v(line number: 16)] Define macro SM_EN_CPU_DDR 6'h0D.
I: Verilog-0008: [C:/CPLD/pango/2_Tieta_Feiteng/Tieta_Feiteng_1001_PGC7KD69MBG400/rtl/include/pwrseq_define.v(line number: 17)] Define macro SM_EN_CPU_VP 6'h0E.
I: Verilog-0008: [C:/CPLD/pango/2_Tieta_Feiteng/Tieta_Feiteng_1001_PGC7KD69MBG400/rtl/include/pwrseq_define.v(line number: 19)] Define macro PEX_RESET 6'h0F.
I: Verilog-0008: [C:/CPLD/pango/2_Tieta_Feiteng/Tieta_Feiteng_1001_PGC7KD69MBG400/rtl/include/pwrseq_define.v(line number: 20)] Define macro SM_CPU_RESET 6'h10.
I: Verilog-0008: [C:/CPLD/pango/2_Tieta_Feiteng/Tieta_Feiteng_1001_PGC7KD69MBG400/rtl/include/pwrseq_define.v(line number: 22)] Define macro SM_WAIT_POWEROK 6'h11.
I: Verilog-0008: [C:/CPLD/pango/2_Tieta_Feiteng/Tieta_Feiteng_1001_PGC7KD69MBG400/rtl/include/pwrseq_define.v(line number: 23)] Define macro SM_STEADY_PWROK 6'h12.
I: Verilog-0008: [C:/CPLD/pango/2_Tieta_Feiteng/Tieta_Feiteng_1001_PGC7KD69MBG400/rtl/include/pwrseq_define.v(line number: 24)] Define macro SM_CRITICAL_FAIL 6'h13.
I: Verilog-0008: [C:/CPLD/pango/2_Tieta_Feiteng/Tieta_Feiteng_1001_PGC7KD69MBG400/rtl/include/pwrseq_define.v(line number: 26)] Define macro SM_DISABLE_CPU_VP 6'h14.
I: Verilog-0008: [C:/CPLD/pango/2_Tieta_Feiteng/Tieta_Feiteng_1001_PGC7KD69MBG400/rtl/include/pwrseq_define.v(line number: 27)] Define macro SM_DISABLE_CPU_DDR 6'h15.
I: Verilog-0008: [C:/CPLD/pango/2_Tieta_Feiteng/Tieta_Feiteng_1001_PGC7KD69MBG400/rtl/include/pwrseq_define.v(line number: 28)] Define macro SM_DISABLE_CPU_P1V8 6'h16.
I: Verilog-0008: [C:/CPLD/pango/2_Tieta_Feiteng/Tieta_Feiteng_1001_PGC7KD69MBG400/rtl/include/pwrseq_define.v(line number: 29)] Define macro SM_DISABLE_CPU_CORE 6'h17.
I: Verilog-0008: [C:/CPLD/pango/2_Tieta_Feiteng/Tieta_Feiteng_1001_PGC7KD69MBG400/rtl/include/pwrseq_define.v(line number: 31)] Define macro SM_DISABLE_1V1 6'h18.
I: Verilog-0008: [C:/CPLD/pango/2_Tieta_Feiteng/Tieta_Feiteng_1001_PGC7KD69MBG400/rtl/include/pwrseq_define.v(line number: 32)] Define macro SM_DISABLE_3V3 6'h19.
I: Verilog-0008: [C:/CPLD/pango/2_Tieta_Feiteng/Tieta_Feiteng_1001_PGC7KD69MBG400/rtl/include/pwrseq_define.v(line number: 33)] Define macro SM_DISABLE_5V 6'h1A.
I: Verilog-0008: [C:/CPLD/pango/2_Tieta_Feiteng/Tieta_Feiteng_1001_PGC7KD69MBG400/rtl/include/pwrseq_define.v(line number: 35)] Define macro SM_DISABLE_MAIN_EFUSE 6'h1B.
I: Verilog-0008: [C:/CPLD/pango/2_Tieta_Feiteng/Tieta_Feiteng_1001_PGC7KD69MBG400/rtl/include/pwrseq_define.v(line number: 36)] Define macro SM_DISABLE_TELEM 6'h1C.
I: Verilog-0008: [C:/CPLD/pango/2_Tieta_Feiteng/Tieta_Feiteng_1001_PGC7KD69MBG400/rtl/include/pwrseq_define.v(line number: 37)] Define macro SM_DISABLE_PS_ON 6'h1D.
I: Verilog-0008: [C:/CPLD/pango/2_Tieta_Feiteng/Tieta_Feiteng_1001_PGC7KD69MBG400/rtl/include/pwrseq_define.v(line number: 39)] Define macro SM_HALT_POWER_CYCLE 6'h1E.
I: Verilog-0008: [C:/CPLD/pango/2_Tieta_Feiteng/Tieta_Feiteng_1001_PGC7KD69MBG400/rtl/include/pwrseq_define.v(line number: 40)] Define macro SM_AUX_FAIL_RECOVERY 6'h1F.
I: Verilog-0002: [C:/CPLD/pango/2_Tieta_Feiteng/Tieta_Feiteng_1001_PGC7KD69MBG400/rtl/source/pwrseq/psu.v(line number: 16)] Analyzing module psu (library work).
Parsing done.
I: Verilog-0001: Analyzing file C:/CPLD/pango/2_Tieta_Feiteng/Tieta_Feiteng_1001_PGC7KD69MBG400/rtl/source/pwrseq/pwrseq_master.v.
I: Found Verilog include file C:/CPLD/pango/2_Tieta_Feiteng/Tieta_Feiteng_1001_PGC7KD69MBG400/rtl/include/pwrseq_define.v
I: Verilog-0008: [C:/CPLD/pango/2_Tieta_Feiteng/Tieta_Feiteng_1001_PGC7KD69MBG400/rtl/include/pwrseq_define.v(line number: 1)] Define macro SM_RESET_STATE 6'h00.
I: Verilog-0008: [C:/CPLD/pango/2_Tieta_Feiteng/Tieta_Feiteng_1001_PGC7KD69MBG400/rtl/include/pwrseq_define.v(line number: 2)] Define macro SM_DISABLE_S5_DEVICES 6'h01.
I: Verilog-0008: [C:/CPLD/pango/2_Tieta_Feiteng/Tieta_Feiteng_1001_PGC7KD69MBG400/rtl/include/pwrseq_define.v(line number: 4)] Define macro SM_OFF_STANDBY 6'h02.
I: Verilog-0008: [C:/CPLD/pango/2_Tieta_Feiteng/Tieta_Feiteng_1001_PGC7KD69MBG400/rtl/include/pwrseq_define.v(line number: 5)] Define macro SM_ENABLE_S5_DEVICES 6'h03.
I: Verilog-0008: [C:/CPLD/pango/2_Tieta_Feiteng/Tieta_Feiteng_1001_PGC7KD69MBG400/rtl/include/pwrseq_define.v(line number: 6)] Define macro SM_PS_ON 6'h04.
I: Verilog-0008: [C:/CPLD/pango/2_Tieta_Feiteng/Tieta_Feiteng_1001_PGC7KD69MBG400/rtl/include/pwrseq_define.v(line number: 7)] Define macro SM_EN_5V_STBY 6'h05.
I: Verilog-0008: [C:/CPLD/pango/2_Tieta_Feiteng/Tieta_Feiteng_1001_PGC7KD69MBG400/rtl/include/pwrseq_define.v(line number: 8)] Define macro SM_EN_TELEM 6'h06.
I: Verilog-0008: [C:/CPLD/pango/2_Tieta_Feiteng/Tieta_Feiteng_1001_PGC7KD69MBG400/rtl/include/pwrseq_define.v(line number: 9)] Define macro SM_EN_MAIN_EFUSE 6'h07.
I: Verilog-0008: [C:/CPLD/pango/2_Tieta_Feiteng/Tieta_Feiteng_1001_PGC7KD69MBG400/rtl/include/pwrseq_define.v(line number: 10)] Define macro SM_EN_5V 6'h08.
I: Verilog-0008: [C:/CPLD/pango/2_Tieta_Feiteng/Tieta_Feiteng_1001_PGC7KD69MBG400/rtl/include/pwrseq_define.v(line number: 11)] Define macro SM_EN_3V3 6'h09.
I: Verilog-0008: [C:/CPLD/pango/2_Tieta_Feiteng/Tieta_Feiteng_1001_PGC7KD69MBG400/rtl/include/pwrseq_define.v(line number: 12)] Define macro SM_EN_1V1 6'h0A.
I: Verilog-0008: [C:/CPLD/pango/2_Tieta_Feiteng/Tieta_Feiteng_1001_PGC7KD69MBG400/rtl/include/pwrseq_define.v(line number: 14)] Define macro SM_EN_CPU_CORE 6'h0B.
I: Verilog-0008: [C:/CPLD/pango/2_Tieta_Feiteng/Tieta_Feiteng_1001_PGC7KD69MBG400/rtl/include/pwrseq_define.v(line number: 15)] Define macro SM_EN_CPU_P1V8 6'h0C.
I: Verilog-0008: [C:/CPLD/pango/2_Tieta_Feiteng/Tieta_Feiteng_1001_PGC7KD69MBG400/rtl/include/pwrseq_define.v(line number: 16)] Define macro SM_EN_CPU_DDR 6'h0D.
I: Verilog-0008: [C:/CPLD/pango/2_Tieta_Feiteng/Tieta_Feiteng_1001_PGC7KD69MBG400/rtl/include/pwrseq_define.v(line number: 17)] Define macro SM_EN_CPU_VP 6'h0E.
I: Verilog-0008: [C:/CPLD/pango/2_Tieta_Feiteng/Tieta_Feiteng_1001_PGC7KD69MBG400/rtl/include/pwrseq_define.v(line number: 19)] Define macro PEX_RESET 6'h0F.
I: Verilog-0008: [C:/CPLD/pango/2_Tieta_Feiteng/Tieta_Feiteng_1001_PGC7KD69MBG400/rtl/include/pwrseq_define.v(line number: 20)] Define macro SM_CPU_RESET 6'h10.
I: Verilog-0008: [C:/CPLD/pango/2_Tieta_Feiteng/Tieta_Feiteng_1001_PGC7KD69MBG400/rtl/include/pwrseq_define.v(line number: 22)] Define macro SM_WAIT_POWEROK 6'h11.
I: Verilog-0008: [C:/CPLD/pango/2_Tieta_Feiteng/Tieta_Feiteng_1001_PGC7KD69MBG400/rtl/include/pwrseq_define.v(line number: 23)] Define macro SM_STEADY_PWROK 6'h12.
I: Verilog-0008: [C:/CPLD/pango/2_Tieta_Feiteng/Tieta_Feiteng_1001_PGC7KD69MBG400/rtl/include/pwrseq_define.v(line number: 24)] Define macro SM_CRITICAL_FAIL 6'h13.
I: Verilog-0008: [C:/CPLD/pango/2_Tieta_Feiteng/Tieta_Feiteng_1001_PGC7KD69MBG400/rtl/include/pwrseq_define.v(line number: 26)] Define macro SM_DISABLE_CPU_VP 6'h14.
I: Verilog-0008: [C:/CPLD/pango/2_Tieta_Feiteng/Tieta_Feiteng_1001_PGC7KD69MBG400/rtl/include/pwrseq_define.v(line number: 27)] Define macro SM_DISABLE_CPU_DDR 6'h15.
I: Verilog-0008: [C:/CPLD/pango/2_Tieta_Feiteng/Tieta_Feiteng_1001_PGC7KD69MBG400/rtl/include/pwrseq_define.v(line number: 28)] Define macro SM_DISABLE_CPU_P1V8 6'h16.
I: Verilog-0008: [C:/CPLD/pango/2_Tieta_Feiteng/Tieta_Feiteng_1001_PGC7KD69MBG400/rtl/include/pwrseq_define.v(line number: 29)] Define macro SM_DISABLE_CPU_CORE 6'h17.
I: Verilog-0008: [C:/CPLD/pango/2_Tieta_Feiteng/Tieta_Feiteng_1001_PGC7KD69MBG400/rtl/include/pwrseq_define.v(line number: 31)] Define macro SM_DISABLE_1V1 6'h18.
I: Verilog-0008: [C:/CPLD/pango/2_Tieta_Feiteng/Tieta_Feiteng_1001_PGC7KD69MBG400/rtl/include/pwrseq_define.v(line number: 32)] Define macro SM_DISABLE_3V3 6'h19.
I: Verilog-0008: [C:/CPLD/pango/2_Tieta_Feiteng/Tieta_Feiteng_1001_PGC7KD69MBG400/rtl/include/pwrseq_define.v(line number: 33)] Define macro SM_DISABLE_5V 6'h1A.
I: Verilog-0008: [C:/CPLD/pango/2_Tieta_Feiteng/Tieta_Feiteng_1001_PGC7KD69MBG400/rtl/include/pwrseq_define.v(line number: 35)] Define macro SM_DISABLE_MAIN_EFUSE 6'h1B.
I: Verilog-0008: [C:/CPLD/pango/2_Tieta_Feiteng/Tieta_Feiteng_1001_PGC7KD69MBG400/rtl/include/pwrseq_define.v(line number: 36)] Define macro SM_DISABLE_TELEM 6'h1C.
I: Verilog-0008: [C:/CPLD/pango/2_Tieta_Feiteng/Tieta_Feiteng_1001_PGC7KD69MBG400/rtl/include/pwrseq_define.v(line number: 37)] Define macro SM_DISABLE_PS_ON 6'h1D.
I: Verilog-0008: [C:/CPLD/pango/2_Tieta_Feiteng/Tieta_Feiteng_1001_PGC7KD69MBG400/rtl/include/pwrseq_define.v(line number: 39)] Define macro SM_HALT_POWER_CYCLE 6'h1E.
I: Verilog-0008: [C:/CPLD/pango/2_Tieta_Feiteng/Tieta_Feiteng_1001_PGC7KD69MBG400/rtl/include/pwrseq_define.v(line number: 40)] Define macro SM_AUX_FAIL_RECOVERY 6'h1F.
I: Verilog-0002: [C:/CPLD/pango/2_Tieta_Feiteng/Tieta_Feiteng_1001_PGC7KD69MBG400/rtl/source/pwrseq/pwrseq_master.v(line number: 13)] Analyzing module pwrseq_master (library work).
Parsing done.
I: Verilog-0001: Analyzing file C:/CPLD/pango/2_Tieta_Feiteng/Tieta_Feiteng_1001_PGC7KD69MBG400/rtl/source/pwrseq/pwrseq_slave.v.
I: Found Verilog include file C:/CPLD/pango/2_Tieta_Feiteng/Tieta_Feiteng_1001_PGC7KD69MBG400/rtl/include/pwrseq_define.v
I: Verilog-0008: [C:/CPLD/pango/2_Tieta_Feiteng/Tieta_Feiteng_1001_PGC7KD69MBG400/rtl/include/pwrseq_define.v(line number: 1)] Define macro SM_RESET_STATE 6'h00.
I: Verilog-0008: [C:/CPLD/pango/2_Tieta_Feiteng/Tieta_Feiteng_1001_PGC7KD69MBG400/rtl/include/pwrseq_define.v(line number: 2)] Define macro SM_DISABLE_S5_DEVICES 6'h01.
I: Verilog-0008: [C:/CPLD/pango/2_Tieta_Feiteng/Tieta_Feiteng_1001_PGC7KD69MBG400/rtl/include/pwrseq_define.v(line number: 4)] Define macro SM_OFF_STANDBY 6'h02.
I: Verilog-0008: [C:/CPLD/pango/2_Tieta_Feiteng/Tieta_Feiteng_1001_PGC7KD69MBG400/rtl/include/pwrseq_define.v(line number: 5)] Define macro SM_ENABLE_S5_DEVICES 6'h03.
I: Verilog-0008: [C:/CPLD/pango/2_Tieta_Feiteng/Tieta_Feiteng_1001_PGC7KD69MBG400/rtl/include/pwrseq_define.v(line number: 6)] Define macro SM_PS_ON 6'h04.
I: Verilog-0008: [C:/CPLD/pango/2_Tieta_Feiteng/Tieta_Feiteng_1001_PGC7KD69MBG400/rtl/include/pwrseq_define.v(line number: 7)] Define macro SM_EN_5V_STBY 6'h05.
I: Verilog-0008: [C:/CPLD/pango/2_Tieta_Feiteng/Tieta_Feiteng_1001_PGC7KD69MBG400/rtl/include/pwrseq_define.v(line number: 8)] Define macro SM_EN_TELEM 6'h06.
I: Verilog-0008: [C:/CPLD/pango/2_Tieta_Feiteng/Tieta_Feiteng_1001_PGC7KD69MBG400/rtl/include/pwrseq_define.v(line number: 9)] Define macro SM_EN_MAIN_EFUSE 6'h07.
I: Verilog-0008: [C:/CPLD/pango/2_Tieta_Feiteng/Tieta_Feiteng_1001_PGC7KD69MBG400/rtl/include/pwrseq_define.v(line number: 10)] Define macro SM_EN_5V 6'h08.
I: Verilog-0008: [C:/CPLD/pango/2_Tieta_Feiteng/Tieta_Feiteng_1001_PGC7KD69MBG400/rtl/include/pwrseq_define.v(line number: 11)] Define macro SM_EN_3V3 6'h09.
I: Verilog-0008: [C:/CPLD/pango/2_Tieta_Feiteng/Tieta_Feiteng_1001_PGC7KD69MBG400/rtl/include/pwrseq_define.v(line number: 12)] Define macro SM_EN_1V1 6'h0A.
I: Verilog-0008: [C:/CPLD/pango/2_Tieta_Feiteng/Tieta_Feiteng_1001_PGC7KD69MBG400/rtl/include/pwrseq_define.v(line number: 14)] Define macro SM_EN_CPU_CORE 6'h0B.
I: Verilog-0008: [C:/CPLD/pango/2_Tieta_Feiteng/Tieta_Feiteng_1001_PGC7KD69MBG400/rtl/include/pwrseq_define.v(line number: 15)] Define macro SM_EN_CPU_P1V8 6'h0C.
I: Verilog-0008: [C:/CPLD/pango/2_Tieta_Feiteng/Tieta_Feiteng_1001_PGC7KD69MBG400/rtl/include/pwrseq_define.v(line number: 16)] Define macro SM_EN_CPU_DDR 6'h0D.
I: Verilog-0008: [C:/CPLD/pango/2_Tieta_Feiteng/Tieta_Feiteng_1001_PGC7KD69MBG400/rtl/include/pwrseq_define.v(line number: 17)] Define macro SM_EN_CPU_VP 6'h0E.
I: Verilog-0008: [C:/CPLD/pango/2_Tieta_Feiteng/Tieta_Feiteng_1001_PGC7KD69MBG400/rtl/include/pwrseq_define.v(line number: 19)] Define macro PEX_RESET 6'h0F.
I: Verilog-0008: [C:/CPLD/pango/2_Tieta_Feiteng/Tieta_Feiteng_1001_PGC7KD69MBG400/rtl/include/pwrseq_define.v(line number: 20)] Define macro SM_CPU_RESET 6'h10.
I: Verilog-0008: [C:/CPLD/pango/2_Tieta_Feiteng/Tieta_Feiteng_1001_PGC7KD69MBG400/rtl/include/pwrseq_define.v(line number: 22)] Define macro SM_WAIT_POWEROK 6'h11.
I: Verilog-0008: [C:/CPLD/pango/2_Tieta_Feiteng/Tieta_Feiteng_1001_PGC7KD69MBG400/rtl/include/pwrseq_define.v(line number: 23)] Define macro SM_STEADY_PWROK 6'h12.
I: Verilog-0008: [C:/CPLD/pango/2_Tieta_Feiteng/Tieta_Feiteng_1001_PGC7KD69MBG400/rtl/include/pwrseq_define.v(line number: 24)] Define macro SM_CRITICAL_FAIL 6'h13.
I: Verilog-0008: [C:/CPLD/pango/2_Tieta_Feiteng/Tieta_Feiteng_1001_PGC7KD69MBG400/rtl/include/pwrseq_define.v(line number: 26)] Define macro SM_DISABLE_CPU_VP 6'h14.
I: Verilog-0008: [C:/CPLD/pango/2_Tieta_Feiteng/Tieta_Feiteng_1001_PGC7KD69MBG400/rtl/include/pwrseq_define.v(line number: 27)] Define macro SM_DISABLE_CPU_DDR 6'h15.
I: Verilog-0008: [C:/CPLD/pango/2_Tieta_Feiteng/Tieta_Feiteng_1001_PGC7KD69MBG400/rtl/include/pwrseq_define.v(line number: 28)] Define macro SM_DISABLE_CPU_P1V8 6'h16.
I: Verilog-0008: [C:/CPLD/pango/2_Tieta_Feiteng/Tieta_Feiteng_1001_PGC7KD69MBG400/rtl/include/pwrseq_define.v(line number: 29)] Define macro SM_DISABLE_CPU_CORE 6'h17.
I: Verilog-0008: [C:/CPLD/pango/2_Tieta_Feiteng/Tieta_Feiteng_1001_PGC7KD69MBG400/rtl/include/pwrseq_define.v(line number: 31)] Define macro SM_DISABLE_1V1 6'h18.
I: Verilog-0008: [C:/CPLD/pango/2_Tieta_Feiteng/Tieta_Feiteng_1001_PGC7KD69MBG400/rtl/include/pwrseq_define.v(line number: 32)] Define macro SM_DISABLE_3V3 6'h19.
I: Verilog-0008: [C:/CPLD/pango/2_Tieta_Feiteng/Tieta_Feiteng_1001_PGC7KD69MBG400/rtl/include/pwrseq_define.v(line number: 33)] Define macro SM_DISABLE_5V 6'h1A.
I: Verilog-0008: [C:/CPLD/pango/2_Tieta_Feiteng/Tieta_Feiteng_1001_PGC7KD69MBG400/rtl/include/pwrseq_define.v(line number: 35)] Define macro SM_DISABLE_MAIN_EFUSE 6'h1B.
I: Verilog-0008: [C:/CPLD/pango/2_Tieta_Feiteng/Tieta_Feiteng_1001_PGC7KD69MBG400/rtl/include/pwrseq_define.v(line number: 36)] Define macro SM_DISABLE_TELEM 6'h1C.
I: Verilog-0008: [C:/CPLD/pango/2_Tieta_Feiteng/Tieta_Feiteng_1001_PGC7KD69MBG400/rtl/include/pwrseq_define.v(line number: 37)] Define macro SM_DISABLE_PS_ON 6'h1D.
I: Verilog-0008: [C:/CPLD/pango/2_Tieta_Feiteng/Tieta_Feiteng_1001_PGC7KD69MBG400/rtl/include/pwrseq_define.v(line number: 39)] Define macro SM_HALT_POWER_CYCLE 6'h1E.
I: Verilog-0008: [C:/CPLD/pango/2_Tieta_Feiteng/Tieta_Feiteng_1001_PGC7KD69MBG400/rtl/include/pwrseq_define.v(line number: 40)] Define macro SM_AUX_FAIL_RECOVERY 6'h1F.
I: Verilog-0002: [C:/CPLD/pango/2_Tieta_Feiteng/Tieta_Feiteng_1001_PGC7KD69MBG400/rtl/source/pwrseq/pwrseq_slave.v(line number: 12)] Analyzing module pwrseq_slave (library work).
Parsing done.
I: Verilog-0001: Analyzing file C:/CPLD/pango/2_Tieta_Feiteng/Tieta_Feiteng_1001_PGC7KD69MBG400/rtl/source/common/timer_gen_50mhz.v.
I: Verilog-0002: [C:/CPLD/pango/2_Tieta_Feiteng/Tieta_Feiteng_1001_PGC7KD69MBG400/rtl/source/common/timer_gen_50mhz.v(line number: 15)] Analyzing module timer_gen (library work).
Parsing done.
I: Verilog-0001: Analyzing file C:/CPLD/pango/2_Tieta_Feiteng/Tieta_Feiteng_1001_PGC7KD69MBG400/rtl/source/common/pme_filter.v.
I: Verilog-0002: [C:/CPLD/pango/2_Tieta_Feiteng/Tieta_Feiteng_1001_PGC7KD69MBG400/rtl/source/common/pme_filter.v(line number: 16)] Analyzing module pme_filter (library work).
Parsing done.
I: Verilog-0001: Analyzing file C:/CPLD/pango/2_Tieta_Feiteng/Tieta_Feiteng_1001_PGC7KD69MBG400/rtl/source/pwrseq/fault_detectB_chklive.v.
I: Verilog-0002: [C:/CPLD/pango/2_Tieta_Feiteng/Tieta_Feiteng_1001_PGC7KD69MBG400/rtl/source/pwrseq/fault_detectB_chklive.v(line number: 20)] Analyzing module fault_detectB_chklive (library work).
Parsing done.
I: Verilog-0001: Analyzing file C:/CPLD/pango/2_Tieta_Feiteng/Tieta_Feiteng_1001_PGC7KD69MBG400/rtl/source/pwrseq/pwrseq_slave_dev.v.
I: Verilog-0002: [C:/CPLD/pango/2_Tieta_Feiteng/Tieta_Feiteng_1001_PGC7KD69MBG400/rtl/source/pwrseq/pwrseq_slave_dev.v(line number: 19)] Analyzing module pwrseq_slave_dev (library work).
Parsing done.
I: Verilog-0001: Analyzing file C:/CPLD/pango/2_Tieta_Feiteng/Tieta_Feiteng_1001_PGC7KD69MBG400/rtl/source/common/lowpass_filter.v.
I: Verilog-0002: [C:/CPLD/pango/2_Tieta_Feiteng/Tieta_Feiteng_1001_PGC7KD69MBG400/rtl/source/common/lowpass_filter.v(line number: 23)] Analyzing module lowpass_filter (library work).
Parsing done.
I: Verilog-0001: Analyzing file C:/CPLD/pango/2_Tieta_Feiteng/Tieta_Feiteng_1001_PGC7KD69MBG400/rtl/source/pwrseq/edge_detect.v.
I: Verilog-0002: [C:/CPLD/pango/2_Tieta_Feiteng/Tieta_Feiteng_1001_PGC7KD69MBG400/rtl/source/pwrseq/edge_detect.v(line number: 28)] Analyzing module edge_detect (library work).
Parsing done.
I: Verilog-0001: Analyzing file C:/CPLD/pango/2_Tieta_Feiteng/Tieta_Feiteng_1001_PGC7KD69MBG400/rtl/source/common/delay_timer.v.
I: Verilog-0002: [C:/CPLD/pango/2_Tieta_Feiteng/Tieta_Feiteng_1001_PGC7KD69MBG400/rtl/source/common/delay_timer.v(line number: 26)] Analyzing module delay_timer (library work).
I: Verilog-0008: [C:/CPLD/pango/2_Tieta_Feiteng/Tieta_Feiteng_1001_PGC7KD69MBG400/rtl/source/common/delay_timer.v(line number: 35)] Define macro ZERO_COUNT {CNT_SIZE{1'b0}}.
Parsing done.
I: Verilog-0001: Analyzing file C:/CPLD/pango/2_Tieta_Feiteng/Tieta_Feiteng_1001_PGC7KD69MBG400/rtl/source/i2c/i2c_slave_bmc.v.
I: Verilog-0002: [C:/CPLD/pango/2_Tieta_Feiteng/Tieta_Feiteng_1001_PGC7KD69MBG400/rtl/source/i2c/i2c_slave_bmc.v(line number: 9)] Analyzing module i2c_slave_bmc (library work).
Parsing done.
I: Verilog-0001: Analyzing file C:/CPLD/pango/2_Tieta_Feiteng/Tieta_Feiteng_1001_PGC7KD69MBG400/rtl/source/i2c/i2c_slave_basic0.v.
I: Verilog-0002: [C:/CPLD/pango/2_Tieta_Feiteng/Tieta_Feiteng_1001_PGC7KD69MBG400/rtl/source/i2c/i2c_slave_basic0.v(line number: 8)] Analyzing module i2c_slave_basic0 (library work).
Parsing done.
I: Verilog-0001: Analyzing file C:/CPLD/pango/2_Tieta_Feiteng/Tieta_Feiteng_1001_PGC7KD69MBG400/prj/Tieta_M/ipcore/pll_i25M_o50M_o25M/pll_i25M_o50M_o25M.v.
I: Verilog-0002: [C:/CPLD/pango/2_Tieta_Feiteng/Tieta_Feiteng_1001_PGC7KD69MBG400/prj/Tieta_M/ipcore/pll_i25M_o50M_o25M/pll_i25M_o50M_o25M.v(line number: 17)] Analyzing module pll_i25M_o50M_o25M (library pll_i25M_o50M_o25M).
Parsing done.
I: Module "Tieta_Feiteng_1001_top" is set as top module
Program Error Out.
Action compile: Real time elapsed is 0h:0m:5s
Action compile: CPU time elapsed is 0h:0m:1s
Action compile: Process CPU time elapsed is 0h:0m:1s
Action compile: Peak memory pool usage is 140 MB

Current time: Wed Mar 11 12:56:59 2026
