[Info] [2026-3-4 16:07:26] /***************************Start Configuration***************************/
[Info] [2026-3-4 16:07:26] Path: C:/studyware/pango/PDS_2024.2-SP1.2-ads/bin
[Info] [2026-3-4 16:07:26] Version: 187561
[Info] [2026-3-4 16:07:27] Current Path: C:/CPLD/pango/2_Tieta_Feiteng/Tieta_Feiteng_2001_PGC7KD69MBG400/prj/Tieta_S
[Info] [2026-3-4 16:07:27] PDS Dir Path: C:/CPLD/pango/2_Tieta_Feiteng/Tieta_Feiteng_2001_PGC7KD69MBG400/prj/Tieta_S
[Info] [2026-3-4 16:07:37] Configuration is not connect with server. connect first then scan chain.
[Debug] [2026-3-4 16:07:37] Client Local host name:z02665mj
[Debug] [2026-3-4 16:07:37] Client Local Address:10.213.107.142
[Debug] [2026-3-4 16:07:37] Server Address:127.0.0.1, Port:65420
[Debug] [2026-3-4 16:07:37] Log::Print : Connecting to server[127.0.0.1 : 65420].
[Info] [2026-3-4 16:07:38] Connect OK, Server: 127.0.0.1  Port: 65420
[Debug] [2026-3-4 16:07:38] Finish.
[Info] [2026-3-4 16:07:38] Connect server succeeded
[Debug] [2026-3-4 16:07:38] Send RPC:1
[Debug] [2026-3-4 16:07:38] Send cmd [check version information:40004] OK
[Debug] [2026-3-4 16:07:38] Log::Print : Connect to server[127.0.0.1 : 65420] successfully.
[Debug] [2026-3-4 16:07:39] Send RPC:2
[Debug] [2026-3-4 16:07:39] Send cmd [get_cable_paras:40010] OK
[Debug] [2026-3-4 16:07:39] Begin to send initialize chain cmd...
[Debug] [2026-3-4 16:07:39] Send RPC:3
[Debug] [2026-3-4 16:07:39] Send cmd [Open config cable:20001] OK
[Debug] [2026-3-4 16:07:39] End to send initialize chain cmd.
[Debug] [2026-3-4 16:07:39] COMMAND[check version information] execute successfully, takes 1.1 secs.
[Debug] [2026-3-4 16:07:39] Log::Print : COMMAND[check version information] execute successfully, takes 1.1 secs.
[Debug] [2026-3-4 16:07:40] Before cable list reserve:1
[Debug] [2026-3-4 16:07:40] After cable list reserve
[Debug] [2026-3-4 16:07:40] COMMAND[get_cable_paras] execute successfully, takes 1.4 secs.
[Debug] [2026-3-4 16:07:40] Log::Print : The cable List : 
Cable index 0:USB Cable II/fffffffffffffffe 

[Debug] [2026-3-4 16:07:40] Log::Print : COMMAND[get_cable_paras] execute successfully, takes 1.4 secs.
[Debug] [2026-3-4 16:07:41] begin the exec of open cable cmd...
[Debug] [2026-3-4 16:07:41] Begin to deal with chain from server...
[Debug] [2026-3-4 16:07:41] Begin to set user chain...
[Debug] [2026-3-4 16:07:41] End to set user chain.
[Debug] [2026-3-4 16:07:41] Begin to update graphic item and tree item ...
[Debug] [2026-3-4 16:07:41] End to update graphic item and tree item ...
[Debug] [2026-3-4 16:07:41] Begin to update graphic item and tree item ...
[Debug] [2026-3-4 16:07:41] End to update graphic item and tree item ...
[Debug] [2026-3-4 16:07:41] End to deal wiht chain from server.
[Debug] [2026-3-4 16:07:41] end the exec of open cable cmd.
[Debug] [2026-3-4 16:07:41] COMMAND[Open config cable] execute successfully, takes 2.0 secs.
[Debug] [2026-3-4 16:07:41] Log::Print : PANGO USB CABLE II cable driver: D2XX DLL
[Debug] [2026-3-4 16:07:41] Log::Print : PGC7KD
[Debug] [2026-3-4 16:07:41] Log::Print : This device configure situation (done bit): 1
[Debug] [2026-3-4 16:07:41] Log::Print : PGC7KD
[Debug] [2026-3-4 16:07:41] Log::Print : This device configure situation (done bit): 1
[Debug] [2026-3-4 16:07:41] Log::Print : COMMAND[Open config cable] execute successfully, takes 2.0 secs.
[Debug] [2026-3-4 16:07:47] Begin to assign configuration file...
[Info] [2026-3-4 16:07:57] set OpenLastPath: C:/CPLD/pango/power_on_version/Tieta_Feiteng_1001_top_0304_002.sbit
[Debug] [2026-3-4 16:07:57] begin to get device info from CFG file...
[Debug] [2026-3-4 16:07:57] end to get device info from CFG file...
[Debug] [2026-3-4 16:07:57] Begin to update graphic item and tree item ...
[Debug] [2026-3-4 16:07:57] End to update graphic item and tree item ...
[Debug] [2026-3-4 16:07:57] End to assign configuration file...
[Debug] [2026-3-4 16:08:01] Begin to assign configuration file...
[Info] [2026-3-4 16:08:05] set OpenLastPath: C:/CPLD/pango/power_on_version/Tieta_Feiteng_2001_top_0304_002.sbit
[Debug] [2026-3-4 16:08:05] begin to get device info from CFG file...
[Debug] [2026-3-4 16:08:05] end to get device info from CFG file...
[Debug] [2026-3-4 16:08:05] Begin to update graphic item and tree item ...
[Debug] [2026-3-4 16:08:05] End to update graphic item and tree item ...
[Debug] [2026-3-4 16:08:05] End to assign configuration file...
[Debug] [2026-3-4 16:08:08] Send RPC:4
[Debug] [2026-3-4 16:08:08] Begin to send operate embedded FPGA flash data.
[Debug] [2026-3-4 16:08:08] End to send operate embedded FPGA flash data.
[Debug] [2026-3-4 16:08:08] Send cmd [Program EFlash:20021] OK
[Debug] [2026-3-4 16:08:09] The value of Progress is 6
[Debug] [2026-3-4 16:08:10] The value of Progress is 10
[Debug] [2026-3-4 16:08:11] The value of Progress is 15
[Debug] [2026-3-4 16:08:12] The value of Progress is 20
[Debug] [2026-3-4 16:08:13] The value of Progress is 25
[Debug] [2026-3-4 16:08:14] The value of Progress is 30
[Debug] [2026-3-4 16:08:15] The value of Progress is 35
[Debug] [2026-3-4 16:08:16] The value of Progress is 40
[Debug] [2026-3-4 16:08:17] The value of Progress is 45
[Debug] [2026-3-4 16:08:18] The value of Progress is 50
[Debug] [2026-3-4 16:08:19] The value of Progress is 55
[Debug] [2026-3-4 16:08:20] The value of Progress is 60
[Debug] [2026-3-4 16:08:21] The value of Progress is 65
[Debug] [2026-3-4 16:08:22] The value of Progress is 70
[Debug] [2026-3-4 16:08:23] The value of Progress is 75
[Debug] [2026-3-4 16:08:24] The value of Progress is 80
[Debug] [2026-3-4 16:08:25] The value of Progress is 85
[Debug] [2026-3-4 16:08:26] The value of Progress is 90
[Debug] [2026-3-4 16:08:27] The value of Progress is 95
[Debug] [2026-3-4 16:08:28] COMMAND[Program EFlash] execute finish, takes 20.5 secs.
[Debug] [2026-3-4 16:08:28] Send RPC:5
[Debug] [2026-3-4 16:08:28] Begin to send operate embedded FPGA flash data.
[Debug] [2026-3-4 16:08:28] End to send operate embedded FPGA flash data.
[Debug] [2026-3-4 16:08:28] Send cmd [Verify EFlash:20024] OK
[Debug] [2026-3-4 16:08:28] Log::Print : COMMAND[Program EFlash] execute finish, takes 20.5 secs.
[Debug] [2026-3-4 16:08:28] The value of Progress is 6
[Debug] [2026-3-4 16:08:29] The value of Progress is 10
[Debug] [2026-3-4 16:08:29] The value of Progress is 15
[Debug] [2026-3-4 16:08:29] The value of Progress is 20
[Debug] [2026-3-4 16:08:29] The value of Progress is 25
[Debug] [2026-3-4 16:08:29] The value of Progress is 30
[Debug] [2026-3-4 16:08:29] The value of Progress is 35
[Debug] [2026-3-4 16:08:29] The value of Progress is 40
[Debug] [2026-3-4 16:08:29] The value of Progress is 45
[Debug] [2026-3-4 16:08:29] The value of Progress is 50
[Debug] [2026-3-4 16:08:29] The value of Progress is 55
[Debug] [2026-3-4 16:08:29] The value of Progress is 60
[Debug] [2026-3-4 16:08:30] The value of Progress is 65
[Debug] [2026-3-4 16:08:30] The value of Progress is 70
[Debug] [2026-3-4 16:08:30] The value of Progress is 75
[Debug] [2026-3-4 16:08:30] The value of Progress is 80
[Debug] [2026-3-4 16:08:30] The value of Progress is 85
[Debug] [2026-3-4 16:08:30] The value of Progress is 90
[Debug] [2026-3-4 16:08:30] The value of Progress is 95
[Debug] [2026-3-4 16:08:30] COMMAND[Verify EFlash] execute successfully, takes 2.0 secs.
[Debug] [2026-3-4 16:08:30] Send RPC:6
[Debug] [2026-3-4 16:08:30] Send cmd [Program CTL:20015] OK
[Debug] [2026-3-4 16:08:30] Log::Print : COMMAND[Verify EFlash] execute successfully, takes 2.0 secs.
[Debug] [2026-3-4 16:08:30] Show Info: Feature Control value is : 0x00028943
[Debug] [2026-3-4 16:08:30] Log::Print : Feature Control value is : 0x00028943
[Debug] [2026-3-4 16:08:31] COMMAND[Program CTL] execute successfully, takes 0.3 secs.
[Debug] [2026-3-4 16:08:31] Log::Print : COMMAND[Program CTL] execute successfully, takes 0.3 secs.
[Debug] [2026-3-4 16:08:33] Send RPC:7
[Debug] [2026-3-4 16:08:33] Begin to send operate embedded FPGA flash data.
[Debug] [2026-3-4 16:08:33] End to send operate embedded FPGA flash data.
[Debug] [2026-3-4 16:08:33] Send cmd [Program EFlash:20021] OK
[Debug] [2026-3-4 16:08:35] The value of Progress is 6
[Debug] [2026-3-4 16:08:36] The value of Progress is 10
[Debug] [2026-3-4 16:08:37] The value of Progress is 15
[Debug] [2026-3-4 16:08:38] The value of Progress is 20
[Debug] [2026-3-4 16:08:39] The value of Progress is 25
[Debug] [2026-3-4 16:08:40] The value of Progress is 30
[Debug] [2026-3-4 16:08:42] The value of Progress is 35
[Debug] [2026-3-4 16:08:43] The value of Progress is 40
[Debug] [2026-3-4 16:08:44] The value of Progress is 45
[Debug] [2026-3-4 16:08:45] The value of Progress is 50
[Debug] [2026-3-4 16:08:46] The value of Progress is 55
[Debug] [2026-3-4 16:08:48] The value of Progress is 60
[Debug] [2026-3-4 16:08:49] The value of Progress is 65
[Debug] [2026-3-4 16:08:50] The value of Progress is 70
[Debug] [2026-3-4 16:08:51] The value of Progress is 75
[Debug] [2026-3-4 16:08:52] The value of Progress is 80
[Debug] [2026-3-4 16:08:53] The value of Progress is 85
[Debug] [2026-3-4 16:08:55] The value of Progress is 90
[Debug] [2026-3-4 16:08:56] The value of Progress is 95
[Debug] [2026-3-4 16:08:57] COMMAND[Program EFlash] execute finish, takes 23.4 secs.
[Debug] [2026-3-4 16:08:57] Send RPC:8
[Debug] [2026-3-4 16:08:57] Begin to send operate embedded FPGA flash data.
[Debug] [2026-3-4 16:08:57] End to send operate embedded FPGA flash data.
[Debug] [2026-3-4 16:08:57] Send cmd [Verify EFlash:20024] OK
[Debug] [2026-3-4 16:08:57] Log::Print : COMMAND[Program EFlash] execute finish, takes 23.4 secs.
[Debug] [2026-3-4 16:08:57] The value of Progress is 6
[Debug] [2026-3-4 16:08:57] The value of Progress is 10
[Debug] [2026-3-4 16:08:57] The value of Progress is 15
[Debug] [2026-3-4 16:08:57] The value of Progress is 20
[Debug] [2026-3-4 16:08:57] The value of Progress is 25
[Debug] [2026-3-4 16:08:57] The value of Progress is 30
[Debug] [2026-3-4 16:08:58] The value of Progress is 35
[Debug] [2026-3-4 16:08:58] The value of Progress is 40
[Debug] [2026-3-4 16:08:58] The value of Progress is 45
[Debug] [2026-3-4 16:08:58] The value of Progress is 50
[Debug] [2026-3-4 16:08:58] The value of Progress is 55
[Debug] [2026-3-4 16:08:58] The value of Progress is 60
[Debug] [2026-3-4 16:08:58] The value of Progress is 65
[Debug] [2026-3-4 16:08:58] The value of Progress is 70
[Debug] [2026-3-4 16:08:58] The value of Progress is 75
[Debug] [2026-3-4 16:08:58] The value of Progress is 80
[Debug] [2026-3-4 16:08:58] The value of Progress is 85
[Debug] [2026-3-4 16:08:59] The value of Progress is 90
[Debug] [2026-3-4 16:08:59] The value of Progress is 95
[Debug] [2026-3-4 16:08:59] COMMAND[Verify EFlash] execute successfully, takes 2.0 secs.
[Debug] [2026-3-4 16:08:59] Send RPC:9
[Debug] [2026-3-4 16:08:59] Send cmd [Program CTL:20015] OK
[Debug] [2026-3-4 16:08:59] Log::Print : COMMAND[Verify EFlash] execute successfully, takes 2.0 secs.
[Debug] [2026-3-4 16:08:59] Show Info: Feature Control value is : 0x00028943
[Debug] [2026-3-4 16:08:59] Log::Print : Feature Control value is : 0x00028943
[Debug] [2026-3-4 16:08:59] COMMAND[Program CTL] execute successfully, takes 0.2 secs.
[Debug] [2026-3-4 16:08:59] Log::Print : COMMAND[Program CTL] execute successfully, takes 0.2 secs.
[Info] [2026-3-4 16:17:14] /***************************End Configration***************************/
[Info] [2026-3-7 13:59:02] /***************************Start Configuration***************************/
[Info] [2026-3-7 13:59:02] Path: C:/studyware/pango/PDS_2024.2-SP1.2-ads/bin
[Info] [2026-3-7 13:59:02] Version: 187561
[Info] [2026-3-7 13:59:03] Current Path: C:/CPLD/pango/2_Tieta_Feiteng/Tieta_Feiteng_2001_PGC7KD69MBG400/prj/Tieta_S
[Info] [2026-3-7 13:59:03] PDS Dir Path: C:/CPLD/pango/2_Tieta_Feiteng/Tieta_Feiteng_2001_PGC7KD69MBG400/prj/Tieta_S
[Info] [2026-3-7 13:59:09] Configuration is not connect with server. connect first then scan chain.
[Debug] [2026-3-7 13:59:09] Client Local host name:z02665mj
[Debug] [2026-3-7 13:59:09] Client Local Address:10.213.107.142
[Debug] [2026-3-7 13:59:09] Server Address:127.0.0.1, Port:65420
[Debug] [2026-3-7 13:59:09] Log::Print : Connecting to server[127.0.0.1 : 65420].
[Info] [2026-3-7 13:59:10] Connect OK, Server: 127.0.0.1  Port: 65420
[Debug] [2026-3-7 13:59:10] Finish.
[Info] [2026-3-7 13:59:10] Connect server succeeded
[Debug] [2026-3-7 13:59:10] Send RPC:1
[Debug] [2026-3-7 13:59:10] Send cmd [check version information:40004] OK
[Debug] [2026-3-7 13:59:10] Log::Print : Connect to server[127.0.0.1 : 65420] successfully.
[Debug] [2026-3-7 13:59:11] Send RPC:2
[Debug] [2026-3-7 13:59:11] Send cmd [get_cable_paras:40010] OK
[Debug] [2026-3-7 13:59:11] Begin to send initialize chain cmd...
[Debug] [2026-3-7 13:59:11] Send RPC:3
[Debug] [2026-3-7 13:59:11] Send cmd [Open config cable:20001] OK
[Debug] [2026-3-7 13:59:11] End to send initialize chain cmd.
[Debug] [2026-3-7 13:59:11] COMMAND[check version information] execute successfully, takes 0.6 secs.
[Debug] [2026-3-7 13:59:11] Log::Print : COMMAND[check version information] execute successfully, takes 0.6 secs.
[Debug] [2026-3-7 13:59:12] Before cable list reserve:1
[Debug] [2026-3-7 13:59:12] After cable list reserve
[Debug] [2026-3-7 13:59:12] COMMAND[get_cable_paras] execute successfully, takes 1.1 secs.
[Debug] [2026-3-7 13:59:12] Log::Print : The cable List : 
Cable index 0:USB Cable II/fffffffffffffffe 

[Debug] [2026-3-7 13:59:12] Log::Print : COMMAND[get_cable_paras] execute successfully, takes 1.1 secs.
[Debug] [2026-3-7 13:59:12] begin the exec of open cable cmd...
[Debug] [2026-3-7 13:59:12] Begin to deal with chain from server...
[Debug] [2026-3-7 13:59:12] Begin to set user chain...
[Debug] [2026-3-7 13:59:12] End to set user chain.
[Debug] [2026-3-7 13:59:12] Begin to update graphic item and tree item ...
[Debug] [2026-3-7 13:59:12] End to update graphic item and tree item ...
[Debug] [2026-3-7 13:59:12] Begin to update graphic item and tree item ...
[Debug] [2026-3-7 13:59:12] End to update graphic item and tree item ...
[Debug] [2026-3-7 13:59:12] End to deal wiht chain from server.
[Debug] [2026-3-7 13:59:12] end the exec of open cable cmd.
[Debug] [2026-3-7 13:59:12] COMMAND[Open config cable] execute successfully, takes 1.5 secs.
[Debug] [2026-3-7 13:59:12] Log::Print : PANGO USB CABLE II cable driver: D2XX DLL
[Debug] [2026-3-7 13:59:12] Log::Print : PGC7KD
[Debug] [2026-3-7 13:59:12] Log::Print : This device configure situation (done bit): 1
[Debug] [2026-3-7 13:59:12] Log::Print : PGC7KD
[Debug] [2026-3-7 13:59:12] Log::Print : This device configure situation (done bit): 1
[Debug] [2026-3-7 13:59:12] Log::Print : COMMAND[Open config cable] execute successfully, takes 1.5 secs.
[Debug] [2026-3-7 13:59:14] Begin to assign configuration file...
[Info] [2026-3-7 13:59:38] set OpenLastPath: C:/CPLD/pango/power_on_version/Tieta_Feiteng_1001_top_0304_002.sbit
[Debug] [2026-3-7 13:59:38] begin to get device info from CFG file...
[Debug] [2026-3-7 13:59:38] end to get device info from CFG file...
[Debug] [2026-3-7 13:59:38] Begin to update graphic item and tree item ...
[Debug] [2026-3-7 13:59:38] End to update graphic item and tree item ...
[Debug] [2026-3-7 13:59:38] End to assign configuration file...
[Debug] [2026-3-7 13:59:40] Begin to assign configuration file...
[Info] [2026-3-7 13:59:43] set OpenLastPath: C:/CPLD/pango/power_on_version/Tieta_Feiteng_2001_top_0304_002.sbit
[Debug] [2026-3-7 13:59:43] begin to get device info from CFG file...
[Debug] [2026-3-7 13:59:43] end to get device info from CFG file...
[Debug] [2026-3-7 13:59:43] Begin to update graphic item and tree item ...
[Debug] [2026-3-7 13:59:43] End to update graphic item and tree item ...
[Debug] [2026-3-7 13:59:43] End to assign configuration file...
[Debug] [2026-3-7 13:59:49] Begin to assign configuration file...
[Debug] [2026-3-7 13:59:51] selected file name is empty and ignore.
[Debug] [2026-3-7 13:59:51] End to assign configuration file...
[Debug] [2026-3-7 13:59:53] Send RPC:4
[Debug] [2026-3-7 13:59:53] Begin to send operate embedded FPGA flash data.
[Debug] [2026-3-7 13:59:53] End to send operate embedded FPGA flash data.
[Debug] [2026-3-7 13:59:53] Send cmd [Program EFlash:20021] OK
[Debug] [2026-3-7 13:59:55] The value of Progress is 6
[Debug] [2026-3-7 13:59:56] The value of Progress is 10
[Debug] [2026-3-7 13:59:57] The value of Progress is 15
[Debug] [2026-3-7 13:59:58] The value of Progress is 20
[Debug] [2026-3-7 13:59:59] The value of Progress is 25
[Debug] [2026-3-7 14:00:00] The value of Progress is 30
[Debug] [2026-3-7 14:00:01] The value of Progress is 35
[Debug] [2026-3-7 14:00:03] The value of Progress is 40
[Debug] [2026-3-7 14:00:04] The value of Progress is 45
[Debug] [2026-3-7 14:00:05] The value of Progress is 50
[Debug] [2026-3-7 14:00:06] The value of Progress is 55
[Debug] [2026-3-7 14:00:07] The value of Progress is 60
[Debug] [2026-3-7 14:00:09] The value of Progress is 65
[Debug] [2026-3-7 14:00:10] The value of Progress is 70
[Debug] [2026-3-7 14:00:11] The value of Progress is 75
[Debug] [2026-3-7 14:00:12] The value of Progress is 80
[Debug] [2026-3-7 14:00:13] The value of Progress is 85
[Debug] [2026-3-7 14:00:15] The value of Progress is 90
[Debug] [2026-3-7 14:00:16] The value of Progress is 95
[Debug] [2026-3-7 14:00:17] COMMAND[Program EFlash] execute finish, takes 23.7 secs.
[Debug] [2026-3-7 14:00:17] Send RPC:5
[Debug] [2026-3-7 14:00:17] Begin to send operate embedded FPGA flash data.
[Debug] [2026-3-7 14:00:17] End to send operate embedded FPGA flash data.
[Debug] [2026-3-7 14:00:17] Send cmd [Verify EFlash:20024] OK
[Debug] [2026-3-7 14:00:17] Log::Print : COMMAND[Program EFlash] execute finish, takes 23.7 secs.
[Debug] [2026-3-7 14:00:17] The value of Progress is 6
[Debug] [2026-3-7 14:00:17] The value of Progress is 10
[Debug] [2026-3-7 14:00:17] The value of Progress is 15
[Debug] [2026-3-7 14:00:17] The value of Progress is 20
[Debug] [2026-3-7 14:00:17] The value of Progress is 25
[Debug] [2026-3-7 14:00:17] The value of Progress is 30
[Debug] [2026-3-7 14:00:18] The value of Progress is 35
[Debug] [2026-3-7 14:00:18] The value of Progress is 40
[Debug] [2026-3-7 14:00:18] The value of Progress is 45
[Debug] [2026-3-7 14:00:18] The value of Progress is 50
[Debug] [2026-3-7 14:00:18] The value of Progress is 55
[Debug] [2026-3-7 14:00:18] The value of Progress is 60
[Debug] [2026-3-7 14:00:18] The value of Progress is 65
[Debug] [2026-3-7 14:00:18] The value of Progress is 70
[Debug] [2026-3-7 14:00:18] The value of Progress is 75
[Debug] [2026-3-7 14:00:18] The value of Progress is 80
[Debug] [2026-3-7 14:00:18] The value of Progress is 85
[Debug] [2026-3-7 14:00:19] The value of Progress is 90
[Debug] [2026-3-7 14:00:19] The value of Progress is 95
[Debug] [2026-3-7 14:00:19] COMMAND[Verify EFlash] execute successfully, takes 2.0 secs.
[Debug] [2026-3-7 14:00:19] Send RPC:6
[Debug] [2026-3-7 14:00:19] Send cmd [Program CTL:20015] OK
[Debug] [2026-3-7 14:00:19] Log::Print : COMMAND[Verify EFlash] execute successfully, takes 2.0 secs.
[Debug] [2026-3-7 14:00:19] Show Info: Feature Control value is : 0x00028943
[Debug] [2026-3-7 14:00:19] Log::Print : Feature Control value is : 0x00028943
[Debug] [2026-3-7 14:00:19] COMMAND[Program CTL] execute successfully, takes 0.2 secs.
[Debug] [2026-3-7 14:00:19] Log::Print : COMMAND[Program CTL] execute successfully, takes 0.2 secs.
[Debug] [2026-3-7 14:00:21] Send RPC:7
[Debug] [2026-3-7 14:00:21] Begin to send operate embedded FPGA flash data.
[Debug] [2026-3-7 14:00:21] End to send operate embedded FPGA flash data.
[Debug] [2026-3-7 14:00:21] Send cmd [Program EFlash:20021] OK
[Debug] [2026-3-7 14:00:23] The value of Progress is 6
[Debug] [2026-3-7 14:00:23] The value of Progress is 10
[Debug] [2026-3-7 14:00:24] The value of Progress is 15
[Debug] [2026-3-7 14:00:25] The value of Progress is 20
[Debug] [2026-3-7 14:00:26] The value of Progress is 25
[Debug] [2026-3-7 14:00:27] The value of Progress is 30
[Debug] [2026-3-7 14:00:28] The value of Progress is 35
[Debug] [2026-3-7 14:00:29] The value of Progress is 40
[Debug] [2026-3-7 14:00:31] The value of Progress is 45
[Debug] [2026-3-7 14:00:32] The value of Progress is 50
[Debug] [2026-3-7 14:00:33] The value of Progress is 55
[Debug] [2026-3-7 14:00:34] The value of Progress is 60
[Debug] [2026-3-7 14:00:35] The value of Progress is 65
[Debug] [2026-3-7 14:00:36] The value of Progress is 70
[Debug] [2026-3-7 14:00:37] The value of Progress is 75
[Debug] [2026-3-7 14:00:38] The value of Progress is 80
[Debug] [2026-3-7 14:00:39] The value of Progress is 85
[Debug] [2026-3-7 14:00:40] The value of Progress is 90
[Debug] [2026-3-7 14:00:41] The value of Progress is 95
[Debug] [2026-3-7 14:00:42] COMMAND[Program EFlash] execute finish, takes 20.6 secs.
[Debug] [2026-3-7 14:00:42] Send RPC:8
[Debug] [2026-3-7 14:00:42] Begin to send operate embedded FPGA flash data.
[Debug] [2026-3-7 14:00:42] End to send operate embedded FPGA flash data.
[Debug] [2026-3-7 14:00:42] Send cmd [Verify EFlash:20024] OK
[Debug] [2026-3-7 14:00:42] Log::Print : COMMAND[Program EFlash] execute finish, takes 20.6 secs.
[Debug] [2026-3-7 14:00:42] The value of Progress is 6
[Debug] [2026-3-7 14:00:42] The value of Progress is 10
[Debug] [2026-3-7 14:00:42] The value of Progress is 15
[Debug] [2026-3-7 14:00:42] The value of Progress is 20
[Debug] [2026-3-7 14:00:42] The value of Progress is 25
[Debug] [2026-3-7 14:00:42] The value of Progress is 30
[Debug] [2026-3-7 14:00:43] The value of Progress is 35
[Debug] [2026-3-7 14:00:43] The value of Progress is 40
[Debug] [2026-3-7 14:00:43] The value of Progress is 45
[Debug] [2026-3-7 14:00:43] The value of Progress is 50
[Debug] [2026-3-7 14:00:43] The value of Progress is 55
[Debug] [2026-3-7 14:00:43] The value of Progress is 60
[Debug] [2026-3-7 14:00:43] The value of Progress is 65
[Debug] [2026-3-7 14:00:43] The value of Progress is 70
[Debug] [2026-3-7 14:00:43] The value of Progress is 75
[Debug] [2026-3-7 14:00:43] The value of Progress is 80
[Debug] [2026-3-7 14:00:43] The value of Progress is 85
[Debug] [2026-3-7 14:00:44] The value of Progress is 90
[Debug] [2026-3-7 14:00:44] The value of Progress is 95
[Debug] [2026-3-7 14:00:44] COMMAND[Verify EFlash] execute successfully, takes 2.0 secs.
[Debug] [2026-3-7 14:00:44] Send RPC:9
[Debug] [2026-3-7 14:00:44] Send cmd [Program CTL:20015] OK
[Debug] [2026-3-7 14:00:44] Log::Print : COMMAND[Verify EFlash] execute successfully, takes 2.0 secs.
[Debug] [2026-3-7 14:00:44] Show Info: Feature Control value is : 0x00028943
[Debug] [2026-3-7 14:00:44] Log::Print : Feature Control value is : 0x00028943
[Debug] [2026-3-7 14:00:44] COMMAND[Program CTL] execute successfully, takes 0.3 secs.
[Debug] [2026-3-7 14:00:44] Log::Print : COMMAND[Program CTL] execute successfully, takes 0.3 secs.
[Info] [2026-3-7 14:16:05] /***************************End Configration***************************/
[Info] [2026-3-7 14:16:06] /***************************Start Configuration***************************/
[Info] [2026-3-7 14:16:06] Path: C:/studyware/pango/PDS_2024.2-SP1.2-ads/bin
[Info] [2026-3-7 14:16:06] Version: 187561
[Info] [2026-3-7 14:16:07] Current Path: C:/CPLD/pango/2_Tieta_Feiteng/Tieta_Feiteng_2001_PGC7KD69MBG400/prj/Tieta_S
[Info] [2026-3-7 14:16:07] PDS Dir Path: C:/CPLD/pango/2_Tieta_Feiteng/Tieta_Feiteng_2001_PGC7KD69MBG400/prj/Tieta_S
[Info] [2026-3-7 14:16:11] Configuration is not connect with server. connect first then scan chain.
[Debug] [2026-3-7 14:16:11] Client Local host name:z02665mj
[Debug] [2026-3-7 14:16:11] Client Local Address:10.213.107.142
[Debug] [2026-3-7 14:16:11] Server Address:127.0.0.1, Port:65420
[Debug] [2026-3-7 14:16:11] Log::Print : Connecting to server[127.0.0.1 : 65420].
[Info] [2026-3-7 14:16:11] Connect OK, Server: 127.0.0.1  Port: 65420
[Debug] [2026-3-7 14:16:11] Finish.
[Info] [2026-3-7 14:16:11] Connect server succeeded
[Debug] [2026-3-7 14:16:11] Send RPC:1
[Debug] [2026-3-7 14:16:11] Send cmd [check version information:40004] OK
[Debug] [2026-3-7 14:16:11] Log::Print : Connect to server[127.0.0.1 : 65420] successfully.
[Debug] [2026-3-7 14:16:12] Send RPC:2
[Debug] [2026-3-7 14:16:12] Send cmd [get_cable_paras:40010] OK
[Debug] [2026-3-7 14:16:12] Begin to send initialize chain cmd...
[Debug] [2026-3-7 14:16:12] Send RPC:3
[Debug] [2026-3-7 14:16:12] Send cmd [Open config cable:20001] OK
[Debug] [2026-3-7 14:16:12] End to send initialize chain cmd.
[Debug] [2026-3-7 14:16:12] COMMAND[check version information] execute successfully, takes 0.5 secs.
[Debug] [2026-3-7 14:16:12] Log::Print : COMMAND[check version information] execute successfully, takes 0.5 secs.
[Debug] [2026-3-7 14:16:13] Before cable list reserve:1
[Debug] [2026-3-7 14:16:13] After cable list reserve
[Debug] [2026-3-7 14:16:13] COMMAND[get_cable_paras] execute successfully, takes 1.1 secs.
[Debug] [2026-3-7 14:16:13] Log::Print : The cable List : 
Cable index 0:USB Cable II/fffffffffffffffe 

[Debug] [2026-3-7 14:16:13] Log::Print : COMMAND[get_cable_paras] execute successfully, takes 1.1 secs.
[Debug] [2026-3-7 14:16:14] begin the exec of open cable cmd...
[Debug] [2026-3-7 14:16:14] Begin to deal with chain from server...
[Debug] [2026-3-7 14:16:14] Begin to set user chain...
[Debug] [2026-3-7 14:16:14] End to set user chain.
[Debug] [2026-3-7 14:16:14] Begin to update graphic item and tree item ...
[Debug] [2026-3-7 14:16:14] End to update graphic item and tree item ...
[Debug] [2026-3-7 14:16:14] Begin to update graphic item and tree item ...
[Debug] [2026-3-7 14:16:14] End to update graphic item and tree item ...
[Debug] [2026-3-7 14:16:14] End to deal wiht chain from server.
[Debug] [2026-3-7 14:16:14] end the exec of open cable cmd.
[Debug] [2026-3-7 14:16:14] COMMAND[Open config cable] execute successfully, takes 1.7 secs.
[Debug] [2026-3-7 14:16:14] Log::Print : PANGO USB CABLE II cable driver: D2XX DLL
[Debug] [2026-3-7 14:16:14] Log::Print : PGC7KD
[Debug] [2026-3-7 14:16:14] Log::Print : This device configure situation (done bit): 1
[Debug] [2026-3-7 14:16:14] Log::Print : PGC7KD
[Debug] [2026-3-7 14:16:14] Log::Print : This device configure situation (done bit): 1
[Debug] [2026-3-7 14:16:14] Log::Print : COMMAND[Open config cable] execute successfully, takes 1.7 secs.
[Debug] [2026-3-7 14:16:17] Begin to assign configuration file...
[Info] [2026-3-7 14:16:28] set OpenLastPath: C:/CPLD/pango/2_Tieta_Feiteng/Tieta_Feiteng_1001_PGC7KD69MBG400/prj/Tieta_M/generate_bitstream/Tieta_Feiteng_1001_top.sbit
[Debug] [2026-3-7 14:16:28] begin to get device info from CFG file...
[Debug] [2026-3-7 14:16:28] end to get device info from CFG file...
[Debug] [2026-3-7 14:16:28] Begin to update graphic item and tree item ...
[Debug] [2026-3-7 14:16:28] End to update graphic item and tree item ...
[Debug] [2026-3-7 14:16:28] End to assign configuration file...
[Debug] [2026-3-7 14:16:31] Begin to assign configuration file...
[Info] [2026-3-7 14:16:39] set OpenLastPath: C:/CPLD/pango/2_Tieta_Feiteng/Tieta_Feiteng_2001_PGC7KD69MBG400/prj/Tieta_S/generate_bitstream/Tieta_Feiteng_2001_top.sbit
[Debug] [2026-3-7 14:16:39] begin to get device info from CFG file...
[Debug] [2026-3-7 14:16:39] end to get device info from CFG file...
[Debug] [2026-3-7 14:16:39] Begin to update graphic item and tree item ...
[Debug] [2026-3-7 14:16:39] End to update graphic item and tree item ...
[Debug] [2026-3-7 14:16:39] End to assign configuration file...
[Debug] [2026-3-7 14:16:42] Send RPC:4
[Debug] [2026-3-7 14:16:42] Begin to send operate embedded FPGA flash data.
[Debug] [2026-3-7 14:16:42] End to send operate embedded FPGA flash data.
[Debug] [2026-3-7 14:16:42] Send cmd [Program EFlash:20021] OK
[Debug] [2026-3-7 14:16:44] The value of Progress is 6
[Debug] [2026-3-7 14:16:45] The value of Progress is 10
[Debug] [2026-3-7 14:16:46] The value of Progress is 15
[Debug] [2026-3-7 14:16:47] The value of Progress is 20
[Debug] [2026-3-7 14:16:48] The value of Progress is 25
[Debug] [2026-3-7 14:16:49] The value of Progress is 30
[Debug] [2026-3-7 14:16:50] The value of Progress is 35
[Debug] [2026-3-7 14:16:51] The value of Progress is 40
[Debug] [2026-3-7 14:16:52] The value of Progress is 45
[Debug] [2026-3-7 14:16:53] The value of Progress is 50
[Debug] [2026-3-7 14:16:54] The value of Progress is 55
[Debug] [2026-3-7 14:16:55] The value of Progress is 60
[Debug] [2026-3-7 14:16:56] The value of Progress is 65
[Debug] [2026-3-7 14:16:57] The value of Progress is 70
[Debug] [2026-3-7 14:16:58] The value of Progress is 75
[Debug] [2026-3-7 14:16:59] The value of Progress is 80
[Debug] [2026-3-7 14:17:00] The value of Progress is 85
[Debug] [2026-3-7 14:17:01] The value of Progress is 90
[Debug] [2026-3-7 14:17:02] The value of Progress is 95
[Debug] [2026-3-7 14:17:03] COMMAND[Program EFlash] execute finish, takes 20.5 secs.
[Debug] [2026-3-7 14:17:03] Send RPC:5
[Debug] [2026-3-7 14:17:03] Begin to send operate embedded FPGA flash data.
[Debug] [2026-3-7 14:17:03] End to send operate embedded FPGA flash data.
[Debug] [2026-3-7 14:17:03] Send cmd [Verify EFlash:20024] OK
[Debug] [2026-3-7 14:17:03] Log::Print : COMMAND[Program EFlash] execute finish, takes 20.5 secs.
[Debug] [2026-3-7 14:17:03] The value of Progress is 6
[Debug] [2026-3-7 14:17:03] The value of Progress is 10
[Debug] [2026-3-7 14:17:03] The value of Progress is 15
[Debug] [2026-3-7 14:17:03] The value of Progress is 20
[Debug] [2026-3-7 14:17:03] The value of Progress is 25
[Debug] [2026-3-7 14:17:04] The value of Progress is 30
[Debug] [2026-3-7 14:17:04] The value of Progress is 35
[Debug] [2026-3-7 14:17:04] The value of Progress is 40
[Debug] [2026-3-7 14:17:04] The value of Progress is 45
[Debug] [2026-3-7 14:17:04] The value of Progress is 50
[Debug] [2026-3-7 14:17:04] The value of Progress is 55
[Debug] [2026-3-7 14:17:04] The value of Progress is 60
[Debug] [2026-3-7 14:17:04] The value of Progress is 65
[Debug] [2026-3-7 14:17:04] The value of Progress is 70
[Debug] [2026-3-7 14:17:04] The value of Progress is 75
[Debug] [2026-3-7 14:17:04] The value of Progress is 80
[Debug] [2026-3-7 14:17:05] The value of Progress is 85
[Debug] [2026-3-7 14:17:05] The value of Progress is 90
[Debug] [2026-3-7 14:17:05] The value of Progress is 95
[Debug] [2026-3-7 14:17:05] COMMAND[Verify EFlash] execute successfully, takes 2.0 secs.
[Debug] [2026-3-7 14:17:05] Send RPC:6
[Debug] [2026-3-7 14:17:05] Send cmd [Program CTL:20015] OK
[Debug] [2026-3-7 14:17:05] Log::Print : COMMAND[Verify EFlash] execute successfully, takes 2.0 secs.
[Debug] [2026-3-7 14:17:05] Show Info: Feature Control value is : 0x00028943
[Debug] [2026-3-7 14:17:05] Log::Print : Feature Control value is : 0x00028943
[Debug] [2026-3-7 14:17:05] COMMAND[Program CTL] execute successfully, takes 0.3 secs.
[Debug] [2026-3-7 14:17:05] Log::Print : COMMAND[Program CTL] execute successfully, takes 0.3 secs.
[Debug] [2026-3-7 14:17:09] Send RPC:7
[Debug] [2026-3-7 14:17:09] Begin to send operate embedded FPGA flash data.
[Debug] [2026-3-7 14:17:09] End to send operate embedded FPGA flash data.
[Debug] [2026-3-7 14:17:09] Send cmd [Program EFlash:20021] OK
[Debug] [2026-3-7 14:17:11] The value of Progress is 6
[Debug] [2026-3-7 14:17:12] The value of Progress is 10
[Debug] [2026-3-7 14:17:13] The value of Progress is 15
[Debug] [2026-3-7 14:17:14] The value of Progress is 20
[Debug] [2026-3-7 14:17:15] The value of Progress is 25
[Debug] [2026-3-7 14:17:16] The value of Progress is 30
[Debug] [2026-3-7 14:17:17] The value of Progress is 35
[Debug] [2026-3-7 14:17:19] The value of Progress is 40
[Debug] [2026-3-7 14:17:20] The value of Progress is 45
[Debug] [2026-3-7 14:17:21] The value of Progress is 50
[Debug] [2026-3-7 14:17:22] The value of Progress is 55
[Debug] [2026-3-7 14:17:23] The value of Progress is 60
[Debug] [2026-3-7 14:17:24] The value of Progress is 65
[Debug] [2026-3-7 14:17:26] The value of Progress is 70
[Debug] [2026-3-7 14:17:27] The value of Progress is 75
[Debug] [2026-3-7 14:17:28] The value of Progress is 80
[Debug] [2026-3-7 14:17:29] The value of Progress is 85
[Debug] [2026-3-7 14:17:30] The value of Progress is 90
[Debug] [2026-3-7 14:17:31] The value of Progress is 95
[Debug] [2026-3-7 14:17:32] COMMAND[Program EFlash] execute finish, takes 23.4 secs.
[Debug] [2026-3-7 14:17:32] Send RPC:8
[Debug] [2026-3-7 14:17:32] Begin to send operate embedded FPGA flash data.
[Debug] [2026-3-7 14:17:32] End to send operate embedded FPGA flash data.
[Debug] [2026-3-7 14:17:32] Send cmd [Verify EFlash:20024] OK
[Debug] [2026-3-7 14:17:33] Log::Print : COMMAND[Program EFlash] execute finish, takes 23.4 secs.
[Debug] [2026-3-7 14:17:33] The value of Progress is 6
[Debug] [2026-3-7 14:17:33] The value of Progress is 10
[Debug] [2026-3-7 14:17:33] The value of Progress is 15
[Debug] [2026-3-7 14:17:33] The value of Progress is 20
[Debug] [2026-3-7 14:17:33] The value of Progress is 25
[Debug] [2026-3-7 14:17:33] The value of Progress is 30
[Debug] [2026-3-7 14:17:33] The value of Progress is 35
[Debug] [2026-3-7 14:17:33] The value of Progress is 40
[Debug] [2026-3-7 14:17:33] The value of Progress is 45
[Debug] [2026-3-7 14:17:33] The value of Progress is 50
[Debug] [2026-3-7 14:17:34] The value of Progress is 55
[Debug] [2026-3-7 14:17:34] The value of Progress is 60
[Debug] [2026-3-7 14:17:34] The value of Progress is 65
[Debug] [2026-3-7 14:17:34] The value of Progress is 70
[Debug] [2026-3-7 14:17:34] The value of Progress is 75
[Debug] [2026-3-7 14:17:34] The value of Progress is 80
[Debug] [2026-3-7 14:17:34] The value of Progress is 85
[Debug] [2026-3-7 14:17:34] The value of Progress is 90
[Debug] [2026-3-7 14:17:34] The value of Progress is 95
[Debug] [2026-3-7 14:17:34] COMMAND[Verify EFlash] execute successfully, takes 2.0 secs.
[Debug] [2026-3-7 14:17:34] Send RPC:9
[Debug] [2026-3-7 14:17:34] Send cmd [Program CTL:20015] OK
[Debug] [2026-3-7 14:17:34] Log::Print : COMMAND[Verify EFlash] execute successfully, takes 2.0 secs.
[Debug] [2026-3-7 14:17:35] Show Info: Feature Control value is : 0x00028943
[Debug] [2026-3-7 14:17:35] Log::Print : Feature Control value is : 0x00028943
[Debug] [2026-3-7 14:17:35] COMMAND[Program CTL] execute successfully, takes 0.2 secs.
[Debug] [2026-3-7 14:17:35] Log::Print : COMMAND[Program CTL] execute successfully, takes 0.2 secs.
[Debug] [2026-3-7 15:07:16] Begin to send initialize chain cmd...
[Debug] [2026-3-7 15:07:16] Send RPC:10
[Debug] [2026-3-7 15:07:16] Send cmd [Open config cable:20001] OK
[Debug] [2026-3-7 15:07:16] End to send initialize chain cmd.
[Debug] [2026-3-7 15:07:16] begin the exec of open cable cmd...
[Debug] [2026-3-7 15:07:16] Begin to deal with chain from server...
[Debug] [2026-3-7 15:07:16] Begin to set user chain...
[Debug] [2026-3-7 15:07:16] End to set user chain.
[Debug] [2026-3-7 15:07:16] Begin to update graphic item and tree item ...
[Debug] [2026-3-7 15:07:16] End to update graphic item and tree item ...
[Debug] [2026-3-7 15:07:16] Begin to update graphic item and tree item ...
[Debug] [2026-3-7 15:07:16] End to update graphic item and tree item ...
[Debug] [2026-3-7 15:07:16] End to deal wiht chain from server.
[Debug] [2026-3-7 15:07:16] end the exec of open cable cmd.
[Debug] [2026-3-7 15:07:16] COMMAND[Open config cable] execute successfully, takes 0.1 secs.
[Debug] [2026-3-7 15:07:16] Log::Print : PGC7KD
[Debug] [2026-3-7 15:07:16] Log::Print : This device configure situation (done bit): 1
[Debug] [2026-3-7 15:07:16] Log::Print : PGC7KD
[Debug] [2026-3-7 15:07:16] Log::Print : This device configure situation (done bit): 1
[Debug] [2026-3-7 15:07:16] Log::Print : COMMAND[Open config cable] execute successfully, takes 0.1 secs.
[Debug] [2026-3-7 15:07:20] Begin to assign configuration file...
[Info] [2026-3-7 15:07:29] set OpenLastPath: C:/CPLD/pango/2_Tieta_Feiteng/Tieta_Feiteng_1001_PGC7KD69MBG400/prj/Tieta_M/generate_bitstream/Tieta_Feiteng_1001_top.sbit
[Debug] [2026-3-7 15:07:29] begin to get device info from CFG file...
[Debug] [2026-3-7 15:07:29] end to get device info from CFG file...
[Debug] [2026-3-7 15:07:29] Begin to update graphic item and tree item ...
[Debug] [2026-3-7 15:07:29] End to update graphic item and tree item ...
[Debug] [2026-3-7 15:07:29] End to assign configuration file...
[Debug] [2026-3-7 15:07:31] Begin to assign configuration file...
[Info] [2026-3-7 15:07:39] set OpenLastPath: C:/CPLD/pango/2_Tieta_Feiteng/Tieta_Feiteng_2001_PGC7KD69MBG400/prj/Tieta_S/generate_bitstream/Tieta_Feiteng_2001_top.sbit
[Debug] [2026-3-7 15:07:39] begin to get device info from CFG file...
[Debug] [2026-3-7 15:07:39] end to get device info from CFG file...
[Debug] [2026-3-7 15:07:39] Begin to update graphic item and tree item ...
[Debug] [2026-3-7 15:07:39] End to update graphic item and tree item ...
[Debug] [2026-3-7 15:07:39] End to assign configuration file...
[Debug] [2026-3-7 15:07:42] Send RPC:11
[Debug] [2026-3-7 15:07:42] Begin to send operate embedded FPGA flash data.
[Debug] [2026-3-7 15:07:42] End to send operate embedded FPGA flash data.
[Debug] [2026-3-7 15:07:42] Send cmd [Program EFlash:20021] OK
[Debug] [2026-3-7 15:07:44] The value of Progress is 6
[Debug] [2026-3-7 15:07:44] The value of Progress is 10
[Debug] [2026-3-7 15:07:45] The value of Progress is 15
[Debug] [2026-3-7 15:07:46] The value of Progress is 20
[Debug] [2026-3-7 15:07:47] The value of Progress is 25
[Debug] [2026-3-7 15:07:48] The value of Progress is 30
[Debug] [2026-3-7 15:07:49] The value of Progress is 35
[Debug] [2026-3-7 15:07:50] The value of Progress is 40
[Debug] [2026-3-7 15:07:52] The value of Progress is 45
[Debug] [2026-3-7 15:07:53] The value of Progress is 50
[Debug] [2026-3-7 15:07:54] The value of Progress is 55
[Debug] [2026-3-7 15:07:55] The value of Progress is 60
[Debug] [2026-3-7 15:07:56] The value of Progress is 65
[Debug] [2026-3-7 15:07:57] The value of Progress is 70
[Debug] [2026-3-7 15:07:58] The value of Progress is 75
[Debug] [2026-3-7 15:07:59] The value of Progress is 80
[Debug] [2026-3-7 15:08:00] The value of Progress is 85
[Debug] [2026-3-7 15:08:01] The value of Progress is 90
[Debug] [2026-3-7 15:08:02] The value of Progress is 95
[Debug] [2026-3-7 15:08:03] COMMAND[Program EFlash] execute finish, takes 20.5 secs.
[Debug] [2026-3-7 15:08:03] Send RPC:12
[Debug] [2026-3-7 15:08:03] Begin to send operate embedded FPGA flash data.
[Debug] [2026-3-7 15:08:03] End to send operate embedded FPGA flash data.
[Debug] [2026-3-7 15:08:03] Send cmd [Verify EFlash:20024] OK
[Debug] [2026-3-7 15:08:03] Log::Print : COMMAND[Program EFlash] execute finish, takes 20.5 secs.
[Debug] [2026-3-7 15:08:03] The value of Progress is 6
[Debug] [2026-3-7 15:08:03] The value of Progress is 10
[Debug] [2026-3-7 15:08:03] The value of Progress is 15
[Debug] [2026-3-7 15:08:03] The value of Progress is 20
[Debug] [2026-3-7 15:08:03] The value of Progress is 25
[Debug] [2026-3-7 15:08:03] The value of Progress is 30
[Debug] [2026-3-7 15:08:03] The value of Progress is 35
[Debug] [2026-3-7 15:08:03] The value of Progress is 40
[Debug] [2026-3-7 15:08:04] The value of Progress is 45
[Debug] [2026-3-7 15:08:04] The value of Progress is 50
[Debug] [2026-3-7 15:08:04] The value of Progress is 55
[Debug] [2026-3-7 15:08:04] The value of Progress is 60
[Debug] [2026-3-7 15:08:04] The value of Progress is 65
[Debug] [2026-3-7 15:08:04] The value of Progress is 70
[Debug] [2026-3-7 15:08:04] The value of Progress is 75
[Debug] [2026-3-7 15:08:04] The value of Progress is 80
[Debug] [2026-3-7 15:08:04] The value of Progress is 85
[Debug] [2026-3-7 15:08:04] The value of Progress is 90
[Debug] [2026-3-7 15:08:05] The value of Progress is 95
[Debug] [2026-3-7 15:08:05] COMMAND[Verify EFlash] execute successfully, takes 2.0 secs.
[Debug] [2026-3-7 15:08:05] Send RPC:13
[Debug] [2026-3-7 15:08:05] Send cmd [Program CTL:20015] OK
[Debug] [2026-3-7 15:08:05] Log::Print : COMMAND[Verify EFlash] execute successfully, takes 2.0 secs.
[Debug] [2026-3-7 15:08:05] Show Info: Feature Control value is : 0x00028943
[Debug] [2026-3-7 15:08:05] Log::Print : Feature Control value is : 0x00028943
[Debug] [2026-3-7 15:08:05] COMMAND[Program CTL] execute successfully, takes 0.2 secs.
[Debug] [2026-3-7 15:08:05] Log::Print : COMMAND[Program CTL] execute successfully, takes 0.2 secs.
[Debug] [2026-3-7 15:08:08] Send RPC:14
[Debug] [2026-3-7 15:08:08] Begin to send operate embedded FPGA flash data.
[Debug] [2026-3-7 15:08:08] End to send operate embedded FPGA flash data.
[Debug] [2026-3-7 15:08:08] Send cmd [Program EFlash:20021] OK
[Debug] [2026-3-7 15:08:09] The value of Progress is 6
[Debug] [2026-3-7 15:08:10] The value of Progress is 10
[Debug] [2026-3-7 15:08:11] The value of Progress is 15
[Debug] [2026-3-7 15:08:12] The value of Progress is 20
[Debug] [2026-3-7 15:08:14] The value of Progress is 25
[Debug] [2026-3-7 15:08:15] The value of Progress is 30
[Debug] [2026-3-7 15:08:16] The value of Progress is 35
[Debug] [2026-3-7 15:08:17] The value of Progress is 40
[Debug] [2026-3-7 15:08:18] The value of Progress is 45
[Debug] [2026-3-7 15:08:19] The value of Progress is 50
[Debug] [2026-3-7 15:08:21] The value of Progress is 55
[Debug] [2026-3-7 15:08:22] The value of Progress is 60
[Debug] [2026-3-7 15:08:23] The value of Progress is 65
[Debug] [2026-3-7 15:08:24] The value of Progress is 70
[Debug] [2026-3-7 15:08:25] The value of Progress is 75
[Debug] [2026-3-7 15:08:26] The value of Progress is 80
[Debug] [2026-3-7 15:08:28] The value of Progress is 85
[Debug] [2026-3-7 15:08:29] The value of Progress is 90
[Debug] [2026-3-7 15:08:30] The value of Progress is 95
[Debug] [2026-3-7 15:08:31] COMMAND[Program EFlash] execute finish, takes 23.4 secs.
[Debug] [2026-3-7 15:08:31] Send RPC:15
[Debug] [2026-3-7 15:08:31] Begin to send operate embedded FPGA flash data.
[Debug] [2026-3-7 15:08:31] End to send operate embedded FPGA flash data.
[Debug] [2026-3-7 15:08:31] Send cmd [Verify EFlash:20024] OK
[Debug] [2026-3-7 15:08:31] Log::Print : COMMAND[Program EFlash] execute finish, takes 23.4 secs.
[Debug] [2026-3-7 15:08:31] The value of Progress is 6
[Debug] [2026-3-7 15:08:31] The value of Progress is 10
[Debug] [2026-3-7 15:08:31] The value of Progress is 15
[Debug] [2026-3-7 15:08:31] The value of Progress is 20
[Debug] [2026-3-7 15:08:32] The value of Progress is 25
[Debug] [2026-3-7 15:08:32] The value of Progress is 30
[Debug] [2026-3-7 15:08:32] The value of Progress is 35
[Debug] [2026-3-7 15:08:32] The value of Progress is 40
[Debug] [2026-3-7 15:08:32] The value of Progress is 45
[Debug] [2026-3-7 15:08:32] The value of Progress is 50
[Debug] [2026-3-7 15:08:32] The value of Progress is 55
[Debug] [2026-3-7 15:08:32] The value of Progress is 60
[Debug] [2026-3-7 15:08:32] The value of Progress is 65
[Debug] [2026-3-7 15:08:32] The value of Progress is 70
[Debug] [2026-3-7 15:08:32] The value of Progress is 75
[Debug] [2026-3-7 15:08:33] The value of Progress is 80
[Debug] [2026-3-7 15:08:33] The value of Progress is 85
[Debug] [2026-3-7 15:08:33] The value of Progress is 90
[Debug] [2026-3-7 15:08:33] The value of Progress is 95
[Debug] [2026-3-7 15:08:33] COMMAND[Verify EFlash] execute successfully, takes 2.0 secs.
[Debug] [2026-3-7 15:08:33] Send RPC:16
[Debug] [2026-3-7 15:08:33] Send cmd [Program CTL:20015] OK
[Debug] [2026-3-7 15:08:33] Log::Print : COMMAND[Verify EFlash] execute successfully, takes 2.0 secs.
[Debug] [2026-3-7 15:08:33] Show Info: Feature Control value is : 0x00028943
[Debug] [2026-3-7 15:08:33] Log::Print : Feature Control value is : 0x00028943
[Debug] [2026-3-7 15:08:33] COMMAND[Program CTL] execute successfully, takes 0.2 secs.
[Debug] [2026-3-7 15:08:33] Log::Print : COMMAND[Program CTL] execute successfully, takes 0.2 secs.
[Debug] [2026-3-7 15:29:07] Begin to send initialize chain cmd...
[Debug] [2026-3-7 15:29:07] Send RPC:17
[Debug] [2026-3-7 15:29:07] Send cmd [Open config cable:20001] OK
[Debug] [2026-3-7 15:29:07] End to send initialize chain cmd.
[Debug] [2026-3-7 15:29:07] begin the exec of open cable cmd...
[Debug] [2026-3-7 15:29:07] Begin to deal with chain from server...
[Debug] [2026-3-7 15:29:07] Begin to set user chain...
[Debug] [2026-3-7 15:29:07] End to set user chain.
[Debug] [2026-3-7 15:29:07] Begin to update graphic item and tree item ...
[Debug] [2026-3-7 15:29:07] End to update graphic item and tree item ...
[Debug] [2026-3-7 15:29:07] Begin to update graphic item and tree item ...
[Debug] [2026-3-7 15:29:07] End to update graphic item and tree item ...
[Debug] [2026-3-7 15:29:07] End to deal wiht chain from server.
[Debug] [2026-3-7 15:29:07] end the exec of open cable cmd.
[Debug] [2026-3-7 15:29:07] COMMAND[Open config cable] execute successfully, takes 0.1 secs.
[Debug] [2026-3-7 15:29:07] Log::Print : PGC7KD
[Debug] [2026-3-7 15:29:07] Log::Print : This device configure situation (done bit): 1
[Debug] [2026-3-7 15:29:07] Log::Print : PGC7KD
[Debug] [2026-3-7 15:29:07] Log::Print : This device configure situation (done bit): 1
[Debug] [2026-3-7 15:29:07] Log::Print : COMMAND[Open config cable] execute successfully, takes 0.1 secs.
[Debug] [2026-3-7 15:29:10] Begin to assign configuration file...
[Info] [2026-3-7 15:29:26] set OpenLastPath: C:/CPLD/pango/2_Tieta_Feiteng/Tieta_Feiteng_1001_PGC7KD69MBG400/prj/Tieta_M/generate_bitstream/Tieta_Feiteng_1001_top.sbit
[Debug] [2026-3-7 15:29:26] begin to get device info from CFG file...
[Debug] [2026-3-7 15:29:26] end to get device info from CFG file...
[Debug] [2026-3-7 15:29:26] Begin to update graphic item and tree item ...
[Debug] [2026-3-7 15:29:26] End to update graphic item and tree item ...
[Debug] [2026-3-7 15:29:26] End to assign configuration file...
[Debug] [2026-3-7 15:29:29] Begin to assign configuration file...
[Info] [2026-3-7 15:29:37] set OpenLastPath: C:/CPLD/pango/2_Tieta_Feiteng/Tieta_Feiteng_2001_PGC7KD69MBG400/prj/Tieta_S/generate_bitstream/Tieta_Feiteng_2001_top.sbit
[Debug] [2026-3-7 15:29:37] begin to get device info from CFG file...
[Debug] [2026-3-7 15:29:37] end to get device info from CFG file...
[Debug] [2026-3-7 15:29:37] Begin to update graphic item and tree item ...
[Debug] [2026-3-7 15:29:37] End to update graphic item and tree item ...
[Debug] [2026-3-7 15:29:37] End to assign configuration file...
[Debug] [2026-3-7 15:29:42] Send RPC:18
[Debug] [2026-3-7 15:29:42] Begin to send operate embedded FPGA flash data.
[Debug] [2026-3-7 15:29:42] End to send operate embedded FPGA flash data.
[Debug] [2026-3-7 15:29:42] Send cmd [Program EFlash:20021] OK
[Debug] [2026-3-7 15:29:44] The value of Progress is 6
[Debug] [2026-3-7 15:29:45] The value of Progress is 10
[Debug] [2026-3-7 15:29:46] The value of Progress is 15
[Debug] [2026-3-7 15:29:47] The value of Progress is 20
[Debug] [2026-3-7 15:29:48] The value of Progress is 25
[Debug] [2026-3-7 15:29:49] The value of Progress is 30
[Debug] [2026-3-7 15:29:51] The value of Progress is 35
[Debug] [2026-3-7 15:29:52] The value of Progress is 40
[Debug] [2026-3-7 15:29:53] The value of Progress is 45
[Debug] [2026-3-7 15:29:54] The value of Progress is 50
[Debug] [2026-3-7 15:29:55] The value of Progress is 55
[Debug] [2026-3-7 15:29:57] The value of Progress is 60
[Debug] [2026-3-7 15:29:58] The value of Progress is 65
[Debug] [2026-3-7 15:29:59] The value of Progress is 70
[Debug] [2026-3-7 15:30:00] The value of Progress is 75
[Debug] [2026-3-7 15:30:01] The value of Progress is 80
[Debug] [2026-3-7 15:30:02] The value of Progress is 85
[Debug] [2026-3-7 15:30:04] The value of Progress is 90
[Debug] [2026-3-7 15:30:05] The value of Progress is 95
[Debug] [2026-3-7 15:30:06] COMMAND[Program EFlash] execute finish, takes 23.5 secs.
[Debug] [2026-3-7 15:30:06] Send RPC:19
[Debug] [2026-3-7 15:30:06] Begin to send operate embedded FPGA flash data.
[Debug] [2026-3-7 15:30:06] End to send operate embedded FPGA flash data.
[Debug] [2026-3-7 15:30:06] Send cmd [Verify EFlash:20024] OK
[Debug] [2026-3-7 15:30:06] Log::Print : COMMAND[Program EFlash] execute finish, takes 23.5 secs.
[Debug] [2026-3-7 15:30:06] The value of Progress is 6
[Debug] [2026-3-7 15:30:06] The value of Progress is 10
[Debug] [2026-3-7 15:30:06] The value of Progress is 15
[Debug] [2026-3-7 15:30:06] The value of Progress is 20
[Debug] [2026-3-7 15:30:06] The value of Progress is 25
[Debug] [2026-3-7 15:30:06] The value of Progress is 30
[Debug] [2026-3-7 15:30:07] The value of Progress is 35
[Debug] [2026-3-7 15:30:07] The value of Progress is 40
[Debug] [2026-3-7 15:30:07] The value of Progress is 45
[Debug] [2026-3-7 15:30:07] The value of Progress is 50
[Debug] [2026-3-7 15:30:07] The value of Progress is 55
[Debug] [2026-3-7 15:30:07] The value of Progress is 60
[Debug] [2026-3-7 15:30:07] The value of Progress is 65
[Debug] [2026-3-7 15:30:07] The value of Progress is 70
[Debug] [2026-3-7 15:30:07] The value of Progress is 75
[Debug] [2026-3-7 15:30:07] The value of Progress is 80
[Debug] [2026-3-7 15:30:07] The value of Progress is 85
[Debug] [2026-3-7 15:30:08] The value of Progress is 90
[Debug] [2026-3-7 15:30:08] The value of Progress is 95
[Debug] [2026-3-7 15:30:08] COMMAND[Verify EFlash] execute successfully, takes 2.0 secs.
[Debug] [2026-3-7 15:30:08] Send RPC:20
[Debug] [2026-3-7 15:30:08] Send cmd [Program CTL:20015] OK
[Debug] [2026-3-7 15:30:08] Log::Print : COMMAND[Verify EFlash] execute successfully, takes 2.0 secs.
[Debug] [2026-3-7 15:30:08] Show Info: Feature Control value is : 0x00028943
[Debug] [2026-3-7 15:30:08] Log::Print : Feature Control value is : 0x00028943
[Debug] [2026-3-7 15:30:08] COMMAND[Program CTL] execute successfully, takes 0.2 secs.
[Debug] [2026-3-7 15:30:08] Log::Print : COMMAND[Program CTL] execute successfully, takes 0.2 secs.
[Debug] [2026-3-7 15:30:13] Send RPC:21
[Debug] [2026-3-7 15:30:13] Begin to send operate embedded FPGA flash data.
[Debug] [2026-3-7 15:30:13] End to send operate embedded FPGA flash data.
[Debug] [2026-3-7 15:30:13] Send cmd [Program EFlash:20021] OK
[Debug] [2026-3-7 15:30:14] The value of Progress is 6
[Debug] [2026-3-7 15:30:15] The value of Progress is 10
[Debug] [2026-3-7 15:30:16] The value of Progress is 15
[Debug] [2026-3-7 15:30:17] The value of Progress is 20
[Debug] [2026-3-7 15:30:18] The value of Progress is 25
[Debug] [2026-3-7 15:30:19] The value of Progress is 30
[Debug] [2026-3-7 15:30:20] The value of Progress is 35
[Debug] [2026-3-7 15:30:21] The value of Progress is 40
[Debug] [2026-3-7 15:30:22] The value of Progress is 45
[Debug] [2026-3-7 15:30:23] The value of Progress is 50
[Debug] [2026-3-7 15:30:24] The value of Progress is 55
[Debug] [2026-3-7 15:30:25] The value of Progress is 60
[Debug] [2026-3-7 15:30:26] The value of Progress is 65
[Debug] [2026-3-7 15:30:27] The value of Progress is 70
[Debug] [2026-3-7 15:30:28] The value of Progress is 75
[Debug] [2026-3-7 15:30:29] The value of Progress is 80
[Debug] [2026-3-7 15:30:30] The value of Progress is 85
[Debug] [2026-3-7 15:30:31] The value of Progress is 90
[Debug] [2026-3-7 15:30:32] The value of Progress is 95
[Debug] [2026-3-7 15:30:33] COMMAND[Program EFlash] execute finish, takes 20.4 secs.
[Debug] [2026-3-7 15:30:33] Send RPC:22
[Debug] [2026-3-7 15:30:33] Begin to send operate embedded FPGA flash data.
[Debug] [2026-3-7 15:30:33] End to send operate embedded FPGA flash data.
[Debug] [2026-3-7 15:30:33] Send cmd [Verify EFlash:20024] OK
[Debug] [2026-3-7 15:30:33] Log::Print : COMMAND[Program EFlash] execute finish, takes 20.4 secs.
[Debug] [2026-3-7 15:30:33] The value of Progress is 6
[Debug] [2026-3-7 15:30:33] The value of Progress is 10
[Debug] [2026-3-7 15:30:33] The value of Progress is 15
[Debug] [2026-3-7 15:30:33] The value of Progress is 20
[Debug] [2026-3-7 15:30:33] The value of Progress is 25
[Debug] [2026-3-7 15:30:34] The value of Progress is 30
[Debug] [2026-3-7 15:30:34] The value of Progress is 35
[Debug] [2026-3-7 15:30:34] The value of Progress is 40
[Debug] [2026-3-7 15:30:34] The value of Progress is 45
[Debug] [2026-3-7 15:30:34] The value of Progress is 50
[Debug] [2026-3-7 15:30:34] The value of Progress is 55
[Debug] [2026-3-7 15:30:34] The value of Progress is 60
[Debug] [2026-3-7 15:30:34] The value of Progress is 65
[Debug] [2026-3-7 15:30:34] The value of Progress is 70
[Debug] [2026-3-7 15:30:34] The value of Progress is 75
[Debug] [2026-3-7 15:30:35] The value of Progress is 80
[Debug] [2026-3-7 15:30:35] The value of Progress is 85
[Debug] [2026-3-7 15:30:35] The value of Progress is 90
[Debug] [2026-3-7 15:30:35] The value of Progress is 95
[Debug] [2026-3-7 15:30:35] COMMAND[Verify EFlash] execute successfully, takes 2.0 secs.
[Debug] [2026-3-7 15:30:35] Send RPC:23
[Debug] [2026-3-7 15:30:35] Send cmd [Program CTL:20015] OK
[Debug] [2026-3-7 15:30:35] Log::Print : COMMAND[Verify EFlash] execute successfully, takes 2.0 secs.
[Debug] [2026-3-7 15:30:35] Show Info: Feature Control value is : 0x00028943
[Debug] [2026-3-7 15:30:35] Log::Print : Feature Control value is : 0x00028943
[Debug] [2026-3-7 15:30:35] COMMAND[Program CTL] execute successfully, takes 0.3 secs.
[Debug] [2026-3-7 15:30:35] Log::Print : COMMAND[Program CTL] execute successfully, takes 0.3 secs.
[Debug] [2026-3-7 15:37:43] Begin to send initialize chain cmd...
[Debug] [2026-3-7 15:37:43] Send RPC:24
[Debug] [2026-3-7 15:37:43] Send cmd [Open config cable:20001] OK
[Debug] [2026-3-7 15:37:43] End to send initialize chain cmd.
[Debug] [2026-3-7 15:37:43] begin the exec of open cable cmd...
[Debug] [2026-3-7 15:37:43] Begin to deal with chain from server...
[Debug] [2026-3-7 15:37:43] Begin to set user chain...
[Debug] [2026-3-7 15:37:43] End to set user chain.
[Debug] [2026-3-7 15:37:43] Begin to update graphic item and tree item ...
[Debug] [2026-3-7 15:37:43] End to update graphic item and tree item ...
[Debug] [2026-3-7 15:37:43] Begin to update graphic item and tree item ...
[Debug] [2026-3-7 15:37:43] End to update graphic item and tree item ...
[Debug] [2026-3-7 15:37:43] End to deal wiht chain from server.
[Debug] [2026-3-7 15:37:43] end the exec of open cable cmd.
[Debug] [2026-3-7 15:37:43] COMMAND[Open config cable] execute successfully, takes 0.1 secs.
[Debug] [2026-3-7 15:37:43] Log::Print : PGC7KD
[Debug] [2026-3-7 15:37:43] Log::Print : This device configure situation (done bit): 1
[Debug] [2026-3-7 15:37:43] Log::Print : PGC7KD
[Debug] [2026-3-7 15:37:43] Log::Print : This device configure situation (done bit): 1
[Debug] [2026-3-7 15:37:44] Log::Print : COMMAND[Open config cable] execute successfully, takes 0.1 secs.
[Debug] [2026-3-7 15:37:46] Begin to assign configuration file...
[Info] [2026-3-7 15:37:48] set OpenLastPath: C:/CPLD/pango/2_Tieta_Feiteng/Tieta_Feiteng_2001_PGC7KD69MBG400/prj/Tieta_S/generate_bitstream/Tieta_Feiteng_2001_top.sbit
[Debug] [2026-3-7 15:37:48] begin to get device info from CFG file...
[Debug] [2026-3-7 15:37:48] end to get device info from CFG file...
[Debug] [2026-3-7 15:37:48] Begin to update graphic item and tree item ...
[Debug] [2026-3-7 15:37:48] End to update graphic item and tree item ...
[Debug] [2026-3-7 15:37:48] End to assign configuration file...
[Debug] [2026-3-7 15:37:50] Send RPC:25
[Debug] [2026-3-7 15:37:50] Begin to send operate embedded FPGA flash data.
[Debug] [2026-3-7 15:37:50] End to send operate embedded FPGA flash data.
[Debug] [2026-3-7 15:37:50] Send cmd [Program EFlash:20021] OK
[Debug] [2026-3-7 15:37:51] The value of Progress is 6
[Debug] [2026-3-7 15:37:52] The value of Progress is 10
[Debug] [2026-3-7 15:37:54] The value of Progress is 15
[Debug] [2026-3-7 15:37:55] The value of Progress is 20
[Debug] [2026-3-7 15:37:56] The value of Progress is 25
[Debug] [2026-3-7 15:37:57] The value of Progress is 30
[Debug] [2026-3-7 15:37:58] The value of Progress is 35
[Debug] [2026-3-7 15:37:59] The value of Progress is 40
[Debug] [2026-3-7 15:38:01] The value of Progress is 45
[Debug] [2026-3-7 15:38:02] The value of Progress is 50
[Debug] [2026-3-7 15:38:03] The value of Progress is 55
[Debug] [2026-3-7 15:38:04] The value of Progress is 60
[Debug] [2026-3-7 15:38:05] The value of Progress is 65
[Debug] [2026-3-7 15:38:06] The value of Progress is 70
[Debug] [2026-3-7 15:38:08] The value of Progress is 75
[Debug] [2026-3-7 15:38:09] The value of Progress is 80
[Debug] [2026-3-7 15:38:10] The value of Progress is 85
[Debug] [2026-3-7 15:38:11] The value of Progress is 90
[Debug] [2026-3-7 15:38:12] The value of Progress is 95
[Debug] [2026-3-7 15:38:13] COMMAND[Program EFlash] execute finish, takes 23.4 secs.
[Debug] [2026-3-7 15:38:13] Send RPC:26
[Debug] [2026-3-7 15:38:13] Begin to send operate embedded FPGA flash data.
[Debug] [2026-3-7 15:38:13] End to send operate embedded FPGA flash data.
[Debug] [2026-3-7 15:38:13] Send cmd [Verify EFlash:20024] OK
[Debug] [2026-3-7 15:38:13] Log::Print : COMMAND[Program EFlash] execute finish, takes 23.4 secs.
[Debug] [2026-3-7 15:38:13] The value of Progress is 6
[Debug] [2026-3-7 15:38:14] The value of Progress is 10
[Debug] [2026-3-7 15:38:14] The value of Progress is 15
[Debug] [2026-3-7 15:38:14] The value of Progress is 20
[Debug] [2026-3-7 15:38:14] The value of Progress is 25
[Debug] [2026-3-7 15:38:14] The value of Progress is 30
[Debug] [2026-3-7 15:38:14] The value of Progress is 35
[Debug] [2026-3-7 15:38:14] The value of Progress is 40
[Debug] [2026-3-7 15:38:14] The value of Progress is 45
[Debug] [2026-3-7 15:38:14] The value of Progress is 50
[Debug] [2026-3-7 15:38:14] The value of Progress is 55
[Debug] [2026-3-7 15:38:15] The value of Progress is 60
[Debug] [2026-3-7 15:38:15] The value of Progress is 65
[Debug] [2026-3-7 15:38:15] The value of Progress is 70
[Debug] [2026-3-7 15:38:15] The value of Progress is 75
[Debug] [2026-3-7 15:38:15] The value of Progress is 80
[Debug] [2026-3-7 15:38:15] The value of Progress is 85
[Debug] [2026-3-7 15:38:15] The value of Progress is 90
[Debug] [2026-3-7 15:38:15] The value of Progress is 95
[Debug] [2026-3-7 15:38:15] COMMAND[Verify EFlash] execute successfully, takes 2.0 secs.
[Debug] [2026-3-7 15:38:15] Send RPC:27
[Debug] [2026-3-7 15:38:15] Send cmd [Program CTL:20015] OK
[Debug] [2026-3-7 15:38:15] Log::Print : COMMAND[Verify EFlash] execute successfully, takes 2.0 secs.
[Debug] [2026-3-7 15:38:15] Show Info: Feature Control value is : 0x00028943
[Debug] [2026-3-7 15:38:15] Log::Print : Feature Control value is : 0x00028943
[Debug] [2026-3-7 15:38:16] COMMAND[Program CTL] execute successfully, takes 0.2 secs.
[Debug] [2026-3-7 15:38:16] Log::Print : COMMAND[Program CTL] execute successfully, takes 0.2 secs.
[Info] [2026-3-7 16:02:46] /***************************End Configration***************************/
[Info] [2026-3-7 18:53:21] /***************************Start Configuration***************************/
[Info] [2026-3-7 18:53:21] Path: C:/studyware/pango/PDS_2024.2-SP1.2-ads/bin
[Info] [2026-3-7 18:53:21] Version: 187561
[Info] [2026-3-7 18:53:22] Current Path: C:/CPLD/pango/2_Tieta_Feiteng/Tieta_Feiteng_2001_PGC7KD69MBG400/prj/Tieta_S
[Info] [2026-3-7 18:53:22] PDS Dir Path: C:/CPLD/pango/2_Tieta_Feiteng/Tieta_Feiteng_2001_PGC7KD69MBG400/prj/Tieta_S
[Info] [2026-3-7 18:53:24] Configuration is not connect with server. connect first then scan chain.
[Debug] [2026-3-7 18:53:24] Client Local host name:z02665mj
[Debug] [2026-3-7 18:53:24] Client Local Address:10.213.107.142
[Debug] [2026-3-7 18:53:24] Client Local Address:192.168.1.200
[Debug] [2026-3-7 18:53:24] Server Address:127.0.0.1, Port:65420
[Debug] [2026-3-7 18:53:24] Log::Print : Connecting to server[127.0.0.1 : 65420].
[Info] [2026-3-7 18:53:24] Connect OK, Server: 127.0.0.1  Port: 65420
[Debug] [2026-3-7 18:53:24] Finish.
[Info] [2026-3-7 18:53:24] Connect server succeeded
[Debug] [2026-3-7 18:53:24] Send RPC:1
[Debug] [2026-3-7 18:53:24] Send cmd [check version information:40004] OK
[Debug] [2026-3-7 18:53:24] Send RPC:2
[Debug] [2026-3-7 18:53:24] Send cmd [get_cable_paras:40010] OK
[Debug] [2026-3-7 18:53:24] Begin to send initialize chain cmd...
[Debug] [2026-3-7 18:53:24] Send RPC:3
[Debug] [2026-3-7 18:53:24] Send cmd [Open config cable:20001] OK
[Debug] [2026-3-7 18:53:24] End to send initialize chain cmd.
[Debug] [2026-3-7 18:53:24] COMMAND[check version information] execute successfully, takes 0.0 secs.
[Debug] [2026-3-7 18:53:24] Log::Print : Connect to server[127.0.0.1 : 65420] successfully.
[Debug] [2026-3-7 18:53:24] Log::Print : COMMAND[check version information] execute successfully, takes 0.0 secs.
[Debug] [2026-3-7 18:53:26] Before cable list reserve:1
[Debug] [2026-3-7 18:53:26] After cable list reserve
[Debug] [2026-3-7 18:53:26] COMMAND[get_cable_paras] execute successfully, takes 1.4 secs.
[Debug] [2026-3-7 18:53:26] Log::Print : The cable List : 
Cable index 0:USB Cable II/fffffffffffffffe 

[Debug] [2026-3-7 18:53:26] Log::Print : COMMAND[get_cable_paras] execute successfully, takes 1.4 secs.
[Debug] [2026-3-7 18:53:26] begin the exec of open cable cmd...
[Debug] [2026-3-7 18:53:26] Begin to deal with chain from server...
[Debug] [2026-3-7 18:53:26] Begin to set user chain...
[Debug] [2026-3-7 18:53:26] End to set user chain.
[Debug] [2026-3-7 18:53:26] Begin to update graphic item and tree item ...
[Debug] [2026-3-7 18:53:26] End to update graphic item and tree item ...
[Debug] [2026-3-7 18:53:26] Begin to update graphic item and tree item ...
[Debug] [2026-3-7 18:53:26] End to update graphic item and tree item ...
[Debug] [2026-3-7 18:53:26] End to deal wiht chain from server.
[Debug] [2026-3-7 18:53:26] end the exec of open cable cmd.
[Debug] [2026-3-7 18:53:26] COMMAND[Open config cable] execute successfully, takes 1.6 secs.
[Debug] [2026-3-7 18:53:26] Log::Print : PGC7KD
[Debug] [2026-3-7 18:53:26] Log::Print : This device configure situation (done bit): 1
[Debug] [2026-3-7 18:53:26] Log::Print : PGC7KD
[Debug] [2026-3-7 18:53:26] Log::Print : This device configure situation (done bit): 1
[Debug] [2026-3-7 18:53:26] Log::Print : COMMAND[Open config cable] execute successfully, takes 1.6 secs.
[Debug] [2026-3-7 18:53:29] Begin to assign configuration file...
[Info] [2026-3-7 18:53:38] set OpenLastPath: C:/CPLD/pango/2_Tieta_Feiteng/Tieta_Feiteng_1001_PGC7KD69MBG400/prj/Tieta_M/generate_bitstream/Tieta_Feiteng_1001_top.sbit
[Debug] [2026-3-7 18:53:38] begin to get device info from CFG file...
[Debug] [2026-3-7 18:53:38] end to get device info from CFG file...
[Debug] [2026-3-7 18:53:38] Begin to update graphic item and tree item ...
[Debug] [2026-3-7 18:53:38] End to update graphic item and tree item ...
[Debug] [2026-3-7 18:53:38] End to assign configuration file...
[Debug] [2026-3-7 18:53:40] Begin to assign configuration file...
[Info] [2026-3-7 18:53:48] set OpenLastPath: C:/CPLD/pango/2_Tieta_Feiteng/Tieta_Feiteng_2001_PGC7KD69MBG400/prj/Tieta_S/generate_bitstream/Tieta_Feiteng_2001_top.sbit
[Debug] [2026-3-7 18:53:48] begin to get device info from CFG file...
[Debug] [2026-3-7 18:53:48] end to get device info from CFG file...
[Debug] [2026-3-7 18:53:48] Begin to update graphic item and tree item ...
[Debug] [2026-3-7 18:53:48] End to update graphic item and tree item ...
[Debug] [2026-3-7 18:53:48] End to assign configuration file...
[Debug] [2026-3-7 18:53:51] Send RPC:4
[Debug] [2026-3-7 18:53:51] Begin to send operate embedded FPGA flash data.
[Debug] [2026-3-7 18:53:51] End to send operate embedded FPGA flash data.
[Debug] [2026-3-7 18:53:51] Send cmd [Program EFlash:20021] OK
[Debug] [2026-3-7 18:53:52] The value of Progress is 6
[Debug] [2026-3-7 18:53:53] The value of Progress is 10
[Debug] [2026-3-7 18:53:54] The value of Progress is 15
[Debug] [2026-3-7 18:53:55] The value of Progress is 20
[Debug] [2026-3-7 18:53:56] The value of Progress is 25
[Debug] [2026-3-7 18:53:57] The value of Progress is 30
[Debug] [2026-3-7 18:53:58] The value of Progress is 35
[Debug] [2026-3-7 18:53:59] The value of Progress is 40
[Debug] [2026-3-7 18:54:00] The value of Progress is 45
[Debug] [2026-3-7 18:54:01] The value of Progress is 50
[Debug] [2026-3-7 18:54:02] The value of Progress is 55
[Debug] [2026-3-7 18:54:03] The value of Progress is 60
[Debug] [2026-3-7 18:54:04] The value of Progress is 65
[Debug] [2026-3-7 18:54:05] The value of Progress is 70
[Debug] [2026-3-7 18:54:06] The value of Progress is 75
[Debug] [2026-3-7 18:54:07] The value of Progress is 80
[Debug] [2026-3-7 18:54:08] The value of Progress is 85
[Debug] [2026-3-7 18:54:09] The value of Progress is 90
[Debug] [2026-3-7 18:54:10] The value of Progress is 95
[Debug] [2026-3-7 18:54:11] COMMAND[Program EFlash] execute finish, takes 20.4 secs.
[Debug] [2026-3-7 18:54:11] Send RPC:5
[Debug] [2026-3-7 18:54:11] Begin to send operate embedded FPGA flash data.
[Debug] [2026-3-7 18:54:11] End to send operate embedded FPGA flash data.
[Debug] [2026-3-7 18:54:11] Send cmd [Verify EFlash:20024] OK
[Debug] [2026-3-7 18:54:11] Log::Print : COMMAND[Program EFlash] execute finish, takes 20.4 secs.
[Debug] [2026-3-7 18:54:11] The value of Progress is 6
[Debug] [2026-3-7 18:54:11] The value of Progress is 10
[Debug] [2026-3-7 18:54:11] The value of Progress is 15
[Debug] [2026-3-7 18:54:12] The value of Progress is 20
[Debug] [2026-3-7 18:54:12] The value of Progress is 25
[Debug] [2026-3-7 18:54:12] The value of Progress is 30
[Debug] [2026-3-7 18:54:12] The value of Progress is 35
[Debug] [2026-3-7 18:54:12] The value of Progress is 40
[Debug] [2026-3-7 18:54:12] The value of Progress is 45
[Debug] [2026-3-7 18:54:12] The value of Progress is 50
[Debug] [2026-3-7 18:54:12] The value of Progress is 55
[Debug] [2026-3-7 18:54:12] The value of Progress is 60
[Debug] [2026-3-7 18:54:12] The value of Progress is 65
[Debug] [2026-3-7 18:54:13] The value of Progress is 70
[Debug] [2026-3-7 18:54:13] The value of Progress is 75
[Debug] [2026-3-7 18:54:13] The value of Progress is 80
[Debug] [2026-3-7 18:54:13] The value of Progress is 85
[Debug] [2026-3-7 18:54:13] The value of Progress is 90
[Debug] [2026-3-7 18:54:13] The value of Progress is 95
[Debug] [2026-3-7 18:54:13] COMMAND[Verify EFlash] execute successfully, takes 2.0 secs.
[Debug] [2026-3-7 18:54:13] Send RPC:6
[Debug] [2026-3-7 18:54:13] Send cmd [Program CTL:20015] OK
[Debug] [2026-3-7 18:54:13] Log::Print : COMMAND[Verify EFlash] execute successfully, takes 2.0 secs.
[Debug] [2026-3-7 18:54:13] Show Info: Feature Control value is : 0x00028943
[Debug] [2026-3-7 18:54:13] Log::Print : Feature Control value is : 0x00028943
[Debug] [2026-3-7 18:54:13] COMMAND[Program CTL] execute successfully, takes 0.3 secs.
[Debug] [2026-3-7 18:54:13] Log::Print : COMMAND[Program CTL] execute successfully, takes 0.3 secs.
[Debug] [2026-3-7 18:54:16] Send RPC:7
[Debug] [2026-3-7 18:54:16] Begin to send operate embedded FPGA flash data.
[Debug] [2026-3-7 18:54:16] End to send operate embedded FPGA flash data.
[Debug] [2026-3-7 18:54:16] Send cmd [Program EFlash:20021] OK
[Debug] [2026-3-7 18:54:18] The value of Progress is 6
[Debug] [2026-3-7 18:54:19] The value of Progress is 10
[Debug] [2026-3-7 18:54:20] The value of Progress is 15
[Debug] [2026-3-7 18:54:21] The value of Progress is 20
[Debug] [2026-3-7 18:54:22] The value of Progress is 25
[Debug] [2026-3-7 18:54:24] The value of Progress is 30
[Debug] [2026-3-7 18:54:25] The value of Progress is 35
[Debug] [2026-3-7 18:54:26] The value of Progress is 40
[Debug] [2026-3-7 18:54:27] The value of Progress is 45
[Debug] [2026-3-7 18:54:28] The value of Progress is 50
[Debug] [2026-3-7 18:54:29] The value of Progress is 55
[Debug] [2026-3-7 18:54:31] The value of Progress is 60
[Debug] [2026-3-7 18:54:32] The value of Progress is 65
[Debug] [2026-3-7 18:54:33] The value of Progress is 70
[Debug] [2026-3-7 18:54:34] The value of Progress is 75
[Debug] [2026-3-7 18:54:35] The value of Progress is 80
[Debug] [2026-3-7 18:54:36] The value of Progress is 85
[Debug] [2026-3-7 18:54:38] The value of Progress is 90
[Debug] [2026-3-7 18:54:39] The value of Progress is 95
[Debug] [2026-3-7 18:54:40] COMMAND[Program EFlash] execute finish, takes 23.6 secs.
[Debug] [2026-3-7 18:54:40] Send RPC:8
[Debug] [2026-3-7 18:54:40] Begin to send operate embedded FPGA flash data.
[Debug] [2026-3-7 18:54:40] End to send operate embedded FPGA flash data.
[Debug] [2026-3-7 18:54:40] Send cmd [Verify EFlash:20024] OK
[Debug] [2026-3-7 18:54:40] Log::Print : COMMAND[Program EFlash] execute finish, takes 23.6 secs.
[Debug] [2026-3-7 18:54:40] The value of Progress is 6
[Debug] [2026-3-7 18:54:40] The value of Progress is 10
[Debug] [2026-3-7 18:54:40] The value of Progress is 15
[Debug] [2026-3-7 18:54:40] The value of Progress is 20
[Debug] [2026-3-7 18:54:40] The value of Progress is 25
[Debug] [2026-3-7 18:54:41] The value of Progress is 30
[Debug] [2026-3-7 18:54:41] The value of Progress is 35
[Debug] [2026-3-7 18:54:41] The value of Progress is 40
[Debug] [2026-3-7 18:54:41] The value of Progress is 45
[Debug] [2026-3-7 18:54:41] The value of Progress is 50
[Debug] [2026-3-7 18:54:41] The value of Progress is 55
[Debug] [2026-3-7 18:54:41] The value of Progress is 60
[Debug] [2026-3-7 18:54:41] The value of Progress is 65
[Debug] [2026-3-7 18:54:41] The value of Progress is 70
[Debug] [2026-3-7 18:54:41] The value of Progress is 75
[Debug] [2026-3-7 18:54:41] The value of Progress is 80
[Debug] [2026-3-7 18:54:42] The value of Progress is 85
[Debug] [2026-3-7 18:54:42] The value of Progress is 90
[Debug] [2026-3-7 18:54:42] The value of Progress is 95
[Debug] [2026-3-7 18:54:42] COMMAND[Verify EFlash] execute successfully, takes 2.0 secs.
[Debug] [2026-3-7 18:54:42] Send RPC:9
[Debug] [2026-3-7 18:54:42] Send cmd [Program CTL:20015] OK
[Debug] [2026-3-7 18:54:42] Log::Print : COMMAND[Verify EFlash] execute successfully, takes 2.0 secs.
[Debug] [2026-3-7 18:54:42] Show Info: Feature Control value is : 0x00028943
[Debug] [2026-3-7 18:54:42] Log::Print : Feature Control value is : 0x00028943
[Debug] [2026-3-7 18:54:42] COMMAND[Program CTL] execute successfully, takes 0.2 secs.
[Debug] [2026-3-7 18:54:42] Log::Print : COMMAND[Program CTL] execute successfully, takes 0.2 secs.
[Info] [2026-3-7 19:09:28] /***************************End Configration***************************/
[Info] [2026-3-9 15:44:40] /***************************Start Configuration***************************/
[Info] [2026-3-9 15:44:40] Path: C:/studyware/pango/PDS_2024.2-SP1.2-ads/bin
[Info] [2026-3-9 15:44:40] Version: 187561
[Info] [2026-3-9 15:44:41] Current Path: C:/CPLD/pango/2_Tieta_Feiteng/Tieta_Feiteng_2001_PGC7KD69MBG400/prj/Tieta_S
[Info] [2026-3-9 15:44:41] PDS Dir Path: C:/CPLD/pango/2_Tieta_Feiteng/Tieta_Feiteng_2001_PGC7KD69MBG400/prj/Tieta_S
[Info] [2026-3-9 15:44:43] Configuration is not connect with server. connect first then scan chain.
[Debug] [2026-3-9 15:44:43] Client Local host name:z02665mj
[Debug] [2026-3-9 15:44:43] Client Local Address:10.213.107.142
[Debug] [2026-3-9 15:44:43] Server Address:127.0.0.1, Port:65420
[Debug] [2026-3-9 15:44:43] Log::Print : Connecting to server[127.0.0.1 : 65420].
[Info] [2026-3-9 15:44:43] Connect OK, Server: 127.0.0.1  Port: 65420
[Debug] [2026-3-9 15:44:43] Finish.
[Info] [2026-3-9 15:44:43] Connect server succeeded
[Debug] [2026-3-9 15:44:43] Send RPC:1
[Debug] [2026-3-9 15:44:43] Send cmd [check version information:40004] OK
[Debug] [2026-3-9 15:44:43] Log::Print : Connect to server[127.0.0.1 : 65420] successfully.
[Debug] [2026-3-9 15:44:44] Send RPC:2
[Debug] [2026-3-9 15:44:44] Send cmd [get_cable_paras:40010] OK
[Debug] [2026-3-9 15:44:44] Begin to send initialize chain cmd...
[Debug] [2026-3-9 15:44:44] Send RPC:3
[Debug] [2026-3-9 15:44:44] Send cmd [Open config cable:20001] OK
[Debug] [2026-3-9 15:44:44] End to send initialize chain cmd.
[Debug] [2026-3-9 15:44:44] COMMAND[check version information] execute successfully, takes 1.1 secs.
[Debug] [2026-3-9 15:44:44] Log::Print : COMMAND[check version information] execute successfully, takes 1.1 secs.
[Debug] [2026-3-9 15:44:46] Before cable list reserve:1
[Debug] [2026-3-9 15:44:46] After cable list reserve
[Debug] [2026-3-9 15:44:46] COMMAND[get_cable_paras] execute successfully, takes 1.4 secs.
[Debug] [2026-3-9 15:44:46] Log::Print : The cable List : 
Cable index 0:USB Cable II/fffffffffffffffe 

[Debug] [2026-3-9 15:44:46] Log::Print : COMMAND[get_cable_paras] execute successfully, takes 1.4 secs.
[Debug] [2026-3-9 15:44:47] begin the exec of open cable cmd...
[Debug] [2026-3-9 15:44:47] Begin to deal with chain from server...
[Debug] [2026-3-9 15:44:47] Begin to set user chain...
[Debug] [2026-3-9 15:44:47] End to set user chain.
[Debug] [2026-3-9 15:44:47] Begin to update graphic item and tree item ...
[Debug] [2026-3-9 15:44:47] End to update graphic item and tree item ...
[Debug] [2026-3-9 15:44:47] Begin to update graphic item and tree item ...
[Debug] [2026-3-9 15:44:47] End to update graphic item and tree item ...
[Debug] [2026-3-9 15:44:47] End to deal wiht chain from server.
[Debug] [2026-3-9 15:44:47] end the exec of open cable cmd.
[Debug] [2026-3-9 15:44:47] COMMAND[Open config cable] execute successfully, takes 2.2 secs.
[Debug] [2026-3-9 15:44:47] Log::Print : PANGO USB CABLE II cable driver: D2XX DLL
[Debug] [2026-3-9 15:44:47] Log::Print : PGC7KD
[Debug] [2026-3-9 15:44:47] Log::Print : This device configure situation (done bit): 1
[Debug] [2026-3-9 15:44:47] Log::Print : PGC7KD
[Debug] [2026-3-9 15:44:47] Log::Print : This device configure situation (done bit): 1
[Debug] [2026-3-9 15:44:47] Log::Print : COMMAND[Open config cable] execute successfully, takes 2.2 secs.
[Debug] [2026-3-9 15:44:49] Begin to assign configuration file...
[Info] [2026-3-9 15:44:59] set OpenLastPath: C:/CPLD/pango/2_Tieta_Feiteng/Tieta_Feiteng_1001_PGC7KD69MBG400/prj/Tieta_M/generate_bitstream/Tieta_Feiteng_1001_top.sbit
[Debug] [2026-3-9 15:44:59] begin to get device info from CFG file...
[Debug] [2026-3-9 15:44:59] end to get device info from CFG file...
[Debug] [2026-3-9 15:44:59] Begin to update graphic item and tree item ...
[Debug] [2026-3-9 15:44:59] End to update graphic item and tree item ...
[Debug] [2026-3-9 15:44:59] End to assign configuration file...
[Debug] [2026-3-9 15:45:00] Begin to assign configuration file...
[Info] [2026-3-9 15:45:09] set OpenLastPath: C:/CPLD/pango/2_Tieta_Feiteng/Tieta_Feiteng_2001_PGC7KD69MBG400/prj/Tieta_S/generate_bitstream/Tieta_Feiteng_2001_top.sbit
[Debug] [2026-3-9 15:45:09] begin to get device info from CFG file...
[Debug] [2026-3-9 15:45:09] end to get device info from CFG file...
[Debug] [2026-3-9 15:45:09] Begin to update graphic item and tree item ...
[Debug] [2026-3-9 15:45:09] End to update graphic item and tree item ...
[Debug] [2026-3-9 15:45:09] End to assign configuration file...
[Debug] [2026-3-9 15:45:13] Send RPC:4
[Debug] [2026-3-9 15:45:13] Begin to send operate embedded FPGA flash data.
[Debug] [2026-3-9 15:45:13] End to send operate embedded FPGA flash data.
[Debug] [2026-3-9 15:45:13] Send cmd [Program EFlash:20021] OK
[Debug] [2026-3-9 15:45:14] The value of Progress is 6
[Debug] [2026-3-9 15:45:15] The value of Progress is 10
[Debug] [2026-3-9 15:45:16] The value of Progress is 15
[Debug] [2026-3-9 15:45:17] The value of Progress is 20
[Debug] [2026-3-9 15:45:18] The value of Progress is 25
[Debug] [2026-3-9 15:45:19] The value of Progress is 30
[Debug] [2026-3-9 15:45:20] The value of Progress is 35
[Debug] [2026-3-9 15:45:21] The value of Progress is 40
[Debug] [2026-3-9 15:45:22] The value of Progress is 45
[Debug] [2026-3-9 15:45:23] The value of Progress is 50
[Debug] [2026-3-9 15:45:24] The value of Progress is 55
[Debug] [2026-3-9 15:45:25] The value of Progress is 60
[Debug] [2026-3-9 15:45:26] The value of Progress is 65
[Debug] [2026-3-9 15:45:27] The value of Progress is 70
[Debug] [2026-3-9 15:45:28] The value of Progress is 75
[Debug] [2026-3-9 15:45:29] The value of Progress is 80
[Debug] [2026-3-9 15:45:30] The value of Progress is 85
[Debug] [2026-3-9 15:45:31] The value of Progress is 90
[Debug] [2026-3-9 15:45:32] The value of Progress is 95
[Debug] [2026-3-9 15:45:33] COMMAND[Program EFlash] execute finish, takes 20.6 secs.
[Debug] [2026-3-9 15:45:33] Send RPC:5
[Debug] [2026-3-9 15:45:33] Begin to send operate embedded FPGA flash data.
[Debug] [2026-3-9 15:45:33] End to send operate embedded FPGA flash data.
[Debug] [2026-3-9 15:45:33] Send cmd [Verify EFlash:20024] OK
[Debug] [2026-3-9 15:45:33] Log::Print : COMMAND[Program EFlash] execute finish, takes 20.6 secs.
[Debug] [2026-3-9 15:45:34] The value of Progress is 6
[Debug] [2026-3-9 15:45:34] The value of Progress is 10
[Debug] [2026-3-9 15:45:34] The value of Progress is 15
[Debug] [2026-3-9 15:45:34] The value of Progress is 20
[Debug] [2026-3-9 15:45:34] The value of Progress is 25
[Debug] [2026-3-9 15:45:34] The value of Progress is 30
[Debug] [2026-3-9 15:45:34] The value of Progress is 35
[Debug] [2026-3-9 15:45:34] The value of Progress is 40
[Debug] [2026-3-9 15:45:34] The value of Progress is 45
[Debug] [2026-3-9 15:45:35] The value of Progress is 50
[Debug] [2026-3-9 15:45:35] The value of Progress is 55
[Debug] [2026-3-9 15:45:35] The value of Progress is 60
[Debug] [2026-3-9 15:45:35] The value of Progress is 65
[Debug] [2026-3-9 15:45:35] The value of Progress is 70
[Debug] [2026-3-9 15:45:35] The value of Progress is 75
[Debug] [2026-3-9 15:45:35] The value of Progress is 80
[Debug] [2026-3-9 15:45:35] The value of Progress is 85
[Debug] [2026-3-9 15:45:35] The value of Progress is 90
[Debug] [2026-3-9 15:45:35] The value of Progress is 95
[Debug] [2026-3-9 15:45:36] COMMAND[Verify EFlash] execute successfully, takes 2.1 secs.
[Debug] [2026-3-9 15:45:36] Send RPC:6
[Debug] [2026-3-9 15:45:36] Send cmd [Program CTL:20015] OK
[Debug] [2026-3-9 15:45:36] Log::Print : COMMAND[Verify EFlash] execute successfully, takes 2.1 secs.
[Debug] [2026-3-9 15:45:36] Show Info: Feature Control value is : 0x00028943
[Debug] [2026-3-9 15:45:36] Log::Print : Feature Control value is : 0x00028943
[Debug] [2026-3-9 15:45:36] COMMAND[Program CTL] execute successfully, takes 0.2 secs.
[Debug] [2026-3-9 15:45:36] Log::Print : COMMAND[Program CTL] execute successfully, takes 0.2 secs.
[Debug] [2026-3-9 15:45:38] Send RPC:7
[Debug] [2026-3-9 15:45:38] Begin to send operate embedded FPGA flash data.
[Debug] [2026-3-9 15:45:38] End to send operate embedded FPGA flash data.
[Debug] [2026-3-9 15:45:38] Send cmd [Program EFlash:20021] OK
[Debug] [2026-3-9 15:45:39] The value of Progress is 6
[Debug] [2026-3-9 15:45:40] The value of Progress is 10
[Debug] [2026-3-9 15:45:42] The value of Progress is 15
[Debug] [2026-3-9 15:45:43] The value of Progress is 20
[Debug] [2026-3-9 15:45:44] The value of Progress is 25
[Debug] [2026-3-9 15:45:45] The value of Progress is 30
[Debug] [2026-3-9 15:45:46] The value of Progress is 35
[Debug] [2026-3-9 15:45:47] The value of Progress is 40
[Debug] [2026-3-9 15:45:49] The value of Progress is 45
[Debug] [2026-3-9 15:45:50] The value of Progress is 50
[Debug] [2026-3-9 15:45:51] The value of Progress is 55
[Debug] [2026-3-9 15:45:52] The value of Progress is 60
[Debug] [2026-3-9 15:45:53] The value of Progress is 65
[Debug] [2026-3-9 15:45:54] The value of Progress is 70
[Debug] [2026-3-9 15:45:56] The value of Progress is 75
[Debug] [2026-3-9 15:45:57] The value of Progress is 80
[Debug] [2026-3-9 15:45:58] The value of Progress is 85
[Debug] [2026-3-9 15:45:59] The value of Progress is 90
[Debug] [2026-3-9 15:46:00] The value of Progress is 95
[Debug] [2026-3-9 15:46:01] COMMAND[Program EFlash] execute finish, takes 23.4 secs.
[Debug] [2026-3-9 15:46:01] Send RPC:8
[Debug] [2026-3-9 15:46:01] Begin to send operate embedded FPGA flash data.
[Debug] [2026-3-9 15:46:01] End to send operate embedded FPGA flash data.
[Debug] [2026-3-9 15:46:01] Send cmd [Verify EFlash:20024] OK
[Debug] [2026-3-9 15:46:01] Log::Print : COMMAND[Program EFlash] execute finish, takes 23.4 secs.
[Debug] [2026-3-9 15:46:01] The value of Progress is 6
[Debug] [2026-3-9 15:46:02] The value of Progress is 10
[Debug] [2026-3-9 15:46:02] The value of Progress is 15
[Debug] [2026-3-9 15:46:02] The value of Progress is 20
[Debug] [2026-3-9 15:46:02] The value of Progress is 25
[Debug] [2026-3-9 15:46:02] The value of Progress is 30
[Debug] [2026-3-9 15:46:02] The value of Progress is 35
[Debug] [2026-3-9 15:46:02] The value of Progress is 40
[Debug] [2026-3-9 15:46:02] The value of Progress is 45
[Debug] [2026-3-9 15:46:02] The value of Progress is 50
[Debug] [2026-3-9 15:46:02] The value of Progress is 55
[Debug] [2026-3-9 15:46:03] The value of Progress is 60
[Debug] [2026-3-9 15:46:03] The value of Progress is 65
[Debug] [2026-3-9 15:46:03] The value of Progress is 70
[Debug] [2026-3-9 15:46:03] The value of Progress is 75
[Debug] [2026-3-9 15:46:03] The value of Progress is 80
[Debug] [2026-3-9 15:46:03] The value of Progress is 85
[Debug] [2026-3-9 15:46:03] The value of Progress is 90
[Debug] [2026-3-9 15:46:03] The value of Progress is 95
[Debug] [2026-3-9 15:46:03] COMMAND[Verify EFlash] execute successfully, takes 2.0 secs.
[Debug] [2026-3-9 15:46:03] Send RPC:9
[Debug] [2026-3-9 15:46:03] Send cmd [Program CTL:20015] OK
[Debug] [2026-3-9 15:46:03] Log::Print : COMMAND[Verify EFlash] execute successfully, takes 2.0 secs.
[Debug] [2026-3-9 15:46:03] Show Info: Feature Control value is : 0x00028943
[Debug] [2026-3-9 15:46:03] Log::Print : Feature Control value is : 0x00028943
[Debug] [2026-3-9 15:46:04] COMMAND[Program CTL] execute successfully, takes 0.2 secs.
[Debug] [2026-3-9 15:46:04] Log::Print : COMMAND[Program CTL] execute successfully, takes 0.2 secs.
[Info] [2026-3-9 17:12:11] /***************************End Configration***************************/
[Info] [2026-3-11 14:46:18] /***************************Start Configuration***************************/
[Info] [2026-3-11 14:46:18] Path: C:/studyware/pango/PDS_2024.2-SP1.2-ads/bin
[Info] [2026-3-11 14:46:18] Version: 187561
[Info] [2026-3-11 14:46:19] Current Path: C:/CPLD/pango/2_Tieta_Feiteng/Tieta_Feiteng_2001_PGC7KD69MBG400/prj/Tieta_S
[Info] [2026-3-11 14:46:19] PDS Dir Path: C:/CPLD/pango/2_Tieta_Feiteng/Tieta_Feiteng_2001_PGC7KD69MBG400/prj/Tieta_S
[Info] [2026-3-11 14:46:22] Configuration is not connect with server. connect first then scan chain.
[Debug] [2026-3-11 14:46:22] Client Local host name:z02665mj
[Debug] [2026-3-11 14:46:22] Client Local Address:10.213.107.142
[Debug] [2026-3-11 14:46:22] Client Local Address:192.168.1.200
[Debug] [2026-3-11 14:46:22] Server Address:127.0.0.1, Port:65420
[Debug] [2026-3-11 14:46:22] Log::Print : Connecting to server[127.0.0.1 : 65420].
[Info] [2026-3-11 14:46:22] Connect OK, Server: 127.0.0.1  Port: 65420
[Debug] [2026-3-11 14:46:22] Finish.
[Info] [2026-3-11 14:46:22] Connect server succeeded
[Debug] [2026-3-11 14:46:22] Send RPC:1
[Debug] [2026-3-11 14:46:22] Send cmd [check version information:40004] OK
[Debug] [2026-3-11 14:46:22] Log::Print : Connect to server[127.0.0.1 : 65420] successfully.
[Debug] [2026-3-11 14:46:22] Send RPC:2
[Debug] [2026-3-11 14:46:22] Send cmd [get_cable_paras:40010] OK
[Debug] [2026-3-11 14:46:22] Begin to send initialize chain cmd...
[Debug] [2026-3-11 14:46:22] Send RPC:3
[Debug] [2026-3-11 14:46:22] Send cmd [Open config cable:20001] OK
[Debug] [2026-3-11 14:46:22] End to send initialize chain cmd.
[Debug] [2026-3-11 14:46:22] COMMAND[check version information] execute successfully, takes 0.1 secs.
[Debug] [2026-3-11 14:46:22] Log::Print : COMMAND[check version information] execute successfully, takes 0.1 secs.
[Debug] [2026-3-11 14:46:23] Before cable list reserve:1
[Debug] [2026-3-11 14:46:23] After cable list reserve
[Debug] [2026-3-11 14:46:23] COMMAND[get_cable_paras] execute successfully, takes 1.3 secs.
[Debug] [2026-3-11 14:46:23] Log::Print : The cable List : 
Cable index 0:USB Cable S/ffffffffffffff9b 

[Debug] [2026-3-11 14:46:23] Log::Print : COMMAND[get_cable_paras] execute successfully, takes 1.3 secs.
[Error] [2026-3-11 14:46:24] fail to exec Open config cable cmd...
[Error] [2026-3-11 14:46:24] MsgOut: JtagServer-0001: No PANGO USB CABLE II cable was found in system.
[Error] [2026-3-11 14:46:24] MsgOut: JtagServer-0306: No devices detected while scanning the JTAG chain, failed detecting JTAG device chain.
[Warn] [2026-3-11 14:46:24] MsgOut: Please check the device power, cable connection situation and whether put the chip in the right way or not.
   If these do not work, try to restart the software.
[Error] [2026-3-11 14:46:24] MsgOut: Configuration-0008: The command 'Open config cable' execute fail.
[Debug] [2026-3-11 14:47:21] Begin to send initialize chain cmd...
[Debug] [2026-3-11 14:47:21] Send RPC:4
[Debug] [2026-3-11 14:47:21] Send cmd [Open config cable:20001] OK
[Debug] [2026-3-11 14:47:21] End to send initialize chain cmd.
[Error] [2026-3-11 14:47:23] fail to exec Open config cable cmd...
[Error] [2026-3-11 14:47:23] MsgOut: JtagServer-0001: No PANGO USB CABLE II cable was found in system.
[Error] [2026-3-11 14:47:23] MsgOut: JtagServer-0306: No devices detected while scanning the JTAG chain, failed detecting JTAG device chain.
[Warn] [2026-3-11 14:47:23] MsgOut: Please check the device power, cable connection situation and whether put the chip in the right way or not.
   If these do not work, try to restart the software.
[Error] [2026-3-11 14:47:23] MsgOut: Configuration-0008: The command 'Open config cable' execute fail.
[Debug] [2026-3-11 14:47:27] Begin to send initialize chain cmd...
[Debug] [2026-3-11 14:47:27] Send RPC:5
[Debug] [2026-3-11 14:47:27] Send cmd [Open config cable:20001] OK
[Debug] [2026-3-11 14:47:27] End to send initialize chain cmd.
[Error] [2026-3-11 14:47:28] fail to exec Open config cable cmd...
[Error] [2026-3-11 14:47:28] MsgOut: JtagServer-0001: No PANGO USB CABLE II cable was found in system.
[Error] [2026-3-11 14:47:28] MsgOut: JtagServer-0306: No devices detected while scanning the JTAG chain, failed detecting JTAG device chain.
[Warn] [2026-3-11 14:47:28] MsgOut: Please check the device power, cable connection situation and whether put the chip in the right way or not.
   If these do not work, try to restart the software.
[Error] [2026-3-11 14:47:28] MsgOut: Configuration-0008: The command 'Open config cable' execute fail.
[Info] [2026-3-11 14:47:30] /***************************End Configration***************************/
[Info] [2026-3-13 15:07:22] /***************************Start Configuration***************************/
[Info] [2026-3-13 15:07:22] Path: C:/studyware/pango/PDS_2024.2-SP1.2-ads/bin
[Info] [2026-3-13 15:07:22] Version: 187561
[Info] [2026-3-13 15:07:23] Current Path: C:/CPLD/pango/2_Tieta_Feiteng/Tieta_Feiteng_2001_PGC7KD69MBG400/prj/Tieta_S
[Info] [2026-3-13 15:07:23] PDS Dir Path: C:/CPLD/pango/2_Tieta_Feiteng/Tieta_Feiteng_2001_PGC7KD69MBG400/prj/Tieta_S
[Info] [2026-3-13 15:07:24] Configuration is not connect with server. connect first then scan chain.
[Debug] [2026-3-13 15:07:25] Client Local host name:z02665mj
[Debug] [2026-3-13 15:07:25] Client Local Address:10.213.107.142
[Debug] [2026-3-13 15:07:25] Client Local Address:192.168.1.200
[Debug] [2026-3-13 15:07:25] Server Address:127.0.0.1, Port:65420
[Debug] [2026-3-13 15:07:25] Log::Print : Connecting to server[127.0.0.1 : 65420].
[Info] [2026-3-13 15:07:25] Connect OK, Server: 127.0.0.1  Port: 65420
[Debug] [2026-3-13 15:07:25] Finish.
[Info] [2026-3-13 15:07:25] Connect server succeeded
[Debug] [2026-3-13 15:07:25] Send RPC:1
[Debug] [2026-3-13 15:07:25] Send cmd [check version information:40004] OK
[Debug] [2026-3-13 15:07:25] Log::Print : Connect to server[127.0.0.1 : 65420] successfully.
[Debug] [2026-3-13 15:07:26] Send RPC:2
[Debug] [2026-3-13 15:07:26] Send cmd [get_cable_paras:40010] OK
[Debug] [2026-3-13 15:07:26] Begin to send initialize chain cmd...
[Debug] [2026-3-13 15:07:26] Send RPC:3
[Debug] [2026-3-13 15:07:26] Send cmd [Open config cable:20001] OK
[Debug] [2026-3-13 15:07:26] End to send initialize chain cmd.
[Debug] [2026-3-13 15:07:26] COMMAND[check version information] execute successfully, takes 0.6 secs.
[Debug] [2026-3-13 15:07:26] Log::Print : COMMAND[check version information] execute successfully, takes 0.6 secs.
[Debug] [2026-3-13 15:07:27] Before cable list reserve:1
[Debug] [2026-3-13 15:07:27] After cable list reserve
[Debug] [2026-3-13 15:07:27] COMMAND[get_cable_paras] execute successfully, takes 1.1 secs.
[Debug] [2026-3-13 15:07:27] Log::Print : The cable List : 
Cable index 0:USB Cable II/fffffffffffffffe 

[Debug] [2026-3-13 15:07:27] Log::Print : COMMAND[get_cable_paras] execute successfully, takes 1.1 secs.
[Debug] [2026-3-13 15:07:27] begin the exec of open cable cmd...
[Debug] [2026-3-13 15:07:27] Begin to deal with chain from server...
[Debug] [2026-3-13 15:07:27] Begin to set user chain...
[Debug] [2026-3-13 15:07:27] End to set user chain.
[Debug] [2026-3-13 15:07:27] Begin to update graphic item and tree item ...
[Debug] [2026-3-13 15:07:27] End to update graphic item and tree item ...
[Debug] [2026-3-13 15:07:27] Begin to update graphic item and tree item ...
[Debug] [2026-3-13 15:07:27] End to update graphic item and tree item ...
[Debug] [2026-3-13 15:07:27] End to deal wiht chain from server.
[Debug] [2026-3-13 15:07:27] end the exec of open cable cmd.
[Debug] [2026-3-13 15:07:27] COMMAND[Open config cable] execute successfully, takes 1.5 secs.
[Debug] [2026-3-13 15:07:27] Log::Print : PANGO USB CABLE II cable driver: D2XX DLL
[Debug] [2026-3-13 15:07:27] Log::Print : PGC7KD
[Debug] [2026-3-13 15:07:27] Log::Print : This device configure situation (done bit): 1
[Debug] [2026-3-13 15:07:27] Log::Print : PGC7KD
[Debug] [2026-3-13 15:07:27] Log::Print : This device configure situation (done bit): 0
[Debug] [2026-3-13 15:07:27] Log::Print : COMMAND[Open config cable] execute successfully, takes 1.5 secs.
[Debug] [2026-3-13 15:07:29] Begin to assign configuration file...
[Info] [2026-3-13 15:07:39] set OpenLastPath: C:/CPLD/pango/power_on_version/Tieta_Feiteng_2001_top_v002.sbit
[Debug] [2026-3-13 15:07:39] begin to get device info from CFG file...
[Debug] [2026-3-13 15:07:39] end to get device info from CFG file...
[Debug] [2026-3-13 15:07:39] Begin to update graphic item and tree item ...
[Debug] [2026-3-13 15:07:39] End to update graphic item and tree item ...
[Debug] [2026-3-13 15:07:39] End to assign configuration file...
[Debug] [2026-3-13 15:07:41] Begin to assign configuration file...
[Info] [2026-3-13 15:07:46] set OpenLastPath: C:/CPLD/pango/power_on_version/Tieta_Feiteng_1001_top_v002.sbit
[Debug] [2026-3-13 15:07:46] begin to get device info from CFG file...
[Debug] [2026-3-13 15:07:46] end to get device info from CFG file...
[Debug] [2026-3-13 15:07:46] Begin to update graphic item and tree item ...
[Debug] [2026-3-13 15:07:46] End to update graphic item and tree item ...
[Debug] [2026-3-13 15:07:46] End to assign configuration file...
[Debug] [2026-3-13 15:07:50] Send RPC:4
[Debug] [2026-3-13 15:07:50] Begin to send operate embedded FPGA flash data.
[Debug] [2026-3-13 15:07:50] End to send operate embedded FPGA flash data.
[Debug] [2026-3-13 15:07:50] Send cmd [Program EFlash:20021] OK
[Debug] [2026-3-13 15:07:51] The value of Progress is 6
[Debug] [2026-3-13 15:07:52] The value of Progress is 10
[Debug] [2026-3-13 15:07:54] The value of Progress is 15
[Debug] [2026-3-13 15:07:55] The value of Progress is 20
[Debug] [2026-3-13 15:07:56] The value of Progress is 25
[Debug] [2026-3-13 15:07:57] The value of Progress is 30
[Debug] [2026-3-13 15:07:58] The value of Progress is 35
[Debug] [2026-3-13 15:07:59] The value of Progress is 40
[Debug] [2026-3-13 15:08:01] The value of Progress is 45
[Debug] [2026-3-13 15:08:02] The value of Progress is 50
[Debug] [2026-3-13 15:08:03] The value of Progress is 55
[Debug] [2026-3-13 15:08:04] The value of Progress is 60
[Debug] [2026-3-13 15:08:05] The value of Progress is 65
[Debug] [2026-3-13 15:08:07] The value of Progress is 70
[Debug] [2026-3-13 15:08:08] The value of Progress is 75
[Debug] [2026-3-13 15:08:09] The value of Progress is 80
[Debug] [2026-3-13 15:08:10] The value of Progress is 85
[Debug] [2026-3-13 15:08:11] The value of Progress is 90
[Debug] [2026-3-13 15:08:13] The value of Progress is 95
[Debug] [2026-3-13 15:08:14] COMMAND[Program EFlash] execute finish, takes 23.7 secs.
[Debug] [2026-3-13 15:08:14] Send RPC:5
[Debug] [2026-3-13 15:08:14] Begin to send operate embedded FPGA flash data.
[Debug] [2026-3-13 15:08:14] End to send operate embedded FPGA flash data.
[Debug] [2026-3-13 15:08:14] Send cmd [Verify EFlash:20024] OK
[Debug] [2026-3-13 15:08:14] Log::Print : COMMAND[Program EFlash] execute finish, takes 23.7 secs.
[Debug] [2026-3-13 15:08:14] The value of Progress is 6
[Debug] [2026-3-13 15:08:14] The value of Progress is 10
[Debug] [2026-3-13 15:08:14] The value of Progress is 15
[Debug] [2026-3-13 15:08:14] The value of Progress is 20
[Debug] [2026-3-13 15:08:14] The value of Progress is 25
[Debug] [2026-3-13 15:08:14] The value of Progress is 30
[Debug] [2026-3-13 15:08:14] The value of Progress is 35
[Debug] [2026-3-13 15:08:14] The value of Progress is 40
[Debug] [2026-3-13 15:08:15] The value of Progress is 45
[Debug] [2026-3-13 15:08:15] The value of Progress is 50
[Debug] [2026-3-13 15:08:15] The value of Progress is 55
[Debug] [2026-3-13 15:08:15] The value of Progress is 60
[Debug] [2026-3-13 15:08:15] The value of Progress is 65
[Debug] [2026-3-13 15:08:15] The value of Progress is 70
[Debug] [2026-3-13 15:08:15] The value of Progress is 75
[Debug] [2026-3-13 15:08:15] The value of Progress is 80
[Debug] [2026-3-13 15:08:15] The value of Progress is 85
[Debug] [2026-3-13 15:08:15] The value of Progress is 90
[Debug] [2026-3-13 15:08:16] The value of Progress is 95
[Debug] [2026-3-13 15:08:16] COMMAND[Verify EFlash] execute successfully, takes 2.0 secs.
[Debug] [2026-3-13 15:08:16] Send RPC:6
[Debug] [2026-3-13 15:08:16] Send cmd [Program CTL:20015] OK
[Debug] [2026-3-13 15:08:16] Log::Print : COMMAND[Verify EFlash] execute successfully, takes 2.0 secs.
[Debug] [2026-3-13 15:08:16] Show Info: Feature Control value is : 0x00028943
[Debug] [2026-3-13 15:08:16] Log::Print : Feature Control value is : 0x00028943
[Debug] [2026-3-13 15:08:16] COMMAND[Program CTL] execute successfully, takes 0.2 secs.
[Debug] [2026-3-13 15:08:16] Log::Print : COMMAND[Program CTL] execute successfully, takes 0.2 secs.
[Debug] [2026-3-13 15:08:19] Send RPC:7
[Debug] [2026-3-13 15:08:19] Begin to send operate embedded FPGA flash data.
[Debug] [2026-3-13 15:08:19] End to send operate embedded FPGA flash data.
[Debug] [2026-3-13 15:08:19] Send cmd [Program EFlash:20021] OK
[Debug] [2026-3-13 15:08:21] The value of Progress is 6
[Debug] [2026-3-13 15:08:22] The value of Progress is 10
[Debug] [2026-3-13 15:08:23] The value of Progress is 15
[Debug] [2026-3-13 15:08:24] The value of Progress is 20
[Debug] [2026-3-13 15:08:25] The value of Progress is 25
[Debug] [2026-3-13 15:08:26] The value of Progress is 30
[Debug] [2026-3-13 15:08:27] The value of Progress is 35
[Debug] [2026-3-13 15:08:28] The value of Progress is 40
[Debug] [2026-3-13 15:08:29] The value of Progress is 45
[Debug] [2026-3-13 15:08:30] The value of Progress is 50
[Debug] [2026-3-13 15:08:31] The value of Progress is 55
[Debug] [2026-3-13 15:08:32] The value of Progress is 60
[Debug] [2026-3-13 15:08:33] The value of Progress is 65
[Debug] [2026-3-13 15:08:34] The value of Progress is 70
[Debug] [2026-3-13 15:08:35] The value of Progress is 75
[Debug] [2026-3-13 15:08:36] The value of Progress is 80
[Debug] [2026-3-13 15:08:37] The value of Progress is 85
[Debug] [2026-3-13 15:08:38] The value of Progress is 90
[Debug] [2026-3-13 15:08:39] The value of Progress is 95
[Debug] [2026-3-13 15:08:40] COMMAND[Program EFlash] execute finish, takes 20.7 secs.
[Debug] [2026-3-13 15:08:40] Send RPC:8
[Debug] [2026-3-13 15:08:40] Begin to send operate embedded FPGA flash data.
[Debug] [2026-3-13 15:08:40] End to send operate embedded FPGA flash data.
[Debug] [2026-3-13 15:08:40] Send cmd [Verify EFlash:20024] OK
[Debug] [2026-3-13 15:08:40] Log::Print : COMMAND[Program EFlash] execute finish, takes 20.7 secs.
[Debug] [2026-3-13 15:08:40] The value of Progress is 6
[Debug] [2026-3-13 15:08:40] The value of Progress is 10
[Debug] [2026-3-13 15:08:40] The value of Progress is 15
[Debug] [2026-3-13 15:08:41] The value of Progress is 20
[Debug] [2026-3-13 15:08:41] The value of Progress is 25
[Debug] [2026-3-13 15:08:41] The value of Progress is 30
[Debug] [2026-3-13 15:08:41] The value of Progress is 35
[Debug] [2026-3-13 15:08:41] The value of Progress is 40
[Debug] [2026-3-13 15:08:41] The value of Progress is 45
[Debug] [2026-3-13 15:08:41] The value of Progress is 50
[Debug] [2026-3-13 15:08:41] The value of Progress is 55
[Debug] [2026-3-13 15:08:41] The value of Progress is 60
[Debug] [2026-3-13 15:08:41] The value of Progress is 65
[Debug] [2026-3-13 15:08:42] The value of Progress is 70
[Debug] [2026-3-13 15:08:42] The value of Progress is 75
[Debug] [2026-3-13 15:08:42] The value of Progress is 80
[Debug] [2026-3-13 15:08:42] The value of Progress is 85
[Debug] [2026-3-13 15:08:42] The value of Progress is 90
[Debug] [2026-3-13 15:08:42] The value of Progress is 95
[Debug] [2026-3-13 15:08:42] COMMAND[Verify EFlash] execute successfully, takes 2.0 secs.
[Debug] [2026-3-13 15:08:42] Send RPC:9
[Debug] [2026-3-13 15:08:42] Send cmd [Program CTL:20015] OK
[Debug] [2026-3-13 15:08:42] Log::Print : COMMAND[Verify EFlash] execute successfully, takes 2.0 secs.
[Debug] [2026-3-13 15:08:42] Show Info: Feature Control value is : 0x00028943
[Debug] [2026-3-13 15:08:42] Log::Print : Feature Control value is : 0x00028943
[Debug] [2026-3-13 15:08:42] COMMAND[Program CTL] execute successfully, takes 0.2 secs.
[Debug] [2026-3-13 15:08:42] Log::Print : COMMAND[Program CTL] execute successfully, takes 0.2 secs.
[Info] [2026-3-13 15:09:51] /***************************End Configration***************************/
[Info] [2026-3-13 15:31:09] /***************************Start Configuration***************************/
[Info] [2026-3-13 15:31:09] Path: C:/studyware/pango/PDS_2024.2-SP1.2-ads/bin
[Info] [2026-3-13 15:31:09] Version: 187561
[Info] [2026-3-13 15:31:10] Current Path: C:/CPLD/pango/2_Tieta_Feiteng/Tieta_Feiteng_2001_PGC7KD69MBG400/prj/Tieta_S
[Info] [2026-3-13 15:31:10] PDS Dir Path: C:/CPLD/pango/2_Tieta_Feiteng/Tieta_Feiteng_2001_PGC7KD69MBG400/prj/Tieta_S
[Info] [2026-3-13 15:31:13] Configuration is not connect with server. connect first then scan chain.
[Debug] [2026-3-13 15:31:13] Client Local host name:z02665mj
[Debug] [2026-3-13 15:31:13] Client Local Address:10.213.107.142
[Debug] [2026-3-13 15:31:13] Client Local Address:192.168.1.200
[Debug] [2026-3-13 15:31:13] Server Address:127.0.0.1, Port:65420
[Debug] [2026-3-13 15:31:13] Log::Print : Connecting to server[127.0.0.1 : 65420].
[Info] [2026-3-13 15:31:13] Connect OK, Server: 127.0.0.1  Port: 65420
[Debug] [2026-3-13 15:31:13] Finish.
[Info] [2026-3-13 15:31:13] Connect server succeeded
[Debug] [2026-3-13 15:31:13] Send RPC:1
[Debug] [2026-3-13 15:31:13] Send cmd [check version information:40004] OK
[Debug] [2026-3-13 15:31:13] Log::Print : Connect to server[127.0.0.1 : 65420] successfully.
[Debug] [2026-3-13 15:31:14] Send RPC:2
[Debug] [2026-3-13 15:31:14] Send cmd [get_cable_paras:40010] OK
[Debug] [2026-3-13 15:31:14] Begin to send initialize chain cmd...
[Debug] [2026-3-13 15:31:14] Send RPC:3
[Debug] [2026-3-13 15:31:14] Send cmd [Open config cable:20001] OK
[Debug] [2026-3-13 15:31:14] End to send initialize chain cmd.
[Debug] [2026-3-13 15:31:14] COMMAND[check version information] execute successfully, takes 1.0 secs.
[Debug] [2026-3-13 15:31:14] Log::Print : COMMAND[check version information] execute successfully, takes 1.0 secs.
[Debug] [2026-3-13 15:31:15] Before cable list reserve:1
[Debug] [2026-3-13 15:31:15] After cable list reserve
[Debug] [2026-3-13 15:31:15] COMMAND[get_cable_paras] execute successfully, takes 1.4 secs.
[Debug] [2026-3-13 15:31:15] Log::Print : The cable List : 
Cable index 0:USB Cable II/fffffffffffffffe 

[Debug] [2026-3-13 15:31:15] Log::Print : COMMAND[get_cable_paras] execute successfully, takes 1.4 secs.
[Debug] [2026-3-13 15:31:16] begin the exec of open cable cmd...
[Debug] [2026-3-13 15:31:16] Begin to deal with chain from server...
[Debug] [2026-3-13 15:31:16] Begin to set user chain...
[Debug] [2026-3-13 15:31:16] End to set user chain.
[Debug] [2026-3-13 15:31:16] Begin to update graphic item and tree item ...
[Debug] [2026-3-13 15:31:16] End to update graphic item and tree item ...
[Debug] [2026-3-13 15:31:16] Begin to update graphic item and tree item ...
[Debug] [2026-3-13 15:31:16] End to update graphic item and tree item ...
[Debug] [2026-3-13 15:31:16] End to deal wiht chain from server.
[Debug] [2026-3-13 15:31:16] end the exec of open cable cmd.
[Debug] [2026-3-13 15:31:16] COMMAND[Open config cable] execute successfully, takes 2.2 secs.
[Debug] [2026-3-13 15:31:16] Log::Print : PANGO USB CABLE II cable driver: D2XX DLL
[Debug] [2026-3-13 15:31:16] Log::Print : PGC7KD
[Debug] [2026-3-13 15:31:16] Log::Print : This device configure situation (done bit): 1
[Debug] [2026-3-13 15:31:16] Log::Print : PGC7KD
[Debug] [2026-3-13 15:31:16] Log::Print : This device configure situation (done bit): 1
[Debug] [2026-3-13 15:31:16] Log::Print : COMMAND[Open config cable] execute successfully, takes 2.2 secs.
[Debug] [2026-3-13 15:31:19] Begin to assign configuration file...
[Info] [2026-3-13 15:31:27] set OpenLastPath: C:/CPLD/pango/power_on_version/Tieta_Feiteng_1001_top_BMC.sbit
[Debug] [2026-3-13 15:31:27] begin to get device info from CFG file...
[Debug] [2026-3-13 15:31:27] end to get device info from CFG file...
[Debug] [2026-3-13 15:31:27] Begin to update graphic item and tree item ...
[Debug] [2026-3-13 15:31:27] End to update graphic item and tree item ...
[Debug] [2026-3-13 15:31:27] End to assign configuration file...
[Debug] [2026-3-13 15:31:29] Begin to assign configuration file...
[Info] [2026-3-13 15:31:31] set OpenLastPath: C:/CPLD/pango/power_on_version/Tieta_Feiteng_2001_top_BMC.sbit
[Debug] [2026-3-13 15:31:31] begin to get device info from CFG file...
[Debug] [2026-3-13 15:31:31] end to get device info from CFG file...
[Debug] [2026-3-13 15:31:31] Begin to update graphic item and tree item ...
[Debug] [2026-3-13 15:31:31] End to update graphic item and tree item ...
[Debug] [2026-3-13 15:31:31] End to assign configuration file...
[Debug] [2026-3-13 15:31:33] Send RPC:4
[Debug] [2026-3-13 15:31:33] Begin to send operate embedded FPGA flash data.
[Debug] [2026-3-13 15:31:33] End to send operate embedded FPGA flash data.
[Debug] [2026-3-13 15:31:33] Send cmd [Program EFlash:20021] OK
[Debug] [2026-3-13 15:31:35] The value of Progress is 6
[Debug] [2026-3-13 15:31:35] The value of Progress is 10
[Debug] [2026-3-13 15:31:36] The value of Progress is 15
[Debug] [2026-3-13 15:31:37] The value of Progress is 20
[Debug] [2026-3-13 15:31:39] The value of Progress is 25
[Debug] [2026-3-13 15:31:40] The value of Progress is 30
[Debug] [2026-3-13 15:31:41] The value of Progress is 35
[Debug] [2026-3-13 15:31:42] The value of Progress is 40
[Debug] [2026-3-13 15:31:43] The value of Progress is 45
[Debug] [2026-3-13 15:31:44] The value of Progress is 50
[Debug] [2026-3-13 15:31:45] The value of Progress is 55
[Debug] [2026-3-13 15:31:46] The value of Progress is 60
[Debug] [2026-3-13 15:31:47] The value of Progress is 65
[Debug] [2026-3-13 15:31:48] The value of Progress is 70
[Debug] [2026-3-13 15:31:49] The value of Progress is 75
[Debug] [2026-3-13 15:31:50] The value of Progress is 80
[Debug] [2026-3-13 15:31:51] The value of Progress is 85
[Debug] [2026-3-13 15:31:52] The value of Progress is 90
[Debug] [2026-3-13 15:31:53] The value of Progress is 95
[Debug] [2026-3-13 15:31:54] COMMAND[Program EFlash] execute finish, takes 20.4 secs.
[Debug] [2026-3-13 15:31:54] Send RPC:5
[Debug] [2026-3-13 15:31:54] Begin to send operate embedded FPGA flash data.
[Debug] [2026-3-13 15:31:54] End to send operate embedded FPGA flash data.
[Debug] [2026-3-13 15:31:54] Send cmd [Verify EFlash:20024] OK
[Debug] [2026-3-13 15:31:54] Log::Print : COMMAND[Program EFlash] execute finish, takes 20.4 secs.
[Debug] [2026-3-13 15:31:54] The value of Progress is 6
[Debug] [2026-3-13 15:31:54] The value of Progress is 10
[Debug] [2026-3-13 15:31:54] The value of Progress is 15
[Debug] [2026-3-13 15:31:54] The value of Progress is 20
[Debug] [2026-3-13 15:31:54] The value of Progress is 25
[Debug] [2026-3-13 15:31:54] The value of Progress is 30
[Debug] [2026-3-13 15:31:54] The value of Progress is 35
[Debug] [2026-3-13 15:31:55] The value of Progress is 40
[Debug] [2026-3-13 15:31:55] The value of Progress is 45
[Debug] [2026-3-13 15:31:55] The value of Progress is 50
[Debug] [2026-3-13 15:31:55] The value of Progress is 55
[Debug] [2026-3-13 15:31:55] The value of Progress is 60
[Debug] [2026-3-13 15:31:55] The value of Progress is 65
[Debug] [2026-3-13 15:31:55] The value of Progress is 70
[Debug] [2026-3-13 15:31:55] The value of Progress is 75
[Debug] [2026-3-13 15:31:55] The value of Progress is 80
[Debug] [2026-3-13 15:31:55] The value of Progress is 85
[Debug] [2026-3-13 15:31:56] The value of Progress is 90
[Debug] [2026-3-13 15:31:56] The value of Progress is 95
[Debug] [2026-3-13 15:31:56] COMMAND[Verify EFlash] execute successfully, takes 2.0 secs.
[Debug] [2026-3-13 15:31:56] Send RPC:6
[Debug] [2026-3-13 15:31:56] Send cmd [Program CTL:20015] OK
[Debug] [2026-3-13 15:31:56] Log::Print : COMMAND[Verify EFlash] execute successfully, takes 2.0 secs.
[Debug] [2026-3-13 15:31:56] Show Info: Feature Control value is : 0x00028943
[Debug] [2026-3-13 15:31:56] Log::Print : Feature Control value is : 0x00028943
[Debug] [2026-3-13 15:31:56] COMMAND[Program CTL] execute successfully, takes 0.2 secs.
[Debug] [2026-3-13 15:31:56] Log::Print : COMMAND[Program CTL] execute successfully, takes 0.2 secs.
[Debug] [2026-3-13 15:31:59] Send RPC:7
[Debug] [2026-3-13 15:31:59] Begin to send operate embedded FPGA flash data.
[Debug] [2026-3-13 15:31:59] End to send operate embedded FPGA flash data.
[Debug] [2026-3-13 15:31:59] Send cmd [Program EFlash:20021] OK
[Debug] [2026-3-13 15:32:01] The value of Progress is 6
[Debug] [2026-3-13 15:32:02] The value of Progress is 10
[Debug] [2026-3-13 15:32:03] The value of Progress is 15
[Debug] [2026-3-13 15:32:04] The value of Progress is 20
[Debug] [2026-3-13 15:32:05] The value of Progress is 25
[Debug] [2026-3-13 15:32:07] The value of Progress is 30
[Debug] [2026-3-13 15:32:08] The value of Progress is 35
[Debug] [2026-3-13 15:32:09] The value of Progress is 40
[Debug] [2026-3-13 15:32:10] The value of Progress is 45
[Debug] [2026-3-13 15:32:11] The value of Progress is 50
[Debug] [2026-3-13 15:32:12] The value of Progress is 55
[Debug] [2026-3-13 15:32:14] The value of Progress is 60
[Debug] [2026-3-13 15:32:15] The value of Progress is 65
[Debug] [2026-3-13 15:32:16] The value of Progress is 70
[Debug] [2026-3-13 15:32:17] The value of Progress is 75
[Debug] [2026-3-13 15:32:18] The value of Progress is 80
[Debug] [2026-3-13 15:32:19] The value of Progress is 85
[Debug] [2026-3-13 15:32:21] The value of Progress is 90
[Debug] [2026-3-13 15:32:22] The value of Progress is 95
[Debug] [2026-3-13 15:32:23] COMMAND[Program EFlash] execute finish, takes 23.5 secs.
[Debug] [2026-3-13 15:32:23] Send RPC:8
[Debug] [2026-3-13 15:32:23] Begin to send operate embedded FPGA flash data.
[Debug] [2026-3-13 15:32:23] End to send operate embedded FPGA flash data.
[Debug] [2026-3-13 15:32:23] Send cmd [Verify EFlash:20024] OK
[Debug] [2026-3-13 15:32:23] Log::Print : COMMAND[Program EFlash] execute finish, takes 23.5 secs.
[Debug] [2026-3-13 15:32:23] The value of Progress is 6
[Debug] [2026-3-13 15:32:23] The value of Progress is 10
[Debug] [2026-3-13 15:32:23] The value of Progress is 15
[Debug] [2026-3-13 15:32:23] The value of Progress is 20
[Debug] [2026-3-13 15:32:23] The value of Progress is 25
[Debug] [2026-3-13 15:32:24] The value of Progress is 30
[Debug] [2026-3-13 15:32:24] The value of Progress is 35
[Debug] [2026-3-13 15:32:24] The value of Progress is 40
[Debug] [2026-3-13 15:32:24] The value of Progress is 45
[Debug] [2026-3-13 15:32:24] The value of Progress is 50
[Debug] [2026-3-13 15:32:24] The value of Progress is 55
[Debug] [2026-3-13 15:32:24] The value of Progress is 60
[Debug] [2026-3-13 15:32:24] The value of Progress is 65
[Debug] [2026-3-13 15:32:24] The value of Progress is 70
[Debug] [2026-3-13 15:32:24] The value of Progress is 75
[Debug] [2026-3-13 15:32:24] The value of Progress is 80
[Debug] [2026-3-13 15:32:25] The value of Progress is 85
[Debug] [2026-3-13 15:32:25] The value of Progress is 90
[Debug] [2026-3-13 15:32:25] The value of Progress is 95
[Debug] [2026-3-13 15:32:25] COMMAND[Verify EFlash] execute successfully, takes 2.0 secs.
[Debug] [2026-3-13 15:32:25] Send RPC:9
[Debug] [2026-3-13 15:32:25] Send cmd [Program CTL:20015] OK
[Debug] [2026-3-13 15:32:25] Log::Print : COMMAND[Verify EFlash] execute successfully, takes 2.0 secs.
[Debug] [2026-3-13 15:32:25] Show Info: Feature Control value is : 0x00028943
[Debug] [2026-3-13 15:32:25] Log::Print : Feature Control value is : 0x00028943
[Debug] [2026-3-13 15:32:25] COMMAND[Program CTL] execute successfully, takes 0.2 secs.
[Debug] [2026-3-13 15:32:25] Log::Print : COMMAND[Program CTL] execute successfully, takes 0.2 secs.
[Info] [2026-3-13 16:16:51] /***************************End Configration***************************/
[Info] [2026-3-14 15:59:37] /***************************Start Configuration***************************/
[Info] [2026-3-14 15:59:37] Path: C:/studyware/pango/PDS_2024.2-SP1.2-ads/bin
[Info] [2026-3-14 15:59:37] Version: 187561
[Info] [2026-3-14 15:59:38] Current Path: C:/CPLD/pango/2_Tieta_Feiteng/Tieta_Feiteng_2001_PGC7KD69MBG400/prj/Tieta_S
[Info] [2026-3-14 15:59:38] PDS Dir Path: C:/CPLD/pango/2_Tieta_Feiteng/Tieta_Feiteng_2001_PGC7KD69MBG400/prj/Tieta_S
[Info] [2026-3-14 15:59:43] Configuration is not connect with server. connect first then scan chain.
[Debug] [2026-3-14 15:59:43] Client Local host name:z02665mj
[Debug] [2026-3-14 15:59:43] Client Local Address:10.213.107.142
[Debug] [2026-3-14 15:59:43] Server Address:127.0.0.1, Port:65420
[Debug] [2026-3-14 15:59:43] Log::Print : Connecting to server[127.0.0.1 : 65420].
[Info] [2026-3-14 15:59:43] Connect OK, Server: 127.0.0.1  Port: 65420
[Debug] [2026-3-14 15:59:43] Finish.
[Info] [2026-3-14 15:59:43] Connect server succeeded
[Debug] [2026-3-14 15:59:43] Send RPC:1
[Debug] [2026-3-14 15:59:43] Send cmd [check version information:40004] OK
[Debug] [2026-3-14 15:59:43] Log::Print : Connect to server[127.0.0.1 : 65420] successfully.
[Debug] [2026-3-14 15:59:44] Send RPC:2
[Debug] [2026-3-14 15:59:44] Send cmd [get_cable_paras:40010] OK
[Debug] [2026-3-14 15:59:44] Begin to send initialize chain cmd...
[Debug] [2026-3-14 15:59:44] Send RPC:3
[Debug] [2026-3-14 15:59:44] Send cmd [Open config cable:20001] OK
[Debug] [2026-3-14 15:59:44] End to send initialize chain cmd.
[Debug] [2026-3-14 15:59:44] COMMAND[check version information] execute successfully, takes 0.6 secs.
[Debug] [2026-3-14 15:59:44] Log::Print : COMMAND[check version information] execute successfully, takes 0.6 secs.
[Debug] [2026-3-14 15:59:45] Before cable list reserve:1
[Debug] [2026-3-14 15:59:45] After cable list reserve
[Debug] [2026-3-14 15:59:45] COMMAND[get_cable_paras] execute successfully, takes 1.1 secs.
[Debug] [2026-3-14 15:59:45] Log::Print : The cable List : 
Cable index 0:USB Cable II/fffffffffffffffe 

[Debug] [2026-3-14 15:59:45] Log::Print : COMMAND[get_cable_paras] execute successfully, takes 1.1 secs.
[Debug] [2026-3-14 15:59:46] begin the exec of open cable cmd...
[Debug] [2026-3-14 15:59:46] Begin to deal with chain from server...
[Debug] [2026-3-14 15:59:46] Begin to set user chain...
[Debug] [2026-3-14 15:59:46] End to set user chain.
[Debug] [2026-3-14 15:59:46] Begin to update graphic item and tree item ...
[Debug] [2026-3-14 15:59:46] End to update graphic item and tree item ...
[Debug] [2026-3-14 15:59:46] Begin to update graphic item and tree item ...
[Debug] [2026-3-14 15:59:46] End to update graphic item and tree item ...
[Debug] [2026-3-14 15:59:46] End to deal wiht chain from server.
[Debug] [2026-3-14 15:59:46] end the exec of open cable cmd.
[Debug] [2026-3-14 15:59:46] COMMAND[Open config cable] execute successfully, takes 1.9 secs.
[Debug] [2026-3-14 15:59:46] Log::Print : PANGO USB CABLE II cable driver: D2XX DLL
[Debug] [2026-3-14 15:59:46] Log::Print : PGC7KD
[Debug] [2026-3-14 15:59:46] Log::Print : This device configure situation (done bit): 1
[Debug] [2026-3-14 15:59:46] Log::Print : PGC7KD
[Debug] [2026-3-14 15:59:46] Log::Print : This device configure situation (done bit): 1
[Debug] [2026-3-14 15:59:46] Log::Print : COMMAND[Open config cable] execute successfully, takes 1.9 secs.
[Debug] [2026-3-14 15:59:48] Begin to assign configuration file...
[Info] [2026-3-14 15:59:56] set OpenLastPath: C:/CPLD/pango/2_Tieta_Feiteng/Tieta_Feiteng_1001_PGC7KD69MBG400/prj/Tieta_M/generate_bitstream/Tieta_Feiteng_1001_top.sbit
[Debug] [2026-3-14 15:59:56] begin to get device info from CFG file...
[Debug] [2026-3-14 15:59:56] end to get device info from CFG file...
[Debug] [2026-3-14 15:59:56] Begin to update graphic item and tree item ...
[Debug] [2026-3-14 15:59:56] End to update graphic item and tree item ...
[Debug] [2026-3-14 15:59:56] End to assign configuration file...
[Debug] [2026-3-14 15:59:58] Begin to assign configuration file...
[Info] [2026-3-14 16:00:12] set OpenLastPath: C:/CPLD/pango/2_Tieta_Feiteng/Tieta_Feiteng_2001_PGC7KD69MBG400/prj/Tieta_S/generate_bitstream/Tieta_Feiteng_2001_top.sbit
[Debug] [2026-3-14 16:00:12] begin to get device info from CFG file...
[Debug] [2026-3-14 16:00:12] end to get device info from CFG file...
[Debug] [2026-3-14 16:00:12] Begin to update graphic item and tree item ...
[Debug] [2026-3-14 16:00:12] End to update graphic item and tree item ...
[Debug] [2026-3-14 16:00:12] End to assign configuration file...
[Debug] [2026-3-14 16:00:14] Send RPC:4
[Debug] [2026-3-14 16:00:14] Begin to send operate embedded FPGA flash data.
[Debug] [2026-3-14 16:00:14] End to send operate embedded FPGA flash data.
[Debug] [2026-3-14 16:00:14] Send cmd [Program EFlash:20021] OK
[Debug] [2026-3-14 16:00:16] The value of Progress is 6
[Debug] [2026-3-14 16:00:16] The value of Progress is 10
[Debug] [2026-3-14 16:00:17] The value of Progress is 15
[Debug] [2026-3-14 16:00:18] The value of Progress is 20
[Debug] [2026-3-14 16:00:19] The value of Progress is 25
[Debug] [2026-3-14 16:00:20] The value of Progress is 30
[Debug] [2026-3-14 16:00:21] The value of Progress is 35
[Debug] [2026-3-14 16:00:22] The value of Progress is 40
[Debug] [2026-3-14 16:00:23] The value of Progress is 45
[Debug] [2026-3-14 16:00:24] The value of Progress is 50
[Debug] [2026-3-14 16:00:26] The value of Progress is 55
[Debug] [2026-3-14 16:00:27] The value of Progress is 60
[Debug] [2026-3-14 16:00:28] The value of Progress is 65
[Debug] [2026-3-14 16:00:29] The value of Progress is 70
[Debug] [2026-3-14 16:00:30] The value of Progress is 75
[Debug] [2026-3-14 16:00:31] The value of Progress is 80
[Debug] [2026-3-14 16:00:32] The value of Progress is 85
[Debug] [2026-3-14 16:00:33] The value of Progress is 90
[Debug] [2026-3-14 16:00:34] The value of Progress is 95
[Debug] [2026-3-14 16:00:35] COMMAND[Program EFlash] execute finish, takes 20.4 secs.
[Debug] [2026-3-14 16:00:35] Send RPC:5
[Debug] [2026-3-14 16:00:35] Begin to send operate embedded FPGA flash data.
[Debug] [2026-3-14 16:00:35] End to send operate embedded FPGA flash data.
[Debug] [2026-3-14 16:00:35] Send cmd [Verify EFlash:20024] OK
[Debug] [2026-3-14 16:00:35] Log::Print : COMMAND[Program EFlash] execute finish, takes 20.4 secs.
[Debug] [2026-3-14 16:00:35] The value of Progress is 6
[Debug] [2026-3-14 16:00:35] The value of Progress is 10
[Debug] [2026-3-14 16:00:35] The value of Progress is 15
[Debug] [2026-3-14 16:00:35] The value of Progress is 20
[Debug] [2026-3-14 16:00:35] The value of Progress is 25
[Debug] [2026-3-14 16:00:35] The value of Progress is 30
[Debug] [2026-3-14 16:00:35] The value of Progress is 35
[Debug] [2026-3-14 16:00:35] The value of Progress is 40
[Debug] [2026-3-14 16:00:36] The value of Progress is 45
[Debug] [2026-3-14 16:00:36] The value of Progress is 50
[Debug] [2026-3-14 16:00:36] The value of Progress is 55
[Debug] [2026-3-14 16:00:36] The value of Progress is 60
[Debug] [2026-3-14 16:00:36] The value of Progress is 65
[Debug] [2026-3-14 16:00:36] The value of Progress is 70
[Debug] [2026-3-14 16:00:36] The value of Progress is 75
[Debug] [2026-3-14 16:00:36] The value of Progress is 80
[Debug] [2026-3-14 16:00:36] The value of Progress is 85
[Debug] [2026-3-14 16:00:36] The value of Progress is 90
[Debug] [2026-3-14 16:00:37] The value of Progress is 95
[Debug] [2026-3-14 16:00:37] COMMAND[Verify EFlash] execute successfully, takes 2.0 secs.
[Debug] [2026-3-14 16:00:37] Send RPC:6
[Debug] [2026-3-14 16:00:37] Send cmd [Program CTL:20015] OK
[Debug] [2026-3-14 16:00:37] Log::Print : COMMAND[Verify EFlash] execute successfully, takes 2.0 secs.
[Debug] [2026-3-14 16:00:37] Show Info: Feature Control value is : 0x00028943
[Debug] [2026-3-14 16:00:37] Log::Print : Feature Control value is : 0x00028943
[Debug] [2026-3-14 16:00:37] COMMAND[Program CTL] execute successfully, takes 0.3 secs.
[Debug] [2026-3-14 16:00:37] Log::Print : COMMAND[Program CTL] execute successfully, takes 0.3 secs.
[Debug] [2026-3-14 16:00:40] Send RPC:7
[Debug] [2026-3-14 16:00:40] Begin to send operate embedded FPGA flash data.
[Debug] [2026-3-14 16:00:40] End to send operate embedded FPGA flash data.
[Debug] [2026-3-14 16:00:40] Send cmd [Program EFlash:20021] OK
[Debug] [2026-3-14 16:00:41] The value of Progress is 6
[Debug] [2026-3-14 16:00:42] The value of Progress is 10
[Debug] [2026-3-14 16:00:43] The value of Progress is 15
[Debug] [2026-3-14 16:00:45] The value of Progress is 20
[Debug] [2026-3-14 16:00:46] The value of Progress is 25
[Debug] [2026-3-14 16:00:47] The value of Progress is 30
[Debug] [2026-3-14 16:00:48] The value of Progress is 35
[Debug] [2026-3-14 16:00:49] The value of Progress is 40
[Debug] [2026-3-14 16:00:50] The value of Progress is 45
[Debug] [2026-3-14 16:00:52] The value of Progress is 50
[Debug] [2026-3-14 16:00:53] The value of Progress is 55
[Debug] [2026-3-14 16:00:54] The value of Progress is 60
[Debug] [2026-3-14 16:00:55] The value of Progress is 65
[Debug] [2026-3-14 16:00:56] The value of Progress is 70
[Debug] [2026-3-14 16:00:57] The value of Progress is 75
[Debug] [2026-3-14 16:00:59] The value of Progress is 80
[Debug] [2026-3-14 16:01:00] The value of Progress is 85
[Debug] [2026-3-14 16:01:01] The value of Progress is 90
[Debug] [2026-3-14 16:01:02] The value of Progress is 95
[Debug] [2026-3-14 16:01:03] COMMAND[Program EFlash] execute finish, takes 23.5 secs.
[Debug] [2026-3-14 16:01:03] Send RPC:8
[Debug] [2026-3-14 16:01:03] Begin to send operate embedded FPGA flash data.
[Debug] [2026-3-14 16:01:03] End to send operate embedded FPGA flash data.
[Debug] [2026-3-14 16:01:03] Send cmd [Verify EFlash:20024] OK
[Debug] [2026-3-14 16:01:03] Log::Print : COMMAND[Program EFlash] execute finish, takes 23.5 secs.
[Debug] [2026-3-14 16:01:03] The value of Progress is 6
[Debug] [2026-3-14 16:01:03] The value of Progress is 10
[Debug] [2026-3-14 16:01:04] The value of Progress is 15
[Debug] [2026-3-14 16:01:04] The value of Progress is 20
[Debug] [2026-3-14 16:01:04] The value of Progress is 25
[Debug] [2026-3-14 16:01:04] The value of Progress is 30
[Debug] [2026-3-14 16:01:04] The value of Progress is 35
[Debug] [2026-3-14 16:01:04] The value of Progress is 40
[Debug] [2026-3-14 16:01:04] The value of Progress is 45
[Debug] [2026-3-14 16:01:04] The value of Progress is 50
[Debug] [2026-3-14 16:01:04] The value of Progress is 55
[Debug] [2026-3-14 16:01:04] The value of Progress is 60
[Debug] [2026-3-14 16:01:04] The value of Progress is 65
[Debug] [2026-3-14 16:01:05] The value of Progress is 70
[Debug] [2026-3-14 16:01:05] The value of Progress is 75
[Debug] [2026-3-14 16:01:05] The value of Progress is 80
[Debug] [2026-3-14 16:01:05] The value of Progress is 85
[Debug] [2026-3-14 16:01:05] The value of Progress is 90
[Debug] [2026-3-14 16:01:05] The value of Progress is 95
[Debug] [2026-3-14 16:01:05] COMMAND[Verify EFlash] execute successfully, takes 2.0 secs.
[Debug] [2026-3-14 16:01:05] Send RPC:9
[Debug] [2026-3-14 16:01:05] Send cmd [Program CTL:20015] OK
[Debug] [2026-3-14 16:01:05] Log::Print : COMMAND[Verify EFlash] execute successfully, takes 2.0 secs.
[Debug] [2026-3-14 16:01:05] Show Info: Feature Control value is : 0x00028943
[Debug] [2026-3-14 16:01:05] Log::Print : Feature Control value is : 0x00028943
[Debug] [2026-3-14 16:01:05] COMMAND[Program CTL] execute successfully, takes 0.2 secs.
[Debug] [2026-3-14 16:01:05] Log::Print : COMMAND[Program CTL] execute successfully, takes 0.2 secs.
[Debug] [2026-3-14 16:04:51] Begin to send initialize chain cmd...
[Debug] [2026-3-14 16:04:51] Send RPC:10
[Debug] [2026-3-14 16:04:51] Send cmd [Open config cable:20001] OK
[Debug] [2026-3-14 16:04:51] End to send initialize chain cmd.
[Debug] [2026-3-14 16:04:51] begin the exec of open cable cmd...
[Debug] [2026-3-14 16:04:51] Begin to deal with chain from server...
[Debug] [2026-3-14 16:04:51] Begin to set user chain...
[Debug] [2026-3-14 16:04:51] End to set user chain.
[Debug] [2026-3-14 16:04:51] Begin to update graphic item and tree item ...
[Debug] [2026-3-14 16:04:51] End to update graphic item and tree item ...
[Debug] [2026-3-14 16:04:51] Begin to update graphic item and tree item ...
[Debug] [2026-3-14 16:04:51] End to update graphic item and tree item ...
[Debug] [2026-3-14 16:04:51] End to deal wiht chain from server.
[Debug] [2026-3-14 16:04:51] end the exec of open cable cmd.
[Debug] [2026-3-14 16:04:51] COMMAND[Open config cable] execute successfully, takes 0.1 secs.
[Debug] [2026-3-14 16:04:51] Log::Print : PGC7KD
[Debug] [2026-3-14 16:04:51] Log::Print : This device configure situation (done bit): 1
[Debug] [2026-3-14 16:04:51] Log::Print : PGC7KD
[Debug] [2026-3-14 16:04:51] Log::Print : This device configure situation (done bit): 1
[Debug] [2026-3-14 16:04:51] Log::Print : COMMAND[Open config cable] execute successfully, takes 0.1 secs.
[Debug] [2026-3-14 16:04:56] Begin to assign configuration file...
[Info] [2026-3-14 16:05:04] set OpenLastPath: C:/CPLD/pango/2_Tieta_Feiteng/Tieta_Feiteng_1001_PGC7KD69MBG400/prj/Tieta_M/generate_bitstream/Tieta_Feiteng_1001_top.sbit
[Debug] [2026-3-14 16:05:04] begin to get device info from CFG file...
[Debug] [2026-3-14 16:05:04] end to get device info from CFG file...
[Debug] [2026-3-14 16:05:04] Begin to update graphic item and tree item ...
[Debug] [2026-3-14 16:05:04] End to update graphic item and tree item ...
[Debug] [2026-3-14 16:05:04] End to assign configuration file...
[Debug] [2026-3-14 16:05:06] Begin to assign configuration file...
[Info] [2026-3-14 16:05:13] set OpenLastPath: C:/CPLD/pango/2_Tieta_Feiteng/Tieta_Feiteng_2001_PGC7KD69MBG400/prj/Tieta_S/generate_bitstream/Tieta_Feiteng_2001_top.sbit
[Debug] [2026-3-14 16:05:13] begin to get device info from CFG file...
[Debug] [2026-3-14 16:05:13] end to get device info from CFG file...
[Debug] [2026-3-14 16:05:13] Begin to update graphic item and tree item ...
[Debug] [2026-3-14 16:05:13] End to update graphic item and tree item ...
[Debug] [2026-3-14 16:05:13] End to assign configuration file...
[Debug] [2026-3-14 16:05:24] Send RPC:11
[Debug] [2026-3-14 16:05:24] Begin to send operate embedded FPGA flash data.
[Debug] [2026-3-14 16:05:24] End to send operate embedded FPGA flash data.
[Debug] [2026-3-14 16:05:24] Send cmd [Program EFlash:20021] OK
[Debug] [2026-3-14 16:05:25] The value of Progress is 6
[Debug] [2026-3-14 16:05:26] The value of Progress is 10
[Debug] [2026-3-14 16:05:27] The value of Progress is 15
[Debug] [2026-3-14 16:05:28] The value of Progress is 20
[Debug] [2026-3-14 16:05:29] The value of Progress is 25
[Debug] [2026-3-14 16:05:30] The value of Progress is 30
[Debug] [2026-3-14 16:05:31] The value of Progress is 35
[Debug] [2026-3-14 16:05:32] The value of Progress is 40
[Debug] [2026-3-14 16:05:33] The value of Progress is 45
[Debug] [2026-3-14 16:05:34] The value of Progress is 50
[Debug] [2026-3-14 16:05:35] The value of Progress is 55
[Debug] [2026-3-14 16:05:36] The value of Progress is 60
[Debug] [2026-3-14 16:05:37] The value of Progress is 65
[Debug] [2026-3-14 16:05:38] The value of Progress is 70
[Debug] [2026-3-14 16:05:39] The value of Progress is 75
[Debug] [2026-3-14 16:05:40] The value of Progress is 80
[Debug] [2026-3-14 16:05:41] The value of Progress is 85
[Debug] [2026-3-14 16:05:42] The value of Progress is 90
[Debug] [2026-3-14 16:05:43] The value of Progress is 95
[Debug] [2026-3-14 16:05:44] COMMAND[Program EFlash] execute finish, takes 20.4 secs.
[Debug] [2026-3-14 16:05:44] Send RPC:12
[Debug] [2026-3-14 16:05:44] Begin to send operate embedded FPGA flash data.
[Debug] [2026-3-14 16:05:44] End to send operate embedded FPGA flash data.
[Debug] [2026-3-14 16:05:44] Send cmd [Verify EFlash:20024] OK
[Debug] [2026-3-14 16:05:44] Log::Print : COMMAND[Program EFlash] execute finish, takes 20.4 secs.
[Debug] [2026-3-14 16:05:45] The value of Progress is 6
[Debug] [2026-3-14 16:05:45] The value of Progress is 10
[Debug] [2026-3-14 16:05:45] The value of Progress is 15
[Debug] [2026-3-14 16:05:45] The value of Progress is 20
[Debug] [2026-3-14 16:05:45] The value of Progress is 25
[Debug] [2026-3-14 16:05:45] The value of Progress is 30
[Debug] [2026-3-14 16:05:45] The value of Progress is 35
[Debug] [2026-3-14 16:05:45] The value of Progress is 40
[Debug] [2026-3-14 16:05:45] The value of Progress is 45
[Debug] [2026-3-14 16:05:45] The value of Progress is 50
[Debug] [2026-3-14 16:05:45] The value of Progress is 55
[Debug] [2026-3-14 16:05:46] The value of Progress is 60
[Debug] [2026-3-14 16:05:46] The value of Progress is 65
[Debug] [2026-3-14 16:05:46] The value of Progress is 70
[Debug] [2026-3-14 16:05:46] The value of Progress is 75
[Debug] [2026-3-14 16:05:46] The value of Progress is 80
[Debug] [2026-3-14 16:05:46] The value of Progress is 85
[Debug] [2026-3-14 16:05:46] The value of Progress is 90
[Debug] [2026-3-14 16:05:46] The value of Progress is 95
[Debug] [2026-3-14 16:05:46] COMMAND[Verify EFlash] execute successfully, takes 2.0 secs.
[Debug] [2026-3-14 16:05:46] Send RPC:13
[Debug] [2026-3-14 16:05:46] Send cmd [Program CTL:20015] OK
[Debug] [2026-3-14 16:05:46] Log::Print : COMMAND[Verify EFlash] execute successfully, takes 2.0 secs.
[Debug] [2026-3-14 16:05:46] Show Info: Feature Control value is : 0x00028943
[Debug] [2026-3-14 16:05:46] Log::Print : Feature Control value is : 0x00028943
[Debug] [2026-3-14 16:05:47] COMMAND[Program CTL] execute successfully, takes 0.3 secs.
[Debug] [2026-3-14 16:05:47] Log::Print : COMMAND[Program CTL] execute successfully, takes 0.3 secs.
[Debug] [2026-3-14 16:06:11] Send RPC:14
[Debug] [2026-3-14 16:06:11] Begin to send operate embedded FPGA flash data.
[Debug] [2026-3-14 16:06:11] End to send operate embedded FPGA flash data.
[Debug] [2026-3-14 16:06:11] Send cmd [Program EFlash:20021] OK
[Debug] [2026-3-14 16:06:12] The value of Progress is 6
[Debug] [2026-3-14 16:06:13] The value of Progress is 10
[Debug] [2026-3-14 16:06:14] The value of Progress is 15
[Debug] [2026-3-14 16:06:16] The value of Progress is 20
[Debug] [2026-3-14 16:06:17] The value of Progress is 25
[Debug] [2026-3-14 16:06:18] The value of Progress is 30
[Debug] [2026-3-14 16:06:19] The value of Progress is 35
[Debug] [2026-3-14 16:06:20] The value of Progress is 40
[Debug] [2026-3-14 16:06:22] The value of Progress is 45
[Debug] [2026-3-14 16:06:23] The value of Progress is 50
[Debug] [2026-3-14 16:06:24] The value of Progress is 55
[Debug] [2026-3-14 16:06:25] The value of Progress is 60
[Debug] [2026-3-14 16:06:26] The value of Progress is 65
[Debug] [2026-3-14 16:06:27] The value of Progress is 70
[Debug] [2026-3-14 16:06:29] The value of Progress is 75
[Debug] [2026-3-14 16:06:30] The value of Progress is 80
[Debug] [2026-3-14 16:06:31] The value of Progress is 85
[Debug] [2026-3-14 16:06:32] The value of Progress is 90
[Debug] [2026-3-14 16:06:33] The value of Progress is 95
[Debug] [2026-3-14 16:06:34] COMMAND[Program EFlash] execute finish, takes 23.5 secs.
[Debug] [2026-3-14 16:06:34] Send RPC:15
[Debug] [2026-3-14 16:06:34] Begin to send operate embedded FPGA flash data.
[Debug] [2026-3-14 16:06:34] End to send operate embedded FPGA flash data.
[Debug] [2026-3-14 16:06:34] Send cmd [Verify EFlash:20024] OK
[Debug] [2026-3-14 16:06:34] Log::Print : COMMAND[Program EFlash] execute finish, takes 23.5 secs.
[Debug] [2026-3-14 16:06:35] The value of Progress is 6
[Debug] [2026-3-14 16:06:35] The value of Progress is 10
[Debug] [2026-3-14 16:06:35] The value of Progress is 15
[Debug] [2026-3-14 16:06:35] The value of Progress is 20
[Debug] [2026-3-14 16:06:35] The value of Progress is 25
[Debug] [2026-3-14 16:06:35] The value of Progress is 30
[Debug] [2026-3-14 16:06:35] The value of Progress is 35
[Debug] [2026-3-14 16:06:35] The value of Progress is 40
[Debug] [2026-3-14 16:06:35] The value of Progress is 45
[Debug] [2026-3-14 16:06:35] The value of Progress is 50
[Debug] [2026-3-14 16:06:36] The value of Progress is 55
[Debug] [2026-3-14 16:06:36] The value of Progress is 60
[Debug] [2026-3-14 16:06:36] The value of Progress is 65
[Debug] [2026-3-14 16:06:36] The value of Progress is 70
[Debug] [2026-3-14 16:06:36] The value of Progress is 75
[Debug] [2026-3-14 16:06:36] The value of Progress is 80
[Debug] [2026-3-14 16:06:36] The value of Progress is 85
[Debug] [2026-3-14 16:06:36] The value of Progress is 90
[Debug] [2026-3-14 16:06:36] The value of Progress is 95
[Debug] [2026-3-14 16:06:36] COMMAND[Verify EFlash] execute successfully, takes 2.0 secs.
[Debug] [2026-3-14 16:06:36] Send RPC:16
[Debug] [2026-3-14 16:06:36] Send cmd [Program CTL:20015] OK
[Debug] [2026-3-14 16:06:36] Log::Print : COMMAND[Verify EFlash] execute successfully, takes 2.0 secs.
[Debug] [2026-3-14 16:06:36] Show Info: Feature Control value is : 0x00028943
[Debug] [2026-3-14 16:06:36] Log::Print : Feature Control value is : 0x00028943
[Debug] [2026-3-14 16:06:37] COMMAND[Program CTL] execute successfully, takes 0.2 secs.
[Debug] [2026-3-14 16:06:37] Log::Print : COMMAND[Program CTL] execute successfully, takes 0.2 secs.
[Info] [2026-3-14 16:08:13] /***************************End Configration***************************/
