#Build: Fabric Compiler 2024.2-SP1.2, Build 187561, May 22 18:16 2025
#Install: C:\studyware\pango\PDS_2024.2-SP1.2-ads\bin
#Application name: pds_shell.exe
#OS: Windows 10 10.0.18363
#Hostname: z02665mj
Generated by Fabric Compiler (version 2024.2-SP1.2 build 187561) at Mon Mar  2 22:50:24 2026
Parameters for debugging are loaded as follows:
License checkout: fabric_ads from C:/studyware/pango/PDS_2024.2-SP1.2-ads/license/new_pds_6805cabd4893.lic
Compiling verification operator library.
Loading technology operator library.
Compiling technology operator library.
Compiling technology operator (valence) library.
I: Enable Verilog2k features and keywords
Start rtl-analyze.
I: Include path: C:/CPLD/pango/2_Tieta_Feiteng/Tieta_Feiteng_1001_PGC7KD69MBG400/rtl/include
I: Include path: C:/CPLD/pango/2_Tieta_Feiteng/Tieta_Feiteng_1001_PGC7KD69MBG400/rtl/include
I: Include path: C:/CPLD/pango/2_Tieta_Feiteng/Tieta_Feiteng_1001_PGC7KD69MBG400/prj/Tieta_M
I: Verilog-0001: Analyzing file C:/CPLD/pango/2_Tieta_Feiteng/Tieta_Feiteng_1001_PGC7KD69MBG400/rtl/source/Tieta_Feiteng_1001_top.v.
I: Found Verilog include file C:/CPLD/pango/2_Tieta_Feiteng/Tieta_Feiteng_1001_PGC7KD69MBG400/rtl/include/pwrseq_define.v
I: Verilog-0008: [C:/CPLD/pango/2_Tieta_Feiteng/Tieta_Feiteng_1001_PGC7KD69MBG400/rtl/include/pwrseq_define.v(line number: 1)] Define macro SM_RESET_STATE 6'h00.
I: Verilog-0008: [C:/CPLD/pango/2_Tieta_Feiteng/Tieta_Feiteng_1001_PGC7KD69MBG400/rtl/include/pwrseq_define.v(line number: 2)] Define macro SM_DISABLE_S5_DEVICES 6'h01.
I: Verilog-0008: [C:/CPLD/pango/2_Tieta_Feiteng/Tieta_Feiteng_1001_PGC7KD69MBG400/rtl/include/pwrseq_define.v(line number: 4)] Define macro SM_OFF_STANDBY 6'h02.
I: Verilog-0008: [C:/CPLD/pango/2_Tieta_Feiteng/Tieta_Feiteng_1001_PGC7KD69MBG400/rtl/include/pwrseq_define.v(line number: 5)] Define macro SM_ENABLE_S5_DEVICES 6'h03.
I: Verilog-0008: [C:/CPLD/pango/2_Tieta_Feiteng/Tieta_Feiteng_1001_PGC7KD69MBG400/rtl/include/pwrseq_define.v(line number: 6)] Define macro SM_PS_ON 6'h04.
I: Verilog-0008: [C:/CPLD/pango/2_Tieta_Feiteng/Tieta_Feiteng_1001_PGC7KD69MBG400/rtl/include/pwrseq_define.v(line number: 7)] Define macro SM_EN_5V_STBY 6'h05.
I: Verilog-0008: [C:/CPLD/pango/2_Tieta_Feiteng/Tieta_Feiteng_1001_PGC7KD69MBG400/rtl/include/pwrseq_define.v(line number: 8)] Define macro SM_EN_TELEM 6'h06.
I: Verilog-0008: [C:/CPLD/pango/2_Tieta_Feiteng/Tieta_Feiteng_1001_PGC7KD69MBG400/rtl/include/pwrseq_define.v(line number: 9)] Define macro SM_EN_MAIN_EFUSE 6'h07.
I: Verilog-0008: [C:/CPLD/pango/2_Tieta_Feiteng/Tieta_Feiteng_1001_PGC7KD69MBG400/rtl/include/pwrseq_define.v(line number: 10)] Define macro SM_EN_5V 6'h08.
I: Verilog-0008: [C:/CPLD/pango/2_Tieta_Feiteng/Tieta_Feiteng_1001_PGC7KD69MBG400/rtl/include/pwrseq_define.v(line number: 11)] Define macro SM_EN_3V3 6'h09.
I: Verilog-0008: [C:/CPLD/pango/2_Tieta_Feiteng/Tieta_Feiteng_1001_PGC7KD69MBG400/rtl/include/pwrseq_define.v(line number: 12)] Define macro SM_EN_1V1 6'h0A.
I: Verilog-0008: [C:/CPLD/pango/2_Tieta_Feiteng/Tieta_Feiteng_1001_PGC7KD69MBG400/rtl/include/pwrseq_define.v(line number: 14)] Define macro SM_EN_CPU_CORE 6'h0B.
I: Verilog-0008: [C:/CPLD/pango/2_Tieta_Feiteng/Tieta_Feiteng_1001_PGC7KD69MBG400/rtl/include/pwrseq_define.v(line number: 15)] Define macro SM_EN_CPU_P1V8 6'h0C.
I: Verilog-0008: [C:/CPLD/pango/2_Tieta_Feiteng/Tieta_Feiteng_1001_PGC7KD69MBG400/rtl/include/pwrseq_define.v(line number: 16)] Define macro SM_EN_CPU_DDR 6'h0D.
I: Verilog-0008: [C:/CPLD/pango/2_Tieta_Feiteng/Tieta_Feiteng_1001_PGC7KD69MBG400/rtl/include/pwrseq_define.v(line number: 17)] Define macro SM_EN_CPU_VP 6'h0E.
I: Verilog-0008: [C:/CPLD/pango/2_Tieta_Feiteng/Tieta_Feiteng_1001_PGC7KD69MBG400/rtl/include/pwrseq_define.v(line number: 19)] Define macro PEX_RESET 6'h0F.
I: Verilog-0008: [C:/CPLD/pango/2_Tieta_Feiteng/Tieta_Feiteng_1001_PGC7KD69MBG400/rtl/include/pwrseq_define.v(line number: 20)] Define macro SM_CPU_RESET 6'h10.
I: Verilog-0008: [C:/CPLD/pango/2_Tieta_Feiteng/Tieta_Feiteng_1001_PGC7KD69MBG400/rtl/include/pwrseq_define.v(line number: 22)] Define macro SM_WAIT_POWEROK 6'h11.
I: Verilog-0008: [C:/CPLD/pango/2_Tieta_Feiteng/Tieta_Feiteng_1001_PGC7KD69MBG400/rtl/include/pwrseq_define.v(line number: 23)] Define macro SM_STEADY_PWROK 6'h12.
I: Verilog-0008: [C:/CPLD/pango/2_Tieta_Feiteng/Tieta_Feiteng_1001_PGC7KD69MBG400/rtl/include/pwrseq_define.v(line number: 24)] Define macro SM_CRITICAL_FAIL 6'h13.
I: Verilog-0008: [C:/CPLD/pango/2_Tieta_Feiteng/Tieta_Feiteng_1001_PGC7KD69MBG400/rtl/include/pwrseq_define.v(line number: 26)] Define macro SM_DISABLE_CPU_VP 6'h14.
I: Verilog-0008: [C:/CPLD/pango/2_Tieta_Feiteng/Tieta_Feiteng_1001_PGC7KD69MBG400/rtl/include/pwrseq_define.v(line number: 27)] Define macro SM_DISABLE_CPU_DDR 6'h15.
I: Verilog-0008: [C:/CPLD/pango/2_Tieta_Feiteng/Tieta_Feiteng_1001_PGC7KD69MBG400/rtl/include/pwrseq_define.v(line number: 28)] Define macro SM_DISABLE_CPU_P1V8 6'h16.
I: Verilog-0008: [C:/CPLD/pango/2_Tieta_Feiteng/Tieta_Feiteng_1001_PGC7KD69MBG400/rtl/include/pwrseq_define.v(line number: 29)] Define macro SM_DISABLE_CPU_CORE 6'h17.
I: Verilog-0008: [C:/CPLD/pango/2_Tieta_Feiteng/Tieta_Feiteng_1001_PGC7KD69MBG400/rtl/include/pwrseq_define.v(line number: 31)] Define macro SM_DISABLE_1V1 6'h18.
I: Verilog-0008: [C:/CPLD/pango/2_Tieta_Feiteng/Tieta_Feiteng_1001_PGC7KD69MBG400/rtl/include/pwrseq_define.v(line number: 32)] Define macro SM_DISABLE_3V3 6'h19.
I: Verilog-0008: [C:/CPLD/pango/2_Tieta_Feiteng/Tieta_Feiteng_1001_PGC7KD69MBG400/rtl/include/pwrseq_define.v(line number: 33)] Define macro SM_DISABLE_5V 6'h1A.
I: Verilog-0008: [C:/CPLD/pango/2_Tieta_Feiteng/Tieta_Feiteng_1001_PGC7KD69MBG400/rtl/include/pwrseq_define.v(line number: 35)] Define macro SM_DISABLE_MAIN_EFUSE 6'h1B.
I: Verilog-0008: [C:/CPLD/pango/2_Tieta_Feiteng/Tieta_Feiteng_1001_PGC7KD69MBG400/rtl/include/pwrseq_define.v(line number: 36)] Define macro SM_DISABLE_TELEM 6'h1C.
I: Verilog-0008: [C:/CPLD/pango/2_Tieta_Feiteng/Tieta_Feiteng_1001_PGC7KD69MBG400/rtl/include/pwrseq_define.v(line number: 37)] Define macro SM_DISABLE_PS_ON 6'h1D.
I: Verilog-0008: [C:/CPLD/pango/2_Tieta_Feiteng/Tieta_Feiteng_1001_PGC7KD69MBG400/rtl/include/pwrseq_define.v(line number: 39)] Define macro SM_HALT_POWER_CYCLE 6'h1E.
I: Verilog-0008: [C:/CPLD/pango/2_Tieta_Feiteng/Tieta_Feiteng_1001_PGC7KD69MBG400/rtl/include/pwrseq_define.v(line number: 40)] Define macro SM_AUX_FAIL_RECOVERY 6'h1F.
I: Found Verilog include file C:/CPLD/pango/2_Tieta_Feiteng/Tieta_Feiteng_1001_PGC7KD69MBG400/rtl/include/rs35m2c16s_g5_define.v
I: Verilog-0008: [C:/CPLD/pango/2_Tieta_Feiteng/Tieta_Feiteng_1001_PGC7KD69MBG400/rtl/include/rs35m2c16s_g5_define.v(line number: 6)] Define macro RS35M2C16S_VA.
I: Verilog-0008: [C:/CPLD/pango/2_Tieta_Feiteng/Tieta_Feiteng_1001_PGC7KD69MBG400/rtl/include/rs35m2c16s_g5_define.v(line number: 8)] Define macro RS41M2C9S.
I: Verilog-0008: [C:/CPLD/pango/2_Tieta_Feiteng/Tieta_Feiteng_1001_PGC7KD69MBG400/rtl/include/rs35m2c16s_g5_define.v(line number: 14)] Define macro H3C_2014_RS35M2C16S_VA.
I: Verilog-0008: [C:/CPLD/pango/2_Tieta_Feiteng/Tieta_Feiteng_1001_PGC7KD69MBG400/rtl/include/rs35m2c16s_g5_define.v(line number: 18)] Define macro SPECIFIC_POWER_P1V8_PCH_STBY.
I: Verilog-0008: [C:/CPLD/pango/2_Tieta_Feiteng/Tieta_Feiteng_1001_PGC7KD69MBG400/rtl/include/rs35m2c16s_g5_define.v(line number: 23)] Define macro PCH_MODE_LPC.
I: Verilog-0008: [C:/CPLD/pango/2_Tieta_Feiteng/Tieta_Feiteng_1001_PGC7KD69MBG400/rtl/include/rs35m2c16s_g5_define.v(line number: 25)] Define macro PSU_CTRL.
I: Verilog-0008: [C:/CPLD/pango/2_Tieta_Feiteng/Tieta_Feiteng_1001_PGC7KD69MBG400/rtl/include/rs35m2c16s_g5_define.v(line number: 30)] Define macro CPLD_DATE_YYYYMMDD 32'h20240608.
I: Verilog-0008: [C:/CPLD/pango/2_Tieta_Feiteng/Tieta_Feiteng_1001_PGC7KD69MBG400/rtl/include/rs35m2c16s_g5_define.v(line number: 33)] Define macro CPLD_TIME_HHMMSSXX {24'h151400, `CPLD_TIME_XX}.
I: Verilog-0008: [C:/CPLD/pango/2_Tieta_Feiteng/Tieta_Feiteng_1001_PGC7KD69MBG400/rtl/include/rs35m2c16s_g5_define.v(line number: 35)] Define macro CPLD_TIME_XX 8'hZZ.
I: Verilog-0008: [C:/CPLD/pango/2_Tieta_Feiteng/Tieta_Feiteng_1001_PGC7KD69MBG400/rtl/include/rs35m2c16s_g5_define.v(line number: 38)] Define macro H3C_2014_RS35M2C16S_VA.
I: Verilog-0008: [C:/CPLD/pango/2_Tieta_Feiteng/Tieta_Feiteng_1001_PGC7KD69MBG400/rtl/include/rs35m2c16s_g5_define.v(line number: 51)] Define macro CPLD_VER 16'h01A1.
I: Verilog-0008: [C:/CPLD/pango/2_Tieta_Feiteng/Tieta_Feiteng_1001_PGC7KD69MBG400/rtl/include/rs35m2c16s_g5_define.v(line number: 52)] Define macro PFR_CPLD_VER 16'h0500.
I: Verilog-0008: [C:/CPLD/pango/2_Tieta_Feiteng/Tieta_Feiteng_1001_PGC7KD69MBG400/rtl/include/rs35m2c16s_g5_define.v(line number: 53)] Define macro DB_CPLD_VER 16'h0500.
I: Verilog-0008: [C:/CPLD/pango/2_Tieta_Feiteng/Tieta_Feiteng_1001_PGC7KD69MBG400/rtl/include/rs35m2c16s_g5_define.v(line number: 56)] Define macro GEN_ID_RSVD 4'b0000.
I: Verilog-0008: [C:/CPLD/pango/2_Tieta_Feiteng/Tieta_Feiteng_1001_PGC7KD69MBG400/rtl/include/rs35m2c16s_g5_define.v(line number: 57)] Define macro GEN_ID_G2 4'b0010.
I: Verilog-0008: [C:/CPLD/pango/2_Tieta_Feiteng/Tieta_Feiteng_1001_PGC7KD69MBG400/rtl/include/rs35m2c16s_g5_define.v(line number: 58)] Define macro GEN_ID_G3 4'b0011.
I: Verilog-0008: [C:/CPLD/pango/2_Tieta_Feiteng/Tieta_Feiteng_1001_PGC7KD69MBG400/rtl/include/rs35m2c16s_g5_define.v(line number: 59)] Define macro GEN_ID_G5 4'b0101.
I: Verilog-0008: [C:/CPLD/pango/2_Tieta_Feiteng/Tieta_Feiteng_1001_PGC7KD69MBG400/rtl/include/rs35m2c16s_g5_define.v(line number: 63)] Define macro GEN_ID `GEN_ID_RSVD.
I: Verilog-0008: [C:/CPLD/pango/2_Tieta_Feiteng/Tieta_Feiteng_1001_PGC7KD69MBG400/rtl/include/rs35m2c16s_g5_define.v(line number: 67)] Define macro BOARD_ID_RSVD 4'b0000.
I: Verilog-0008: [C:/CPLD/pango/2_Tieta_Feiteng/Tieta_Feiteng_1001_PGC7KD69MBG400/rtl/include/rs35m2c16s_g5_define.v(line number: 68)] Define macro BOARD_ID_RS03M2C9S 4'b0100.
I: Verilog-0008: [C:/CPLD/pango/2_Tieta_Feiteng/Tieta_Feiteng_1001_PGC7KD69MBG400/rtl/include/rs35m2c16s_g5_define.v(line number: 69)] Define macro BOARD_ID_RS23M2C6S 4'b0011.
I: Verilog-0008: [C:/CPLD/pango/2_Tieta_Feiteng/Tieta_Feiteng_1001_PGC7KD69MBG400/rtl/include/rs35m2c16s_g5_define.v(line number: 70)] Define macro BOARD_ID_RS33M2C9S 4'b0100.
I: Verilog-0008: [C:/CPLD/pango/2_Tieta_Feiteng/Tieta_Feiteng_1001_PGC7KD69MBG400/rtl/include/rs35m2c16s_g5_define.v(line number: 71)] Define macro BOARD_ID_RS05M2C9S 4'b0101.
I: Verilog-0008: [C:/CPLD/pango/2_Tieta_Feiteng/Tieta_Feiteng_1001_PGC7KD69MBG400/rtl/include/rs35m2c16s_g5_define.v(line number: 72)] Define macro BOARD_ID_RS35M2C5S 4'b0011.
I: Verilog-0008: [C:/CPLD/pango/2_Tieta_Feiteng/Tieta_Feiteng_1001_PGC7KD69MBG400/rtl/include/rs35m2c16s_g5_define.v(line number: 73)] Define macro BOARD_ID_RS35M2C16S 4'b0100.
I: Verilog-0008: [C:/CPLD/pango/2_Tieta_Feiteng/Tieta_Feiteng_1001_PGC7KD69MBG400/rtl/include/rs35m2c16s_g5_define.v(line number: 75)] Define macro BOARD_ID_RS41M2C9S 4'b0001.
I: Verilog-0008: [C:/CPLD/pango/2_Tieta_Feiteng/Tieta_Feiteng_1001_PGC7KD69MBG400/rtl/include/rs35m2c16s_g5_define.v(line number: 83)] Define macro CHASSIS_ID_1U 3'b001.
I: Verilog-0008: [C:/CPLD/pango/2_Tieta_Feiteng/Tieta_Feiteng_1001_PGC7KD69MBG400/rtl/include/rs35m2c16s_g5_define.v(line number: 84)] Define macro CHASSIS_ID_2U 3'b010.
I: Verilog-0008: [C:/CPLD/pango/2_Tieta_Feiteng/Tieta_Feiteng_1001_PGC7KD69MBG400/rtl/include/rs35m2c16s_g5_define.v(line number: 85)] Define macro CHASSIS_ID_4U 3'b000.
I: Verilog-0008: [C:/CPLD/pango/2_Tieta_Feiteng/Tieta_Feiteng_1001_PGC7KD69MBG400/rtl/include/rs35m2c16s_g5_define.v(line number: 86)] Define macro CHASSIS_ID_8U 3'b011.
I: Verilog-0008: [C:/CPLD/pango/2_Tieta_Feiteng/Tieta_Feiteng_1001_PGC7KD69MBG400/rtl/include/rs35m2c16s_g5_define.v(line number: 90)] Define macro SERVER_ID_RSVD 16'h0000.
I: Verilog-0008: [C:/CPLD/pango/2_Tieta_Feiteng/Tieta_Feiteng_1001_PGC7KD69MBG400/rtl/include/rs35m2c16s_g5_define.v(line number: 91)] Define macro SERVER_ID_R4900 16'h4900.
I: Verilog-0008: [C:/CPLD/pango/2_Tieta_Feiteng/Tieta_Feiteng_1001_PGC7KD69MBG400/rtl/include/rs35m2c16s_g5_define.v(line number: 92)] Define macro SERVER_ID_R4700 16'h4700.
I: Verilog-0008: [C:/CPLD/pango/2_Tieta_Feiteng/Tieta_Feiteng_1001_PGC7KD69MBG400/rtl/include/rs35m2c16s_g5_define.v(line number: 93)] Define macro SERVER_ID_R2900 16'h2900.
I: Verilog-0008: [C:/CPLD/pango/2_Tieta_Feiteng/Tieta_Feiteng_1001_PGC7KD69MBG400/rtl/include/rs35m2c16s_g5_define.v(line number: 94)] Define macro SERVER_ID_R2700 16'h2700.
I: Verilog-0008: [C:/CPLD/pango/2_Tieta_Feiteng/Tieta_Feiteng_1001_PGC7KD69MBG400/rtl/include/rs35m2c16s_g5_define.v(line number: 96)] Define macro SERVER_ID_R6900 16'h6900.
I: Verilog-0008: [C:/CPLD/pango/2_Tieta_Feiteng/Tieta_Feiteng_1001_PGC7KD69MBG400/rtl/include/rs35m2c16s_g5_define.v(line number: 100)] Define macro CPU_PKG_ID_NOMCP 3'b000.
I: Verilog-0008: [C:/CPLD/pango/2_Tieta_Feiteng/Tieta_Feiteng_1001_PGC7KD69MBG400/rtl/include/rs35m2c16s_g5_define.v(line number: 101)] Define macro CPU_PKG_ID_FABRIC 3'b001.
I: Verilog-0008: [C:/CPLD/pango/2_Tieta_Feiteng/Tieta_Feiteng_1001_PGC7KD69MBG400/rtl/include/rs35m2c16s_g5_define.v(line number: 102)] Define macro CPU_PKG_ID_FPGA 3'b010.
I: Verilog-0008: [C:/CPLD/pango/2_Tieta_Feiteng/Tieta_Feiteng_1001_PGC7KD69MBG400/rtl/include/rs35m2c16s_g5_define.v(line number: 103)] Define macro CPU_PKG_ID_RSVD011 3'b011.
I: Verilog-0008: [C:/CPLD/pango/2_Tieta_Feiteng/Tieta_Feiteng_1001_PGC7KD69MBG400/rtl/include/rs35m2c16s_g5_define.v(line number: 104)] Define macro CPU_PKG_ID_RSVD100 3'b100.
I: Verilog-0008: [C:/CPLD/pango/2_Tieta_Feiteng/Tieta_Feiteng_1001_PGC7KD69MBG400/rtl/include/rs35m2c16s_g5_define.v(line number: 105)] Define macro CPU_PKG_ID_RSVD101 3'b101.
I: Verilog-0008: [C:/CPLD/pango/2_Tieta_Feiteng/Tieta_Feiteng_1001_PGC7KD69MBG400/rtl/include/rs35m2c16s_g5_define.v(line number: 106)] Define macro CPU_PKG_ID_RSVD110 3'b110.
I: Verilog-0008: [C:/CPLD/pango/2_Tieta_Feiteng/Tieta_Feiteng_1001_PGC7KD69MBG400/rtl/include/rs35m2c16s_g5_define.v(line number: 107)] Define macro CPU_PKG_ID_RSVD111 3'b111.
I: Verilog-0008: [C:/CPLD/pango/2_Tieta_Feiteng/Tieta_Feiteng_1001_PGC7KD69MBG400/rtl/include/rs35m2c16s_g5_define.v(line number: 116)] Define macro AROC_TYPE_HBA 2'b00.
I: Verilog-0008: [C:/CPLD/pango/2_Tieta_Feiteng/Tieta_Feiteng_1001_PGC7KD69MBG400/rtl/include/rs35m2c16s_g5_define.v(line number: 117)] Define macro AROC_TYPE_RAID 2'b01.
I: Verilog-0008: [C:/CPLD/pango/2_Tieta_Feiteng/Tieta_Feiteng_1001_PGC7KD69MBG400/rtl/include/rs35m2c16s_g5_define.v(line number: 118)] Define macro AROC_TYPE_MEZZ 2'b10.
I: Verilog-0008: [C:/CPLD/pango/2_Tieta_Feiteng/Tieta_Feiteng_1001_PGC7KD69MBG400/rtl/include/rs35m2c16s_g5_define.v(line number: 119)] Define macro AROC_TYPE_RSVD 2'b11.
I: Verilog-0008: [C:/CPLD/pango/2_Tieta_Feiteng/Tieta_Feiteng_1001_PGC7KD69MBG400/rtl/include/rs35m2c16s_g5_define.v(line number: 126)] Define macro RISER_ID_RS35R3X16 5'b00001.
I: Verilog-0008: [C:/CPLD/pango/2_Tieta_Feiteng/Tieta_Feiteng_1001_PGC7KD69MBG400/rtl/include/rs35m2c16s_g5_define.v(line number: 127)] Define macro RISER_ID_RS35RX16X8X8 5'b00010.
I: Verilog-0008: [C:/CPLD/pango/2_Tieta_Feiteng/Tieta_Feiteng_1001_PGC7KD69MBG400/rtl/include/rs35m2c16s_g5_define.v(line number: 128)] Define macro RISER_ID_RS35R2X8 5'b00011.
I: Verilog-0008: [C:/CPLD/pango/2_Tieta_Feiteng/Tieta_Feiteng_1001_PGC7KD69MBG400/rtl/include/rs35m2c16s_g5_define.v(line number: 129)] Define macro RISER_ID_RS35R2X16 5'b00100.
I: Verilog-0008: [C:/CPLD/pango/2_Tieta_Feiteng/Tieta_Feiteng_1001_PGC7KD69MBG400/rtl/include/rs35m2c16s_g5_define.v(line number: 130)] Define macro RISER_ID_RS35RX16 5'b00101.
I: Verilog-0008: [C:/CPLD/pango/2_Tieta_Feiteng/Tieta_Feiteng_1001_PGC7KD69MBG400/rtl/include/rs35m2c16s_g5_define.v(line number: 131)] Define macro RISER_ID_RS33RLPX8 5'b00111.
I: Verilog-0008: [C:/CPLD/pango/2_Tieta_Feiteng/Tieta_Feiteng_1001_PGC7KD69MBG400/rtl/include/rs35m2c16s_g5_define.v(line number: 132)] Define macro RISER_ID_RS35R5X8 5'b01000.
I: Verilog-0008: [C:/CPLD/pango/2_Tieta_Feiteng/Tieta_Feiteng_1001_PGC7KD69MBG400/rtl/include/rs35m2c16s_g5_define.v(line number: 133)] Define macro RISER_ID_RS35R1X16 5'b01010.
I: Verilog-0008: [C:/CPLD/pango/2_Tieta_Feiteng/Tieta_Feiteng_1001_PGC7KD69MBG400/rtl/include/rs35m2c16s_g5_define.v(line number: 134)] Define macro RISER_ID_RS35R2X8A 5'b01011.
I: Verilog-0008: [C:/CPLD/pango/2_Tieta_Feiteng/Tieta_Feiteng_1001_PGC7KD69MBG400/rtl/include/rs35m2c16s_g5_define.v(line number: 135)] Define macro RISER_ID_RS35ROCP 5'b01100.
I: Verilog-0008: [C:/CPLD/pango/2_Tieta_Feiteng/Tieta_Feiteng_1001_PGC7KD69MBG400/rtl/include/rs35m2c16s_g5_define.v(line number: 136)] Define macro RISER_ID_RS35R1X16C 5'b01101.
I: Verilog-0008: [C:/CPLD/pango/2_Tieta_Feiteng/Tieta_Feiteng_1001_PGC7KD69MBG400/rtl/include/rs35m2c16s_g5_define.v(line number: 139)] Define macro GPU_CABLE_ID_RSVD 2'b11.
I: Verilog-0008: [C:/CPLD/pango/2_Tieta_Feiteng/Tieta_Feiteng_1001_PGC7KD69MBG400/rtl/include/rs35m2c16s_g5_define.v(line number: 142)] Define macro BMC_MEM_SIZE_1G 2'b00.
I: Verilog-0008: [C:/CPLD/pango/2_Tieta_Feiteng/Tieta_Feiteng_1001_PGC7KD69MBG400/rtl/include/rs35m2c16s_g5_define.v(line number: 143)] Define macro BMC_MEM_SIZE_2G 2'b01.
I: Verilog-0008: [C:/CPLD/pango/2_Tieta_Feiteng/Tieta_Feiteng_1001_PGC7KD69MBG400/rtl/include/rs35m2c16s_g5_define.v(line number: 144)] Define macro BMC_MEM_SIZE_4G 2'b10.
I: Verilog-0008: [C:/CPLD/pango/2_Tieta_Feiteng/Tieta_Feiteng_1001_PGC7KD69MBG400/rtl/include/rs35m2c16s_g5_define.v(line number: 145)] Define macro BMC_MEM_SIZE_8G 2'b11.
I: Verilog-0008: [C:/CPLD/pango/2_Tieta_Feiteng/Tieta_Feiteng_1001_PGC7KD69MBG400/rtl/include/rs35m2c16s_g5_define.v(line number: 147)] Define macro BMC_MEM_SIZE `BMC_MEM_SIZE_2G.
I: Verilog-0008: [C:/CPLD/pango/2_Tieta_Feiteng/Tieta_Feiteng_1001_PGC7KD69MBG400/rtl/include/rs35m2c16s_g5_define.v(line number: 150)] Define macro PCB_VA 2'b00.
I: Verilog-0008: [C:/CPLD/pango/2_Tieta_Feiteng/Tieta_Feiteng_1001_PGC7KD69MBG400/rtl/include/rs35m2c16s_g5_define.v(line number: 156)] Define macro NUM_CPU 2.
I: Verilog-0008: [C:/CPLD/pango/2_Tieta_Feiteng/Tieta_Feiteng_1001_PGC7KD69MBG400/rtl/include/rs35m2c16s_g5_define.v(line number: 157)] Define macro NUM_CPUVR 2.
I: Verilog-0008: [C:/CPLD/pango/2_Tieta_Feiteng/Tieta_Feiteng_1001_PGC7KD69MBG400/rtl/include/rs35m2c16s_g5_define.v(line number: 158)] Define macro NUM_MEMVR 4.
I: Verilog-0008: [C:/CPLD/pango/2_Tieta_Feiteng/Tieta_Feiteng_1001_PGC7KD69MBG400/rtl/include/rs35m2c16s_g5_define.v(line number: 159)] Define macro NUM_CHN 4.
I: Verilog-0008: [C:/CPLD/pango/2_Tieta_Feiteng/Tieta_Feiteng_1001_PGC7KD69MBG400/rtl/include/rs35m2c16s_g5_define.v(line number: 160)] Define macro NUM_FAN 8.
I: Verilog-0008: [C:/CPLD/pango/2_Tieta_Feiteng/Tieta_Feiteng_1001_PGC7KD69MBG400/rtl/include/rs35m2c16s_g5_define.v(line number: 161)] Define macro NUM_NIC 4.
I: Verilog-0008: [C:/CPLD/pango/2_Tieta_Feiteng/Tieta_Feiteng_1001_PGC7KD69MBG400/rtl/include/rs35m2c16s_g5_define.v(line number: 162)] Define macro NUM_PSU 2.
I: Verilog-0008: [C:/CPLD/pango/2_Tieta_Feiteng/Tieta_Feiteng_1001_PGC7KD69MBG400/rtl/include/rs35m2c16s_g5_define.v(line number: 164)] Define macro NUM_IO 1.
I: Verilog-0008: [C:/CPLD/pango/2_Tieta_Feiteng/Tieta_Feiteng_1001_PGC7KD69MBG400/rtl/include/rs35m2c16s_g5_define.v(line number: 165)] Define macro NUM_RISER 6.
I: Verilog-0008: [C:/CPLD/pango/2_Tieta_Feiteng/Tieta_Feiteng_1001_PGC7KD69MBG400/rtl/include/rs35m2c16s_g5_define.v(line number: 166)] Define macro port_num 3.
I: Verilog-0008: [C:/CPLD/pango/2_Tieta_Feiteng/Tieta_Feiteng_1001_PGC7KD69MBG400/rtl/include/rs35m2c16s_g5_define.v(line number: 169)] Define macro SYS_HAS_UID_BTN.
I: Verilog-0008: [C:/CPLD/pango/2_Tieta_Feiteng/Tieta_Feiteng_1001_PGC7KD69MBG400/rtl/include/rs35m2c16s_g5_define.v(line number: 171)] Define macro NUM_BP 8      /********G5 2P**********/.
I: Verilog-0008: [C:/CPLD/pango/2_Tieta_Feiteng/Tieta_Feiteng_1001_PGC7KD69MBG400/rtl/include/rs35m2c16s_g5_define.v(line number: 173)] Define macro NUM_S5DEV 2      /********G5 2P**********/.
I: Verilog-0008: [C:/CPLD/pango/2_Tieta_Feiteng/Tieta_Feiteng_1001_PGC7KD69MBG400/rtl/include/rs35m2c16s_g5_define.v(line number: 187)] Define macro BOARD_TYPE 4'b0000.
I: Verilog-0008: [C:/CPLD/pango/2_Tieta_Feiteng/Tieta_Feiteng_1001_PGC7KD69MBG400/rtl/include/rs35m2c16s_g5_define.v(line number: 188)] Define macro OEM_TYPE 4'b0111.
I: Verilog-0008: [C:/CPLD/pango/2_Tieta_Feiteng/Tieta_Feiteng_1001_PGC7KD69MBG400/rtl/include/rs35m2c16s_g5_define.v(line number: 191)] Define macro MFR_ID_RSVD 8'h00.
I: Verilog-0008: [C:/CPLD/pango/2_Tieta_Feiteng/Tieta_Feiteng_1001_PGC7KD69MBG400/rtl/include/rs35m2c16s_g5_define.v(line number: 192)] Define macro MFR_ID_H3C 8'h03.
I: Verilog-0008: [C:/CPLD/pango/2_Tieta_Feiteng/Tieta_Feiteng_1001_PGC7KD69MBG400/rtl/include/rs35m2c16s_g5_define.v(line number: 194)] Define macro MFR_ID `MFR_ID_H3C.
I: Verilog-0008: [C:/CPLD/pango/2_Tieta_Feiteng/Tieta_Feiteng_1001_PGC7KD69MBG400/rtl/include/rs35m2c16s_g5_define.v(line number: 197)] Define macro ODM_ID_RSVD 8'h00.
I: Verilog-0008: [C:/CPLD/pango/2_Tieta_Feiteng/Tieta_Feiteng_1001_PGC7KD69MBG400/rtl/include/rs35m2c16s_g5_define.v(line number: 198)] Define macro ODM_ID_H3C 8'h03.
I: Verilog-0008: [C:/CPLD/pango/2_Tieta_Feiteng/Tieta_Feiteng_1001_PGC7KD69MBG400/rtl/include/rs35m2c16s_g5_define.v(line number: 200)] Define macro ODM_ID `ODM_ID_H3C.
I: Verilog-0008: [C:/CPLD/pango/2_Tieta_Feiteng/Tieta_Feiteng_1001_PGC7KD69MBG400/rtl/include/rs35m2c16s_g5_define.v(line number: 203)] Define macro PDT_LINE_RSVD 8'h00.
I: Verilog-0008: [C:/CPLD/pango/2_Tieta_Feiteng/Tieta_Feiteng_1001_PGC7KD69MBG400/rtl/include/rs35m2c16s_g5_define.v(line number: 204)] Define macro PDT_LINE_H3C_2014_LLS 8'h01.
I: Verilog-0008: [C:/CPLD/pango/2_Tieta_Feiteng/Tieta_Feiteng_1001_PGC7KD69MBG400/rtl/include/rs35m2c16s_g5_define.v(line number: 206)] Define macro PDT_LINE_H3C_OEM_IN 8'h63.
I: Verilog-0008: [C:/CPLD/pango/2_Tieta_Feiteng/Tieta_Feiteng_1001_PGC7KD69MBG400/rtl/include/rs35m2c16s_g5_define.v(line number: 208)] Define macro PDT_LINE `PDT_LINE_H3C_OEM_IN.
I: Verilog-0008: [C:/CPLD/pango/2_Tieta_Feiteng/Tieta_Feiteng_1001_PGC7KD69MBG400/rtl/include/rs35m2c16s_g5_define.v(line number: 211)] Define macro PDT_GEN_RSVD 8'h00.
I: Verilog-0008: [C:/CPLD/pango/2_Tieta_Feiteng/Tieta_Feiteng_1001_PGC7KD69MBG400/rtl/include/rs35m2c16s_g5_define.v(line number: 212)] Define macro PDT_GEN_H3C_2014_G2 8'h02.
I: Verilog-0008: [C:/CPLD/pango/2_Tieta_Feiteng/Tieta_Feiteng_1001_PGC7KD69MBG400/rtl/include/rs35m2c16s_g5_define.v(line number: 213)] Define macro PDT_GEN_H3C_2014_G3 8'h03.
I: Verilog-0008: [C:/CPLD/pango/2_Tieta_Feiteng/Tieta_Feiteng_1001_PGC7KD69MBG400/rtl/include/rs35m2c16s_g5_define.v(line number: 215)] Define macro PDT_GEN_H3C_S5000C 8'h07.
I: Verilog-0008: [C:/CPLD/pango/2_Tieta_Feiteng/Tieta_Feiteng_1001_PGC7KD69MBG400/rtl/include/rs35m2c16s_g5_define.v(line number: 218)] Define macro PDT_GEN `PDT_GEN_H3C_S5000C.
I: Verilog-0008: [C:/CPLD/pango/2_Tieta_Feiteng/Tieta_Feiteng_1001_PGC7KD69MBG400/rtl/include/rs35m2c16s_g5_define.v(line number: 221)] Define macro PDT_REV_RSVD 8'h00.
I: Verilog-0008: [C:/CPLD/pango/2_Tieta_Feiteng/Tieta_Feiteng_1001_PGC7KD69MBG400/rtl/include/rs35m2c16s_g5_define.v(line number: 222)] Define macro PDT_REV_H3C_2014_V100R001 8'h11.
I: Verilog-0008: [C:/CPLD/pango/2_Tieta_Feiteng/Tieta_Feiteng_1001_PGC7KD69MBG400/rtl/include/rs35m2c16s_g5_define.v(line number: 223)] Define macro PDT_REV_H3C_2014_V200R002 8'h22.
I: Verilog-0008: [C:/CPLD/pango/2_Tieta_Feiteng/Tieta_Feiteng_1001_PGC7KD69MBG400/rtl/include/rs35m2c16s_g5_define.v(line number: 224)] Define macro PDT_REV_H3C_2014_V500R002 8'h52.
I: Verilog-0008: [C:/CPLD/pango/2_Tieta_Feiteng/Tieta_Feiteng_1001_PGC7KD69MBG400/rtl/include/rs35m2c16s_g5_define.v(line number: 225)] Define macro PDT_REV_H3C_2014_V800R001 8'h81.
I: Verilog-0008: [C:/CPLD/pango/2_Tieta_Feiteng/Tieta_Feiteng_1001_PGC7KD69MBG400/rtl/include/rs35m2c16s_g5_define.v(line number: 226)] Define macro PDT_REV_H3C_2014_V200R005 8'h25.
I: Verilog-0008: [C:/CPLD/pango/2_Tieta_Feiteng/Tieta_Feiteng_1001_PGC7KD69MBG400/rtl/include/rs35m2c16s_g5_define.v(line number: 228)] Define macro PDT_REV_H3C_2014_V500R003 8'h53.
I: Verilog-0008: [C:/CPLD/pango/2_Tieta_Feiteng/Tieta_Feiteng_1001_PGC7KD69MBG400/rtl/include/rs35m2c16s_g5_define.v(line number: 229)] Define macro PDT_REV_H3C_2014_V500R005 8'h55.
I: Verilog-0008: [C:/CPLD/pango/2_Tieta_Feiteng/Tieta_Feiteng_1001_PGC7KD69MBG400/rtl/include/rs35m2c16s_g5_define.v(line number: 230)] Define macro PDT_REV_H3C_IT_C_RACK_V700R001 8'h71.
I: Verilog-0008: [C:/CPLD/pango/2_Tieta_Feiteng/Tieta_Feiteng_1001_PGC7KD69MBG400/rtl/include/rs35m2c16s_g5_define.v(line number: 234)] Define macro PDT_REV `PDT_REV_H3C_IT_C_RACK_V700R001.
I: Verilog-0008: [C:/CPLD/pango/2_Tieta_Feiteng/Tieta_Feiteng_1001_PGC7KD69MBG400/rtl/include/rs35m2c16s_g5_define.v(line number: 237)] Define macro SERVER_ID_H3C_2014_RSVD 8'h00.
I: Verilog-0008: [C:/CPLD/pango/2_Tieta_Feiteng/Tieta_Feiteng_1001_PGC7KD69MBG400/rtl/include/rs35m2c16s_g5_define.v(line number: 238)] Define macro SERVER_ID_H3C_2014_R2700 8'h01.
I: Verilog-0008: [C:/CPLD/pango/2_Tieta_Feiteng/Tieta_Feiteng_1001_PGC7KD69MBG400/rtl/include/rs35m2c16s_g5_define.v(line number: 239)] Define macro SERVER_ID_H3C_2014_R2900 8'h03.
I: Verilog-0008: [C:/CPLD/pango/2_Tieta_Feiteng/Tieta_Feiteng_1001_PGC7KD69MBG400/rtl/include/rs35m2c16s_g5_define.v(line number: 240)] Define macro SERVER_ID_H3C_2014_R4700 8'h11.
I: Verilog-0008: [C:/CPLD/pango/2_Tieta_Feiteng/Tieta_Feiteng_1001_PGC7KD69MBG400/rtl/include/rs35m2c16s_g5_define.v(line number: 241)] Define macro SERVER_ID_H3C_2014_R4900 8'h13.
I: Verilog-0008: [C:/CPLD/pango/2_Tieta_Feiteng/Tieta_Feiteng_1001_PGC7KD69MBG400/rtl/include/rs35m2c16s_g5_define.v(line number: 242)] Define macro SERVER_ID_H3C_2014_R6900 8'h23.
I: Verilog-0008: [C:/CPLD/pango/2_Tieta_Feiteng/Tieta_Feiteng_1001_PGC7KD69MBG400/rtl/include/rs35m2c16s_g5_define.v(line number: 243)] Define macro SERVER_ID_H3C_2014_R8900 8'h33.
I: Verilog-0008: [C:/CPLD/pango/2_Tieta_Feiteng/Tieta_Feiteng_1001_PGC7KD69MBG400/rtl/include/rs35m2c16s_g5_define.v(line number: 246)] Define macro BOARD_ID_H3C_2014_RSVD 8'h00.
I: Verilog-0008: [C:/CPLD/pango/2_Tieta_Feiteng/Tieta_Feiteng_1001_PGC7KD69MBG400/rtl/include/rs35m2c16s_g5_define.v(line number: 247)] Define macro BOARD_ID_H3C_2014_RS03M2C9S 8'h04.
I: Verilog-0008: [C:/CPLD/pango/2_Tieta_Feiteng/Tieta_Feiteng_1001_PGC7KD69MBG400/rtl/include/rs35m2c16s_g5_define.v(line number: 248)] Define macro BOARD_ID_H3C_2014_RS23M2C6S 8'h03.
I: Verilog-0008: [C:/CPLD/pango/2_Tieta_Feiteng/Tieta_Feiteng_1001_PGC7KD69MBG400/rtl/include/rs35m2c16s_g5_define.v(line number: 249)] Define macro BOARD_ID_H3C_2014_RS33M2C9S 8'h04.
I: Verilog-0008: [C:/CPLD/pango/2_Tieta_Feiteng/Tieta_Feiteng_1001_PGC7KD69MBG400/rtl/include/rs35m2c16s_g5_define.v(line number: 250)] Define macro BOARD_ID_H3C_2014_RS35M2C5S 8'h03.
I: Verilog-0008: [C:/CPLD/pango/2_Tieta_Feiteng/Tieta_Feiteng_1001_PGC7KD69MBG400/rtl/include/rs35m2c16s_g5_define.v(line number: 251)] Define macro BOARD_ID_H3C_2014_RS35M2C16S 8'h04.
I: Verilog-0008: [C:/CPLD/pango/2_Tieta_Feiteng/Tieta_Feiteng_1001_PGC7KD69MBG400/rtl/include/rs35m2c16s_g5_define.v(line number: 253)] Define macro BOARD_ID_H3C_2014_RS41M2C9S 8'h11.
I: Verilog-0008: [C:/CPLD/pango/2_Tieta_Feiteng/Tieta_Feiteng_1001_PGC7KD69MBG400/rtl/include/rs35m2c16s_g5_define.v(line number: 256)] Define macro CHASSIS_ID_H3C_2014_RSVD 8'h00.
I: Verilog-0008: [C:/CPLD/pango/2_Tieta_Feiteng/Tieta_Feiteng_1001_PGC7KD69MBG400/rtl/include/rs35m2c16s_g5_define.v(line number: 257)] Define macro CHASSIS_ID_H3C_2014_1U 8'h01.
I: Verilog-0008: [C:/CPLD/pango/2_Tieta_Feiteng/Tieta_Feiteng_1001_PGC7KD69MBG400/rtl/include/rs35m2c16s_g5_define.v(line number: 258)] Define macro CHASSIS_ID_H3C_2014_2U 8'h02.
I: Verilog-0008: [C:/CPLD/pango/2_Tieta_Feiteng/Tieta_Feiteng_1001_PGC7KD69MBG400/rtl/include/rs35m2c16s_g5_define.v(line number: 259)] Define macro CHASSIS_ID_H3C_2014_NONE 8'h03.
I: Verilog-0008: [C:/CPLD/pango/2_Tieta_Feiteng/Tieta_Feiteng_1001_PGC7KD69MBG400/rtl/include/rs35m2c16s_g5_define.v(line number: 262)] Define macro PLT_CPU_MFR_RSVD 8'h00.
I: Verilog-0008: [C:/CPLD/pango/2_Tieta_Feiteng/Tieta_Feiteng_1001_PGC7KD69MBG400/rtl/include/rs35m2c16s_g5_define.v(line number: 263)] Define macro PLT_CPU_MFR_INTEL 8'h01.
I: Verilog-0008: [C:/CPLD/pango/2_Tieta_Feiteng/Tieta_Feiteng_1001_PGC7KD69MBG400/rtl/include/rs35m2c16s_g5_define.v(line number: 264)] Define macro PLT_CPU_MFR_AMD 8'h02.
I: Verilog-0008: [C:/CPLD/pango/2_Tieta_Feiteng/Tieta_Feiteng_1001_PGC7KD69MBG400/rtl/include/rs35m2c16s_g5_define.v(line number: 265)] Define macro PLT_CPU_MFR_FT 8'h03.
I: Verilog-0008: [C:/CPLD/pango/2_Tieta_Feiteng/Tieta_Feiteng_1001_PGC7KD69MBG400/rtl/include/rs35m2c16s_g5_define.v(line number: 267)] Define macro PLT_CPU_MFR `PLT_CPU_MFR_FT.
I: Verilog-0008: [C:/CPLD/pango/2_Tieta_Feiteng/Tieta_Feiteng_1001_PGC7KD69MBG400/rtl/include/rs35m2c16s_g5_define.v(line number: 270)] Define macro PLT_CPU_GEN_RSVD 8'h00.
I: Verilog-0008: [C:/CPLD/pango/2_Tieta_Feiteng/Tieta_Feiteng_1001_PGC7KD69MBG400/rtl/include/rs35m2c16s_g5_define.v(line number: 271)] Define macro PLT_CPU_GEN_BROADWELL 8'h00.
I: Verilog-0008: [C:/CPLD/pango/2_Tieta_Feiteng/Tieta_Feiteng_1001_PGC7KD69MBG400/rtl/include/rs35m2c16s_g5_define.v(line number: 272)] Define macro PLT_CPU_GEN_SKYLATE 8'h01.
I: Verilog-0008: [C:/CPLD/pango/2_Tieta_Feiteng/Tieta_Feiteng_1001_PGC7KD69MBG400/rtl/include/rs35m2c16s_g5_define.v(line number: 273)] Define macro PLT_CPU_GEN_ICELATE 8'h10.
I: Verilog-0008: [C:/CPLD/pango/2_Tieta_Feiteng/Tieta_Feiteng_1001_PGC7KD69MBG400/rtl/include/rs35m2c16s_g5_define.v(line number: 274)] Define macro PLT_CPU_GEN_FT2500 8'h05.
I: Verilog-0008: [C:/CPLD/pango/2_Tieta_Feiteng/Tieta_Feiteng_1001_PGC7KD69MBG400/rtl/include/rs35m2c16s_g5_define.v(line number: 276)] Define macro PLT_CPU_GEN `PLT_CPU_GEN_FT2500.
I: Verilog-0008: [C:/CPLD/pango/2_Tieta_Feiteng/Tieta_Feiteng_1001_PGC7KD69MBG400/rtl/include/rs35m2c16s_g5_define.v(line number: 281)] Define macro INT_MODE_RISING 2'b01.
I: Verilog-0008: [C:/CPLD/pango/2_Tieta_Feiteng/Tieta_Feiteng_1001_PGC7KD69MBG400/rtl/include/rs35m2c16s_g5_define.v(line number: 282)] Define macro INT_MODE_FALLING 2'b10.
I: Verilog-0008: [C:/CPLD/pango/2_Tieta_Feiteng/Tieta_Feiteng_1001_PGC7KD69MBG400/rtl/include/rs35m2c16s_g5_define.v(line number: 283)] Define macro INT_MODE_BOTH 2'b11.
I: Verilog-0008: [C:/CPLD/pango/2_Tieta_Feiteng/Tieta_Feiteng_1001_PGC7KD69MBG400/rtl/include/rs35m2c16s_g5_define.v(line number: 288)] Define macro PN_RS03M2C9S {`ASCII_A, `ASCII_3, `ASCII_F, `ASCII_T}.
I: Verilog-0008: [C:/CPLD/pango/2_Tieta_Feiteng/Tieta_Feiteng_1001_PGC7KD69MBG400/rtl/include/rs35m2c16s_g5_define.v(line number: 289)] Define macro PN_RS33M2C9S {`ASCII_A, `ASCII_3, `ASCII_F, `ASCII_Q}.
I: Verilog-0008: [C:/CPLD/pango/2_Tieta_Feiteng/Tieta_Feiteng_1001_PGC7KD69MBG400/rtl/include/rs35m2c16s_g5_define.v(line number: 290)] Define macro PN_RS23M2C6S {`ASCII_A, `ASCII_3, `ASCII_F, `ASCII_R}.
I: Verilog-0008: [C:/CPLD/pango/2_Tieta_Feiteng/Tieta_Feiteng_1001_PGC7KD69MBG400/rtl/include/rs35m2c16s_g5_define.v(line number: 291)] Define macro PN_RS05M2C9S {`ASCII_A, `ASCII_4, `ASCII_L, `ASCII_M}.
I: Verilog-0008: [C:/CPLD/pango/2_Tieta_Feiteng/Tieta_Feiteng_1001_PGC7KD69MBG400/rtl/include/rs35m2c16s_g5_define.v(line number: 292)] Define macro PN_RS35M2C16S {`ASCII_A, `ASCII_5, `ASCII_B, `ASCII_8}.
I: Verilog-0008: [C:/CPLD/pango/2_Tieta_Feiteng/Tieta_Feiteng_1001_PGC7KD69MBG400/rtl/include/rs35m2c16s_g5_define.v(line number: 293)] Define macro PN_RS41M2C9S {`ASCII_A, `ASCII_5, `ASCII_K, `ASCII_B}.
I: Verilog-0008: [C:/CPLD/pango/2_Tieta_Feiteng/Tieta_Feiteng_1001_PGC7KD69MBG400/rtl/include/rs35m2c16s_g5_define.v(line number: 294)] Define macro PN_RSVD 32'h0000_0000.
I: Verilog-0008: [C:/CPLD/pango/2_Tieta_Feiteng/Tieta_Feiteng_1001_PGC7KD69MBG400/rtl/include/rs35m2c16s_g5_define.v(line number: 301)] Define macro BOARD_PN `PN_RS41M2C9S.
I: Verilog-0008: [C:/CPLD/pango/2_Tieta_Feiteng/Tieta_Feiteng_1001_PGC7KD69MBG400/rtl/include/rs35m2c16s_g5_define.v(line number: 306)] Define macro ASCII_0 8'h30.
I: Verilog-0008: [C:/CPLD/pango/2_Tieta_Feiteng/Tieta_Feiteng_1001_PGC7KD69MBG400/rtl/include/rs35m2c16s_g5_define.v(line number: 307)] Define macro ASCII_1 8'h31.
I: Verilog-0008: [C:/CPLD/pango/2_Tieta_Feiteng/Tieta_Feiteng_1001_PGC7KD69MBG400/rtl/include/rs35m2c16s_g5_define.v(line number: 308)] Define macro ASCII_2 8'h32.
I: Verilog-0008: [C:/CPLD/pango/2_Tieta_Feiteng/Tieta_Feiteng_1001_PGC7KD69MBG400/rtl/include/rs35m2c16s_g5_define.v(line number: 309)] Define macro ASCII_3 8'h33.
I: Verilog-0008: [C:/CPLD/pango/2_Tieta_Feiteng/Tieta_Feiteng_1001_PGC7KD69MBG400/rtl/include/rs35m2c16s_g5_define.v(line number: 310)] Define macro ASCII_4 8'h34.
I: Verilog-0008: [C:/CPLD/pango/2_Tieta_Feiteng/Tieta_Feiteng_1001_PGC7KD69MBG400/rtl/include/rs35m2c16s_g5_define.v(line number: 311)] Define macro ASCII_5 8'h35.
I: Verilog-0008: [C:/CPLD/pango/2_Tieta_Feiteng/Tieta_Feiteng_1001_PGC7KD69MBG400/rtl/include/rs35m2c16s_g5_define.v(line number: 312)] Define macro ASCII_6 8'h36.
I: Verilog-0008: [C:/CPLD/pango/2_Tieta_Feiteng/Tieta_Feiteng_1001_PGC7KD69MBG400/rtl/include/rs35m2c16s_g5_define.v(line number: 313)] Define macro ASCII_7 8'h37.
I: Verilog-0008: [C:/CPLD/pango/2_Tieta_Feiteng/Tieta_Feiteng_1001_PGC7KD69MBG400/rtl/include/rs35m2c16s_g5_define.v(line number: 314)] Define macro ASCII_8 8'h38.
I: Verilog-0008: [C:/CPLD/pango/2_Tieta_Feiteng/Tieta_Feiteng_1001_PGC7KD69MBG400/rtl/include/rs35m2c16s_g5_define.v(line number: 315)] Define macro ASCII_9 8'h39.
I: Verilog-0008: [C:/CPLD/pango/2_Tieta_Feiteng/Tieta_Feiteng_1001_PGC7KD69MBG400/rtl/include/rs35m2c16s_g5_define.v(line number: 316)] Define macro ASCII_A 8'h41.
I: Verilog-0008: [C:/CPLD/pango/2_Tieta_Feiteng/Tieta_Feiteng_1001_PGC7KD69MBG400/rtl/include/rs35m2c16s_g5_define.v(line number: 317)] Define macro ASCII_B 8'h42.
I: Verilog-0008: [C:/CPLD/pango/2_Tieta_Feiteng/Tieta_Feiteng_1001_PGC7KD69MBG400/rtl/include/rs35m2c16s_g5_define.v(line number: 318)] Define macro ASCII_C 8'h43.
I: Verilog-0008: [C:/CPLD/pango/2_Tieta_Feiteng/Tieta_Feiteng_1001_PGC7KD69MBG400/rtl/include/rs35m2c16s_g5_define.v(line number: 319)] Define macro ASCII_D 8'h44.
I: Verilog-0008: [C:/CPLD/pango/2_Tieta_Feiteng/Tieta_Feiteng_1001_PGC7KD69MBG400/rtl/include/rs35m2c16s_g5_define.v(line number: 320)] Define macro ASCII_E 8'h45.
I: Verilog-0008: [C:/CPLD/pango/2_Tieta_Feiteng/Tieta_Feiteng_1001_PGC7KD69MBG400/rtl/include/rs35m2c16s_g5_define.v(line number: 321)] Define macro ASCII_F 8'h46.
I: Verilog-0008: [C:/CPLD/pango/2_Tieta_Feiteng/Tieta_Feiteng_1001_PGC7KD69MBG400/rtl/include/rs35m2c16s_g5_define.v(line number: 322)] Define macro ASCII_G 8'h47.
I: Verilog-0008: [C:/CPLD/pango/2_Tieta_Feiteng/Tieta_Feiteng_1001_PGC7KD69MBG400/rtl/include/rs35m2c16s_g5_define.v(line number: 323)] Define macro ASCII_H 8'h48.
I: Verilog-0008: [C:/CPLD/pango/2_Tieta_Feiteng/Tieta_Feiteng_1001_PGC7KD69MBG400/rtl/include/rs35m2c16s_g5_define.v(line number: 324)] Define macro ASCII_I 8'h49.
I: Verilog-0008: [C:/CPLD/pango/2_Tieta_Feiteng/Tieta_Feiteng_1001_PGC7KD69MBG400/rtl/include/rs35m2c16s_g5_define.v(line number: 325)] Define macro ASCII_J 8'h4A.
I: Verilog-0008: [C:/CPLD/pango/2_Tieta_Feiteng/Tieta_Feiteng_1001_PGC7KD69MBG400/rtl/include/rs35m2c16s_g5_define.v(line number: 326)] Define macro ASCII_K 8'h4B.
I: Verilog-0008: [C:/CPLD/pango/2_Tieta_Feiteng/Tieta_Feiteng_1001_PGC7KD69MBG400/rtl/include/rs35m2c16s_g5_define.v(line number: 327)] Define macro ASCII_L 8'h4C.
I: Verilog-0008: [C:/CPLD/pango/2_Tieta_Feiteng/Tieta_Feiteng_1001_PGC7KD69MBG400/rtl/include/rs35m2c16s_g5_define.v(line number: 328)] Define macro ASCII_M 8'h4D.
I: Verilog-0008: [C:/CPLD/pango/2_Tieta_Feiteng/Tieta_Feiteng_1001_PGC7KD69MBG400/rtl/include/rs35m2c16s_g5_define.v(line number: 329)] Define macro ASCII_N 8'h4E.
I: Verilog-0008: [C:/CPLD/pango/2_Tieta_Feiteng/Tieta_Feiteng_1001_PGC7KD69MBG400/rtl/include/rs35m2c16s_g5_define.v(line number: 330)] Define macro ASCII_O 8'h4F.
I: Verilog-0008: [C:/CPLD/pango/2_Tieta_Feiteng/Tieta_Feiteng_1001_PGC7KD69MBG400/rtl/include/rs35m2c16s_g5_define.v(line number: 331)] Define macro ASCII_P 8'h50.
I: Verilog-0008: [C:/CPLD/pango/2_Tieta_Feiteng/Tieta_Feiteng_1001_PGC7KD69MBG400/rtl/include/rs35m2c16s_g5_define.v(line number: 332)] Define macro ASCII_Q 8'h51.
I: Verilog-0008: [C:/CPLD/pango/2_Tieta_Feiteng/Tieta_Feiteng_1001_PGC7KD69MBG400/rtl/include/rs35m2c16s_g5_define.v(line number: 333)] Define macro ASCII_R 8'h52.
I: Verilog-0008: [C:/CPLD/pango/2_Tieta_Feiteng/Tieta_Feiteng_1001_PGC7KD69MBG400/rtl/include/rs35m2c16s_g5_define.v(line number: 334)] Define macro ASCII_S 8'h53.
I: Verilog-0008: [C:/CPLD/pango/2_Tieta_Feiteng/Tieta_Feiteng_1001_PGC7KD69MBG400/rtl/include/rs35m2c16s_g5_define.v(line number: 335)] Define macro ASCII_T 8'h54.
I: Verilog-0008: [C:/CPLD/pango/2_Tieta_Feiteng/Tieta_Feiteng_1001_PGC7KD69MBG400/rtl/include/rs35m2c16s_g5_define.v(line number: 336)] Define macro ASCII_U 8'h55.
I: Verilog-0008: [C:/CPLD/pango/2_Tieta_Feiteng/Tieta_Feiteng_1001_PGC7KD69MBG400/rtl/include/rs35m2c16s_g5_define.v(line number: 337)] Define macro ASCII_V 8'h56.
I: Verilog-0008: [C:/CPLD/pango/2_Tieta_Feiteng/Tieta_Feiteng_1001_PGC7KD69MBG400/rtl/include/rs35m2c16s_g5_define.v(line number: 338)] Define macro ASCII_W 8'h57.
I: Verilog-0008: [C:/CPLD/pango/2_Tieta_Feiteng/Tieta_Feiteng_1001_PGC7KD69MBG400/rtl/include/rs35m2c16s_g5_define.v(line number: 339)] Define macro ASCII_X 8'h58.
I: Verilog-0008: [C:/CPLD/pango/2_Tieta_Feiteng/Tieta_Feiteng_1001_PGC7KD69MBG400/rtl/include/rs35m2c16s_g5_define.v(line number: 340)] Define macro ASCII_Y 8'h59.
I: Verilog-0008: [C:/CPLD/pango/2_Tieta_Feiteng/Tieta_Feiteng_1001_PGC7KD69MBG400/rtl/include/rs35m2c16s_g5_define.v(line number: 341)] Define macro ASCII_Z 8'h5A.
I: Found Verilog include file C:/CPLD/pango/2_Tieta_Feiteng/Tieta_Feiteng_1001_PGC7KD69MBG400/rtl/include/tpm_define.v
I: Verilog-0008: [C:/CPLD/pango/2_Tieta_Feiteng/Tieta_Feiteng_1001_PGC7KD69MBG400/rtl/include/tpm_define.v(line number: 6)] Define macro FSM_SPI_MOSI_BIT0 8'h00.
I: Verilog-0008: [C:/CPLD/pango/2_Tieta_Feiteng/Tieta_Feiteng_1001_PGC7KD69MBG400/rtl/include/tpm_define.v(line number: 7)] Define macro FSM_SPI_MOSI_BIT1 8'h01.
I: Verilog-0008: [C:/CPLD/pango/2_Tieta_Feiteng/Tieta_Feiteng_1001_PGC7KD69MBG400/rtl/include/tpm_define.v(line number: 8)] Define macro FSM_SPI_MOSI_BIT2 8'h02.
I: Verilog-0008: [C:/CPLD/pango/2_Tieta_Feiteng/Tieta_Feiteng_1001_PGC7KD69MBG400/rtl/include/tpm_define.v(line number: 9)] Define macro FSM_SPI_MOSI_BIT3 8'h03.
I: Verilog-0008: [C:/CPLD/pango/2_Tieta_Feiteng/Tieta_Feiteng_1001_PGC7KD69MBG400/rtl/include/tpm_define.v(line number: 10)] Define macro FSM_SPI_MOSI_BIT4 8'h04.
I: Verilog-0008: [C:/CPLD/pango/2_Tieta_Feiteng/Tieta_Feiteng_1001_PGC7KD69MBG400/rtl/include/tpm_define.v(line number: 11)] Define macro FSM_SPI_MOSI_BIT5 8'h05.
I: Verilog-0008: [C:/CPLD/pango/2_Tieta_Feiteng/Tieta_Feiteng_1001_PGC7KD69MBG400/rtl/include/tpm_define.v(line number: 12)] Define macro FSM_SPI_MOSI_BIT6 8'h06.
I: Verilog-0008: [C:/CPLD/pango/2_Tieta_Feiteng/Tieta_Feiteng_1001_PGC7KD69MBG400/rtl/include/tpm_define.v(line number: 13)] Define macro FSM_SPI_MOSI_BIT7 8'h07.
I: Verilog-0008: [C:/CPLD/pango/2_Tieta_Feiteng/Tieta_Feiteng_1001_PGC7KD69MBG400/rtl/include/tpm_define.v(line number: 15)] Define macro FSM_SPI_MISO_BIT0 8'h00.
I: Verilog-0008: [C:/CPLD/pango/2_Tieta_Feiteng/Tieta_Feiteng_1001_PGC7KD69MBG400/rtl/include/tpm_define.v(line number: 16)] Define macro FSM_SPI_MISO_BIT1 8'h01.
I: Verilog-0008: [C:/CPLD/pango/2_Tieta_Feiteng/Tieta_Feiteng_1001_PGC7KD69MBG400/rtl/include/tpm_define.v(line number: 17)] Define macro FSM_SPI_MISO_BIT2 8'h02.
I: Verilog-0008: [C:/CPLD/pango/2_Tieta_Feiteng/Tieta_Feiteng_1001_PGC7KD69MBG400/rtl/include/tpm_define.v(line number: 18)] Define macro FSM_SPI_MISO_BIT3 8'h03.
I: Verilog-0008: [C:/CPLD/pango/2_Tieta_Feiteng/Tieta_Feiteng_1001_PGC7KD69MBG400/rtl/include/tpm_define.v(line number: 19)] Define macro FSM_SPI_MISO_BIT4 8'h04.
I: Verilog-0008: [C:/CPLD/pango/2_Tieta_Feiteng/Tieta_Feiteng_1001_PGC7KD69MBG400/rtl/include/tpm_define.v(line number: 20)] Define macro FSM_SPI_MISO_BIT5 8'h05.
I: Verilog-0008: [C:/CPLD/pango/2_Tieta_Feiteng/Tieta_Feiteng_1001_PGC7KD69MBG400/rtl/include/tpm_define.v(line number: 21)] Define macro FSM_SPI_MISO_BIT6 8'h06.
I: Verilog-0008: [C:/CPLD/pango/2_Tieta_Feiteng/Tieta_Feiteng_1001_PGC7KD69MBG400/rtl/include/tpm_define.v(line number: 22)] Define macro FSM_SPI_MISO_BIT7 8'h07.
I: Verilog-0008: [C:/CPLD/pango/2_Tieta_Feiteng/Tieta_Feiteng_1001_PGC7KD69MBG400/rtl/include/tpm_define.v(line number: 25)] Define macro FSM_SPI_IDLE 8'h00.
I: Verilog-0008: [C:/CPLD/pango/2_Tieta_Feiteng/Tieta_Feiteng_1001_PGC7KD69MBG400/rtl/include/tpm_define.v(line number: 26)] Define macro FSM_SPI 8'h01.
I: Verilog-0008: [C:/CPLD/pango/2_Tieta_Feiteng/Tieta_Feiteng_1001_PGC7KD69MBG400/rtl/include/tpm_define.v(line number: 27)] Define macro FSM_SPI_COMMAND 8'h02.
I: Verilog-0008: [C:/CPLD/pango/2_Tieta_Feiteng/Tieta_Feiteng_1001_PGC7KD69MBG400/rtl/include/tpm_define.v(line number: 28)] Define macro FSM_SPI_ADDRESS2 8'h03.
I: Verilog-0008: [C:/CPLD/pango/2_Tieta_Feiteng/Tieta_Feiteng_1001_PGC7KD69MBG400/rtl/include/tpm_define.v(line number: 29)] Define macro FSM_SPI_ADDRESS1 8'h04.
I: Verilog-0008: [C:/CPLD/pango/2_Tieta_Feiteng/Tieta_Feiteng_1001_PGC7KD69MBG400/rtl/include/tpm_define.v(line number: 30)] Define macro FSM_SPI_ADDRESS0 8'h05.
I: Verilog-0008: [C:/CPLD/pango/2_Tieta_Feiteng/Tieta_Feiteng_1001_PGC7KD69MBG400/rtl/include/tpm_define.v(line number: 31)] Define macro FSM_SPI_WDATA0 8'h06.
I: Verilog-0008: [C:/CPLD/pango/2_Tieta_Feiteng/Tieta_Feiteng_1001_PGC7KD69MBG400/rtl/include/tpm_define.v(line number: 32)] Define macro FSM_SPI_WDATA1 8'h07.
I: Verilog-0008: [C:/CPLD/pango/2_Tieta_Feiteng/Tieta_Feiteng_1001_PGC7KD69MBG400/rtl/include/tpm_define.v(line number: 33)] Define macro FSM_SPI_WDATA2 8'h08.
I: Verilog-0008: [C:/CPLD/pango/2_Tieta_Feiteng/Tieta_Feiteng_1001_PGC7KD69MBG400/rtl/include/tpm_define.v(line number: 34)] Define macro FSM_SPI_WDATA3 8'h09.
I: Verilog-0008: [C:/CPLD/pango/2_Tieta_Feiteng/Tieta_Feiteng_1001_PGC7KD69MBG400/rtl/include/tpm_define.v(line number: 35)] Define macro FSM_SPI_WDATA_DONE 8'h0A.
I: Verilog-0008: [C:/CPLD/pango/2_Tieta_Feiteng/Tieta_Feiteng_1001_PGC7KD69MBG400/rtl/include/tpm_define.v(line number: 36)] Define macro FSM_SPI_WAIT 8'h0B.
I: Verilog-0008: [C:/CPLD/pango/2_Tieta_Feiteng/Tieta_Feiteng_1001_PGC7KD69MBG400/rtl/include/tpm_define.v(line number: 37)] Define macro FSM_SPI_WAIT_RDY 8'h0C.
I: Verilog-0008: [C:/CPLD/pango/2_Tieta_Feiteng/Tieta_Feiteng_1001_PGC7KD69MBG400/rtl/include/tpm_define.v(line number: 38)] Define macro FSM_SPI_WAIT_END 8'h0D.
I: Verilog-0008: [C:/CPLD/pango/2_Tieta_Feiteng/Tieta_Feiteng_1001_PGC7KD69MBG400/rtl/include/tpm_define.v(line number: 39)] Define macro FSM_SPI_WAIT_DONE 8'h0E.
I: Verilog-0008: [C:/CPLD/pango/2_Tieta_Feiteng/Tieta_Feiteng_1001_PGC7KD69MBG400/rtl/include/tpm_define.v(line number: 40)] Define macro FSM_SPI_RDATA0 8'h0F.
I: Verilog-0008: [C:/CPLD/pango/2_Tieta_Feiteng/Tieta_Feiteng_1001_PGC7KD69MBG400/rtl/include/tpm_define.v(line number: 41)] Define macro FSM_SPI_RDATA1 8'h10.
I: Verilog-0008: [C:/CPLD/pango/2_Tieta_Feiteng/Tieta_Feiteng_1001_PGC7KD69MBG400/rtl/include/tpm_define.v(line number: 42)] Define macro FSM_SPI_RDATA2 8'h11.
I: Verilog-0008: [C:/CPLD/pango/2_Tieta_Feiteng/Tieta_Feiteng_1001_PGC7KD69MBG400/rtl/include/tpm_define.v(line number: 43)] Define macro FSM_SPI_RDATA3 8'h12.
I: Verilog-0008: [C:/CPLD/pango/2_Tieta_Feiteng/Tieta_Feiteng_1001_PGC7KD69MBG400/rtl/include/tpm_define.v(line number: 44)] Define macro FSM_SPI_RDATA_DONE 8'h13.
I: Verilog-0008: [C:/CPLD/pango/2_Tieta_Feiteng/Tieta_Feiteng_1001_PGC7KD69MBG400/rtl/include/tpm_define.v(line number: 45)] Define macro FSM_SPI_FAULT 8'h14.
I: Verilog-0008: [C:/CPLD/pango/2_Tieta_Feiteng/Tieta_Feiteng_1001_PGC7KD69MBG400/rtl/include/tpm_define.v(line number: 46)] Define macro FSM_SPI_DONE 8'h15.
I: Verilog-0008: [C:/CPLD/pango/2_Tieta_Feiteng/Tieta_Feiteng_1001_PGC7KD69MBG400/rtl/include/tpm_define.v(line number: 48)] Define macro FSM_BUF_IDLE 8'h00.
I: Verilog-0008: [C:/CPLD/pango/2_Tieta_Feiteng/Tieta_Feiteng_1001_PGC7KD69MBG400/rtl/include/tpm_define.v(line number: 49)] Define macro FSM_BUF_SPI_WDATA_DONE 8'h01.
I: Verilog-0008: [C:/CPLD/pango/2_Tieta_Feiteng/Tieta_Feiteng_1001_PGC7KD69MBG400/rtl/include/tpm_define.v(line number: 50)] Define macro FSM_BUF_SPI_TX_LPC_TX 8'h02.
I: Verilog-0008: [C:/CPLD/pango/2_Tieta_Feiteng/Tieta_Feiteng_1001_PGC7KD69MBG400/rtl/include/tpm_define.v(line number: 51)] Define macro FSM_BUF_LPC_TX_BUFFER 8'h03.
I: Verilog-0008: [C:/CPLD/pango/2_Tieta_Feiteng/Tieta_Feiteng_1001_PGC7KD69MBG400/rtl/include/tpm_define.v(line number: 52)] Define macro FSM_BUF_LPC_TX 8'h04.
I: Verilog-0008: [C:/CPLD/pango/2_Tieta_Feiteng/Tieta_Feiteng_1001_PGC7KD69MBG400/rtl/include/tpm_define.v(line number: 53)] Define macro FSM_BUF_LPC_DONE_TX 8'h05.
I: Verilog-0008: [C:/CPLD/pango/2_Tieta_Feiteng/Tieta_Feiteng_1001_PGC7KD69MBG400/rtl/include/tpm_define.v(line number: 54)] Define macro FSM_BUF_SPI_WAIT 8'h06.
I: Verilog-0008: [C:/CPLD/pango/2_Tieta_Feiteng/Tieta_Feiteng_1001_PGC7KD69MBG400/rtl/include/tpm_define.v(line number: 55)] Define macro FSM_BUF_SPI_RX_LPC_RX 8'h07.
I: Verilog-0008: [C:/CPLD/pango/2_Tieta_Feiteng/Tieta_Feiteng_1001_PGC7KD69MBG400/rtl/include/tpm_define.v(line number: 56)] Define macro FSM_BUF_LPC_RX_BUFFER 8'h08.
I: Verilog-0008: [C:/CPLD/pango/2_Tieta_Feiteng/Tieta_Feiteng_1001_PGC7KD69MBG400/rtl/include/tpm_define.v(line number: 57)] Define macro FSM_BUF_LPC_RX 8'h09.
I: Verilog-0008: [C:/CPLD/pango/2_Tieta_Feiteng/Tieta_Feiteng_1001_PGC7KD69MBG400/rtl/include/tpm_define.v(line number: 58)] Define macro FSM_BUF_LPC_DONE_RX 8'h0A.
I: Verilog-0008: [C:/CPLD/pango/2_Tieta_Feiteng/Tieta_Feiteng_1001_PGC7KD69MBG400/rtl/include/tpm_define.v(line number: 59)] Define macro FSM_BUF_LPC_RX_SPI_RX 8'h0B.
I: Verilog-0008: [C:/CPLD/pango/2_Tieta_Feiteng/Tieta_Feiteng_1001_PGC7KD69MBG400/rtl/include/tpm_define.v(line number: 60)] Define macro FSM_BUF_SPI_RDATA_BUFFER 8'h0C.
I: Verilog-0008: [C:/CPLD/pango/2_Tieta_Feiteng/Tieta_Feiteng_1001_PGC7KD69MBG400/rtl/include/tpm_define.v(line number: 61)] Define macro FSM_BUF_SPI_RDATA0 8'h0D.
I: Verilog-0008: [C:/CPLD/pango/2_Tieta_Feiteng/Tieta_Feiteng_1001_PGC7KD69MBG400/rtl/include/tpm_define.v(line number: 62)] Define macro FSM_BUF_SPI_WAIT_DONE 8'h0E.
I: Verilog-0008: [C:/CPLD/pango/2_Tieta_Feiteng/Tieta_Feiteng_1001_PGC7KD69MBG400/rtl/include/tpm_define.v(line number: 63)] Define macro FSM_BUF_DONE 8'h0F.
I: Verilog-0008: [C:/CPLD/pango/2_Tieta_Feiteng/Tieta_Feiteng_1001_PGC7KD69MBG400/rtl/include/tpm_define.v(line number: 65)] Define macro FSM_LPC_IDLE 8'h00.
I: Verilog-0008: [C:/CPLD/pango/2_Tieta_Feiteng/Tieta_Feiteng_1001_PGC7KD69MBG400/rtl/include/tpm_define.v(line number: 66)] Define macro FSM_LPC 8'h01.
I: Verilog-0008: [C:/CPLD/pango/2_Tieta_Feiteng/Tieta_Feiteng_1001_PGC7KD69MBG400/rtl/include/tpm_define.v(line number: 67)] Define macro FSM_LPC_START0 8'h02.
I: Verilog-0008: [C:/CPLD/pango/2_Tieta_Feiteng/Tieta_Feiteng_1001_PGC7KD69MBG400/rtl/include/tpm_define.v(line number: 68)] Define macro FSM_LPC_START 8'h03.
I: Verilog-0008: [C:/CPLD/pango/2_Tieta_Feiteng/Tieta_Feiteng_1001_PGC7KD69MBG400/rtl/include/tpm_define.v(line number: 69)] Define macro FSM_LPC_CTDIR 8'h04.
I: Verilog-0008: [C:/CPLD/pango/2_Tieta_Feiteng/Tieta_Feiteng_1001_PGC7KD69MBG400/rtl/include/tpm_define.v(line number: 70)] Define macro FSM_LPC_ADDR_3 8'h05.
I: Verilog-0008: [C:/CPLD/pango/2_Tieta_Feiteng/Tieta_Feiteng_1001_PGC7KD69MBG400/rtl/include/tpm_define.v(line number: 71)] Define macro FSM_LPC_ADDR_2 8'h06.
I: Verilog-0008: [C:/CPLD/pango/2_Tieta_Feiteng/Tieta_Feiteng_1001_PGC7KD69MBG400/rtl/include/tpm_define.v(line number: 72)] Define macro FSM_LPC_ADDR_1 8'h07.
I: Verilog-0008: [C:/CPLD/pango/2_Tieta_Feiteng/Tieta_Feiteng_1001_PGC7KD69MBG400/rtl/include/tpm_define.v(line number: 73)] Define macro FSM_LPC_ADDR_0 8'h08.
I: Verilog-0008: [C:/CPLD/pango/2_Tieta_Feiteng/Tieta_Feiteng_1001_PGC7KD69MBG400/rtl/include/tpm_define.v(line number: 74)] Define macro FSM_LPC_WDATA_0 8'h09.
I: Verilog-0008: [C:/CPLD/pango/2_Tieta_Feiteng/Tieta_Feiteng_1001_PGC7KD69MBG400/rtl/include/tpm_define.v(line number: 75)] Define macro FSM_LPC_WDATA_1 8'h0A.
I: Verilog-0008: [C:/CPLD/pango/2_Tieta_Feiteng/Tieta_Feiteng_1001_PGC7KD69MBG400/rtl/include/tpm_define.v(line number: 76)] Define macro FSM_LPC_WTAR_0 8'h0B.
I: Verilog-0008: [C:/CPLD/pango/2_Tieta_Feiteng/Tieta_Feiteng_1001_PGC7KD69MBG400/rtl/include/tpm_define.v(line number: 77)] Define macro FSM_LPC_WTAR_1 8'h0C.
I: Verilog-0008: [C:/CPLD/pango/2_Tieta_Feiteng/Tieta_Feiteng_1001_PGC7KD69MBG400/rtl/include/tpm_define.v(line number: 78)] Define macro FSM_LPC_WSYNC 8'h0D.
I: Verilog-0008: [C:/CPLD/pango/2_Tieta_Feiteng/Tieta_Feiteng_1001_PGC7KD69MBG400/rtl/include/tpm_define.v(line number: 79)] Define macro FSM_LPC_RDATA_0 8'h0E.
I: Verilog-0008: [C:/CPLD/pango/2_Tieta_Feiteng/Tieta_Feiteng_1001_PGC7KD69MBG400/rtl/include/tpm_define.v(line number: 80)] Define macro FSM_LPC_RDATA_1 8'h0F.
I: Verilog-0008: [C:/CPLD/pango/2_Tieta_Feiteng/Tieta_Feiteng_1001_PGC7KD69MBG400/rtl/include/tpm_define.v(line number: 81)] Define macro FSM_LPC_RTAR_0 8'h10.
I: Verilog-0008: [C:/CPLD/pango/2_Tieta_Feiteng/Tieta_Feiteng_1001_PGC7KD69MBG400/rtl/include/tpm_define.v(line number: 82)] Define macro FSM_LPC_RTAR_1 8'h11.
I: Verilog-0008: [C:/CPLD/pango/2_Tieta_Feiteng/Tieta_Feiteng_1001_PGC7KD69MBG400/rtl/include/tpm_define.v(line number: 83)] Define macro FSM_LPC_RSYNC 8'h12.
I: Verilog-0008: [C:/CPLD/pango/2_Tieta_Feiteng/Tieta_Feiteng_1001_PGC7KD69MBG400/rtl/include/tpm_define.v(line number: 84)] Define macro FSM_LPC_TAR2_0 8'h13.
I: Verilog-0008: [C:/CPLD/pango/2_Tieta_Feiteng/Tieta_Feiteng_1001_PGC7KD69MBG400/rtl/include/tpm_define.v(line number: 85)] Define macro FSM_LPC_TAR2_1 8'h14.
I: Verilog-0008: [C:/CPLD/pango/2_Tieta_Feiteng/Tieta_Feiteng_1001_PGC7KD69MBG400/rtl/include/tpm_define.v(line number: 86)] Define macro FSM_LPC_FAULT 8'h15.
I: Verilog-0008: [C:/CPLD/pango/2_Tieta_Feiteng/Tieta_Feiteng_1001_PGC7KD69MBG400/rtl/include/tpm_define.v(line number: 87)] Define macro FSM_LPC_DONE 8'h16.
I: Verilog-0008: [C:/CPLD/pango/2_Tieta_Feiteng/Tieta_Feiteng_1001_PGC7KD69MBG400/rtl/include/tpm_define.v(line number: 164)] Define macro LPC_CYCTYPE_IO 2'b00.
I: Verilog-0008: [C:/CPLD/pango/2_Tieta_Feiteng/Tieta_Feiteng_1001_PGC7KD69MBG400/rtl/include/tpm_define.v(line number: 170)] Define macro LPC_DIRECTION_RD 1'b0.
I: Verilog-0008: [C:/CPLD/pango/2_Tieta_Feiteng/Tieta_Feiteng_1001_PGC7KD69MBG400/rtl/include/tpm_define.v(line number: 171)] Define macro LPC_DIRECTION_WR 1'b1.
I: Verilog-0008: [C:/CPLD/pango/2_Tieta_Feiteng/Tieta_Feiteng_1001_PGC7KD69MBG400/rtl/include/tpm_define.v(line number: 180)] Define macro LPC_SYNC_RDY 4'b0000.
I: Verilog-0002: [C:/CPLD/pango/2_Tieta_Feiteng/Tieta_Feiteng_1001_PGC7KD69MBG400/rtl/source/Tieta_Feiteng_1001_top.v(line number: 4)] Analyzing module Tieta_Feiteng_1001_top (library work).
W: Verilog-2057: [C:/CPLD/pango/2_Tieta_Feiteng/Tieta_Feiteng_1001_PGC7KD69MBG400/rtl/source/Tieta_Feiteng_1001_top.v(line number: 1731)] i_PAL_OCP1_FAN_PRSNT_N is declared implicitly.
W: Verilog-2057: [C:/CPLD/pango/2_Tieta_Feiteng/Tieta_Feiteng_1001_PGC7KD69MBG400/rtl/source/Tieta_Feiteng_1001_top.v(line number: 1780)] db_i_pal_ocp1_fan_prsnt_n is declared implicitly.
W: Verilog-2057: [C:/CPLD/pango/2_Tieta_Feiteng/Tieta_Feiteng_1001_PGC7KD69MBG400/rtl/source/Tieta_Feiteng_1001_top.v(line number: 1827)] i_PAL_CPU0_VR_PMALT_UPD is declared implicitly.
W: Verilog-2057: [C:/CPLD/pango/2_Tieta_Feiteng/Tieta_Feiteng_1001_PGC7KD69MBG400/rtl/source/Tieta_Feiteng_1001_top.v(line number: 1828)] i_PAL_CPU1_VR_PMALT_UPD is declared implicitly.
W: Verilog-2057: [C:/CPLD/pango/2_Tieta_Feiteng/Tieta_Feiteng_1001_PGC7KD69MBG400/rtl/source/Tieta_Feiteng_1001_top.v(line number: 1845)] ocp_pvt_act_p0_n is declared implicitly.
W: Verilog-2057: [C:/CPLD/pango/2_Tieta_Feiteng/Tieta_Feiteng_1001_PGC7KD69MBG400/rtl/source/Tieta_Feiteng_1001_top.v(line number: 1846)] ocp_pvt_act_p1_n is declared implicitly.
W: Verilog-2057: [C:/CPLD/pango/2_Tieta_Feiteng/Tieta_Feiteng_1001_PGC7KD69MBG400/rtl/source/Tieta_Feiteng_1001_top.v(line number: 1847)] ocp_pvt_act_p2_n is declared implicitly.
W: Verilog-2057: [C:/CPLD/pango/2_Tieta_Feiteng/Tieta_Feiteng_1001_PGC7KD69MBG400/rtl/source/Tieta_Feiteng_1001_top.v(line number: 1848)] ocp_pvt_act_p3_n is declared implicitly.
W: Verilog-2057: [C:/CPLD/pango/2_Tieta_Feiteng/Tieta_Feiteng_1001_PGC7KD69MBG400/rtl/source/Tieta_Feiteng_1001_top.v(line number: 1849)] ocp_pvt_act_p4_n is declared implicitly.
W: Verilog-2057: [C:/CPLD/pango/2_Tieta_Feiteng/Tieta_Feiteng_1001_PGC7KD69MBG400/rtl/source/Tieta_Feiteng_1001_top.v(line number: 1850)] ocp_pvt_act_p5_n is declared implicitly.
W: Verilog-2057: [C:/CPLD/pango/2_Tieta_Feiteng/Tieta_Feiteng_1001_PGC7KD69MBG400/rtl/source/Tieta_Feiteng_1001_top.v(line number: 1851)] ocp_pvt_act_p6_n is declared implicitly.
W: Verilog-2057: [C:/CPLD/pango/2_Tieta_Feiteng/Tieta_Feiteng_1001_PGC7KD69MBG400/rtl/source/Tieta_Feiteng_1001_top.v(line number: 1852)] ocp_pvt_act_p7_n is declared implicitly.
W: Verilog-2057: [C:/CPLD/pango/2_Tieta_Feiteng/Tieta_Feiteng_1001_PGC7KD69MBG400/rtl/source/Tieta_Feiteng_1001_top.v(line number: 1853)] ocp_pvt_link_spda_p0_n is declared implicitly.
W: Verilog-2057: [C:/CPLD/pango/2_Tieta_Feiteng/Tieta_Feiteng_1001_PGC7KD69MBG400/rtl/source/Tieta_Feiteng_1001_top.v(line number: 1853)] ocp_pvt_link_spdb_p0_n is declared implicitly.
W: Verilog-2057: [C:/CPLD/pango/2_Tieta_Feiteng/Tieta_Feiteng_1001_PGC7KD69MBG400/rtl/source/Tieta_Feiteng_1001_top.v(line number: 1854)] ocp_pvt_link_spda_p1_n is declared implicitly.
W: Verilog-2057: [C:/CPLD/pango/2_Tieta_Feiteng/Tieta_Feiteng_1001_PGC7KD69MBG400/rtl/source/Tieta_Feiteng_1001_top.v(line number: 1854)] ocp_pvt_link_spdb_p1_n is declared implicitly.
W: Verilog-2057: [C:/CPLD/pango/2_Tieta_Feiteng/Tieta_Feiteng_1001_PGC7KD69MBG400/rtl/source/Tieta_Feiteng_1001_top.v(line number: 1855)] ocp_pvt_link_spda_p2_n is declared implicitly.
W: Verilog-2057: [C:/CPLD/pango/2_Tieta_Feiteng/Tieta_Feiteng_1001_PGC7KD69MBG400/rtl/source/Tieta_Feiteng_1001_top.v(line number: 1855)] ocp_pvt_link_spdb_p2_n is declared implicitly.
W: Verilog-2057: [C:/CPLD/pango/2_Tieta_Feiteng/Tieta_Feiteng_1001_PGC7KD69MBG400/rtl/source/Tieta_Feiteng_1001_top.v(line number: 1856)] ocp_pvt_link_spda_p3_n is declared implicitly.
W: Verilog-2057: [C:/CPLD/pango/2_Tieta_Feiteng/Tieta_Feiteng_1001_PGC7KD69MBG400/rtl/source/Tieta_Feiteng_1001_top.v(line number: 1856)] ocp_pvt_link_spdb_p3_n is declared implicitly.
W: Verilog-2057: [C:/CPLD/pango/2_Tieta_Feiteng/Tieta_Feiteng_1001_PGC7KD69MBG400/rtl/source/Tieta_Feiteng_1001_top.v(line number: 1857)] ocp_pvt_link_spda_p4_n is declared implicitly.
W: Verilog-2057: [C:/CPLD/pango/2_Tieta_Feiteng/Tieta_Feiteng_1001_PGC7KD69MBG400/rtl/source/Tieta_Feiteng_1001_top.v(line number: 1857)] ocp_pvt_link_spdb_p4_n is declared implicitly.
W: Verilog-2057: [C:/CPLD/pango/2_Tieta_Feiteng/Tieta_Feiteng_1001_PGC7KD69MBG400/rtl/source/Tieta_Feiteng_1001_top.v(line number: 1858)] ocp_pvt_link_spda_p5_n is declared implicitly.
W: Verilog-2057: [C:/CPLD/pango/2_Tieta_Feiteng/Tieta_Feiteng_1001_PGC7KD69MBG400/rtl/source/Tieta_Feiteng_1001_top.v(line number: 1858)] ocp_pvt_link_spdb_p5_n is declared implicitly.
W: Verilog-2057: [C:/CPLD/pango/2_Tieta_Feiteng/Tieta_Feiteng_1001_PGC7KD69MBG400/rtl/source/Tieta_Feiteng_1001_top.v(line number: 1859)] ocp_pvt_link_spda_p6_n is declared implicitly.
W: Verilog-2057: [C:/CPLD/pango/2_Tieta_Feiteng/Tieta_Feiteng_1001_PGC7KD69MBG400/rtl/source/Tieta_Feiteng_1001_top.v(line number: 1859)] ocp_pvt_link_spdb_p6_n is declared implicitly.
W: Verilog-2057: [C:/CPLD/pango/2_Tieta_Feiteng/Tieta_Feiteng_1001_PGC7KD69MBG400/rtl/source/Tieta_Feiteng_1001_top.v(line number: 1860)] ocp_pvt_link_spda_p7_n is declared implicitly.
W: Verilog-2057: [C:/CPLD/pango/2_Tieta_Feiteng/Tieta_Feiteng_1001_PGC7KD69MBG400/rtl/source/Tieta_Feiteng_1001_top.v(line number: 1860)] ocp_pvt_link_spdb_p7_n is declared implicitly.
W: Verilog-2057: [C:/CPLD/pango/2_Tieta_Feiteng/Tieta_Feiteng_1001_PGC7KD69MBG400/rtl/source/Tieta_Feiteng_1001_top.v(line number: 1861)] ocp2_pvt_act_p0_n is declared implicitly.
W: Verilog-2057: [C:/CPLD/pango/2_Tieta_Feiteng/Tieta_Feiteng_1001_PGC7KD69MBG400/rtl/source/Tieta_Feiteng_1001_top.v(line number: 1862)] ocp2_pvt_act_p1_n is declared implicitly.
W: Verilog-2057: [C:/CPLD/pango/2_Tieta_Feiteng/Tieta_Feiteng_1001_PGC7KD69MBG400/rtl/source/Tieta_Feiteng_1001_top.v(line number: 1863)] ocp2_pvt_act_p2_n is declared implicitly.
W: Verilog-2057: [C:/CPLD/pango/2_Tieta_Feiteng/Tieta_Feiteng_1001_PGC7KD69MBG400/rtl/source/Tieta_Feiteng_1001_top.v(line number: 1864)] ocp2_pvt_act_p3_n is declared implicitly.
W: Verilog-2057: [C:/CPLD/pango/2_Tieta_Feiteng/Tieta_Feiteng_1001_PGC7KD69MBG400/rtl/source/Tieta_Feiteng_1001_top.v(line number: 1865)] ocp2_pvt_act_p4_n is declared implicitly.
W: Verilog-2057: [C:/CPLD/pango/2_Tieta_Feiteng/Tieta_Feiteng_1001_PGC7KD69MBG400/rtl/source/Tieta_Feiteng_1001_top.v(line number: 1866)] ocp2_pvt_act_p5_n is declared implicitly.
W: Verilog-2057: [C:/CPLD/pango/2_Tieta_Feiteng/Tieta_Feiteng_1001_PGC7KD69MBG400/rtl/source/Tieta_Feiteng_1001_top.v(line number: 1867)] ocp2_pvt_act_p6_n is declared implicitly.
W: Verilog-2057: [C:/CPLD/pango/2_Tieta_Feiteng/Tieta_Feiteng_1001_PGC7KD69MBG400/rtl/source/Tieta_Feiteng_1001_top.v(line number: 1868)] ocp2_pvt_act_p7_n is declared implicitly.
W: Verilog-2057: [C:/CPLD/pango/2_Tieta_Feiteng/Tieta_Feiteng_1001_PGC7KD69MBG400/rtl/source/Tieta_Feiteng_1001_top.v(line number: 1869)] ocp2_pvt_link_spda_p0_n is declared implicitly.
W: Verilog-2057: [C:/CPLD/pango/2_Tieta_Feiteng/Tieta_Feiteng_1001_PGC7KD69MBG400/rtl/source/Tieta_Feiteng_1001_top.v(line number: 1869)] ocp2_pvt_link_spdb_p0_n is declared implicitly.
W: Verilog-2057: [C:/CPLD/pango/2_Tieta_Feiteng/Tieta_Feiteng_1001_PGC7KD69MBG400/rtl/source/Tieta_Feiteng_1001_top.v(line number: 1870)] ocp2_pvt_link_spda_p1_n is declared implicitly.
W: Verilog-2057: [C:/CPLD/pango/2_Tieta_Feiteng/Tieta_Feiteng_1001_PGC7KD69MBG400/rtl/source/Tieta_Feiteng_1001_top.v(line number: 1870)] ocp2_pvt_link_spdb_p1_n is declared implicitly.
W: Verilog-2057: [C:/CPLD/pango/2_Tieta_Feiteng/Tieta_Feiteng_1001_PGC7KD69MBG400/rtl/source/Tieta_Feiteng_1001_top.v(line number: 1871)] ocp2_pvt_link_spda_p2_n is declared implicitly.
W: Verilog-2057: [C:/CPLD/pango/2_Tieta_Feiteng/Tieta_Feiteng_1001_PGC7KD69MBG400/rtl/source/Tieta_Feiteng_1001_top.v(line number: 1871)] ocp2_pvt_link_spdb_p2_n is declared implicitly.
W: Verilog-2057: [C:/CPLD/pango/2_Tieta_Feiteng/Tieta_Feiteng_1001_PGC7KD69MBG400/rtl/source/Tieta_Feiteng_1001_top.v(line number: 1872)] ocp2_pvt_link_spda_p3_n is declared implicitly.
W: Verilog-2057: [C:/CPLD/pango/2_Tieta_Feiteng/Tieta_Feiteng_1001_PGC7KD69MBG400/rtl/source/Tieta_Feiteng_1001_top.v(line number: 1872)] ocp2_pvt_link_spdb_p3_n is declared implicitly.
W: Verilog-2057: [C:/CPLD/pango/2_Tieta_Feiteng/Tieta_Feiteng_1001_PGC7KD69MBG400/rtl/source/Tieta_Feiteng_1001_top.v(line number: 1873)] ocp2_pvt_link_spda_p4_n is declared implicitly.
W: Verilog-2057: [C:/CPLD/pango/2_Tieta_Feiteng/Tieta_Feiteng_1001_PGC7KD69MBG400/rtl/source/Tieta_Feiteng_1001_top.v(line number: 1873)] ocp2_pvt_link_spdb_p4_n is declared implicitly.
W: Verilog-2057: [C:/CPLD/pango/2_Tieta_Feiteng/Tieta_Feiteng_1001_PGC7KD69MBG400/rtl/source/Tieta_Feiteng_1001_top.v(line number: 1874)] ocp2_pvt_link_spda_p5_n is declared implicitly.
W: Verilog-2057: [C:/CPLD/pango/2_Tieta_Feiteng/Tieta_Feiteng_1001_PGC7KD69MBG400/rtl/source/Tieta_Feiteng_1001_top.v(line number: 1874)] ocp2_pvt_link_spdb_p5_n is declared implicitly.
W: Verilog-2057: [C:/CPLD/pango/2_Tieta_Feiteng/Tieta_Feiteng_1001_PGC7KD69MBG400/rtl/source/Tieta_Feiteng_1001_top.v(line number: 1875)] ocp2_pvt_link_spda_p6_n is declared implicitly.
W: Verilog-2057: [C:/CPLD/pango/2_Tieta_Feiteng/Tieta_Feiteng_1001_PGC7KD69MBG400/rtl/source/Tieta_Feiteng_1001_top.v(line number: 1875)] ocp2_pvt_link_spdb_p6_n is declared implicitly.
W: Verilog-2057: [C:/CPLD/pango/2_Tieta_Feiteng/Tieta_Feiteng_1001_PGC7KD69MBG400/rtl/source/Tieta_Feiteng_1001_top.v(line number: 1876)] ocp2_pvt_link_spda_p7_n is declared implicitly.
W: Verilog-2057: [C:/CPLD/pango/2_Tieta_Feiteng/Tieta_Feiteng_1001_PGC7KD69MBG400/rtl/source/Tieta_Feiteng_1001_top.v(line number: 1876)] ocp2_pvt_link_spdb_p7_n is declared implicitly.
W: Verilog-2057: [C:/CPLD/pango/2_Tieta_Feiteng/Tieta_Feiteng_1001_PGC7KD69MBG400/rtl/source/Tieta_Feiteng_1001_top.v(line number: 2957)] stby_failure_detected is declared implicitly.
W: Verilog-2057: [C:/CPLD/pango/2_Tieta_Feiteng/Tieta_Feiteng_1001_PGC7KD69MBG400/rtl/source/Tieta_Feiteng_1001_top.v(line number: 2959)] dc_failure_detected is declared implicitly.
W: Verilog-2057: [C:/CPLD/pango/2_Tieta_Feiteng/Tieta_Feiteng_1001_PGC7KD69MBG400/rtl/source/Tieta_Feiteng_1001_top.v(line number: 2961)] rt_failure_detected is declared implicitly.
W: Verilog-2057: [C:/CPLD/pango/2_Tieta_Feiteng/Tieta_Feiteng_1001_PGC7KD69MBG400/rtl/source/Tieta_Feiteng_1001_top.v(line number: 2963)] cpld_latch_sys_off is declared implicitly.
W: Verilog-2057: [C:/CPLD/pango/2_Tieta_Feiteng/Tieta_Feiteng_1001_PGC7KD69MBG400/rtl/source/Tieta_Feiteng_1001_top.v(line number: 3085)] p1v1_en_r is declared implicitly.
W: Verilog-2057: [C:/CPLD/pango/2_Tieta_Feiteng/Tieta_Feiteng_1001_PGC7KD69MBG400/rtl/source/Tieta_Feiteng_1001_top.v(line number: 3780)] db_i_pal_p5v_pgd is declared implicitly.
Parsing done.
W: Public-4030: File 'C:/CPLD/pango/2_Tieta_Feiteng/Tieta_Feiteng_1001_PGC7KD69MBG400/rtl/include/pwrseq_define.v' has been added. It is skipped.
I: Verilog-0001: Analyzing file C:/CPLD/pango/2_Tieta_Feiteng/Tieta_Feiteng_1001_PGC7KD69MBG400/rtl/include/pwrseq_define.v.
I: Verilog-0008: [C:/CPLD/pango/2_Tieta_Feiteng/Tieta_Feiteng_1001_PGC7KD69MBG400/rtl/include/pwrseq_define.v(line number: 1)] Define macro SM_RESET_STATE 6'h00.
I: Verilog-0008: [C:/CPLD/pango/2_Tieta_Feiteng/Tieta_Feiteng_1001_PGC7KD69MBG400/rtl/include/pwrseq_define.v(line number: 2)] Define macro SM_DISABLE_S5_DEVICES 6'h01.
I: Verilog-0008: [C:/CPLD/pango/2_Tieta_Feiteng/Tieta_Feiteng_1001_PGC7KD69MBG400/rtl/include/pwrseq_define.v(line number: 4)] Define macro SM_OFF_STANDBY 6'h02.
I: Verilog-0008: [C:/CPLD/pango/2_Tieta_Feiteng/Tieta_Feiteng_1001_PGC7KD69MBG400/rtl/include/pwrseq_define.v(line number: 5)] Define macro SM_ENABLE_S5_DEVICES 6'h03.
I: Verilog-0008: [C:/CPLD/pango/2_Tieta_Feiteng/Tieta_Feiteng_1001_PGC7KD69MBG400/rtl/include/pwrseq_define.v(line number: 6)] Define macro SM_PS_ON 6'h04.
I: Verilog-0008: [C:/CPLD/pango/2_Tieta_Feiteng/Tieta_Feiteng_1001_PGC7KD69MBG400/rtl/include/pwrseq_define.v(line number: 7)] Define macro SM_EN_5V_STBY 6'h05.
I: Verilog-0008: [C:/CPLD/pango/2_Tieta_Feiteng/Tieta_Feiteng_1001_PGC7KD69MBG400/rtl/include/pwrseq_define.v(line number: 8)] Define macro SM_EN_TELEM 6'h06.
I: Verilog-0008: [C:/CPLD/pango/2_Tieta_Feiteng/Tieta_Feiteng_1001_PGC7KD69MBG400/rtl/include/pwrseq_define.v(line number: 9)] Define macro SM_EN_MAIN_EFUSE 6'h07.
I: Verilog-0008: [C:/CPLD/pango/2_Tieta_Feiteng/Tieta_Feiteng_1001_PGC7KD69MBG400/rtl/include/pwrseq_define.v(line number: 10)] Define macro SM_EN_5V 6'h08.
I: Verilog-0008: [C:/CPLD/pango/2_Tieta_Feiteng/Tieta_Feiteng_1001_PGC7KD69MBG400/rtl/include/pwrseq_define.v(line number: 11)] Define macro SM_EN_3V3 6'h09.
I: Verilog-0008: [C:/CPLD/pango/2_Tieta_Feiteng/Tieta_Feiteng_1001_PGC7KD69MBG400/rtl/include/pwrseq_define.v(line number: 12)] Define macro SM_EN_1V1 6'h0A.
I: Verilog-0008: [C:/CPLD/pango/2_Tieta_Feiteng/Tieta_Feiteng_1001_PGC7KD69MBG400/rtl/include/pwrseq_define.v(line number: 14)] Define macro SM_EN_CPU_CORE 6'h0B.
I: Verilog-0008: [C:/CPLD/pango/2_Tieta_Feiteng/Tieta_Feiteng_1001_PGC7KD69MBG400/rtl/include/pwrseq_define.v(line number: 15)] Define macro SM_EN_CPU_P1V8 6'h0C.
I: Verilog-0008: [C:/CPLD/pango/2_Tieta_Feiteng/Tieta_Feiteng_1001_PGC7KD69MBG400/rtl/include/pwrseq_define.v(line number: 16)] Define macro SM_EN_CPU_DDR 6'h0D.
I: Verilog-0008: [C:/CPLD/pango/2_Tieta_Feiteng/Tieta_Feiteng_1001_PGC7KD69MBG400/rtl/include/pwrseq_define.v(line number: 17)] Define macro SM_EN_CPU_VP 6'h0E.
I: Verilog-0008: [C:/CPLD/pango/2_Tieta_Feiteng/Tieta_Feiteng_1001_PGC7KD69MBG400/rtl/include/pwrseq_define.v(line number: 19)] Define macro PEX_RESET 6'h0F.
I: Verilog-0008: [C:/CPLD/pango/2_Tieta_Feiteng/Tieta_Feiteng_1001_PGC7KD69MBG400/rtl/include/pwrseq_define.v(line number: 20)] Define macro SM_CPU_RESET 6'h10.
I: Verilog-0008: [C:/CPLD/pango/2_Tieta_Feiteng/Tieta_Feiteng_1001_PGC7KD69MBG400/rtl/include/pwrseq_define.v(line number: 22)] Define macro SM_WAIT_POWEROK 6'h11.
I: Verilog-0008: [C:/CPLD/pango/2_Tieta_Feiteng/Tieta_Feiteng_1001_PGC7KD69MBG400/rtl/include/pwrseq_define.v(line number: 23)] Define macro SM_STEADY_PWROK 6'h12.
I: Verilog-0008: [C:/CPLD/pango/2_Tieta_Feiteng/Tieta_Feiteng_1001_PGC7KD69MBG400/rtl/include/pwrseq_define.v(line number: 24)] Define macro SM_CRITICAL_FAIL 6'h13.
I: Verilog-0008: [C:/CPLD/pango/2_Tieta_Feiteng/Tieta_Feiteng_1001_PGC7KD69MBG400/rtl/include/pwrseq_define.v(line number: 26)] Define macro SM_DISABLE_CPU_VP 6'h14.
I: Verilog-0008: [C:/CPLD/pango/2_Tieta_Feiteng/Tieta_Feiteng_1001_PGC7KD69MBG400/rtl/include/pwrseq_define.v(line number: 27)] Define macro SM_DISABLE_CPU_DDR 6'h15.
I: Verilog-0008: [C:/CPLD/pango/2_Tieta_Feiteng/Tieta_Feiteng_1001_PGC7KD69MBG400/rtl/include/pwrseq_define.v(line number: 28)] Define macro SM_DISABLE_CPU_P1V8 6'h16.
I: Verilog-0008: [C:/CPLD/pango/2_Tieta_Feiteng/Tieta_Feiteng_1001_PGC7KD69MBG400/rtl/include/pwrseq_define.v(line number: 29)] Define macro SM_DISABLE_CPU_CORE 6'h17.
I: Verilog-0008: [C:/CPLD/pango/2_Tieta_Feiteng/Tieta_Feiteng_1001_PGC7KD69MBG400/rtl/include/pwrseq_define.v(line number: 31)] Define macro SM_DISABLE_1V1 6'h18.
I: Verilog-0008: [C:/CPLD/pango/2_Tieta_Feiteng/Tieta_Feiteng_1001_PGC7KD69MBG400/rtl/include/pwrseq_define.v(line number: 32)] Define macro SM_DISABLE_3V3 6'h19.
I: Verilog-0008: [C:/CPLD/pango/2_Tieta_Feiteng/Tieta_Feiteng_1001_PGC7KD69MBG400/rtl/include/pwrseq_define.v(line number: 33)] Define macro SM_DISABLE_5V 6'h1A.
I: Verilog-0008: [C:/CPLD/pango/2_Tieta_Feiteng/Tieta_Feiteng_1001_PGC7KD69MBG400/rtl/include/pwrseq_define.v(line number: 35)] Define macro SM_DISABLE_MAIN_EFUSE 6'h1B.
I: Verilog-0008: [C:/CPLD/pango/2_Tieta_Feiteng/Tieta_Feiteng_1001_PGC7KD69MBG400/rtl/include/pwrseq_define.v(line number: 36)] Define macro SM_DISABLE_TELEM 6'h1C.
I: Verilog-0008: [C:/CPLD/pango/2_Tieta_Feiteng/Tieta_Feiteng_1001_PGC7KD69MBG400/rtl/include/pwrseq_define.v(line number: 37)] Define macro SM_DISABLE_PS_ON 6'h1D.
I: Verilog-0008: [C:/CPLD/pango/2_Tieta_Feiteng/Tieta_Feiteng_1001_PGC7KD69MBG400/rtl/include/pwrseq_define.v(line number: 39)] Define macro SM_HALT_POWER_CYCLE 6'h1E.
I: Verilog-0008: [C:/CPLD/pango/2_Tieta_Feiteng/Tieta_Feiteng_1001_PGC7KD69MBG400/rtl/include/pwrseq_define.v(line number: 40)] Define macro SM_AUX_FAIL_RECOVERY 6'h1F.
Parsing done.
W: Public-4030: File 'C:/CPLD/pango/2_Tieta_Feiteng/Tieta_Feiteng_1001_PGC7KD69MBG400/rtl/include/tpm_define.v' has been added. It is skipped.
I: Verilog-0001: Analyzing file C:/CPLD/pango/2_Tieta_Feiteng/Tieta_Feiteng_1001_PGC7KD69MBG400/rtl/include/tpm_define.v.
I: Verilog-0008: [C:/CPLD/pango/2_Tieta_Feiteng/Tieta_Feiteng_1001_PGC7KD69MBG400/rtl/include/tpm_define.v(line number: 6)] Define macro FSM_SPI_MOSI_BIT0 8'h00.
I: Verilog-0008: [C:/CPLD/pango/2_Tieta_Feiteng/Tieta_Feiteng_1001_PGC7KD69MBG400/rtl/include/tpm_define.v(line number: 7)] Define macro FSM_SPI_MOSI_BIT1 8'h01.
I: Verilog-0008: [C:/CPLD/pango/2_Tieta_Feiteng/Tieta_Feiteng_1001_PGC7KD69MBG400/rtl/include/tpm_define.v(line number: 8)] Define macro FSM_SPI_MOSI_BIT2 8'h02.
I: Verilog-0008: [C:/CPLD/pango/2_Tieta_Feiteng/Tieta_Feiteng_1001_PGC7KD69MBG400/rtl/include/tpm_define.v(line number: 9)] Define macro FSM_SPI_MOSI_BIT3 8'h03.
I: Verilog-0008: [C:/CPLD/pango/2_Tieta_Feiteng/Tieta_Feiteng_1001_PGC7KD69MBG400/rtl/include/tpm_define.v(line number: 10)] Define macro FSM_SPI_MOSI_BIT4 8'h04.
I: Verilog-0008: [C:/CPLD/pango/2_Tieta_Feiteng/Tieta_Feiteng_1001_PGC7KD69MBG400/rtl/include/tpm_define.v(line number: 11)] Define macro FSM_SPI_MOSI_BIT5 8'h05.
I: Verilog-0008: [C:/CPLD/pango/2_Tieta_Feiteng/Tieta_Feiteng_1001_PGC7KD69MBG400/rtl/include/tpm_define.v(line number: 12)] Define macro FSM_SPI_MOSI_BIT6 8'h06.
I: Verilog-0008: [C:/CPLD/pango/2_Tieta_Feiteng/Tieta_Feiteng_1001_PGC7KD69MBG400/rtl/include/tpm_define.v(line number: 13)] Define macro FSM_SPI_MOSI_BIT7 8'h07.
I: Verilog-0008: [C:/CPLD/pango/2_Tieta_Feiteng/Tieta_Feiteng_1001_PGC7KD69MBG400/rtl/include/tpm_define.v(line number: 15)] Define macro FSM_SPI_MISO_BIT0 8'h00.
I: Verilog-0008: [C:/CPLD/pango/2_Tieta_Feiteng/Tieta_Feiteng_1001_PGC7KD69MBG400/rtl/include/tpm_define.v(line number: 16)] Define macro FSM_SPI_MISO_BIT1 8'h01.
I: Verilog-0008: [C:/CPLD/pango/2_Tieta_Feiteng/Tieta_Feiteng_1001_PGC7KD69MBG400/rtl/include/tpm_define.v(line number: 17)] Define macro FSM_SPI_MISO_BIT2 8'h02.
I: Verilog-0008: [C:/CPLD/pango/2_Tieta_Feiteng/Tieta_Feiteng_1001_PGC7KD69MBG400/rtl/include/tpm_define.v(line number: 18)] Define macro FSM_SPI_MISO_BIT3 8'h03.
I: Verilog-0008: [C:/CPLD/pango/2_Tieta_Feiteng/Tieta_Feiteng_1001_PGC7KD69MBG400/rtl/include/tpm_define.v(line number: 19)] Define macro FSM_SPI_MISO_BIT4 8'h04.
I: Verilog-0008: [C:/CPLD/pango/2_Tieta_Feiteng/Tieta_Feiteng_1001_PGC7KD69MBG400/rtl/include/tpm_define.v(line number: 20)] Define macro FSM_SPI_MISO_BIT5 8'h05.
I: Verilog-0008: [C:/CPLD/pango/2_Tieta_Feiteng/Tieta_Feiteng_1001_PGC7KD69MBG400/rtl/include/tpm_define.v(line number: 21)] Define macro FSM_SPI_MISO_BIT6 8'h06.
I: Verilog-0008: [C:/CPLD/pango/2_Tieta_Feiteng/Tieta_Feiteng_1001_PGC7KD69MBG400/rtl/include/tpm_define.v(line number: 22)] Define macro FSM_SPI_MISO_BIT7 8'h07.
I: Verilog-0008: [C:/CPLD/pango/2_Tieta_Feiteng/Tieta_Feiteng_1001_PGC7KD69MBG400/rtl/include/tpm_define.v(line number: 25)] Define macro FSM_SPI_IDLE 8'h00.
I: Verilog-0008: [C:/CPLD/pango/2_Tieta_Feiteng/Tieta_Feiteng_1001_PGC7KD69MBG400/rtl/include/tpm_define.v(line number: 26)] Define macro FSM_SPI 8'h01.
I: Verilog-0008: [C:/CPLD/pango/2_Tieta_Feiteng/Tieta_Feiteng_1001_PGC7KD69MBG400/rtl/include/tpm_define.v(line number: 27)] Define macro FSM_SPI_COMMAND 8'h02.
I: Verilog-0008: [C:/CPLD/pango/2_Tieta_Feiteng/Tieta_Feiteng_1001_PGC7KD69MBG400/rtl/include/tpm_define.v(line number: 28)] Define macro FSM_SPI_ADDRESS2 8'h03.
I: Verilog-0008: [C:/CPLD/pango/2_Tieta_Feiteng/Tieta_Feiteng_1001_PGC7KD69MBG400/rtl/include/tpm_define.v(line number: 29)] Define macro FSM_SPI_ADDRESS1 8'h04.
I: Verilog-0008: [C:/CPLD/pango/2_Tieta_Feiteng/Tieta_Feiteng_1001_PGC7KD69MBG400/rtl/include/tpm_define.v(line number: 30)] Define macro FSM_SPI_ADDRESS0 8'h05.
I: Verilog-0008: [C:/CPLD/pango/2_Tieta_Feiteng/Tieta_Feiteng_1001_PGC7KD69MBG400/rtl/include/tpm_define.v(line number: 31)] Define macro FSM_SPI_WDATA0 8'h06.
I: Verilog-0008: [C:/CPLD/pango/2_Tieta_Feiteng/Tieta_Feiteng_1001_PGC7KD69MBG400/rtl/include/tpm_define.v(line number: 32)] Define macro FSM_SPI_WDATA1 8'h07.
I: Verilog-0008: [C:/CPLD/pango/2_Tieta_Feiteng/Tieta_Feiteng_1001_PGC7KD69MBG400/rtl/include/tpm_define.v(line number: 33)] Define macro FSM_SPI_WDATA2 8'h08.
I: Verilog-0008: [C:/CPLD/pango/2_Tieta_Feiteng/Tieta_Feiteng_1001_PGC7KD69MBG400/rtl/include/tpm_define.v(line number: 34)] Define macro FSM_SPI_WDATA3 8'h09.
I: Verilog-0008: [C:/CPLD/pango/2_Tieta_Feiteng/Tieta_Feiteng_1001_PGC7KD69MBG400/rtl/include/tpm_define.v(line number: 35)] Define macro FSM_SPI_WDATA_DONE 8'h0A.
I: Verilog-0008: [C:/CPLD/pango/2_Tieta_Feiteng/Tieta_Feiteng_1001_PGC7KD69MBG400/rtl/include/tpm_define.v(line number: 36)] Define macro FSM_SPI_WAIT 8'h0B.
I: Verilog-0008: [C:/CPLD/pango/2_Tieta_Feiteng/Tieta_Feiteng_1001_PGC7KD69MBG400/rtl/include/tpm_define.v(line number: 37)] Define macro FSM_SPI_WAIT_RDY 8'h0C.
I: Verilog-0008: [C:/CPLD/pango/2_Tieta_Feiteng/Tieta_Feiteng_1001_PGC7KD69MBG400/rtl/include/tpm_define.v(line number: 38)] Define macro FSM_SPI_WAIT_END 8'h0D.
I: Verilog-0008: [C:/CPLD/pango/2_Tieta_Feiteng/Tieta_Feiteng_1001_PGC7KD69MBG400/rtl/include/tpm_define.v(line number: 39)] Define macro FSM_SPI_WAIT_DONE 8'h0E.
I: Verilog-0008: [C:/CPLD/pango/2_Tieta_Feiteng/Tieta_Feiteng_1001_PGC7KD69MBG400/rtl/include/tpm_define.v(line number: 40)] Define macro FSM_SPI_RDATA0 8'h0F.
I: Verilog-0008: [C:/CPLD/pango/2_Tieta_Feiteng/Tieta_Feiteng_1001_PGC7KD69MBG400/rtl/include/tpm_define.v(line number: 41)] Define macro FSM_SPI_RDATA1 8'h10.
I: Verilog-0008: [C:/CPLD/pango/2_Tieta_Feiteng/Tieta_Feiteng_1001_PGC7KD69MBG400/rtl/include/tpm_define.v(line number: 42)] Define macro FSM_SPI_RDATA2 8'h11.
I: Verilog-0008: [C:/CPLD/pango/2_Tieta_Feiteng/Tieta_Feiteng_1001_PGC7KD69MBG400/rtl/include/tpm_define.v(line number: 43)] Define macro FSM_SPI_RDATA3 8'h12.
I: Verilog-0008: [C:/CPLD/pango/2_Tieta_Feiteng/Tieta_Feiteng_1001_PGC7KD69MBG400/rtl/include/tpm_define.v(line number: 44)] Define macro FSM_SPI_RDATA_DONE 8'h13.
I: Verilog-0008: [C:/CPLD/pango/2_Tieta_Feiteng/Tieta_Feiteng_1001_PGC7KD69MBG400/rtl/include/tpm_define.v(line number: 45)] Define macro FSM_SPI_FAULT 8'h14.
I: Verilog-0008: [C:/CPLD/pango/2_Tieta_Feiteng/Tieta_Feiteng_1001_PGC7KD69MBG400/rtl/include/tpm_define.v(line number: 46)] Define macro FSM_SPI_DONE 8'h15.
I: Verilog-0008: [C:/CPLD/pango/2_Tieta_Feiteng/Tieta_Feiteng_1001_PGC7KD69MBG400/rtl/include/tpm_define.v(line number: 48)] Define macro FSM_BUF_IDLE 8'h00.
I: Verilog-0008: [C:/CPLD/pango/2_Tieta_Feiteng/Tieta_Feiteng_1001_PGC7KD69MBG400/rtl/include/tpm_define.v(line number: 49)] Define macro FSM_BUF_SPI_WDATA_DONE 8'h01.
I: Verilog-0008: [C:/CPLD/pango/2_Tieta_Feiteng/Tieta_Feiteng_1001_PGC7KD69MBG400/rtl/include/tpm_define.v(line number: 50)] Define macro FSM_BUF_SPI_TX_LPC_TX 8'h02.
I: Verilog-0008: [C:/CPLD/pango/2_Tieta_Feiteng/Tieta_Feiteng_1001_PGC7KD69MBG400/rtl/include/tpm_define.v(line number: 51)] Define macro FSM_BUF_LPC_TX_BUFFER 8'h03.
I: Verilog-0008: [C:/CPLD/pango/2_Tieta_Feiteng/Tieta_Feiteng_1001_PGC7KD69MBG400/rtl/include/tpm_define.v(line number: 52)] Define macro FSM_BUF_LPC_TX 8'h04.
I: Verilog-0008: [C:/CPLD/pango/2_Tieta_Feiteng/Tieta_Feiteng_1001_PGC7KD69MBG400/rtl/include/tpm_define.v(line number: 53)] Define macro FSM_BUF_LPC_DONE_TX 8'h05.
I: Verilog-0008: [C:/CPLD/pango/2_Tieta_Feiteng/Tieta_Feiteng_1001_PGC7KD69MBG400/rtl/include/tpm_define.v(line number: 54)] Define macro FSM_BUF_SPI_WAIT 8'h06.
I: Verilog-0008: [C:/CPLD/pango/2_Tieta_Feiteng/Tieta_Feiteng_1001_PGC7KD69MBG400/rtl/include/tpm_define.v(line number: 55)] Define macro FSM_BUF_SPI_RX_LPC_RX 8'h07.
I: Verilog-0008: [C:/CPLD/pango/2_Tieta_Feiteng/Tieta_Feiteng_1001_PGC7KD69MBG400/rtl/include/tpm_define.v(line number: 56)] Define macro FSM_BUF_LPC_RX_BUFFER 8'h08.
I: Verilog-0008: [C:/CPLD/pango/2_Tieta_Feiteng/Tieta_Feiteng_1001_PGC7KD69MBG400/rtl/include/tpm_define.v(line number: 57)] Define macro FSM_BUF_LPC_RX 8'h09.
I: Verilog-0008: [C:/CPLD/pango/2_Tieta_Feiteng/Tieta_Feiteng_1001_PGC7KD69MBG400/rtl/include/tpm_define.v(line number: 58)] Define macro FSM_BUF_LPC_DONE_RX 8'h0A.
I: Verilog-0008: [C:/CPLD/pango/2_Tieta_Feiteng/Tieta_Feiteng_1001_PGC7KD69MBG400/rtl/include/tpm_define.v(line number: 59)] Define macro FSM_BUF_LPC_RX_SPI_RX 8'h0B.
I: Verilog-0008: [C:/CPLD/pango/2_Tieta_Feiteng/Tieta_Feiteng_1001_PGC7KD69MBG400/rtl/include/tpm_define.v(line number: 60)] Define macro FSM_BUF_SPI_RDATA_BUFFER 8'h0C.
I: Verilog-0008: [C:/CPLD/pango/2_Tieta_Feiteng/Tieta_Feiteng_1001_PGC7KD69MBG400/rtl/include/tpm_define.v(line number: 61)] Define macro FSM_BUF_SPI_RDATA0 8'h0D.
I: Verilog-0008: [C:/CPLD/pango/2_Tieta_Feiteng/Tieta_Feiteng_1001_PGC7KD69MBG400/rtl/include/tpm_define.v(line number: 62)] Define macro FSM_BUF_SPI_WAIT_DONE 8'h0E.
I: Verilog-0008: [C:/CPLD/pango/2_Tieta_Feiteng/Tieta_Feiteng_1001_PGC7KD69MBG400/rtl/include/tpm_define.v(line number: 63)] Define macro FSM_BUF_DONE 8'h0F.
I: Verilog-0008: [C:/CPLD/pango/2_Tieta_Feiteng/Tieta_Feiteng_1001_PGC7KD69MBG400/rtl/include/tpm_define.v(line number: 65)] Define macro FSM_LPC_IDLE 8'h00.
I: Verilog-0008: [C:/CPLD/pango/2_Tieta_Feiteng/Tieta_Feiteng_1001_PGC7KD69MBG400/rtl/include/tpm_define.v(line number: 66)] Define macro FSM_LPC 8'h01.
I: Verilog-0008: [C:/CPLD/pango/2_Tieta_Feiteng/Tieta_Feiteng_1001_PGC7KD69MBG400/rtl/include/tpm_define.v(line number: 67)] Define macro FSM_LPC_START0 8'h02.
I: Verilog-0008: [C:/CPLD/pango/2_Tieta_Feiteng/Tieta_Feiteng_1001_PGC7KD69MBG400/rtl/include/tpm_define.v(line number: 68)] Define macro FSM_LPC_START 8'h03.
I: Verilog-0008: [C:/CPLD/pango/2_Tieta_Feiteng/Tieta_Feiteng_1001_PGC7KD69MBG400/rtl/include/tpm_define.v(line number: 69)] Define macro FSM_LPC_CTDIR 8'h04.
I: Verilog-0008: [C:/CPLD/pango/2_Tieta_Feiteng/Tieta_Feiteng_1001_PGC7KD69MBG400/rtl/include/tpm_define.v(line number: 70)] Define macro FSM_LPC_ADDR_3 8'h05.
I: Verilog-0008: [C:/CPLD/pango/2_Tieta_Feiteng/Tieta_Feiteng_1001_PGC7KD69MBG400/rtl/include/tpm_define.v(line number: 71)] Define macro FSM_LPC_ADDR_2 8'h06.
I: Verilog-0008: [C:/CPLD/pango/2_Tieta_Feiteng/Tieta_Feiteng_1001_PGC7KD69MBG400/rtl/include/tpm_define.v(line number: 72)] Define macro FSM_LPC_ADDR_1 8'h07.
I: Verilog-0008: [C:/CPLD/pango/2_Tieta_Feiteng/Tieta_Feiteng_1001_PGC7KD69MBG400/rtl/include/tpm_define.v(line number: 73)] Define macro FSM_LPC_ADDR_0 8'h08.
I: Verilog-0008: [C:/CPLD/pango/2_Tieta_Feiteng/Tieta_Feiteng_1001_PGC7KD69MBG400/rtl/include/tpm_define.v(line number: 74)] Define macro FSM_LPC_WDATA_0 8'h09.
I: Verilog-0008: [C:/CPLD/pango/2_Tieta_Feiteng/Tieta_Feiteng_1001_PGC7KD69MBG400/rtl/include/tpm_define.v(line number: 75)] Define macro FSM_LPC_WDATA_1 8'h0A.
I: Verilog-0008: [C:/CPLD/pango/2_Tieta_Feiteng/Tieta_Feiteng_1001_PGC7KD69MBG400/rtl/include/tpm_define.v(line number: 76)] Define macro FSM_LPC_WTAR_0 8'h0B.
I: Verilog-0008: [C:/CPLD/pango/2_Tieta_Feiteng/Tieta_Feiteng_1001_PGC7KD69MBG400/rtl/include/tpm_define.v(line number: 77)] Define macro FSM_LPC_WTAR_1 8'h0C.
I: Verilog-0008: [C:/CPLD/pango/2_Tieta_Feiteng/Tieta_Feiteng_1001_PGC7KD69MBG400/rtl/include/tpm_define.v(line number: 78)] Define macro FSM_LPC_WSYNC 8'h0D.
I: Verilog-0008: [C:/CPLD/pango/2_Tieta_Feiteng/Tieta_Feiteng_1001_PGC7KD69MBG400/rtl/include/tpm_define.v(line number: 79)] Define macro FSM_LPC_RDATA_0 8'h0E.
I: Verilog-0008: [C:/CPLD/pango/2_Tieta_Feiteng/Tieta_Feiteng_1001_PGC7KD69MBG400/rtl/include/tpm_define.v(line number: 80)] Define macro FSM_LPC_RDATA_1 8'h0F.
I: Verilog-0008: [C:/CPLD/pango/2_Tieta_Feiteng/Tieta_Feiteng_1001_PGC7KD69MBG400/rtl/include/tpm_define.v(line number: 81)] Define macro FSM_LPC_RTAR_0 8'h10.
I: Verilog-0008: [C:/CPLD/pango/2_Tieta_Feiteng/Tieta_Feiteng_1001_PGC7KD69MBG400/rtl/include/tpm_define.v(line number: 82)] Define macro FSM_LPC_RTAR_1 8'h11.
I: Verilog-0008: [C:/CPLD/pango/2_Tieta_Feiteng/Tieta_Feiteng_1001_PGC7KD69MBG400/rtl/include/tpm_define.v(line number: 83)] Define macro FSM_LPC_RSYNC 8'h12.
I: Verilog-0008: [C:/CPLD/pango/2_Tieta_Feiteng/Tieta_Feiteng_1001_PGC7KD69MBG400/rtl/include/tpm_define.v(line number: 84)] Define macro FSM_LPC_TAR2_0 8'h13.
I: Verilog-0008: [C:/CPLD/pango/2_Tieta_Feiteng/Tieta_Feiteng_1001_PGC7KD69MBG400/rtl/include/tpm_define.v(line number: 85)] Define macro FSM_LPC_TAR2_1 8'h14.
I: Verilog-0008: [C:/CPLD/pango/2_Tieta_Feiteng/Tieta_Feiteng_1001_PGC7KD69MBG400/rtl/include/tpm_define.v(line number: 86)] Define macro FSM_LPC_FAULT 8'h15.
I: Verilog-0008: [C:/CPLD/pango/2_Tieta_Feiteng/Tieta_Feiteng_1001_PGC7KD69MBG400/rtl/include/tpm_define.v(line number: 87)] Define macro FSM_LPC_DONE 8'h16.
I: Verilog-0008: [C:/CPLD/pango/2_Tieta_Feiteng/Tieta_Feiteng_1001_PGC7KD69MBG400/rtl/include/tpm_define.v(line number: 164)] Define macro LPC_CYCTYPE_IO 2'b00.
I: Verilog-0008: [C:/CPLD/pango/2_Tieta_Feiteng/Tieta_Feiteng_1001_PGC7KD69MBG400/rtl/include/tpm_define.v(line number: 170)] Define macro LPC_DIRECTION_RD 1'b0.
I: Verilog-0008: [C:/CPLD/pango/2_Tieta_Feiteng/Tieta_Feiteng_1001_PGC7KD69MBG400/rtl/include/tpm_define.v(line number: 171)] Define macro LPC_DIRECTION_WR 1'b1.
I: Verilog-0008: [C:/CPLD/pango/2_Tieta_Feiteng/Tieta_Feiteng_1001_PGC7KD69MBG400/rtl/include/tpm_define.v(line number: 180)] Define macro LPC_SYNC_RDY 4'b0000.
Parsing done.
I: Verilog-0001: Analyzing file C:/CPLD/pango/2_Tieta_Feiteng/Tieta_Feiteng_1001_PGC7KD69MBG400/rtl/source/button_ctrl/power_button.v.
I: Verilog-0002: [C:/CPLD/pango/2_Tieta_Feiteng/Tieta_Feiteng_1001_PGC7KD69MBG400/rtl/source/button_ctrl/power_button.v(line number: 16)] Analyzing module power_button (library work).
Parsing done.
I: Verilog-0001: Analyzing file C:/CPLD/pango/2_Tieta_Feiteng/Tieta_Feiteng_1001_PGC7KD69MBG400/rtl/source/common/edge_delay.v.
I: Verilog-0002: [C:/CPLD/pango/2_Tieta_Feiteng/Tieta_Feiteng_1001_PGC7KD69MBG400/rtl/source/common/edge_delay.v(line number: 24)] Analyzing module edge_delay (library work).
Parsing done.
I: Verilog-0001: Analyzing file C:/CPLD/pango/2_Tieta_Feiteng/Tieta_Feiteng_1001_PGC7KD69MBG400/rtl/source/common/edge_detect.v.
I: Verilog-0002: [C:/CPLD/pango/2_Tieta_Feiteng/Tieta_Feiteng_1001_PGC7KD69MBG400/rtl/source/common/edge_detect.v(line number: 4)] Analyzing module Edge_Detect (library work).
Parsing done.
I: Verilog-0001: Analyzing file C:/CPLD/pango/2_Tieta_Feiteng/Tieta_Feiteng_1001_PGC7KD69MBG400/rtl/source/common/Edge_Detect1.v.
I: Verilog-0002: [C:/CPLD/pango/2_Tieta_Feiteng/Tieta_Feiteng_1001_PGC7KD69MBG400/rtl/source/common/Edge_Detect1.v(line number: 4)] Analyzing module Edge_Detect1 (library work).
Parsing done.
I: Verilog-0001: Analyzing file C:/CPLD/pango/2_Tieta_Feiteng/Tieta_Feiteng_1001_PGC7KD69MBG400/rtl/source/common/edge_sync.v.
I: Verilog-0002: [C:/CPLD/pango/2_Tieta_Feiteng/Tieta_Feiteng_1001_PGC7KD69MBG400/rtl/source/common/edge_sync.v(line number: 19)] Analyzing module edge_sync (library work).
I: [C:/CPLD/pango/2_Tieta_Feiteng/Tieta_Feiteng_1001_PGC7KD69MBG400/rtl/source/common/edge_sync.v(line number: 21)] Convert attribute name from syn_preserve to PAP_PRESERVE
Parsing done.
I: Verilog-0001: Analyzing file C:/CPLD/pango/2_Tieta_Feiteng/Tieta_Feiteng_1001_PGC7KD69MBG400/rtl/source/common/led_blink_code.v.
I: Verilog-0008: [C:/CPLD/pango/2_Tieta_Feiteng/Tieta_Feiteng_1001_PGC7KD69MBG400/rtl/source/common/led_blink_code.v(line number: 33)] Define macro CLK_CYCLES_OFF 1.
I: Verilog-0002: [C:/CPLD/pango/2_Tieta_Feiteng/Tieta_Feiteng_1001_PGC7KD69MBG400/rtl/source/common/led_blink_code.v(line number: 35)] Analyzing module led_blink_code (library work).
Parsing done.
I: Verilog-0001: Analyzing file C:/CPLD/pango/2_Tieta_Feiteng/Tieta_Feiteng_1001_PGC7KD69MBG400/rtl/source/common/pon_reset.v.
I: Verilog-0002: [C:/CPLD/pango/2_Tieta_Feiteng/Tieta_Feiteng_1001_PGC7KD69MBG400/rtl/source/common/pon_reset.v(line number: 19)] Analyzing module pon_reset (library work).
Parsing done.
I: Verilog-0001: Analyzing file C:/CPLD/pango/2_Tieta_Feiteng/Tieta_Feiteng_1001_PGC7KD69MBG400/rtl/source/common/post_leds.v.
I: Verilog-0002: [C:/CPLD/pango/2_Tieta_Feiteng/Tieta_Feiteng_1001_PGC7KD69MBG400/rtl/source/common/post_leds.v(line number: 21)] Analyzing module post_leds (library work).
I: [C:/CPLD/pango/2_Tieta_Feiteng/Tieta_Feiteng_1001_PGC7KD69MBG400/rtl/source/common/post_leds.v(line number: 42)] Convert attribute name from syn_encoding to PAP_FSM_ENCODING
Parsing done.
I: Verilog-0001: Analyzing file C:/CPLD/pango/2_Tieta_Feiteng/Tieta_Feiteng_1001_PGC7KD69MBG400/rtl/source/common/synclib.v.
I: Verilog-0002: [C:/CPLD/pango/2_Tieta_Feiteng/Tieta_Feiteng_1001_PGC7KD69MBG400/rtl/source/common/synclib.v(line number: 50)] Analyzing module SYNC_RESET_N_AASD (library work).
I: Verilog-0002: [C:/CPLD/pango/2_Tieta_Feiteng/Tieta_Feiteng_1001_PGC7KD69MBG400/rtl/source/common/synclib.v(line number: 70)] Analyzing module SYNC_RESET_AASD (library work).
I: Verilog-0002: [C:/CPLD/pango/2_Tieta_Feiteng/Tieta_Feiteng_1001_PGC7KD69MBG400/rtl/source/common/synclib.v(line number: 90)] Analyzing module SYNC_RESET_SASD (library work).
I: Verilog-0002: [C:/CPLD/pango/2_Tieta_Feiteng/Tieta_Feiteng_1001_PGC7KD69MBG400/rtl/source/common/synclib.v(line number: 106)] Analyzing module SYNC_DATA_N (library work).
I: Verilog-0002: [C:/CPLD/pango/2_Tieta_Feiteng/Tieta_Feiteng_1001_PGC7KD69MBG400/rtl/source/common/synclib.v(line number: 130)] Analyzing module SYNC_DATA (library work).
I: Verilog-0002: [C:/CPLD/pango/2_Tieta_Feiteng/Tieta_Feiteng_1001_PGC7KD69MBG400/rtl/source/common/synclib.v(line number: 155)] Analyzing module STABLE (library work).
I: Verilog-0002: [C:/CPLD/pango/2_Tieta_Feiteng/Tieta_Feiteng_1001_PGC7KD69MBG400/rtl/source/common/synclib.v(line number: 182)] Analyzing module BREAK_COMBI_N (library work).
I: Verilog-0002: [C:/CPLD/pango/2_Tieta_Feiteng/Tieta_Feiteng_1001_PGC7KD69MBG400/rtl/source/common/synclib.v(line number: 198)] Analyzing module BREAK_COMBI (library work).
I: Verilog-0002: [C:/CPLD/pango/2_Tieta_Feiteng/Tieta_Feiteng_1001_PGC7KD69MBG400/rtl/source/common/synclib.v(line number: 217)] Analyzing module ISOLATE_COMBI (library work).
I: Verilog-0002: [C:/CPLD/pango/2_Tieta_Feiteng/Tieta_Feiteng_1001_PGC7KD69MBG400/rtl/source/common/synclib.v(line number: 269)] Analyzing module PGM_DEBOUNCE_N (library work).
I: Verilog-0002: [C:/CPLD/pango/2_Tieta_Feiteng/Tieta_Feiteng_1001_PGC7KD69MBG400/rtl/source/common/synclib.v(line number: 354)] Analyzing module PGM_DEBOUNCE (library work).
I: Verilog-0002: [C:/CPLD/pango/2_Tieta_Feiteng/Tieta_Feiteng_1001_PGC7KD69MBG400/rtl/source/common/synclib.v(line number: 456)] Analyzing module PGM_DEBOUNCE_GPO_N (library work).
Parsing done.
I: Verilog-0001: Analyzing file C:/CPLD/pango/2_Tieta_Feiteng/Tieta_Feiteng_1001_PGC7KD69MBG400/rtl/source/common/system_reset.v.
I: Verilog-0002: [C:/CPLD/pango/2_Tieta_Feiteng/Tieta_Feiteng_1001_PGC7KD69MBG400/rtl/source/common/system_reset.v(line number: 15)] Analyzing module system_reset (library work).
Parsing done.
I: Verilog-0001: Analyzing file C:/CPLD/pango/2_Tieta_Feiteng/Tieta_Feiteng_1001_PGC7KD69MBG400/rtl/source/common/thermal.v.
I: Found Verilog include file C:/CPLD/pango/2_Tieta_Feiteng/Tieta_Feiteng_1001_PGC7KD69MBG400/rtl/include/rs35m2c16s_g5_define.v
I: Verilog-0008: [C:/CPLD/pango/2_Tieta_Feiteng/Tieta_Feiteng_1001_PGC7KD69MBG400/rtl/include/rs35m2c16s_g5_define.v(line number: 6)] Define macro RS35M2C16S_VA.
I: Verilog-0008: [C:/CPLD/pango/2_Tieta_Feiteng/Tieta_Feiteng_1001_PGC7KD69MBG400/rtl/include/rs35m2c16s_g5_define.v(line number: 8)] Define macro RS41M2C9S.
I: Verilog-0008: [C:/CPLD/pango/2_Tieta_Feiteng/Tieta_Feiteng_1001_PGC7KD69MBG400/rtl/include/rs35m2c16s_g5_define.v(line number: 14)] Define macro H3C_2014_RS35M2C16S_VA.
I: Verilog-0008: [C:/CPLD/pango/2_Tieta_Feiteng/Tieta_Feiteng_1001_PGC7KD69MBG400/rtl/include/rs35m2c16s_g5_define.v(line number: 18)] Define macro SPECIFIC_POWER_P1V8_PCH_STBY.
I: Verilog-0008: [C:/CPLD/pango/2_Tieta_Feiteng/Tieta_Feiteng_1001_PGC7KD69MBG400/rtl/include/rs35m2c16s_g5_define.v(line number: 23)] Define macro PCH_MODE_LPC.
I: Verilog-0008: [C:/CPLD/pango/2_Tieta_Feiteng/Tieta_Feiteng_1001_PGC7KD69MBG400/rtl/include/rs35m2c16s_g5_define.v(line number: 25)] Define macro PSU_CTRL.
I: Verilog-0008: [C:/CPLD/pango/2_Tieta_Feiteng/Tieta_Feiteng_1001_PGC7KD69MBG400/rtl/include/rs35m2c16s_g5_define.v(line number: 30)] Define macro CPLD_DATE_YYYYMMDD 32'h20240608.
I: Verilog-0008: [C:/CPLD/pango/2_Tieta_Feiteng/Tieta_Feiteng_1001_PGC7KD69MBG400/rtl/include/rs35m2c16s_g5_define.v(line number: 33)] Define macro CPLD_TIME_HHMMSSXX {24'h151400, `CPLD_TIME_XX}.
I: Verilog-0008: [C:/CPLD/pango/2_Tieta_Feiteng/Tieta_Feiteng_1001_PGC7KD69MBG400/rtl/include/rs35m2c16s_g5_define.v(line number: 35)] Define macro CPLD_TIME_XX 8'hZZ.
I: Verilog-0008: [C:/CPLD/pango/2_Tieta_Feiteng/Tieta_Feiteng_1001_PGC7KD69MBG400/rtl/include/rs35m2c16s_g5_define.v(line number: 38)] Define macro H3C_2014_RS35M2C16S_VA.
I: Verilog-0008: [C:/CPLD/pango/2_Tieta_Feiteng/Tieta_Feiteng_1001_PGC7KD69MBG400/rtl/include/rs35m2c16s_g5_define.v(line number: 51)] Define macro CPLD_VER 16'h01A1.
I: Verilog-0008: [C:/CPLD/pango/2_Tieta_Feiteng/Tieta_Feiteng_1001_PGC7KD69MBG400/rtl/include/rs35m2c16s_g5_define.v(line number: 52)] Define macro PFR_CPLD_VER 16'h0500.
I: Verilog-0008: [C:/CPLD/pango/2_Tieta_Feiteng/Tieta_Feiteng_1001_PGC7KD69MBG400/rtl/include/rs35m2c16s_g5_define.v(line number: 53)] Define macro DB_CPLD_VER 16'h0500.
I: Verilog-0008: [C:/CPLD/pango/2_Tieta_Feiteng/Tieta_Feiteng_1001_PGC7KD69MBG400/rtl/include/rs35m2c16s_g5_define.v(line number: 56)] Define macro GEN_ID_RSVD 4'b0000.
I: Verilog-0008: [C:/CPLD/pango/2_Tieta_Feiteng/Tieta_Feiteng_1001_PGC7KD69MBG400/rtl/include/rs35m2c16s_g5_define.v(line number: 57)] Define macro GEN_ID_G2 4'b0010.
I: Verilog-0008: [C:/CPLD/pango/2_Tieta_Feiteng/Tieta_Feiteng_1001_PGC7KD69MBG400/rtl/include/rs35m2c16s_g5_define.v(line number: 58)] Define macro GEN_ID_G3 4'b0011.
I: Verilog-0008: [C:/CPLD/pango/2_Tieta_Feiteng/Tieta_Feiteng_1001_PGC7KD69MBG400/rtl/include/rs35m2c16s_g5_define.v(line number: 59)] Define macro GEN_ID_G5 4'b0101.
I: Verilog-0008: [C:/CPLD/pango/2_Tieta_Feiteng/Tieta_Feiteng_1001_PGC7KD69MBG400/rtl/include/rs35m2c16s_g5_define.v(line number: 63)] Define macro GEN_ID `GEN_ID_RSVD.
I: Verilog-0008: [C:/CPLD/pango/2_Tieta_Feiteng/Tieta_Feiteng_1001_PGC7KD69MBG400/rtl/include/rs35m2c16s_g5_define.v(line number: 67)] Define macro BOARD_ID_RSVD 4'b0000.
I: Verilog-0008: [C:/CPLD/pango/2_Tieta_Feiteng/Tieta_Feiteng_1001_PGC7KD69MBG400/rtl/include/rs35m2c16s_g5_define.v(line number: 68)] Define macro BOARD_ID_RS03M2C9S 4'b0100.
I: Verilog-0008: [C:/CPLD/pango/2_Tieta_Feiteng/Tieta_Feiteng_1001_PGC7KD69MBG400/rtl/include/rs35m2c16s_g5_define.v(line number: 69)] Define macro BOARD_ID_RS23M2C6S 4'b0011.
I: Verilog-0008: [C:/CPLD/pango/2_Tieta_Feiteng/Tieta_Feiteng_1001_PGC7KD69MBG400/rtl/include/rs35m2c16s_g5_define.v(line number: 70)] Define macro BOARD_ID_RS33M2C9S 4'b0100.
I: Verilog-0008: [C:/CPLD/pango/2_Tieta_Feiteng/Tieta_Feiteng_1001_PGC7KD69MBG400/rtl/include/rs35m2c16s_g5_define.v(line number: 71)] Define macro BOARD_ID_RS05M2C9S 4'b0101.
I: Verilog-0008: [C:/CPLD/pango/2_Tieta_Feiteng/Tieta_Feiteng_1001_PGC7KD69MBG400/rtl/include/rs35m2c16s_g5_define.v(line number: 72)] Define macro BOARD_ID_RS35M2C5S 4'b0011.
I: Verilog-0008: [C:/CPLD/pango/2_Tieta_Feiteng/Tieta_Feiteng_1001_PGC7KD69MBG400/rtl/include/rs35m2c16s_g5_define.v(line number: 73)] Define macro BOARD_ID_RS35M2C16S 4'b0100.
I: Verilog-0008: [C:/CPLD/pango/2_Tieta_Feiteng/Tieta_Feiteng_1001_PGC7KD69MBG400/rtl/include/rs35m2c16s_g5_define.v(line number: 75)] Define macro BOARD_ID_RS41M2C9S 4'b0001.
I: Verilog-0008: [C:/CPLD/pango/2_Tieta_Feiteng/Tieta_Feiteng_1001_PGC7KD69MBG400/rtl/include/rs35m2c16s_g5_define.v(line number: 83)] Define macro CHASSIS_ID_1U 3'b001.
I: Verilog-0008: [C:/CPLD/pango/2_Tieta_Feiteng/Tieta_Feiteng_1001_PGC7KD69MBG400/rtl/include/rs35m2c16s_g5_define.v(line number: 84)] Define macro CHASSIS_ID_2U 3'b010.
I: Verilog-0008: [C:/CPLD/pango/2_Tieta_Feiteng/Tieta_Feiteng_1001_PGC7KD69MBG400/rtl/include/rs35m2c16s_g5_define.v(line number: 85)] Define macro CHASSIS_ID_4U 3'b000.
I: Verilog-0008: [C:/CPLD/pango/2_Tieta_Feiteng/Tieta_Feiteng_1001_PGC7KD69MBG400/rtl/include/rs35m2c16s_g5_define.v(line number: 86)] Define macro CHASSIS_ID_8U 3'b011.
I: Verilog-0008: [C:/CPLD/pango/2_Tieta_Feiteng/Tieta_Feiteng_1001_PGC7KD69MBG400/rtl/include/rs35m2c16s_g5_define.v(line number: 90)] Define macro SERVER_ID_RSVD 16'h0000.
I: Verilog-0008: [C:/CPLD/pango/2_Tieta_Feiteng/Tieta_Feiteng_1001_PGC7KD69MBG400/rtl/include/rs35m2c16s_g5_define.v(line number: 91)] Define macro SERVER_ID_R4900 16'h4900.
I: Verilog-0008: [C:/CPLD/pango/2_Tieta_Feiteng/Tieta_Feiteng_1001_PGC7KD69MBG400/rtl/include/rs35m2c16s_g5_define.v(line number: 92)] Define macro SERVER_ID_R4700 16'h4700.
I: Verilog-0008: [C:/CPLD/pango/2_Tieta_Feiteng/Tieta_Feiteng_1001_PGC7KD69MBG400/rtl/include/rs35m2c16s_g5_define.v(line number: 93)] Define macro SERVER_ID_R2900 16'h2900.
I: Verilog-0008: [C:/CPLD/pango/2_Tieta_Feiteng/Tieta_Feiteng_1001_PGC7KD69MBG400/rtl/include/rs35m2c16s_g5_define.v(line number: 94)] Define macro SERVER_ID_R2700 16'h2700.
I: Verilog-0008: [C:/CPLD/pango/2_Tieta_Feiteng/Tieta_Feiteng_1001_PGC7KD69MBG400/rtl/include/rs35m2c16s_g5_define.v(line number: 96)] Define macro SERVER_ID_R6900 16'h6900.
I: Verilog-0008: [C:/CPLD/pango/2_Tieta_Feiteng/Tieta_Feiteng_1001_PGC7KD69MBG400/rtl/include/rs35m2c16s_g5_define.v(line number: 100)] Define macro CPU_PKG_ID_NOMCP 3'b000.
I: Verilog-0008: [C:/CPLD/pango/2_Tieta_Feiteng/Tieta_Feiteng_1001_PGC7KD69MBG400/rtl/include/rs35m2c16s_g5_define.v(line number: 101)] Define macro CPU_PKG_ID_FABRIC 3'b001.
I: Verilog-0008: [C:/CPLD/pango/2_Tieta_Feiteng/Tieta_Feiteng_1001_PGC7KD69MBG400/rtl/include/rs35m2c16s_g5_define.v(line number: 102)] Define macro CPU_PKG_ID_FPGA 3'b010.
I: Verilog-0008: [C:/CPLD/pango/2_Tieta_Feiteng/Tieta_Feiteng_1001_PGC7KD69MBG400/rtl/include/rs35m2c16s_g5_define.v(line number: 103)] Define macro CPU_PKG_ID_RSVD011 3'b011.
I: Verilog-0008: [C:/CPLD/pango/2_Tieta_Feiteng/Tieta_Feiteng_1001_PGC7KD69MBG400/rtl/include/rs35m2c16s_g5_define.v(line number: 104)] Define macro CPU_PKG_ID_RSVD100 3'b100.
I: Verilog-0008: [C:/CPLD/pango/2_Tieta_Feiteng/Tieta_Feiteng_1001_PGC7KD69MBG400/rtl/include/rs35m2c16s_g5_define.v(line number: 105)] Define macro CPU_PKG_ID_RSVD101 3'b101.
I: Verilog-0008: [C:/CPLD/pango/2_Tieta_Feiteng/Tieta_Feiteng_1001_PGC7KD69MBG400/rtl/include/rs35m2c16s_g5_define.v(line number: 106)] Define macro CPU_PKG_ID_RSVD110 3'b110.
I: Verilog-0008: [C:/CPLD/pango/2_Tieta_Feiteng/Tieta_Feiteng_1001_PGC7KD69MBG400/rtl/include/rs35m2c16s_g5_define.v(line number: 107)] Define macro CPU_PKG_ID_RSVD111 3'b111.
I: Verilog-0008: [C:/CPLD/pango/2_Tieta_Feiteng/Tieta_Feiteng_1001_PGC7KD69MBG400/rtl/include/rs35m2c16s_g5_define.v(line number: 116)] Define macro AROC_TYPE_HBA 2'b00.
I: Verilog-0008: [C:/CPLD/pango/2_Tieta_Feiteng/Tieta_Feiteng_1001_PGC7KD69MBG400/rtl/include/rs35m2c16s_g5_define.v(line number: 117)] Define macro AROC_TYPE_RAID 2'b01.
I: Verilog-0008: [C:/CPLD/pango/2_Tieta_Feiteng/Tieta_Feiteng_1001_PGC7KD69MBG400/rtl/include/rs35m2c16s_g5_define.v(line number: 118)] Define macro AROC_TYPE_MEZZ 2'b10.
I: Verilog-0008: [C:/CPLD/pango/2_Tieta_Feiteng/Tieta_Feiteng_1001_PGC7KD69MBG400/rtl/include/rs35m2c16s_g5_define.v(line number: 119)] Define macro AROC_TYPE_RSVD 2'b11.
I: Verilog-0008: [C:/CPLD/pango/2_Tieta_Feiteng/Tieta_Feiteng_1001_PGC7KD69MBG400/rtl/include/rs35m2c16s_g5_define.v(line number: 126)] Define macro RISER_ID_RS35R3X16 5'b00001.
I: Verilog-0008: [C:/CPLD/pango/2_Tieta_Feiteng/Tieta_Feiteng_1001_PGC7KD69MBG400/rtl/include/rs35m2c16s_g5_define.v(line number: 127)] Define macro RISER_ID_RS35RX16X8X8 5'b00010.
I: Verilog-0008: [C:/CPLD/pango/2_Tieta_Feiteng/Tieta_Feiteng_1001_PGC7KD69MBG400/rtl/include/rs35m2c16s_g5_define.v(line number: 128)] Define macro RISER_ID_RS35R2X8 5'b00011.
I: Verilog-0008: [C:/CPLD/pango/2_Tieta_Feiteng/Tieta_Feiteng_1001_PGC7KD69MBG400/rtl/include/rs35m2c16s_g5_define.v(line number: 129)] Define macro RISER_ID_RS35R2X16 5'b00100.
I: Verilog-0008: [C:/CPLD/pango/2_Tieta_Feiteng/Tieta_Feiteng_1001_PGC7KD69MBG400/rtl/include/rs35m2c16s_g5_define.v(line number: 130)] Define macro RISER_ID_RS35RX16 5'b00101.
I: Verilog-0008: [C:/CPLD/pango/2_Tieta_Feiteng/Tieta_Feiteng_1001_PGC7KD69MBG400/rtl/include/rs35m2c16s_g5_define.v(line number: 131)] Define macro RISER_ID_RS33RLPX8 5'b00111.
I: Verilog-0008: [C:/CPLD/pango/2_Tieta_Feiteng/Tieta_Feiteng_1001_PGC7KD69MBG400/rtl/include/rs35m2c16s_g5_define.v(line number: 132)] Define macro RISER_ID_RS35R5X8 5'b01000.
I: Verilog-0008: [C:/CPLD/pango/2_Tieta_Feiteng/Tieta_Feiteng_1001_PGC7KD69MBG400/rtl/include/rs35m2c16s_g5_define.v(line number: 133)] Define macro RISER_ID_RS35R1X16 5'b01010.
I: Verilog-0008: [C:/CPLD/pango/2_Tieta_Feiteng/Tieta_Feiteng_1001_PGC7KD69MBG400/rtl/include/rs35m2c16s_g5_define.v(line number: 134)] Define macro RISER_ID_RS35R2X8A 5'b01011.
I: Verilog-0008: [C:/CPLD/pango/2_Tieta_Feiteng/Tieta_Feiteng_1001_PGC7KD69MBG400/rtl/include/rs35m2c16s_g5_define.v(line number: 135)] Define macro RISER_ID_RS35ROCP 5'b01100.
I: Verilog-0008: [C:/CPLD/pango/2_Tieta_Feiteng/Tieta_Feiteng_1001_PGC7KD69MBG400/rtl/include/rs35m2c16s_g5_define.v(line number: 136)] Define macro RISER_ID_RS35R1X16C 5'b01101.
I: Verilog-0008: [C:/CPLD/pango/2_Tieta_Feiteng/Tieta_Feiteng_1001_PGC7KD69MBG400/rtl/include/rs35m2c16s_g5_define.v(line number: 139)] Define macro GPU_CABLE_ID_RSVD 2'b11.
I: Verilog-0008: [C:/CPLD/pango/2_Tieta_Feiteng/Tieta_Feiteng_1001_PGC7KD69MBG400/rtl/include/rs35m2c16s_g5_define.v(line number: 142)] Define macro BMC_MEM_SIZE_1G 2'b00.
I: Verilog-0008: [C:/CPLD/pango/2_Tieta_Feiteng/Tieta_Feiteng_1001_PGC7KD69MBG400/rtl/include/rs35m2c16s_g5_define.v(line number: 143)] Define macro BMC_MEM_SIZE_2G 2'b01.
I: Verilog-0008: [C:/CPLD/pango/2_Tieta_Feiteng/Tieta_Feiteng_1001_PGC7KD69MBG400/rtl/include/rs35m2c16s_g5_define.v(line number: 144)] Define macro BMC_MEM_SIZE_4G 2'b10.
I: Verilog-0008: [C:/CPLD/pango/2_Tieta_Feiteng/Tieta_Feiteng_1001_PGC7KD69MBG400/rtl/include/rs35m2c16s_g5_define.v(line number: 145)] Define macro BMC_MEM_SIZE_8G 2'b11.
I: Verilog-0008: [C:/CPLD/pango/2_Tieta_Feiteng/Tieta_Feiteng_1001_PGC7KD69MBG400/rtl/include/rs35m2c16s_g5_define.v(line number: 147)] Define macro BMC_MEM_SIZE `BMC_MEM_SIZE_2G.
I: Verilog-0008: [C:/CPLD/pango/2_Tieta_Feiteng/Tieta_Feiteng_1001_PGC7KD69MBG400/rtl/include/rs35m2c16s_g5_define.v(line number: 150)] Define macro PCB_VA 2'b00.
I: Verilog-0008: [C:/CPLD/pango/2_Tieta_Feiteng/Tieta_Feiteng_1001_PGC7KD69MBG400/rtl/include/rs35m2c16s_g5_define.v(line number: 156)] Define macro NUM_CPU 2.
I: Verilog-0008: [C:/CPLD/pango/2_Tieta_Feiteng/Tieta_Feiteng_1001_PGC7KD69MBG400/rtl/include/rs35m2c16s_g5_define.v(line number: 157)] Define macro NUM_CPUVR 2.
I: Verilog-0008: [C:/CPLD/pango/2_Tieta_Feiteng/Tieta_Feiteng_1001_PGC7KD69MBG400/rtl/include/rs35m2c16s_g5_define.v(line number: 158)] Define macro NUM_MEMVR 4.
I: Verilog-0008: [C:/CPLD/pango/2_Tieta_Feiteng/Tieta_Feiteng_1001_PGC7KD69MBG400/rtl/include/rs35m2c16s_g5_define.v(line number: 159)] Define macro NUM_CHN 4.
I: Verilog-0008: [C:/CPLD/pango/2_Tieta_Feiteng/Tieta_Feiteng_1001_PGC7KD69MBG400/rtl/include/rs35m2c16s_g5_define.v(line number: 160)] Define macro NUM_FAN 8.
I: Verilog-0008: [C:/CPLD/pango/2_Tieta_Feiteng/Tieta_Feiteng_1001_PGC7KD69MBG400/rtl/include/rs35m2c16s_g5_define.v(line number: 161)] Define macro NUM_NIC 4.
I: Verilog-0008: [C:/CPLD/pango/2_Tieta_Feiteng/Tieta_Feiteng_1001_PGC7KD69MBG400/rtl/include/rs35m2c16s_g5_define.v(line number: 162)] Define macro NUM_PSU 2.
I: Verilog-0008: [C:/CPLD/pango/2_Tieta_Feiteng/Tieta_Feiteng_1001_PGC7KD69MBG400/rtl/include/rs35m2c16s_g5_define.v(line number: 164)] Define macro NUM_IO 1.
I: Verilog-0008: [C:/CPLD/pango/2_Tieta_Feiteng/Tieta_Feiteng_1001_PGC7KD69MBG400/rtl/include/rs35m2c16s_g5_define.v(line number: 165)] Define macro NUM_RISER 6.
I: Verilog-0008: [C:/CPLD/pango/2_Tieta_Feiteng/Tieta_Feiteng_1001_PGC7KD69MBG400/rtl/include/rs35m2c16s_g5_define.v(line number: 166)] Define macro port_num 3.
I: Verilog-0008: [C:/CPLD/pango/2_Tieta_Feiteng/Tieta_Feiteng_1001_PGC7KD69MBG400/rtl/include/rs35m2c16s_g5_define.v(line number: 169)] Define macro SYS_HAS_UID_BTN.
I: Verilog-0008: [C:/CPLD/pango/2_Tieta_Feiteng/Tieta_Feiteng_1001_PGC7KD69MBG400/rtl/include/rs35m2c16s_g5_define.v(line number: 171)] Define macro NUM_BP 8      /********G5 2P**********/.
I: Verilog-0008: [C:/CPLD/pango/2_Tieta_Feiteng/Tieta_Feiteng_1001_PGC7KD69MBG400/rtl/include/rs35m2c16s_g5_define.v(line number: 173)] Define macro NUM_S5DEV 2      /********G5 2P**********/.
I: Verilog-0008: [C:/CPLD/pango/2_Tieta_Feiteng/Tieta_Feiteng_1001_PGC7KD69MBG400/rtl/include/rs35m2c16s_g5_define.v(line number: 187)] Define macro BOARD_TYPE 4'b0000.
I: Verilog-0008: [C:/CPLD/pango/2_Tieta_Feiteng/Tieta_Feiteng_1001_PGC7KD69MBG400/rtl/include/rs35m2c16s_g5_define.v(line number: 188)] Define macro OEM_TYPE 4'b0111.
I: Verilog-0008: [C:/CPLD/pango/2_Tieta_Feiteng/Tieta_Feiteng_1001_PGC7KD69MBG400/rtl/include/rs35m2c16s_g5_define.v(line number: 191)] Define macro MFR_ID_RSVD 8'h00.
I: Verilog-0008: [C:/CPLD/pango/2_Tieta_Feiteng/Tieta_Feiteng_1001_PGC7KD69MBG400/rtl/include/rs35m2c16s_g5_define.v(line number: 192)] Define macro MFR_ID_H3C 8'h03.
I: Verilog-0008: [C:/CPLD/pango/2_Tieta_Feiteng/Tieta_Feiteng_1001_PGC7KD69MBG400/rtl/include/rs35m2c16s_g5_define.v(line number: 194)] Define macro MFR_ID `MFR_ID_H3C.
I: Verilog-0008: [C:/CPLD/pango/2_Tieta_Feiteng/Tieta_Feiteng_1001_PGC7KD69MBG400/rtl/include/rs35m2c16s_g5_define.v(line number: 197)] Define macro ODM_ID_RSVD 8'h00.
I: Verilog-0008: [C:/CPLD/pango/2_Tieta_Feiteng/Tieta_Feiteng_1001_PGC7KD69MBG400/rtl/include/rs35m2c16s_g5_define.v(line number: 198)] Define macro ODM_ID_H3C 8'h03.
I: Verilog-0008: [C:/CPLD/pango/2_Tieta_Feiteng/Tieta_Feiteng_1001_PGC7KD69MBG400/rtl/include/rs35m2c16s_g5_define.v(line number: 200)] Define macro ODM_ID `ODM_ID_H3C.
I: Verilog-0008: [C:/CPLD/pango/2_Tieta_Feiteng/Tieta_Feiteng_1001_PGC7KD69MBG400/rtl/include/rs35m2c16s_g5_define.v(line number: 203)] Define macro PDT_LINE_RSVD 8'h00.
I: Verilog-0008: [C:/CPLD/pango/2_Tieta_Feiteng/Tieta_Feiteng_1001_PGC7KD69MBG400/rtl/include/rs35m2c16s_g5_define.v(line number: 204)] Define macro PDT_LINE_H3C_2014_LLS 8'h01.
I: Verilog-0008: [C:/CPLD/pango/2_Tieta_Feiteng/Tieta_Feiteng_1001_PGC7KD69MBG400/rtl/include/rs35m2c16s_g5_define.v(line number: 206)] Define macro PDT_LINE_H3C_OEM_IN 8'h63.
I: Verilog-0008: [C:/CPLD/pango/2_Tieta_Feiteng/Tieta_Feiteng_1001_PGC7KD69MBG400/rtl/include/rs35m2c16s_g5_define.v(line number: 208)] Define macro PDT_LINE `PDT_LINE_H3C_OEM_IN.
I: Verilog-0008: [C:/CPLD/pango/2_Tieta_Feiteng/Tieta_Feiteng_1001_PGC7KD69MBG400/rtl/include/rs35m2c16s_g5_define.v(line number: 211)] Define macro PDT_GEN_RSVD 8'h00.
I: Verilog-0008: [C:/CPLD/pango/2_Tieta_Feiteng/Tieta_Feiteng_1001_PGC7KD69MBG400/rtl/include/rs35m2c16s_g5_define.v(line number: 212)] Define macro PDT_GEN_H3C_2014_G2 8'h02.
I: Verilog-0008: [C:/CPLD/pango/2_Tieta_Feiteng/Tieta_Feiteng_1001_PGC7KD69MBG400/rtl/include/rs35m2c16s_g5_define.v(line number: 213)] Define macro PDT_GEN_H3C_2014_G3 8'h03.
I: Verilog-0008: [C:/CPLD/pango/2_Tieta_Feiteng/Tieta_Feiteng_1001_PGC7KD69MBG400/rtl/include/rs35m2c16s_g5_define.v(line number: 215)] Define macro PDT_GEN_H3C_S5000C 8'h07.
I: Verilog-0008: [C:/CPLD/pango/2_Tieta_Feiteng/Tieta_Feiteng_1001_PGC7KD69MBG400/rtl/include/rs35m2c16s_g5_define.v(line number: 218)] Define macro PDT_GEN `PDT_GEN_H3C_S5000C.
I: Verilog-0008: [C:/CPLD/pango/2_Tieta_Feiteng/Tieta_Feiteng_1001_PGC7KD69MBG400/rtl/include/rs35m2c16s_g5_define.v(line number: 221)] Define macro PDT_REV_RSVD 8'h00.
I: Verilog-0008: [C:/CPLD/pango/2_Tieta_Feiteng/Tieta_Feiteng_1001_PGC7KD69MBG400/rtl/include/rs35m2c16s_g5_define.v(line number: 222)] Define macro PDT_REV_H3C_2014_V100R001 8'h11.
I: Verilog-0008: [C:/CPLD/pango/2_Tieta_Feiteng/Tieta_Feiteng_1001_PGC7KD69MBG400/rtl/include/rs35m2c16s_g5_define.v(line number: 223)] Define macro PDT_REV_H3C_2014_V200R002 8'h22.
I: Verilog-0008: [C:/CPLD/pango/2_Tieta_Feiteng/Tieta_Feiteng_1001_PGC7KD69MBG400/rtl/include/rs35m2c16s_g5_define.v(line number: 224)] Define macro PDT_REV_H3C_2014_V500R002 8'h52.
I: Verilog-0008: [C:/CPLD/pango/2_Tieta_Feiteng/Tieta_Feiteng_1001_PGC7KD69MBG400/rtl/include/rs35m2c16s_g5_define.v(line number: 225)] Define macro PDT_REV_H3C_2014_V800R001 8'h81.
I: Verilog-0008: [C:/CPLD/pango/2_Tieta_Feiteng/Tieta_Feiteng_1001_PGC7KD69MBG400/rtl/include/rs35m2c16s_g5_define.v(line number: 226)] Define macro PDT_REV_H3C_2014_V200R005 8'h25.
I: Verilog-0008: [C:/CPLD/pango/2_Tieta_Feiteng/Tieta_Feiteng_1001_PGC7KD69MBG400/rtl/include/rs35m2c16s_g5_define.v(line number: 228)] Define macro PDT_REV_H3C_2014_V500R003 8'h53.
I: Verilog-0008: [C:/CPLD/pango/2_Tieta_Feiteng/Tieta_Feiteng_1001_PGC7KD69MBG400/rtl/include/rs35m2c16s_g5_define.v(line number: 229)] Define macro PDT_REV_H3C_2014_V500R005 8'h55.
I: Verilog-0008: [C:/CPLD/pango/2_Tieta_Feiteng/Tieta_Feiteng_1001_PGC7KD69MBG400/rtl/include/rs35m2c16s_g5_define.v(line number: 230)] Define macro PDT_REV_H3C_IT_C_RACK_V700R001 8'h71.
I: Verilog-0008: [C:/CPLD/pango/2_Tieta_Feiteng/Tieta_Feiteng_1001_PGC7KD69MBG400/rtl/include/rs35m2c16s_g5_define.v(line number: 234)] Define macro PDT_REV `PDT_REV_H3C_IT_C_RACK_V700R001.
I: Verilog-0008: [C:/CPLD/pango/2_Tieta_Feiteng/Tieta_Feiteng_1001_PGC7KD69MBG400/rtl/include/rs35m2c16s_g5_define.v(line number: 237)] Define macro SERVER_ID_H3C_2014_RSVD 8'h00.
I: Verilog-0008: [C:/CPLD/pango/2_Tieta_Feiteng/Tieta_Feiteng_1001_PGC7KD69MBG400/rtl/include/rs35m2c16s_g5_define.v(line number: 238)] Define macro SERVER_ID_H3C_2014_R2700 8'h01.
I: Verilog-0008: [C:/CPLD/pango/2_Tieta_Feiteng/Tieta_Feiteng_1001_PGC7KD69MBG400/rtl/include/rs35m2c16s_g5_define.v(line number: 239)] Define macro SERVER_ID_H3C_2014_R2900 8'h03.
I: Verilog-0008: [C:/CPLD/pango/2_Tieta_Feiteng/Tieta_Feiteng_1001_PGC7KD69MBG400/rtl/include/rs35m2c16s_g5_define.v(line number: 240)] Define macro SERVER_ID_H3C_2014_R4700 8'h11.
I: Verilog-0008: [C:/CPLD/pango/2_Tieta_Feiteng/Tieta_Feiteng_1001_PGC7KD69MBG400/rtl/include/rs35m2c16s_g5_define.v(line number: 241)] Define macro SERVER_ID_H3C_2014_R4900 8'h13.
I: Verilog-0008: [C:/CPLD/pango/2_Tieta_Feiteng/Tieta_Feiteng_1001_PGC7KD69MBG400/rtl/include/rs35m2c16s_g5_define.v(line number: 242)] Define macro SERVER_ID_H3C_2014_R6900 8'h23.
I: Verilog-0008: [C:/CPLD/pango/2_Tieta_Feiteng/Tieta_Feiteng_1001_PGC7KD69MBG400/rtl/include/rs35m2c16s_g5_define.v(line number: 243)] Define macro SERVER_ID_H3C_2014_R8900 8'h33.
I: Verilog-0008: [C:/CPLD/pango/2_Tieta_Feiteng/Tieta_Feiteng_1001_PGC7KD69MBG400/rtl/include/rs35m2c16s_g5_define.v(line number: 246)] Define macro BOARD_ID_H3C_2014_RSVD 8'h00.
I: Verilog-0008: [C:/CPLD/pango/2_Tieta_Feiteng/Tieta_Feiteng_1001_PGC7KD69MBG400/rtl/include/rs35m2c16s_g5_define.v(line number: 247)] Define macro BOARD_ID_H3C_2014_RS03M2C9S 8'h04.
I: Verilog-0008: [C:/CPLD/pango/2_Tieta_Feiteng/Tieta_Feiteng_1001_PGC7KD69MBG400/rtl/include/rs35m2c16s_g5_define.v(line number: 248)] Define macro BOARD_ID_H3C_2014_RS23M2C6S 8'h03.
I: Verilog-0008: [C:/CPLD/pango/2_Tieta_Feiteng/Tieta_Feiteng_1001_PGC7KD69MBG400/rtl/include/rs35m2c16s_g5_define.v(line number: 249)] Define macro BOARD_ID_H3C_2014_RS33M2C9S 8'h04.
I: Verilog-0008: [C:/CPLD/pango/2_Tieta_Feiteng/Tieta_Feiteng_1001_PGC7KD69MBG400/rtl/include/rs35m2c16s_g5_define.v(line number: 250)] Define macro BOARD_ID_H3C_2014_RS35M2C5S 8'h03.
I: Verilog-0008: [C:/CPLD/pango/2_Tieta_Feiteng/Tieta_Feiteng_1001_PGC7KD69MBG400/rtl/include/rs35m2c16s_g5_define.v(line number: 251)] Define macro BOARD_ID_H3C_2014_RS35M2C16S 8'h04.
I: Verilog-0008: [C:/CPLD/pango/2_Tieta_Feiteng/Tieta_Feiteng_1001_PGC7KD69MBG400/rtl/include/rs35m2c16s_g5_define.v(line number: 253)] Define macro BOARD_ID_H3C_2014_RS41M2C9S 8'h11.
I: Verilog-0008: [C:/CPLD/pango/2_Tieta_Feiteng/Tieta_Feiteng_1001_PGC7KD69MBG400/rtl/include/rs35m2c16s_g5_define.v(line number: 256)] Define macro CHASSIS_ID_H3C_2014_RSVD 8'h00.
I: Verilog-0008: [C:/CPLD/pango/2_Tieta_Feiteng/Tieta_Feiteng_1001_PGC7KD69MBG400/rtl/include/rs35m2c16s_g5_define.v(line number: 257)] Define macro CHASSIS_ID_H3C_2014_1U 8'h01.
I: Verilog-0008: [C:/CPLD/pango/2_Tieta_Feiteng/Tieta_Feiteng_1001_PGC7KD69MBG400/rtl/include/rs35m2c16s_g5_define.v(line number: 258)] Define macro CHASSIS_ID_H3C_2014_2U 8'h02.
I: Verilog-0008: [C:/CPLD/pango/2_Tieta_Feiteng/Tieta_Feiteng_1001_PGC7KD69MBG400/rtl/include/rs35m2c16s_g5_define.v(line number: 259)] Define macro CHASSIS_ID_H3C_2014_NONE 8'h03.
I: Verilog-0008: [C:/CPLD/pango/2_Tieta_Feiteng/Tieta_Feiteng_1001_PGC7KD69MBG400/rtl/include/rs35m2c16s_g5_define.v(line number: 262)] Define macro PLT_CPU_MFR_RSVD 8'h00.
I: Verilog-0008: [C:/CPLD/pango/2_Tieta_Feiteng/Tieta_Feiteng_1001_PGC7KD69MBG400/rtl/include/rs35m2c16s_g5_define.v(line number: 263)] Define macro PLT_CPU_MFR_INTEL 8'h01.
I: Verilog-0008: [C:/CPLD/pango/2_Tieta_Feiteng/Tieta_Feiteng_1001_PGC7KD69MBG400/rtl/include/rs35m2c16s_g5_define.v(line number: 264)] Define macro PLT_CPU_MFR_AMD 8'h02.
I: Verilog-0008: [C:/CPLD/pango/2_Tieta_Feiteng/Tieta_Feiteng_1001_PGC7KD69MBG400/rtl/include/rs35m2c16s_g5_define.v(line number: 265)] Define macro PLT_CPU_MFR_FT 8'h03.
I: Verilog-0008: [C:/CPLD/pango/2_Tieta_Feiteng/Tieta_Feiteng_1001_PGC7KD69MBG400/rtl/include/rs35m2c16s_g5_define.v(line number: 267)] Define macro PLT_CPU_MFR `PLT_CPU_MFR_FT.
I: Verilog-0008: [C:/CPLD/pango/2_Tieta_Feiteng/Tieta_Feiteng_1001_PGC7KD69MBG400/rtl/include/rs35m2c16s_g5_define.v(line number: 270)] Define macro PLT_CPU_GEN_RSVD 8'h00.
I: Verilog-0008: [C:/CPLD/pango/2_Tieta_Feiteng/Tieta_Feiteng_1001_PGC7KD69MBG400/rtl/include/rs35m2c16s_g5_define.v(line number: 271)] Define macro PLT_CPU_GEN_BROADWELL 8'h00.
I: Verilog-0008: [C:/CPLD/pango/2_Tieta_Feiteng/Tieta_Feiteng_1001_PGC7KD69MBG400/rtl/include/rs35m2c16s_g5_define.v(line number: 272)] Define macro PLT_CPU_GEN_SKYLATE 8'h01.
I: Verilog-0008: [C:/CPLD/pango/2_Tieta_Feiteng/Tieta_Feiteng_1001_PGC7KD69MBG400/rtl/include/rs35m2c16s_g5_define.v(line number: 273)] Define macro PLT_CPU_GEN_ICELATE 8'h10.
I: Verilog-0008: [C:/CPLD/pango/2_Tieta_Feiteng/Tieta_Feiteng_1001_PGC7KD69MBG400/rtl/include/rs35m2c16s_g5_define.v(line number: 274)] Define macro PLT_CPU_GEN_FT2500 8'h05.
I: Verilog-0008: [C:/CPLD/pango/2_Tieta_Feiteng/Tieta_Feiteng_1001_PGC7KD69MBG400/rtl/include/rs35m2c16s_g5_define.v(line number: 276)] Define macro PLT_CPU_GEN `PLT_CPU_GEN_FT2500.
I: Verilog-0008: [C:/CPLD/pango/2_Tieta_Feiteng/Tieta_Feiteng_1001_PGC7KD69MBG400/rtl/include/rs35m2c16s_g5_define.v(line number: 281)] Define macro INT_MODE_RISING 2'b01.
I: Verilog-0008: [C:/CPLD/pango/2_Tieta_Feiteng/Tieta_Feiteng_1001_PGC7KD69MBG400/rtl/include/rs35m2c16s_g5_define.v(line number: 282)] Define macro INT_MODE_FALLING 2'b10.
I: Verilog-0008: [C:/CPLD/pango/2_Tieta_Feiteng/Tieta_Feiteng_1001_PGC7KD69MBG400/rtl/include/rs35m2c16s_g5_define.v(line number: 283)] Define macro INT_MODE_BOTH 2'b11.
I: Verilog-0008: [C:/CPLD/pango/2_Tieta_Feiteng/Tieta_Feiteng_1001_PGC7KD69MBG400/rtl/include/rs35m2c16s_g5_define.v(line number: 288)] Define macro PN_RS03M2C9S {`ASCII_A, `ASCII_3, `ASCII_F, `ASCII_T}.
I: Verilog-0008: [C:/CPLD/pango/2_Tieta_Feiteng/Tieta_Feiteng_1001_PGC7KD69MBG400/rtl/include/rs35m2c16s_g5_define.v(line number: 289)] Define macro PN_RS33M2C9S {`ASCII_A, `ASCII_3, `ASCII_F, `ASCII_Q}.
I: Verilog-0008: [C:/CPLD/pango/2_Tieta_Feiteng/Tieta_Feiteng_1001_PGC7KD69MBG400/rtl/include/rs35m2c16s_g5_define.v(line number: 290)] Define macro PN_RS23M2C6S {`ASCII_A, `ASCII_3, `ASCII_F, `ASCII_R}.
I: Verilog-0008: [C:/CPLD/pango/2_Tieta_Feiteng/Tieta_Feiteng_1001_PGC7KD69MBG400/rtl/include/rs35m2c16s_g5_define.v(line number: 291)] Define macro PN_RS05M2C9S {`ASCII_A, `ASCII_4, `ASCII_L, `ASCII_M}.
I: Verilog-0008: [C:/CPLD/pango/2_Tieta_Feiteng/Tieta_Feiteng_1001_PGC7KD69MBG400/rtl/include/rs35m2c16s_g5_define.v(line number: 292)] Define macro PN_RS35M2C16S {`ASCII_A, `ASCII_5, `ASCII_B, `ASCII_8}.
I: Verilog-0008: [C:/CPLD/pango/2_Tieta_Feiteng/Tieta_Feiteng_1001_PGC7KD69MBG400/rtl/include/rs35m2c16s_g5_define.v(line number: 293)] Define macro PN_RS41M2C9S {`ASCII_A, `ASCII_5, `ASCII_K, `ASCII_B}.
I: Verilog-0008: [C:/CPLD/pango/2_Tieta_Feiteng/Tieta_Feiteng_1001_PGC7KD69MBG400/rtl/include/rs35m2c16s_g5_define.v(line number: 294)] Define macro PN_RSVD 32'h0000_0000.
I: Verilog-0008: [C:/CPLD/pango/2_Tieta_Feiteng/Tieta_Feiteng_1001_PGC7KD69MBG400/rtl/include/rs35m2c16s_g5_define.v(line number: 301)] Define macro BOARD_PN `PN_RS41M2C9S.
I: Verilog-0008: [C:/CPLD/pango/2_Tieta_Feiteng/Tieta_Feiteng_1001_PGC7KD69MBG400/rtl/include/rs35m2c16s_g5_define.v(line number: 306)] Define macro ASCII_0 8'h30.
I: Verilog-0008: [C:/CPLD/pango/2_Tieta_Feiteng/Tieta_Feiteng_1001_PGC7KD69MBG400/rtl/include/rs35m2c16s_g5_define.v(line number: 307)] Define macro ASCII_1 8'h31.
I: Verilog-0008: [C:/CPLD/pango/2_Tieta_Feiteng/Tieta_Feiteng_1001_PGC7KD69MBG400/rtl/include/rs35m2c16s_g5_define.v(line number: 308)] Define macro ASCII_2 8'h32.
I: Verilog-0008: [C:/CPLD/pango/2_Tieta_Feiteng/Tieta_Feiteng_1001_PGC7KD69MBG400/rtl/include/rs35m2c16s_g5_define.v(line number: 309)] Define macro ASCII_3 8'h33.
I: Verilog-0008: [C:/CPLD/pango/2_Tieta_Feiteng/Tieta_Feiteng_1001_PGC7KD69MBG400/rtl/include/rs35m2c16s_g5_define.v(line number: 310)] Define macro ASCII_4 8'h34.
I: Verilog-0008: [C:/CPLD/pango/2_Tieta_Feiteng/Tieta_Feiteng_1001_PGC7KD69MBG400/rtl/include/rs35m2c16s_g5_define.v(line number: 311)] Define macro ASCII_5 8'h35.
I: Verilog-0008: [C:/CPLD/pango/2_Tieta_Feiteng/Tieta_Feiteng_1001_PGC7KD69MBG400/rtl/include/rs35m2c16s_g5_define.v(line number: 312)] Define macro ASCII_6 8'h36.
I: Verilog-0008: [C:/CPLD/pango/2_Tieta_Feiteng/Tieta_Feiteng_1001_PGC7KD69MBG400/rtl/include/rs35m2c16s_g5_define.v(line number: 313)] Define macro ASCII_7 8'h37.
I: Verilog-0008: [C:/CPLD/pango/2_Tieta_Feiteng/Tieta_Feiteng_1001_PGC7KD69MBG400/rtl/include/rs35m2c16s_g5_define.v(line number: 314)] Define macro ASCII_8 8'h38.
I: Verilog-0008: [C:/CPLD/pango/2_Tieta_Feiteng/Tieta_Feiteng_1001_PGC7KD69MBG400/rtl/include/rs35m2c16s_g5_define.v(line number: 315)] Define macro ASCII_9 8'h39.
I: Verilog-0008: [C:/CPLD/pango/2_Tieta_Feiteng/Tieta_Feiteng_1001_PGC7KD69MBG400/rtl/include/rs35m2c16s_g5_define.v(line number: 316)] Define macro ASCII_A 8'h41.
I: Verilog-0008: [C:/CPLD/pango/2_Tieta_Feiteng/Tieta_Feiteng_1001_PGC7KD69MBG400/rtl/include/rs35m2c16s_g5_define.v(line number: 317)] Define macro ASCII_B 8'h42.
I: Verilog-0008: [C:/CPLD/pango/2_Tieta_Feiteng/Tieta_Feiteng_1001_PGC7KD69MBG400/rtl/include/rs35m2c16s_g5_define.v(line number: 318)] Define macro ASCII_C 8'h43.
I: Verilog-0008: [C:/CPLD/pango/2_Tieta_Feiteng/Tieta_Feiteng_1001_PGC7KD69MBG400/rtl/include/rs35m2c16s_g5_define.v(line number: 319)] Define macro ASCII_D 8'h44.
I: Verilog-0008: [C:/CPLD/pango/2_Tieta_Feiteng/Tieta_Feiteng_1001_PGC7KD69MBG400/rtl/include/rs35m2c16s_g5_define.v(line number: 320)] Define macro ASCII_E 8'h45.
I: Verilog-0008: [C:/CPLD/pango/2_Tieta_Feiteng/Tieta_Feiteng_1001_PGC7KD69MBG400/rtl/include/rs35m2c16s_g5_define.v(line number: 321)] Define macro ASCII_F 8'h46.
I: Verilog-0008: [C:/CPLD/pango/2_Tieta_Feiteng/Tieta_Feiteng_1001_PGC7KD69MBG400/rtl/include/rs35m2c16s_g5_define.v(line number: 322)] Define macro ASCII_G 8'h47.
I: Verilog-0008: [C:/CPLD/pango/2_Tieta_Feiteng/Tieta_Feiteng_1001_PGC7KD69MBG400/rtl/include/rs35m2c16s_g5_define.v(line number: 323)] Define macro ASCII_H 8'h48.
I: Verilog-0008: [C:/CPLD/pango/2_Tieta_Feiteng/Tieta_Feiteng_1001_PGC7KD69MBG400/rtl/include/rs35m2c16s_g5_define.v(line number: 324)] Define macro ASCII_I 8'h49.
I: Verilog-0008: [C:/CPLD/pango/2_Tieta_Feiteng/Tieta_Feiteng_1001_PGC7KD69MBG400/rtl/include/rs35m2c16s_g5_define.v(line number: 325)] Define macro ASCII_J 8'h4A.
I: Verilog-0008: [C:/CPLD/pango/2_Tieta_Feiteng/Tieta_Feiteng_1001_PGC7KD69MBG400/rtl/include/rs35m2c16s_g5_define.v(line number: 326)] Define macro ASCII_K 8'h4B.
I: Verilog-0008: [C:/CPLD/pango/2_Tieta_Feiteng/Tieta_Feiteng_1001_PGC7KD69MBG400/rtl/include/rs35m2c16s_g5_define.v(line number: 327)] Define macro ASCII_L 8'h4C.
I: Verilog-0008: [C:/CPLD/pango/2_Tieta_Feiteng/Tieta_Feiteng_1001_PGC7KD69MBG400/rtl/include/rs35m2c16s_g5_define.v(line number: 328)] Define macro ASCII_M 8'h4D.
I: Verilog-0008: [C:/CPLD/pango/2_Tieta_Feiteng/Tieta_Feiteng_1001_PGC7KD69MBG400/rtl/include/rs35m2c16s_g5_define.v(line number: 329)] Define macro ASCII_N 8'h4E.
I: Verilog-0008: [C:/CPLD/pango/2_Tieta_Feiteng/Tieta_Feiteng_1001_PGC7KD69MBG400/rtl/include/rs35m2c16s_g5_define.v(line number: 330)] Define macro ASCII_O 8'h4F.
I: Verilog-0008: [C:/CPLD/pango/2_Tieta_Feiteng/Tieta_Feiteng_1001_PGC7KD69MBG400/rtl/include/rs35m2c16s_g5_define.v(line number: 331)] Define macro ASCII_P 8'h50.
I: Verilog-0008: [C:/CPLD/pango/2_Tieta_Feiteng/Tieta_Feiteng_1001_PGC7KD69MBG400/rtl/include/rs35m2c16s_g5_define.v(line number: 332)] Define macro ASCII_Q 8'h51.
I: Verilog-0008: [C:/CPLD/pango/2_Tieta_Feiteng/Tieta_Feiteng_1001_PGC7KD69MBG400/rtl/include/rs35m2c16s_g5_define.v(line number: 333)] Define macro ASCII_R 8'h52.
I: Verilog-0008: [C:/CPLD/pango/2_Tieta_Feiteng/Tieta_Feiteng_1001_PGC7KD69MBG400/rtl/include/rs35m2c16s_g5_define.v(line number: 334)] Define macro ASCII_S 8'h53.
I: Verilog-0008: [C:/CPLD/pango/2_Tieta_Feiteng/Tieta_Feiteng_1001_PGC7KD69MBG400/rtl/include/rs35m2c16s_g5_define.v(line number: 335)] Define macro ASCII_T 8'h54.
I: Verilog-0008: [C:/CPLD/pango/2_Tieta_Feiteng/Tieta_Feiteng_1001_PGC7KD69MBG400/rtl/include/rs35m2c16s_g5_define.v(line number: 336)] Define macro ASCII_U 8'h55.
I: Verilog-0008: [C:/CPLD/pango/2_Tieta_Feiteng/Tieta_Feiteng_1001_PGC7KD69MBG400/rtl/include/rs35m2c16s_g5_define.v(line number: 337)] Define macro ASCII_V 8'h56.
I: Verilog-0008: [C:/CPLD/pango/2_Tieta_Feiteng/Tieta_Feiteng_1001_PGC7KD69MBG400/rtl/include/rs35m2c16s_g5_define.v(line number: 338)] Define macro ASCII_W 8'h57.
I: Verilog-0008: [C:/CPLD/pango/2_Tieta_Feiteng/Tieta_Feiteng_1001_PGC7KD69MBG400/rtl/include/rs35m2c16s_g5_define.v(line number: 339)] Define macro ASCII_X 8'h58.
I: Verilog-0008: [C:/CPLD/pango/2_Tieta_Feiteng/Tieta_Feiteng_1001_PGC7KD69MBG400/rtl/include/rs35m2c16s_g5_define.v(line number: 340)] Define macro ASCII_Y 8'h59.
I: Verilog-0008: [C:/CPLD/pango/2_Tieta_Feiteng/Tieta_Feiteng_1001_PGC7KD69MBG400/rtl/include/rs35m2c16s_g5_define.v(line number: 341)] Define macro ASCII_Z 8'h5A.
I: Verilog-0002: [C:/CPLD/pango/2_Tieta_Feiteng/Tieta_Feiteng_1001_PGC7KD69MBG400/rtl/source/common/thermal.v(line number: 18)] Analyzing module thermal (library work).
Parsing done.
I: Verilog-0001: Analyzing file C:/CPLD/pango/2_Tieta_Feiteng/Tieta_Feiteng_1001_PGC7KD69MBG400/rtl/source/common/UID_Function.v.
I: Verilog-0002: [C:/CPLD/pango/2_Tieta_Feiteng/Tieta_Feiteng_1001_PGC7KD69MBG400/rtl/source/common/UID_Function.v(line number: 27)] Analyzing module UID_Function (library work).
Parsing done.
I: Verilog-0001: Analyzing file C:/CPLD/pango/2_Tieta_Feiteng/Tieta_Feiteng_1001_PGC7KD69MBG400/rtl/source/communication/p2s_master.v.
I: Verilog-0002: [C:/CPLD/pango/2_Tieta_Feiteng/Tieta_Feiteng_1001_PGC7KD69MBG400/rtl/source/communication/p2s_master.v(line number: 27)] Analyzing module p2s_master (library work).
I: [C:/CPLD/pango/2_Tieta_Feiteng/Tieta_Feiteng_1001_PGC7KD69MBG400/rtl/source/communication/p2s_master.v(line number: 27)] Convert attribute name from syn_preserve to PAP_PRESERVE
Parsing done.
I: Verilog-0001: Analyzing file C:/CPLD/pango/2_Tieta_Feiteng/Tieta_Feiteng_1001_PGC7KD69MBG400/rtl/source/communication/p2s_slave.v.
I: Verilog-0002: [C:/CPLD/pango/2_Tieta_Feiteng/Tieta_Feiteng_1001_PGC7KD69MBG400/rtl/source/communication/p2s_slave.v(line number: 28)] Analyzing module p2s_slave (library work).
I: [C:/CPLD/pango/2_Tieta_Feiteng/Tieta_Feiteng_1001_PGC7KD69MBG400/rtl/source/communication/p2s_slave.v(line number: 28)] Convert attribute name from syn_preserve to PAP_PRESERVE
Parsing done.
I: Verilog-0001: Analyzing file C:/CPLD/pango/2_Tieta_Feiteng/Tieta_Feiteng_1001_PGC7KD69MBG400/rtl/source/communication/s2p_master.v.
I: Verilog-0002: [C:/CPLD/pango/2_Tieta_Feiteng/Tieta_Feiteng_1001_PGC7KD69MBG400/rtl/source/communication/s2p_master.v(line number: 27)] Analyzing module s2p_master (library work).
I: [C:/CPLD/pango/2_Tieta_Feiteng/Tieta_Feiteng_1001_PGC7KD69MBG400/rtl/source/communication/s2p_master.v(line number: 27)] Convert attribute name from syn_preserve to PAP_PRESERVE
Parsing done.
I: Verilog-0001: Analyzing file C:/CPLD/pango/2_Tieta_Feiteng/Tieta_Feiteng_1001_PGC7KD69MBG400/rtl/source/communication/s2p_slave.v.
I: Verilog-0002: [C:/CPLD/pango/2_Tieta_Feiteng/Tieta_Feiteng_1001_PGC7KD69MBG400/rtl/source/communication/s2p_slave.v(line number: 27)] Analyzing module s2p_slave (library work).
I: [C:/CPLD/pango/2_Tieta_Feiteng/Tieta_Feiteng_1001_PGC7KD69MBG400/rtl/source/communication/s2p_slave.v(line number: 28)] Convert attribute name from syn_preserve to PAP_PRESERVE
Parsing done.
I: Verilog-0001: Analyzing file C:/CPLD/pango/2_Tieta_Feiteng/Tieta_Feiteng_1001_PGC7KD69MBG400/rtl/source/communication/uart_master.v.
I: Verilog-0002: [C:/CPLD/pango/2_Tieta_Feiteng/Tieta_Feiteng_1001_PGC7KD69MBG400/rtl/source/communication/uart_master.v(line number: 25)] Analyzing module UART_MASTER (library work).
Parsing done.
I: Verilog-0001: Analyzing file C:/CPLD/pango/2_Tieta_Feiteng/Tieta_Feiteng_1001_PGC7KD69MBG400/rtl/source/fan_ctrl/fan_counter.v.
I: Verilog-0002: [C:/CPLD/pango/2_Tieta_Feiteng/Tieta_Feiteng_1001_PGC7KD69MBG400/rtl/source/fan_ctrl/fan_counter.v(line number: 24)] Analyzing module fan_counter (library work).
Parsing done.
I: Verilog-0001: Analyzing file C:/CPLD/pango/2_Tieta_Feiteng/Tieta_Feiteng_1001_PGC7KD69MBG400/rtl/source/fan_ctrl/fan_pwm_tach.v.
I: Verilog-0002: [C:/CPLD/pango/2_Tieta_Feiteng/Tieta_Feiteng_1001_PGC7KD69MBG400/rtl/source/fan_ctrl/fan_pwm_tach.v(line number: 11)] Analyzing module fan_pwm_tach (library work).
Parsing done.
I: Verilog-0001: Analyzing file C:/CPLD/pango/2_Tieta_Feiteng/Tieta_Feiteng_1001_PGC7KD69MBG400/rtl/source/i2c/bmc_cpld_i2c_ram.v.
I: Verilog-0002: [C:/CPLD/pango/2_Tieta_Feiteng/Tieta_Feiteng_1001_PGC7KD69MBG400/rtl/source/i2c/bmc_cpld_i2c_ram.v(line number: 3)] Analyzing module bmc_cpld_i2c_ram (library work).
Parsing done.
I: Verilog-0001: Analyzing file C:/CPLD/pango/2_Tieta_Feiteng/Tieta_Feiteng_1001_PGC7KD69MBG400/rtl/source/pwrseq/psu.v.
I: Found Verilog include file C:/CPLD/pango/2_Tieta_Feiteng/Tieta_Feiteng_1001_PGC7KD69MBG400/rtl/include/pwrseq_define.v
I: Verilog-0008: [C:/CPLD/pango/2_Tieta_Feiteng/Tieta_Feiteng_1001_PGC7KD69MBG400/rtl/include/pwrseq_define.v(line number: 1)] Define macro SM_RESET_STATE 6'h00.
I: Verilog-0008: [C:/CPLD/pango/2_Tieta_Feiteng/Tieta_Feiteng_1001_PGC7KD69MBG400/rtl/include/pwrseq_define.v(line number: 2)] Define macro SM_DISABLE_S5_DEVICES 6'h01.
I: Verilog-0008: [C:/CPLD/pango/2_Tieta_Feiteng/Tieta_Feiteng_1001_PGC7KD69MBG400/rtl/include/pwrseq_define.v(line number: 4)] Define macro SM_OFF_STANDBY 6'h02.
I: Verilog-0008: [C:/CPLD/pango/2_Tieta_Feiteng/Tieta_Feiteng_1001_PGC7KD69MBG400/rtl/include/pwrseq_define.v(line number: 5)] Define macro SM_ENABLE_S5_DEVICES 6'h03.
I: Verilog-0008: [C:/CPLD/pango/2_Tieta_Feiteng/Tieta_Feiteng_1001_PGC7KD69MBG400/rtl/include/pwrseq_define.v(line number: 6)] Define macro SM_PS_ON 6'h04.
I: Verilog-0008: [C:/CPLD/pango/2_Tieta_Feiteng/Tieta_Feiteng_1001_PGC7KD69MBG400/rtl/include/pwrseq_define.v(line number: 7)] Define macro SM_EN_5V_STBY 6'h05.
I: Verilog-0008: [C:/CPLD/pango/2_Tieta_Feiteng/Tieta_Feiteng_1001_PGC7KD69MBG400/rtl/include/pwrseq_define.v(line number: 8)] Define macro SM_EN_TELEM 6'h06.
I: Verilog-0008: [C:/CPLD/pango/2_Tieta_Feiteng/Tieta_Feiteng_1001_PGC7KD69MBG400/rtl/include/pwrseq_define.v(line number: 9)] Define macro SM_EN_MAIN_EFUSE 6'h07.
I: Verilog-0008: [C:/CPLD/pango/2_Tieta_Feiteng/Tieta_Feiteng_1001_PGC7KD69MBG400/rtl/include/pwrseq_define.v(line number: 10)] Define macro SM_EN_5V 6'h08.
I: Verilog-0008: [C:/CPLD/pango/2_Tieta_Feiteng/Tieta_Feiteng_1001_PGC7KD69MBG400/rtl/include/pwrseq_define.v(line number: 11)] Define macro SM_EN_3V3 6'h09.
I: Verilog-0008: [C:/CPLD/pango/2_Tieta_Feiteng/Tieta_Feiteng_1001_PGC7KD69MBG400/rtl/include/pwrseq_define.v(line number: 12)] Define macro SM_EN_1V1 6'h0A.
I: Verilog-0008: [C:/CPLD/pango/2_Tieta_Feiteng/Tieta_Feiteng_1001_PGC7KD69MBG400/rtl/include/pwrseq_define.v(line number: 14)] Define macro SM_EN_CPU_CORE 6'h0B.
I: Verilog-0008: [C:/CPLD/pango/2_Tieta_Feiteng/Tieta_Feiteng_1001_PGC7KD69MBG400/rtl/include/pwrseq_define.v(line number: 15)] Define macro SM_EN_CPU_P1V8 6'h0C.
I: Verilog-0008: [C:/CPLD/pango/2_Tieta_Feiteng/Tieta_Feiteng_1001_PGC7KD69MBG400/rtl/include/pwrseq_define.v(line number: 16)] Define macro SM_EN_CPU_DDR 6'h0D.
I: Verilog-0008: [C:/CPLD/pango/2_Tieta_Feiteng/Tieta_Feiteng_1001_PGC7KD69MBG400/rtl/include/pwrseq_define.v(line number: 17)] Define macro SM_EN_CPU_VP 6'h0E.
I: Verilog-0008: [C:/CPLD/pango/2_Tieta_Feiteng/Tieta_Feiteng_1001_PGC7KD69MBG400/rtl/include/pwrseq_define.v(line number: 19)] Define macro PEX_RESET 6'h0F.
I: Verilog-0008: [C:/CPLD/pango/2_Tieta_Feiteng/Tieta_Feiteng_1001_PGC7KD69MBG400/rtl/include/pwrseq_define.v(line number: 20)] Define macro SM_CPU_RESET 6'h10.
I: Verilog-0008: [C:/CPLD/pango/2_Tieta_Feiteng/Tieta_Feiteng_1001_PGC7KD69MBG400/rtl/include/pwrseq_define.v(line number: 22)] Define macro SM_WAIT_POWEROK 6'h11.
I: Verilog-0008: [C:/CPLD/pango/2_Tieta_Feiteng/Tieta_Feiteng_1001_PGC7KD69MBG400/rtl/include/pwrseq_define.v(line number: 23)] Define macro SM_STEADY_PWROK 6'h12.
I: Verilog-0008: [C:/CPLD/pango/2_Tieta_Feiteng/Tieta_Feiteng_1001_PGC7KD69MBG400/rtl/include/pwrseq_define.v(line number: 24)] Define macro SM_CRITICAL_FAIL 6'h13.
I: Verilog-0008: [C:/CPLD/pango/2_Tieta_Feiteng/Tieta_Feiteng_1001_PGC7KD69MBG400/rtl/include/pwrseq_define.v(line number: 26)] Define macro SM_DISABLE_CPU_VP 6'h14.
I: Verilog-0008: [C:/CPLD/pango/2_Tieta_Feiteng/Tieta_Feiteng_1001_PGC7KD69MBG400/rtl/include/pwrseq_define.v(line number: 27)] Define macro SM_DISABLE_CPU_DDR 6'h15.
I: Verilog-0008: [C:/CPLD/pango/2_Tieta_Feiteng/Tieta_Feiteng_1001_PGC7KD69MBG400/rtl/include/pwrseq_define.v(line number: 28)] Define macro SM_DISABLE_CPU_P1V8 6'h16.
I: Verilog-0008: [C:/CPLD/pango/2_Tieta_Feiteng/Tieta_Feiteng_1001_PGC7KD69MBG400/rtl/include/pwrseq_define.v(line number: 29)] Define macro SM_DISABLE_CPU_CORE 6'h17.
I: Verilog-0008: [C:/CPLD/pango/2_Tieta_Feiteng/Tieta_Feiteng_1001_PGC7KD69MBG400/rtl/include/pwrseq_define.v(line number: 31)] Define macro SM_DISABLE_1V1 6'h18.
I: Verilog-0008: [C:/CPLD/pango/2_Tieta_Feiteng/Tieta_Feiteng_1001_PGC7KD69MBG400/rtl/include/pwrseq_define.v(line number: 32)] Define macro SM_DISABLE_3V3 6'h19.
I: Verilog-0008: [C:/CPLD/pango/2_Tieta_Feiteng/Tieta_Feiteng_1001_PGC7KD69MBG400/rtl/include/pwrseq_define.v(line number: 33)] Define macro SM_DISABLE_5V 6'h1A.
I: Verilog-0008: [C:/CPLD/pango/2_Tieta_Feiteng/Tieta_Feiteng_1001_PGC7KD69MBG400/rtl/include/pwrseq_define.v(line number: 35)] Define macro SM_DISABLE_MAIN_EFUSE 6'h1B.
I: Verilog-0008: [C:/CPLD/pango/2_Tieta_Feiteng/Tieta_Feiteng_1001_PGC7KD69MBG400/rtl/include/pwrseq_define.v(line number: 36)] Define macro SM_DISABLE_TELEM 6'h1C.
I: Verilog-0008: [C:/CPLD/pango/2_Tieta_Feiteng/Tieta_Feiteng_1001_PGC7KD69MBG400/rtl/include/pwrseq_define.v(line number: 37)] Define macro SM_DISABLE_PS_ON 6'h1D.
I: Verilog-0008: [C:/CPLD/pango/2_Tieta_Feiteng/Tieta_Feiteng_1001_PGC7KD69MBG400/rtl/include/pwrseq_define.v(line number: 39)] Define macro SM_HALT_POWER_CYCLE 6'h1E.
I: Verilog-0008: [C:/CPLD/pango/2_Tieta_Feiteng/Tieta_Feiteng_1001_PGC7KD69MBG400/rtl/include/pwrseq_define.v(line number: 40)] Define macro SM_AUX_FAIL_RECOVERY 6'h1F.
I: Verilog-0002: [C:/CPLD/pango/2_Tieta_Feiteng/Tieta_Feiteng_1001_PGC7KD69MBG400/rtl/source/pwrseq/psu.v(line number: 16)] Analyzing module psu (library work).
Parsing done.
I: Verilog-0001: Analyzing file C:/CPLD/pango/2_Tieta_Feiteng/Tieta_Feiteng_1001_PGC7KD69MBG400/rtl/source/pwrseq/pwrcap.v.
I: Found Verilog include file C:/CPLD/pango/2_Tieta_Feiteng/Tieta_Feiteng_1001_PGC7KD69MBG400/rtl/include/rs35m2c16s_g5_define.v
I: Verilog-0008: [C:/CPLD/pango/2_Tieta_Feiteng/Tieta_Feiteng_1001_PGC7KD69MBG400/rtl/include/rs35m2c16s_g5_define.v(line number: 6)] Define macro RS35M2C16S_VA.
I: Verilog-0008: [C:/CPLD/pango/2_Tieta_Feiteng/Tieta_Feiteng_1001_PGC7KD69MBG400/rtl/include/rs35m2c16s_g5_define.v(line number: 8)] Define macro RS41M2C9S.
I: Verilog-0008: [C:/CPLD/pango/2_Tieta_Feiteng/Tieta_Feiteng_1001_PGC7KD69MBG400/rtl/include/rs35m2c16s_g5_define.v(line number: 14)] Define macro H3C_2014_RS35M2C16S_VA.
I: Verilog-0008: [C:/CPLD/pango/2_Tieta_Feiteng/Tieta_Feiteng_1001_PGC7KD69MBG400/rtl/include/rs35m2c16s_g5_define.v(line number: 18)] Define macro SPECIFIC_POWER_P1V8_PCH_STBY.
I: Verilog-0008: [C:/CPLD/pango/2_Tieta_Feiteng/Tieta_Feiteng_1001_PGC7KD69MBG400/rtl/include/rs35m2c16s_g5_define.v(line number: 23)] Define macro PCH_MODE_LPC.
I: Verilog-0008: [C:/CPLD/pango/2_Tieta_Feiteng/Tieta_Feiteng_1001_PGC7KD69MBG400/rtl/include/rs35m2c16s_g5_define.v(line number: 25)] Define macro PSU_CTRL.
I: Verilog-0008: [C:/CPLD/pango/2_Tieta_Feiteng/Tieta_Feiteng_1001_PGC7KD69MBG400/rtl/include/rs35m2c16s_g5_define.v(line number: 30)] Define macro CPLD_DATE_YYYYMMDD 32'h20240608.
I: Verilog-0008: [C:/CPLD/pango/2_Tieta_Feiteng/Tieta_Feiteng_1001_PGC7KD69MBG400/rtl/include/rs35m2c16s_g5_define.v(line number: 33)] Define macro CPLD_TIME_HHMMSSXX {24'h151400, `CPLD_TIME_XX}.
I: Verilog-0008: [C:/CPLD/pango/2_Tieta_Feiteng/Tieta_Feiteng_1001_PGC7KD69MBG400/rtl/include/rs35m2c16s_g5_define.v(line number: 35)] Define macro CPLD_TIME_XX 8'hZZ.
I: Verilog-0008: [C:/CPLD/pango/2_Tieta_Feiteng/Tieta_Feiteng_1001_PGC7KD69MBG400/rtl/include/rs35m2c16s_g5_define.v(line number: 38)] Define macro H3C_2014_RS35M2C16S_VA.
I: Verilog-0008: [C:/CPLD/pango/2_Tieta_Feiteng/Tieta_Feiteng_1001_PGC7KD69MBG400/rtl/include/rs35m2c16s_g5_define.v(line number: 51)] Define macro CPLD_VER 16'h01A1.
I: Verilog-0008: [C:/CPLD/pango/2_Tieta_Feiteng/Tieta_Feiteng_1001_PGC7KD69MBG400/rtl/include/rs35m2c16s_g5_define.v(line number: 52)] Define macro PFR_CPLD_VER 16'h0500.
I: Verilog-0008: [C:/CPLD/pango/2_Tieta_Feiteng/Tieta_Feiteng_1001_PGC7KD69MBG400/rtl/include/rs35m2c16s_g5_define.v(line number: 53)] Define macro DB_CPLD_VER 16'h0500.
I: Verilog-0008: [C:/CPLD/pango/2_Tieta_Feiteng/Tieta_Feiteng_1001_PGC7KD69MBG400/rtl/include/rs35m2c16s_g5_define.v(line number: 56)] Define macro GEN_ID_RSVD 4'b0000.
I: Verilog-0008: [C:/CPLD/pango/2_Tieta_Feiteng/Tieta_Feiteng_1001_PGC7KD69MBG400/rtl/include/rs35m2c16s_g5_define.v(line number: 57)] Define macro GEN_ID_G2 4'b0010.
I: Verilog-0008: [C:/CPLD/pango/2_Tieta_Feiteng/Tieta_Feiteng_1001_PGC7KD69MBG400/rtl/include/rs35m2c16s_g5_define.v(line number: 58)] Define macro GEN_ID_G3 4'b0011.
I: Verilog-0008: [C:/CPLD/pango/2_Tieta_Feiteng/Tieta_Feiteng_1001_PGC7KD69MBG400/rtl/include/rs35m2c16s_g5_define.v(line number: 59)] Define macro GEN_ID_G5 4'b0101.
I: Verilog-0008: [C:/CPLD/pango/2_Tieta_Feiteng/Tieta_Feiteng_1001_PGC7KD69MBG400/rtl/include/rs35m2c16s_g5_define.v(line number: 63)] Define macro GEN_ID `GEN_ID_RSVD.
I: Verilog-0008: [C:/CPLD/pango/2_Tieta_Feiteng/Tieta_Feiteng_1001_PGC7KD69MBG400/rtl/include/rs35m2c16s_g5_define.v(line number: 67)] Define macro BOARD_ID_RSVD 4'b0000.
I: Verilog-0008: [C:/CPLD/pango/2_Tieta_Feiteng/Tieta_Feiteng_1001_PGC7KD69MBG400/rtl/include/rs35m2c16s_g5_define.v(line number: 68)] Define macro BOARD_ID_RS03M2C9S 4'b0100.
I: Verilog-0008: [C:/CPLD/pango/2_Tieta_Feiteng/Tieta_Feiteng_1001_PGC7KD69MBG400/rtl/include/rs35m2c16s_g5_define.v(line number: 69)] Define macro BOARD_ID_RS23M2C6S 4'b0011.
I: Verilog-0008: [C:/CPLD/pango/2_Tieta_Feiteng/Tieta_Feiteng_1001_PGC7KD69MBG400/rtl/include/rs35m2c16s_g5_define.v(line number: 70)] Define macro BOARD_ID_RS33M2C9S 4'b0100.
I: Verilog-0008: [C:/CPLD/pango/2_Tieta_Feiteng/Tieta_Feiteng_1001_PGC7KD69MBG400/rtl/include/rs35m2c16s_g5_define.v(line number: 71)] Define macro BOARD_ID_RS05M2C9S 4'b0101.
I: Verilog-0008: [C:/CPLD/pango/2_Tieta_Feiteng/Tieta_Feiteng_1001_PGC7KD69MBG400/rtl/include/rs35m2c16s_g5_define.v(line number: 72)] Define macro BOARD_ID_RS35M2C5S 4'b0011.
I: Verilog-0008: [C:/CPLD/pango/2_Tieta_Feiteng/Tieta_Feiteng_1001_PGC7KD69MBG400/rtl/include/rs35m2c16s_g5_define.v(line number: 73)] Define macro BOARD_ID_RS35M2C16S 4'b0100.
I: Verilog-0008: [C:/CPLD/pango/2_Tieta_Feiteng/Tieta_Feiteng_1001_PGC7KD69MBG400/rtl/include/rs35m2c16s_g5_define.v(line number: 75)] Define macro BOARD_ID_RS41M2C9S 4'b0001.
I: Verilog-0008: [C:/CPLD/pango/2_Tieta_Feiteng/Tieta_Feiteng_1001_PGC7KD69MBG400/rtl/include/rs35m2c16s_g5_define.v(line number: 83)] Define macro CHASSIS_ID_1U 3'b001.
I: Verilog-0008: [C:/CPLD/pango/2_Tieta_Feiteng/Tieta_Feiteng_1001_PGC7KD69MBG400/rtl/include/rs35m2c16s_g5_define.v(line number: 84)] Define macro CHASSIS_ID_2U 3'b010.
I: Verilog-0008: [C:/CPLD/pango/2_Tieta_Feiteng/Tieta_Feiteng_1001_PGC7KD69MBG400/rtl/include/rs35m2c16s_g5_define.v(line number: 85)] Define macro CHASSIS_ID_4U 3'b000.
I: Verilog-0008: [C:/CPLD/pango/2_Tieta_Feiteng/Tieta_Feiteng_1001_PGC7KD69MBG400/rtl/include/rs35m2c16s_g5_define.v(line number: 86)] Define macro CHASSIS_ID_8U 3'b011.
I: Verilog-0008: [C:/CPLD/pango/2_Tieta_Feiteng/Tieta_Feiteng_1001_PGC7KD69MBG400/rtl/include/rs35m2c16s_g5_define.v(line number: 90)] Define macro SERVER_ID_RSVD 16'h0000.
I: Verilog-0008: [C:/CPLD/pango/2_Tieta_Feiteng/Tieta_Feiteng_1001_PGC7KD69MBG400/rtl/include/rs35m2c16s_g5_define.v(line number: 91)] Define macro SERVER_ID_R4900 16'h4900.
I: Verilog-0008: [C:/CPLD/pango/2_Tieta_Feiteng/Tieta_Feiteng_1001_PGC7KD69MBG400/rtl/include/rs35m2c16s_g5_define.v(line number: 92)] Define macro SERVER_ID_R4700 16'h4700.
I: Verilog-0008: [C:/CPLD/pango/2_Tieta_Feiteng/Tieta_Feiteng_1001_PGC7KD69MBG400/rtl/include/rs35m2c16s_g5_define.v(line number: 93)] Define macro SERVER_ID_R2900 16'h2900.
I: Verilog-0008: [C:/CPLD/pango/2_Tieta_Feiteng/Tieta_Feiteng_1001_PGC7KD69MBG400/rtl/include/rs35m2c16s_g5_define.v(line number: 94)] Define macro SERVER_ID_R2700 16'h2700.
I: Verilog-0008: [C:/CPLD/pango/2_Tieta_Feiteng/Tieta_Feiteng_1001_PGC7KD69MBG400/rtl/include/rs35m2c16s_g5_define.v(line number: 96)] Define macro SERVER_ID_R6900 16'h6900.
I: Verilog-0008: [C:/CPLD/pango/2_Tieta_Feiteng/Tieta_Feiteng_1001_PGC7KD69MBG400/rtl/include/rs35m2c16s_g5_define.v(line number: 100)] Define macro CPU_PKG_ID_NOMCP 3'b000.
I: Verilog-0008: [C:/CPLD/pango/2_Tieta_Feiteng/Tieta_Feiteng_1001_PGC7KD69MBG400/rtl/include/rs35m2c16s_g5_define.v(line number: 101)] Define macro CPU_PKG_ID_FABRIC 3'b001.
I: Verilog-0008: [C:/CPLD/pango/2_Tieta_Feiteng/Tieta_Feiteng_1001_PGC7KD69MBG400/rtl/include/rs35m2c16s_g5_define.v(line number: 102)] Define macro CPU_PKG_ID_FPGA 3'b010.
I: Verilog-0008: [C:/CPLD/pango/2_Tieta_Feiteng/Tieta_Feiteng_1001_PGC7KD69MBG400/rtl/include/rs35m2c16s_g5_define.v(line number: 103)] Define macro CPU_PKG_ID_RSVD011 3'b011.
I: Verilog-0008: [C:/CPLD/pango/2_Tieta_Feiteng/Tieta_Feiteng_1001_PGC7KD69MBG400/rtl/include/rs35m2c16s_g5_define.v(line number: 104)] Define macro CPU_PKG_ID_RSVD100 3'b100.
I: Verilog-0008: [C:/CPLD/pango/2_Tieta_Feiteng/Tieta_Feiteng_1001_PGC7KD69MBG400/rtl/include/rs35m2c16s_g5_define.v(line number: 105)] Define macro CPU_PKG_ID_RSVD101 3'b101.
I: Verilog-0008: [C:/CPLD/pango/2_Tieta_Feiteng/Tieta_Feiteng_1001_PGC7KD69MBG400/rtl/include/rs35m2c16s_g5_define.v(line number: 106)] Define macro CPU_PKG_ID_RSVD110 3'b110.
I: Verilog-0008: [C:/CPLD/pango/2_Tieta_Feiteng/Tieta_Feiteng_1001_PGC7KD69MBG400/rtl/include/rs35m2c16s_g5_define.v(line number: 107)] Define macro CPU_PKG_ID_RSVD111 3'b111.
I: Verilog-0008: [C:/CPLD/pango/2_Tieta_Feiteng/Tieta_Feiteng_1001_PGC7KD69MBG400/rtl/include/rs35m2c16s_g5_define.v(line number: 116)] Define macro AROC_TYPE_HBA 2'b00.
I: Verilog-0008: [C:/CPLD/pango/2_Tieta_Feiteng/Tieta_Feiteng_1001_PGC7KD69MBG400/rtl/include/rs35m2c16s_g5_define.v(line number: 117)] Define macro AROC_TYPE_RAID 2'b01.
I: Verilog-0008: [C:/CPLD/pango/2_Tieta_Feiteng/Tieta_Feiteng_1001_PGC7KD69MBG400/rtl/include/rs35m2c16s_g5_define.v(line number: 118)] Define macro AROC_TYPE_MEZZ 2'b10.
I: Verilog-0008: [C:/CPLD/pango/2_Tieta_Feiteng/Tieta_Feiteng_1001_PGC7KD69MBG400/rtl/include/rs35m2c16s_g5_define.v(line number: 119)] Define macro AROC_TYPE_RSVD 2'b11.
I: Verilog-0008: [C:/CPLD/pango/2_Tieta_Feiteng/Tieta_Feiteng_1001_PGC7KD69MBG400/rtl/include/rs35m2c16s_g5_define.v(line number: 126)] Define macro RISER_ID_RS35R3X16 5'b00001.
I: Verilog-0008: [C:/CPLD/pango/2_Tieta_Feiteng/Tieta_Feiteng_1001_PGC7KD69MBG400/rtl/include/rs35m2c16s_g5_define.v(line number: 127)] Define macro RISER_ID_RS35RX16X8X8 5'b00010.
I: Verilog-0008: [C:/CPLD/pango/2_Tieta_Feiteng/Tieta_Feiteng_1001_PGC7KD69MBG400/rtl/include/rs35m2c16s_g5_define.v(line number: 128)] Define macro RISER_ID_RS35R2X8 5'b00011.
I: Verilog-0008: [C:/CPLD/pango/2_Tieta_Feiteng/Tieta_Feiteng_1001_PGC7KD69MBG400/rtl/include/rs35m2c16s_g5_define.v(line number: 129)] Define macro RISER_ID_RS35R2X16 5'b00100.
I: Verilog-0008: [C:/CPLD/pango/2_Tieta_Feiteng/Tieta_Feiteng_1001_PGC7KD69MBG400/rtl/include/rs35m2c16s_g5_define.v(line number: 130)] Define macro RISER_ID_RS35RX16 5'b00101.
I: Verilog-0008: [C:/CPLD/pango/2_Tieta_Feiteng/Tieta_Feiteng_1001_PGC7KD69MBG400/rtl/include/rs35m2c16s_g5_define.v(line number: 131)] Define macro RISER_ID_RS33RLPX8 5'b00111.
I: Verilog-0008: [C:/CPLD/pango/2_Tieta_Feiteng/Tieta_Feiteng_1001_PGC7KD69MBG400/rtl/include/rs35m2c16s_g5_define.v(line number: 132)] Define macro RISER_ID_RS35R5X8 5'b01000.
I: Verilog-0008: [C:/CPLD/pango/2_Tieta_Feiteng/Tieta_Feiteng_1001_PGC7KD69MBG400/rtl/include/rs35m2c16s_g5_define.v(line number: 133)] Define macro RISER_ID_RS35R1X16 5'b01010.
I: Verilog-0008: [C:/CPLD/pango/2_Tieta_Feiteng/Tieta_Feiteng_1001_PGC7KD69MBG400/rtl/include/rs35m2c16s_g5_define.v(line number: 134)] Define macro RISER_ID_RS35R2X8A 5'b01011.
I: Verilog-0008: [C:/CPLD/pango/2_Tieta_Feiteng/Tieta_Feiteng_1001_PGC7KD69MBG400/rtl/include/rs35m2c16s_g5_define.v(line number: 135)] Define macro RISER_ID_RS35ROCP 5'b01100.
I: Verilog-0008: [C:/CPLD/pango/2_Tieta_Feiteng/Tieta_Feiteng_1001_PGC7KD69MBG400/rtl/include/rs35m2c16s_g5_define.v(line number: 136)] Define macro RISER_ID_RS35R1X16C 5'b01101.
I: Verilog-0008: [C:/CPLD/pango/2_Tieta_Feiteng/Tieta_Feiteng_1001_PGC7KD69MBG400/rtl/include/rs35m2c16s_g5_define.v(line number: 139)] Define macro GPU_CABLE_ID_RSVD 2'b11.
I: Verilog-0008: [C:/CPLD/pango/2_Tieta_Feiteng/Tieta_Feiteng_1001_PGC7KD69MBG400/rtl/include/rs35m2c16s_g5_define.v(line number: 142)] Define macro BMC_MEM_SIZE_1G 2'b00.
I: Verilog-0008: [C:/CPLD/pango/2_Tieta_Feiteng/Tieta_Feiteng_1001_PGC7KD69MBG400/rtl/include/rs35m2c16s_g5_define.v(line number: 143)] Define macro BMC_MEM_SIZE_2G 2'b01.
I: Verilog-0008: [C:/CPLD/pango/2_Tieta_Feiteng/Tieta_Feiteng_1001_PGC7KD69MBG400/rtl/include/rs35m2c16s_g5_define.v(line number: 144)] Define macro BMC_MEM_SIZE_4G 2'b10.
I: Verilog-0008: [C:/CPLD/pango/2_Tieta_Feiteng/Tieta_Feiteng_1001_PGC7KD69MBG400/rtl/include/rs35m2c16s_g5_define.v(line number: 145)] Define macro BMC_MEM_SIZE_8G 2'b11.
I: Verilog-0008: [C:/CPLD/pango/2_Tieta_Feiteng/Tieta_Feiteng_1001_PGC7KD69MBG400/rtl/include/rs35m2c16s_g5_define.v(line number: 147)] Define macro BMC_MEM_SIZE `BMC_MEM_SIZE_2G.
I: Verilog-0008: [C:/CPLD/pango/2_Tieta_Feiteng/Tieta_Feiteng_1001_PGC7KD69MBG400/rtl/include/rs35m2c16s_g5_define.v(line number: 150)] Define macro PCB_VA 2'b00.
I: Verilog-0008: [C:/CPLD/pango/2_Tieta_Feiteng/Tieta_Feiteng_1001_PGC7KD69MBG400/rtl/include/rs35m2c16s_g5_define.v(line number: 156)] Define macro NUM_CPU 2.
I: Verilog-0008: [C:/CPLD/pango/2_Tieta_Feiteng/Tieta_Feiteng_1001_PGC7KD69MBG400/rtl/include/rs35m2c16s_g5_define.v(line number: 157)] Define macro NUM_CPUVR 2.
I: Verilog-0008: [C:/CPLD/pango/2_Tieta_Feiteng/Tieta_Feiteng_1001_PGC7KD69MBG400/rtl/include/rs35m2c16s_g5_define.v(line number: 158)] Define macro NUM_MEMVR 4.
I: Verilog-0008: [C:/CPLD/pango/2_Tieta_Feiteng/Tieta_Feiteng_1001_PGC7KD69MBG400/rtl/include/rs35m2c16s_g5_define.v(line number: 159)] Define macro NUM_CHN 4.
I: Verilog-0008: [C:/CPLD/pango/2_Tieta_Feiteng/Tieta_Feiteng_1001_PGC7KD69MBG400/rtl/include/rs35m2c16s_g5_define.v(line number: 160)] Define macro NUM_FAN 8.
I: Verilog-0008: [C:/CPLD/pango/2_Tieta_Feiteng/Tieta_Feiteng_1001_PGC7KD69MBG400/rtl/include/rs35m2c16s_g5_define.v(line number: 161)] Define macro NUM_NIC 4.
I: Verilog-0008: [C:/CPLD/pango/2_Tieta_Feiteng/Tieta_Feiteng_1001_PGC7KD69MBG400/rtl/include/rs35m2c16s_g5_define.v(line number: 162)] Define macro NUM_PSU 2.
I: Verilog-0008: [C:/CPLD/pango/2_Tieta_Feiteng/Tieta_Feiteng_1001_PGC7KD69MBG400/rtl/include/rs35m2c16s_g5_define.v(line number: 164)] Define macro NUM_IO 1.
I: Verilog-0008: [C:/CPLD/pango/2_Tieta_Feiteng/Tieta_Feiteng_1001_PGC7KD69MBG400/rtl/include/rs35m2c16s_g5_define.v(line number: 165)] Define macro NUM_RISER 6.
I: Verilog-0008: [C:/CPLD/pango/2_Tieta_Feiteng/Tieta_Feiteng_1001_PGC7KD69MBG400/rtl/include/rs35m2c16s_g5_define.v(line number: 166)] Define macro port_num 3.
I: Verilog-0008: [C:/CPLD/pango/2_Tieta_Feiteng/Tieta_Feiteng_1001_PGC7KD69MBG400/rtl/include/rs35m2c16s_g5_define.v(line number: 169)] Define macro SYS_HAS_UID_BTN.
I: Verilog-0008: [C:/CPLD/pango/2_Tieta_Feiteng/Tieta_Feiteng_1001_PGC7KD69MBG400/rtl/include/rs35m2c16s_g5_define.v(line number: 171)] Define macro NUM_BP 8      /********G5 2P**********/.
I: Verilog-0008: [C:/CPLD/pango/2_Tieta_Feiteng/Tieta_Feiteng_1001_PGC7KD69MBG400/rtl/include/rs35m2c16s_g5_define.v(line number: 173)] Define macro NUM_S5DEV 2      /********G5 2P**********/.
I: Verilog-0008: [C:/CPLD/pango/2_Tieta_Feiteng/Tieta_Feiteng_1001_PGC7KD69MBG400/rtl/include/rs35m2c16s_g5_define.v(line number: 187)] Define macro BOARD_TYPE 4'b0000.
I: Verilog-0008: [C:/CPLD/pango/2_Tieta_Feiteng/Tieta_Feiteng_1001_PGC7KD69MBG400/rtl/include/rs35m2c16s_g5_define.v(line number: 188)] Define macro OEM_TYPE 4'b0111.
I: Verilog-0008: [C:/CPLD/pango/2_Tieta_Feiteng/Tieta_Feiteng_1001_PGC7KD69MBG400/rtl/include/rs35m2c16s_g5_define.v(line number: 191)] Define macro MFR_ID_RSVD 8'h00.
I: Verilog-0008: [C:/CPLD/pango/2_Tieta_Feiteng/Tieta_Feiteng_1001_PGC7KD69MBG400/rtl/include/rs35m2c16s_g5_define.v(line number: 192)] Define macro MFR_ID_H3C 8'h03.
I: Verilog-0008: [C:/CPLD/pango/2_Tieta_Feiteng/Tieta_Feiteng_1001_PGC7KD69MBG400/rtl/include/rs35m2c16s_g5_define.v(line number: 194)] Define macro MFR_ID `MFR_ID_H3C.
I: Verilog-0008: [C:/CPLD/pango/2_Tieta_Feiteng/Tieta_Feiteng_1001_PGC7KD69MBG400/rtl/include/rs35m2c16s_g5_define.v(line number: 197)] Define macro ODM_ID_RSVD 8'h00.
I: Verilog-0008: [C:/CPLD/pango/2_Tieta_Feiteng/Tieta_Feiteng_1001_PGC7KD69MBG400/rtl/include/rs35m2c16s_g5_define.v(line number: 198)] Define macro ODM_ID_H3C 8'h03.
I: Verilog-0008: [C:/CPLD/pango/2_Tieta_Feiteng/Tieta_Feiteng_1001_PGC7KD69MBG400/rtl/include/rs35m2c16s_g5_define.v(line number: 200)] Define macro ODM_ID `ODM_ID_H3C.
I: Verilog-0008: [C:/CPLD/pango/2_Tieta_Feiteng/Tieta_Feiteng_1001_PGC7KD69MBG400/rtl/include/rs35m2c16s_g5_define.v(line number: 203)] Define macro PDT_LINE_RSVD 8'h00.
I: Verilog-0008: [C:/CPLD/pango/2_Tieta_Feiteng/Tieta_Feiteng_1001_PGC7KD69MBG400/rtl/include/rs35m2c16s_g5_define.v(line number: 204)] Define macro PDT_LINE_H3C_2014_LLS 8'h01.
I: Verilog-0008: [C:/CPLD/pango/2_Tieta_Feiteng/Tieta_Feiteng_1001_PGC7KD69MBG400/rtl/include/rs35m2c16s_g5_define.v(line number: 206)] Define macro PDT_LINE_H3C_OEM_IN 8'h63.
I: Verilog-0008: [C:/CPLD/pango/2_Tieta_Feiteng/Tieta_Feiteng_1001_PGC7KD69MBG400/rtl/include/rs35m2c16s_g5_define.v(line number: 208)] Define macro PDT_LINE `PDT_LINE_H3C_OEM_IN.
I: Verilog-0008: [C:/CPLD/pango/2_Tieta_Feiteng/Tieta_Feiteng_1001_PGC7KD69MBG400/rtl/include/rs35m2c16s_g5_define.v(line number: 211)] Define macro PDT_GEN_RSVD 8'h00.
I: Verilog-0008: [C:/CPLD/pango/2_Tieta_Feiteng/Tieta_Feiteng_1001_PGC7KD69MBG400/rtl/include/rs35m2c16s_g5_define.v(line number: 212)] Define macro PDT_GEN_H3C_2014_G2 8'h02.
I: Verilog-0008: [C:/CPLD/pango/2_Tieta_Feiteng/Tieta_Feiteng_1001_PGC7KD69MBG400/rtl/include/rs35m2c16s_g5_define.v(line number: 213)] Define macro PDT_GEN_H3C_2014_G3 8'h03.
I: Verilog-0008: [C:/CPLD/pango/2_Tieta_Feiteng/Tieta_Feiteng_1001_PGC7KD69MBG400/rtl/include/rs35m2c16s_g5_define.v(line number: 215)] Define macro PDT_GEN_H3C_S5000C 8'h07.
I: Verilog-0008: [C:/CPLD/pango/2_Tieta_Feiteng/Tieta_Feiteng_1001_PGC7KD69MBG400/rtl/include/rs35m2c16s_g5_define.v(line number: 218)] Define macro PDT_GEN `PDT_GEN_H3C_S5000C.
I: Verilog-0008: [C:/CPLD/pango/2_Tieta_Feiteng/Tieta_Feiteng_1001_PGC7KD69MBG400/rtl/include/rs35m2c16s_g5_define.v(line number: 221)] Define macro PDT_REV_RSVD 8'h00.
I: Verilog-0008: [C:/CPLD/pango/2_Tieta_Feiteng/Tieta_Feiteng_1001_PGC7KD69MBG400/rtl/include/rs35m2c16s_g5_define.v(line number: 222)] Define macro PDT_REV_H3C_2014_V100R001 8'h11.
I: Verilog-0008: [C:/CPLD/pango/2_Tieta_Feiteng/Tieta_Feiteng_1001_PGC7KD69MBG400/rtl/include/rs35m2c16s_g5_define.v(line number: 223)] Define macro PDT_REV_H3C_2014_V200R002 8'h22.
I: Verilog-0008: [C:/CPLD/pango/2_Tieta_Feiteng/Tieta_Feiteng_1001_PGC7KD69MBG400/rtl/include/rs35m2c16s_g5_define.v(line number: 224)] Define macro PDT_REV_H3C_2014_V500R002 8'h52.
I: Verilog-0008: [C:/CPLD/pango/2_Tieta_Feiteng/Tieta_Feiteng_1001_PGC7KD69MBG400/rtl/include/rs35m2c16s_g5_define.v(line number: 225)] Define macro PDT_REV_H3C_2014_V800R001 8'h81.
I: Verilog-0008: [C:/CPLD/pango/2_Tieta_Feiteng/Tieta_Feiteng_1001_PGC7KD69MBG400/rtl/include/rs35m2c16s_g5_define.v(line number: 226)] Define macro PDT_REV_H3C_2014_V200R005 8'h25.
I: Verilog-0008: [C:/CPLD/pango/2_Tieta_Feiteng/Tieta_Feiteng_1001_PGC7KD69MBG400/rtl/include/rs35m2c16s_g5_define.v(line number: 228)] Define macro PDT_REV_H3C_2014_V500R003 8'h53.
I: Verilog-0008: [C:/CPLD/pango/2_Tieta_Feiteng/Tieta_Feiteng_1001_PGC7KD69MBG400/rtl/include/rs35m2c16s_g5_define.v(line number: 229)] Define macro PDT_REV_H3C_2014_V500R005 8'h55.
I: Verilog-0008: [C:/CPLD/pango/2_Tieta_Feiteng/Tieta_Feiteng_1001_PGC7KD69MBG400/rtl/include/rs35m2c16s_g5_define.v(line number: 230)] Define macro PDT_REV_H3C_IT_C_RACK_V700R001 8'h71.
I: Verilog-0008: [C:/CPLD/pango/2_Tieta_Feiteng/Tieta_Feiteng_1001_PGC7KD69MBG400/rtl/include/rs35m2c16s_g5_define.v(line number: 234)] Define macro PDT_REV `PDT_REV_H3C_IT_C_RACK_V700R001.
I: Verilog-0008: [C:/CPLD/pango/2_Tieta_Feiteng/Tieta_Feiteng_1001_PGC7KD69MBG400/rtl/include/rs35m2c16s_g5_define.v(line number: 237)] Define macro SERVER_ID_H3C_2014_RSVD 8'h00.
I: Verilog-0008: [C:/CPLD/pango/2_Tieta_Feiteng/Tieta_Feiteng_1001_PGC7KD69MBG400/rtl/include/rs35m2c16s_g5_define.v(line number: 238)] Define macro SERVER_ID_H3C_2014_R2700 8'h01.
I: Verilog-0008: [C:/CPLD/pango/2_Tieta_Feiteng/Tieta_Feiteng_1001_PGC7KD69MBG400/rtl/include/rs35m2c16s_g5_define.v(line number: 239)] Define macro SERVER_ID_H3C_2014_R2900 8'h03.
I: Verilog-0008: [C:/CPLD/pango/2_Tieta_Feiteng/Tieta_Feiteng_1001_PGC7KD69MBG400/rtl/include/rs35m2c16s_g5_define.v(line number: 240)] Define macro SERVER_ID_H3C_2014_R4700 8'h11.
I: Verilog-0008: [C:/CPLD/pango/2_Tieta_Feiteng/Tieta_Feiteng_1001_PGC7KD69MBG400/rtl/include/rs35m2c16s_g5_define.v(line number: 241)] Define macro SERVER_ID_H3C_2014_R4900 8'h13.
I: Verilog-0008: [C:/CPLD/pango/2_Tieta_Feiteng/Tieta_Feiteng_1001_PGC7KD69MBG400/rtl/include/rs35m2c16s_g5_define.v(line number: 242)] Define macro SERVER_ID_H3C_2014_R6900 8'h23.
I: Verilog-0008: [C:/CPLD/pango/2_Tieta_Feiteng/Tieta_Feiteng_1001_PGC7KD69MBG400/rtl/include/rs35m2c16s_g5_define.v(line number: 243)] Define macro SERVER_ID_H3C_2014_R8900 8'h33.
I: Verilog-0008: [C:/CPLD/pango/2_Tieta_Feiteng/Tieta_Feiteng_1001_PGC7KD69MBG400/rtl/include/rs35m2c16s_g5_define.v(line number: 246)] Define macro BOARD_ID_H3C_2014_RSVD 8'h00.
I: Verilog-0008: [C:/CPLD/pango/2_Tieta_Feiteng/Tieta_Feiteng_1001_PGC7KD69MBG400/rtl/include/rs35m2c16s_g5_define.v(line number: 247)] Define macro BOARD_ID_H3C_2014_RS03M2C9S 8'h04.
I: Verilog-0008: [C:/CPLD/pango/2_Tieta_Feiteng/Tieta_Feiteng_1001_PGC7KD69MBG400/rtl/include/rs35m2c16s_g5_define.v(line number: 248)] Define macro BOARD_ID_H3C_2014_RS23M2C6S 8'h03.
I: Verilog-0008: [C:/CPLD/pango/2_Tieta_Feiteng/Tieta_Feiteng_1001_PGC7KD69MBG400/rtl/include/rs35m2c16s_g5_define.v(line number: 249)] Define macro BOARD_ID_H3C_2014_RS33M2C9S 8'h04.
I: Verilog-0008: [C:/CPLD/pango/2_Tieta_Feiteng/Tieta_Feiteng_1001_PGC7KD69MBG400/rtl/include/rs35m2c16s_g5_define.v(line number: 250)] Define macro BOARD_ID_H3C_2014_RS35M2C5S 8'h03.
I: Verilog-0008: [C:/CPLD/pango/2_Tieta_Feiteng/Tieta_Feiteng_1001_PGC7KD69MBG400/rtl/include/rs35m2c16s_g5_define.v(line number: 251)] Define macro BOARD_ID_H3C_2014_RS35M2C16S 8'h04.
I: Verilog-0008: [C:/CPLD/pango/2_Tieta_Feiteng/Tieta_Feiteng_1001_PGC7KD69MBG400/rtl/include/rs35m2c16s_g5_define.v(line number: 253)] Define macro BOARD_ID_H3C_2014_RS41M2C9S 8'h11.
I: Verilog-0008: [C:/CPLD/pango/2_Tieta_Feiteng/Tieta_Feiteng_1001_PGC7KD69MBG400/rtl/include/rs35m2c16s_g5_define.v(line number: 256)] Define macro CHASSIS_ID_H3C_2014_RSVD 8'h00.
I: Verilog-0008: [C:/CPLD/pango/2_Tieta_Feiteng/Tieta_Feiteng_1001_PGC7KD69MBG400/rtl/include/rs35m2c16s_g5_define.v(line number: 257)] Define macro CHASSIS_ID_H3C_2014_1U 8'h01.
I: Verilog-0008: [C:/CPLD/pango/2_Tieta_Feiteng/Tieta_Feiteng_1001_PGC7KD69MBG400/rtl/include/rs35m2c16s_g5_define.v(line number: 258)] Define macro CHASSIS_ID_H3C_2014_2U 8'h02.
I: Verilog-0008: [C:/CPLD/pango/2_Tieta_Feiteng/Tieta_Feiteng_1001_PGC7KD69MBG400/rtl/include/rs35m2c16s_g5_define.v(line number: 259)] Define macro CHASSIS_ID_H3C_2014_NONE 8'h03.
I: Verilog-0008: [C:/CPLD/pango/2_Tieta_Feiteng/Tieta_Feiteng_1001_PGC7KD69MBG400/rtl/include/rs35m2c16s_g5_define.v(line number: 262)] Define macro PLT_CPU_MFR_RSVD 8'h00.
I: Verilog-0008: [C:/CPLD/pango/2_Tieta_Feiteng/Tieta_Feiteng_1001_PGC7KD69MBG400/rtl/include/rs35m2c16s_g5_define.v(line number: 263)] Define macro PLT_CPU_MFR_INTEL 8'h01.
I: Verilog-0008: [C:/CPLD/pango/2_Tieta_Feiteng/Tieta_Feiteng_1001_PGC7KD69MBG400/rtl/include/rs35m2c16s_g5_define.v(line number: 264)] Define macro PLT_CPU_MFR_AMD 8'h02.
I: Verilog-0008: [C:/CPLD/pango/2_Tieta_Feiteng/Tieta_Feiteng_1001_PGC7KD69MBG400/rtl/include/rs35m2c16s_g5_define.v(line number: 265)] Define macro PLT_CPU_MFR_FT 8'h03.
I: Verilog-0008: [C:/CPLD/pango/2_Tieta_Feiteng/Tieta_Feiteng_1001_PGC7KD69MBG400/rtl/include/rs35m2c16s_g5_define.v(line number: 267)] Define macro PLT_CPU_MFR `PLT_CPU_MFR_FT.
I: Verilog-0008: [C:/CPLD/pango/2_Tieta_Feiteng/Tieta_Feiteng_1001_PGC7KD69MBG400/rtl/include/rs35m2c16s_g5_define.v(line number: 270)] Define macro PLT_CPU_GEN_RSVD 8'h00.
I: Verilog-0008: [C:/CPLD/pango/2_Tieta_Feiteng/Tieta_Feiteng_1001_PGC7KD69MBG400/rtl/include/rs35m2c16s_g5_define.v(line number: 271)] Define macro PLT_CPU_GEN_BROADWELL 8'h00.
I: Verilog-0008: [C:/CPLD/pango/2_Tieta_Feiteng/Tieta_Feiteng_1001_PGC7KD69MBG400/rtl/include/rs35m2c16s_g5_define.v(line number: 272)] Define macro PLT_CPU_GEN_SKYLATE 8'h01.
I: Verilog-0008: [C:/CPLD/pango/2_Tieta_Feiteng/Tieta_Feiteng_1001_PGC7KD69MBG400/rtl/include/rs35m2c16s_g5_define.v(line number: 273)] Define macro PLT_CPU_GEN_ICELATE 8'h10.
I: Verilog-0008: [C:/CPLD/pango/2_Tieta_Feiteng/Tieta_Feiteng_1001_PGC7KD69MBG400/rtl/include/rs35m2c16s_g5_define.v(line number: 274)] Define macro PLT_CPU_GEN_FT2500 8'h05.
I: Verilog-0008: [C:/CPLD/pango/2_Tieta_Feiteng/Tieta_Feiteng_1001_PGC7KD69MBG400/rtl/include/rs35m2c16s_g5_define.v(line number: 276)] Define macro PLT_CPU_GEN `PLT_CPU_GEN_FT2500.
I: Verilog-0008: [C:/CPLD/pango/2_Tieta_Feiteng/Tieta_Feiteng_1001_PGC7KD69MBG400/rtl/include/rs35m2c16s_g5_define.v(line number: 281)] Define macro INT_MODE_RISING 2'b01.
I: Verilog-0008: [C:/CPLD/pango/2_Tieta_Feiteng/Tieta_Feiteng_1001_PGC7KD69MBG400/rtl/include/rs35m2c16s_g5_define.v(line number: 282)] Define macro INT_MODE_FALLING 2'b10.
I: Verilog-0008: [C:/CPLD/pango/2_Tieta_Feiteng/Tieta_Feiteng_1001_PGC7KD69MBG400/rtl/include/rs35m2c16s_g5_define.v(line number: 283)] Define macro INT_MODE_BOTH 2'b11.
I: Verilog-0008: [C:/CPLD/pango/2_Tieta_Feiteng/Tieta_Feiteng_1001_PGC7KD69MBG400/rtl/include/rs35m2c16s_g5_define.v(line number: 288)] Define macro PN_RS03M2C9S {`ASCII_A, `ASCII_3, `ASCII_F, `ASCII_T}.
I: Verilog-0008: [C:/CPLD/pango/2_Tieta_Feiteng/Tieta_Feiteng_1001_PGC7KD69MBG400/rtl/include/rs35m2c16s_g5_define.v(line number: 289)] Define macro PN_RS33M2C9S {`ASCII_A, `ASCII_3, `ASCII_F, `ASCII_Q}.
I: Verilog-0008: [C:/CPLD/pango/2_Tieta_Feiteng/Tieta_Feiteng_1001_PGC7KD69MBG400/rtl/include/rs35m2c16s_g5_define.v(line number: 290)] Define macro PN_RS23M2C6S {`ASCII_A, `ASCII_3, `ASCII_F, `ASCII_R}.
I: Verilog-0008: [C:/CPLD/pango/2_Tieta_Feiteng/Tieta_Feiteng_1001_PGC7KD69MBG400/rtl/include/rs35m2c16s_g5_define.v(line number: 291)] Define macro PN_RS05M2C9S {`ASCII_A, `ASCII_4, `ASCII_L, `ASCII_M}.
I: Verilog-0008: [C:/CPLD/pango/2_Tieta_Feiteng/Tieta_Feiteng_1001_PGC7KD69MBG400/rtl/include/rs35m2c16s_g5_define.v(line number: 292)] Define macro PN_RS35M2C16S {`ASCII_A, `ASCII_5, `ASCII_B, `ASCII_8}.
I: Verilog-0008: [C:/CPLD/pango/2_Tieta_Feiteng/Tieta_Feiteng_1001_PGC7KD69MBG400/rtl/include/rs35m2c16s_g5_define.v(line number: 293)] Define macro PN_RS41M2C9S {`ASCII_A, `ASCII_5, `ASCII_K, `ASCII_B}.
I: Verilog-0008: [C:/CPLD/pango/2_Tieta_Feiteng/Tieta_Feiteng_1001_PGC7KD69MBG400/rtl/include/rs35m2c16s_g5_define.v(line number: 294)] Define macro PN_RSVD 32'h0000_0000.
I: Verilog-0008: [C:/CPLD/pango/2_Tieta_Feiteng/Tieta_Feiteng_1001_PGC7KD69MBG400/rtl/include/rs35m2c16s_g5_define.v(line number: 301)] Define macro BOARD_PN `PN_RS41M2C9S.
I: Verilog-0008: [C:/CPLD/pango/2_Tieta_Feiteng/Tieta_Feiteng_1001_PGC7KD69MBG400/rtl/include/rs35m2c16s_g5_define.v(line number: 306)] Define macro ASCII_0 8'h30.
I: Verilog-0008: [C:/CPLD/pango/2_Tieta_Feiteng/Tieta_Feiteng_1001_PGC7KD69MBG400/rtl/include/rs35m2c16s_g5_define.v(line number: 307)] Define macro ASCII_1 8'h31.
I: Verilog-0008: [C:/CPLD/pango/2_Tieta_Feiteng/Tieta_Feiteng_1001_PGC7KD69MBG400/rtl/include/rs35m2c16s_g5_define.v(line number: 308)] Define macro ASCII_2 8'h32.
I: Verilog-0008: [C:/CPLD/pango/2_Tieta_Feiteng/Tieta_Feiteng_1001_PGC7KD69MBG400/rtl/include/rs35m2c16s_g5_define.v(line number: 309)] Define macro ASCII_3 8'h33.
I: Verilog-0008: [C:/CPLD/pango/2_Tieta_Feiteng/Tieta_Feiteng_1001_PGC7KD69MBG400/rtl/include/rs35m2c16s_g5_define.v(line number: 310)] Define macro ASCII_4 8'h34.
I: Verilog-0008: [C:/CPLD/pango/2_Tieta_Feiteng/Tieta_Feiteng_1001_PGC7KD69MBG400/rtl/include/rs35m2c16s_g5_define.v(line number: 311)] Define macro ASCII_5 8'h35.
I: Verilog-0008: [C:/CPLD/pango/2_Tieta_Feiteng/Tieta_Feiteng_1001_PGC7KD69MBG400/rtl/include/rs35m2c16s_g5_define.v(line number: 312)] Define macro ASCII_6 8'h36.
I: Verilog-0008: [C:/CPLD/pango/2_Tieta_Feiteng/Tieta_Feiteng_1001_PGC7KD69MBG400/rtl/include/rs35m2c16s_g5_define.v(line number: 313)] Define macro ASCII_7 8'h37.
I: Verilog-0008: [C:/CPLD/pango/2_Tieta_Feiteng/Tieta_Feiteng_1001_PGC7KD69MBG400/rtl/include/rs35m2c16s_g5_define.v(line number: 314)] Define macro ASCII_8 8'h38.
I: Verilog-0008: [C:/CPLD/pango/2_Tieta_Feiteng/Tieta_Feiteng_1001_PGC7KD69MBG400/rtl/include/rs35m2c16s_g5_define.v(line number: 315)] Define macro ASCII_9 8'h39.
I: Verilog-0008: [C:/CPLD/pango/2_Tieta_Feiteng/Tieta_Feiteng_1001_PGC7KD69MBG400/rtl/include/rs35m2c16s_g5_define.v(line number: 316)] Define macro ASCII_A 8'h41.
I: Verilog-0008: [C:/CPLD/pango/2_Tieta_Feiteng/Tieta_Feiteng_1001_PGC7KD69MBG400/rtl/include/rs35m2c16s_g5_define.v(line number: 317)] Define macro ASCII_B 8'h42.
I: Verilog-0008: [C:/CPLD/pango/2_Tieta_Feiteng/Tieta_Feiteng_1001_PGC7KD69MBG400/rtl/include/rs35m2c16s_g5_define.v(line number: 318)] Define macro ASCII_C 8'h43.
I: Verilog-0008: [C:/CPLD/pango/2_Tieta_Feiteng/Tieta_Feiteng_1001_PGC7KD69MBG400/rtl/include/rs35m2c16s_g5_define.v(line number: 319)] Define macro ASCII_D 8'h44.
I: Verilog-0008: [C:/CPLD/pango/2_Tieta_Feiteng/Tieta_Feiteng_1001_PGC7KD69MBG400/rtl/include/rs35m2c16s_g5_define.v(line number: 320)] Define macro ASCII_E 8'h45.
I: Verilog-0008: [C:/CPLD/pango/2_Tieta_Feiteng/Tieta_Feiteng_1001_PGC7KD69MBG400/rtl/include/rs35m2c16s_g5_define.v(line number: 321)] Define macro ASCII_F 8'h46.
I: Verilog-0008: [C:/CPLD/pango/2_Tieta_Feiteng/Tieta_Feiteng_1001_PGC7KD69MBG400/rtl/include/rs35m2c16s_g5_define.v(line number: 322)] Define macro ASCII_G 8'h47.
I: Verilog-0008: [C:/CPLD/pango/2_Tieta_Feiteng/Tieta_Feiteng_1001_PGC7KD69MBG400/rtl/include/rs35m2c16s_g5_define.v(line number: 323)] Define macro ASCII_H 8'h48.
I: Verilog-0008: [C:/CPLD/pango/2_Tieta_Feiteng/Tieta_Feiteng_1001_PGC7KD69MBG400/rtl/include/rs35m2c16s_g5_define.v(line number: 324)] Define macro ASCII_I 8'h49.
I: Verilog-0008: [C:/CPLD/pango/2_Tieta_Feiteng/Tieta_Feiteng_1001_PGC7KD69MBG400/rtl/include/rs35m2c16s_g5_define.v(line number: 325)] Define macro ASCII_J 8'h4A.
I: Verilog-0008: [C:/CPLD/pango/2_Tieta_Feiteng/Tieta_Feiteng_1001_PGC7KD69MBG400/rtl/include/rs35m2c16s_g5_define.v(line number: 326)] Define macro ASCII_K 8'h4B.
I: Verilog-0008: [C:/CPLD/pango/2_Tieta_Feiteng/Tieta_Feiteng_1001_PGC7KD69MBG400/rtl/include/rs35m2c16s_g5_define.v(line number: 327)] Define macro ASCII_L 8'h4C.
I: Verilog-0008: [C:/CPLD/pango/2_Tieta_Feiteng/Tieta_Feiteng_1001_PGC7KD69MBG400/rtl/include/rs35m2c16s_g5_define.v(line number: 328)] Define macro ASCII_M 8'h4D.
I: Verilog-0008: [C:/CPLD/pango/2_Tieta_Feiteng/Tieta_Feiteng_1001_PGC7KD69MBG400/rtl/include/rs35m2c16s_g5_define.v(line number: 329)] Define macro ASCII_N 8'h4E.
I: Verilog-0008: [C:/CPLD/pango/2_Tieta_Feiteng/Tieta_Feiteng_1001_PGC7KD69MBG400/rtl/include/rs35m2c16s_g5_define.v(line number: 330)] Define macro ASCII_O 8'h4F.
I: Verilog-0008: [C:/CPLD/pango/2_Tieta_Feiteng/Tieta_Feiteng_1001_PGC7KD69MBG400/rtl/include/rs35m2c16s_g5_define.v(line number: 331)] Define macro ASCII_P 8'h50.
I: Verilog-0008: [C:/CPLD/pango/2_Tieta_Feiteng/Tieta_Feiteng_1001_PGC7KD69MBG400/rtl/include/rs35m2c16s_g5_define.v(line number: 332)] Define macro ASCII_Q 8'h51.
I: Verilog-0008: [C:/CPLD/pango/2_Tieta_Feiteng/Tieta_Feiteng_1001_PGC7KD69MBG400/rtl/include/rs35m2c16s_g5_define.v(line number: 333)] Define macro ASCII_R 8'h52.
I: Verilog-0008: [C:/CPLD/pango/2_Tieta_Feiteng/Tieta_Feiteng_1001_PGC7KD69MBG400/rtl/include/rs35m2c16s_g5_define.v(line number: 334)] Define macro ASCII_S 8'h53.
I: Verilog-0008: [C:/CPLD/pango/2_Tieta_Feiteng/Tieta_Feiteng_1001_PGC7KD69MBG400/rtl/include/rs35m2c16s_g5_define.v(line number: 335)] Define macro ASCII_T 8'h54.
I: Verilog-0008: [C:/CPLD/pango/2_Tieta_Feiteng/Tieta_Feiteng_1001_PGC7KD69MBG400/rtl/include/rs35m2c16s_g5_define.v(line number: 336)] Define macro ASCII_U 8'h55.
I: Verilog-0008: [C:/CPLD/pango/2_Tieta_Feiteng/Tieta_Feiteng_1001_PGC7KD69MBG400/rtl/include/rs35m2c16s_g5_define.v(line number: 337)] Define macro ASCII_V 8'h56.
I: Verilog-0008: [C:/CPLD/pango/2_Tieta_Feiteng/Tieta_Feiteng_1001_PGC7KD69MBG400/rtl/include/rs35m2c16s_g5_define.v(line number: 338)] Define macro ASCII_W 8'h57.
I: Verilog-0008: [C:/CPLD/pango/2_Tieta_Feiteng/Tieta_Feiteng_1001_PGC7KD69MBG400/rtl/include/rs35m2c16s_g5_define.v(line number: 339)] Define macro ASCII_X 8'h58.
I: Verilog-0008: [C:/CPLD/pango/2_Tieta_Feiteng/Tieta_Feiteng_1001_PGC7KD69MBG400/rtl/include/rs35m2c16s_g5_define.v(line number: 340)] Define macro ASCII_Y 8'h59.
I: Verilog-0008: [C:/CPLD/pango/2_Tieta_Feiteng/Tieta_Feiteng_1001_PGC7KD69MBG400/rtl/include/rs35m2c16s_g5_define.v(line number: 341)] Define macro ASCII_Z 8'h5A.
I: Verilog-0002: [C:/CPLD/pango/2_Tieta_Feiteng/Tieta_Feiteng_1001_PGC7KD69MBG400/rtl/source/pwrseq/pwrcap.v(line number: 25)] Analyzing module pwrcap (library work).
Parsing done.
I: Verilog-0001: Analyzing file C:/CPLD/pango/2_Tieta_Feiteng/Tieta_Feiteng_1001_PGC7KD69MBG400/rtl/source/pwrseq/pwrseq_master.v.
I: Found Verilog include file C:/CPLD/pango/2_Tieta_Feiteng/Tieta_Feiteng_1001_PGC7KD69MBG400/rtl/include/pwrseq_define.v
I: Verilog-0008: [C:/CPLD/pango/2_Tieta_Feiteng/Tieta_Feiteng_1001_PGC7KD69MBG400/rtl/include/pwrseq_define.v(line number: 1)] Define macro SM_RESET_STATE 6'h00.
I: Verilog-0008: [C:/CPLD/pango/2_Tieta_Feiteng/Tieta_Feiteng_1001_PGC7KD69MBG400/rtl/include/pwrseq_define.v(line number: 2)] Define macro SM_DISABLE_S5_DEVICES 6'h01.
I: Verilog-0008: [C:/CPLD/pango/2_Tieta_Feiteng/Tieta_Feiteng_1001_PGC7KD69MBG400/rtl/include/pwrseq_define.v(line number: 4)] Define macro SM_OFF_STANDBY 6'h02.
I: Verilog-0008: [C:/CPLD/pango/2_Tieta_Feiteng/Tieta_Feiteng_1001_PGC7KD69MBG400/rtl/include/pwrseq_define.v(line number: 5)] Define macro SM_ENABLE_S5_DEVICES 6'h03.
I: Verilog-0008: [C:/CPLD/pango/2_Tieta_Feiteng/Tieta_Feiteng_1001_PGC7KD69MBG400/rtl/include/pwrseq_define.v(line number: 6)] Define macro SM_PS_ON 6'h04.
I: Verilog-0008: [C:/CPLD/pango/2_Tieta_Feiteng/Tieta_Feiteng_1001_PGC7KD69MBG400/rtl/include/pwrseq_define.v(line number: 7)] Define macro SM_EN_5V_STBY 6'h05.
I: Verilog-0008: [C:/CPLD/pango/2_Tieta_Feiteng/Tieta_Feiteng_1001_PGC7KD69MBG400/rtl/include/pwrseq_define.v(line number: 8)] Define macro SM_EN_TELEM 6'h06.
I: Verilog-0008: [C:/CPLD/pango/2_Tieta_Feiteng/Tieta_Feiteng_1001_PGC7KD69MBG400/rtl/include/pwrseq_define.v(line number: 9)] Define macro SM_EN_MAIN_EFUSE 6'h07.
I: Verilog-0008: [C:/CPLD/pango/2_Tieta_Feiteng/Tieta_Feiteng_1001_PGC7KD69MBG400/rtl/include/pwrseq_define.v(line number: 10)] Define macro SM_EN_5V 6'h08.
I: Verilog-0008: [C:/CPLD/pango/2_Tieta_Feiteng/Tieta_Feiteng_1001_PGC7KD69MBG400/rtl/include/pwrseq_define.v(line number: 11)] Define macro SM_EN_3V3 6'h09.
I: Verilog-0008: [C:/CPLD/pango/2_Tieta_Feiteng/Tieta_Feiteng_1001_PGC7KD69MBG400/rtl/include/pwrseq_define.v(line number: 12)] Define macro SM_EN_1V1 6'h0A.
I: Verilog-0008: [C:/CPLD/pango/2_Tieta_Feiteng/Tieta_Feiteng_1001_PGC7KD69MBG400/rtl/include/pwrseq_define.v(line number: 14)] Define macro SM_EN_CPU_CORE 6'h0B.
I: Verilog-0008: [C:/CPLD/pango/2_Tieta_Feiteng/Tieta_Feiteng_1001_PGC7KD69MBG400/rtl/include/pwrseq_define.v(line number: 15)] Define macro SM_EN_CPU_P1V8 6'h0C.
I: Verilog-0008: [C:/CPLD/pango/2_Tieta_Feiteng/Tieta_Feiteng_1001_PGC7KD69MBG400/rtl/include/pwrseq_define.v(line number: 16)] Define macro SM_EN_CPU_DDR 6'h0D.
I: Verilog-0008: [C:/CPLD/pango/2_Tieta_Feiteng/Tieta_Feiteng_1001_PGC7KD69MBG400/rtl/include/pwrseq_define.v(line number: 17)] Define macro SM_EN_CPU_VP 6'h0E.
I: Verilog-0008: [C:/CPLD/pango/2_Tieta_Feiteng/Tieta_Feiteng_1001_PGC7KD69MBG400/rtl/include/pwrseq_define.v(line number: 19)] Define macro PEX_RESET 6'h0F.
I: Verilog-0008: [C:/CPLD/pango/2_Tieta_Feiteng/Tieta_Feiteng_1001_PGC7KD69MBG400/rtl/include/pwrseq_define.v(line number: 20)] Define macro SM_CPU_RESET 6'h10.
I: Verilog-0008: [C:/CPLD/pango/2_Tieta_Feiteng/Tieta_Feiteng_1001_PGC7KD69MBG400/rtl/include/pwrseq_define.v(line number: 22)] Define macro SM_WAIT_POWEROK 6'h11.
I: Verilog-0008: [C:/CPLD/pango/2_Tieta_Feiteng/Tieta_Feiteng_1001_PGC7KD69MBG400/rtl/include/pwrseq_define.v(line number: 23)] Define macro SM_STEADY_PWROK 6'h12.
I: Verilog-0008: [C:/CPLD/pango/2_Tieta_Feiteng/Tieta_Feiteng_1001_PGC7KD69MBG400/rtl/include/pwrseq_define.v(line number: 24)] Define macro SM_CRITICAL_FAIL 6'h13.
I: Verilog-0008: [C:/CPLD/pango/2_Tieta_Feiteng/Tieta_Feiteng_1001_PGC7KD69MBG400/rtl/include/pwrseq_define.v(line number: 26)] Define macro SM_DISABLE_CPU_VP 6'h14.
I: Verilog-0008: [C:/CPLD/pango/2_Tieta_Feiteng/Tieta_Feiteng_1001_PGC7KD69MBG400/rtl/include/pwrseq_define.v(line number: 27)] Define macro SM_DISABLE_CPU_DDR 6'h15.
I: Verilog-0008: [C:/CPLD/pango/2_Tieta_Feiteng/Tieta_Feiteng_1001_PGC7KD69MBG400/rtl/include/pwrseq_define.v(line number: 28)] Define macro SM_DISABLE_CPU_P1V8 6'h16.
I: Verilog-0008: [C:/CPLD/pango/2_Tieta_Feiteng/Tieta_Feiteng_1001_PGC7KD69MBG400/rtl/include/pwrseq_define.v(line number: 29)] Define macro SM_DISABLE_CPU_CORE 6'h17.
I: Verilog-0008: [C:/CPLD/pango/2_Tieta_Feiteng/Tieta_Feiteng_1001_PGC7KD69MBG400/rtl/include/pwrseq_define.v(line number: 31)] Define macro SM_DISABLE_1V1 6'h18.
I: Verilog-0008: [C:/CPLD/pango/2_Tieta_Feiteng/Tieta_Feiteng_1001_PGC7KD69MBG400/rtl/include/pwrseq_define.v(line number: 32)] Define macro SM_DISABLE_3V3 6'h19.
I: Verilog-0008: [C:/CPLD/pango/2_Tieta_Feiteng/Tieta_Feiteng_1001_PGC7KD69MBG400/rtl/include/pwrseq_define.v(line number: 33)] Define macro SM_DISABLE_5V 6'h1A.
I: Verilog-0008: [C:/CPLD/pango/2_Tieta_Feiteng/Tieta_Feiteng_1001_PGC7KD69MBG400/rtl/include/pwrseq_define.v(line number: 35)] Define macro SM_DISABLE_MAIN_EFUSE 6'h1B.
I: Verilog-0008: [C:/CPLD/pango/2_Tieta_Feiteng/Tieta_Feiteng_1001_PGC7KD69MBG400/rtl/include/pwrseq_define.v(line number: 36)] Define macro SM_DISABLE_TELEM 6'h1C.
I: Verilog-0008: [C:/CPLD/pango/2_Tieta_Feiteng/Tieta_Feiteng_1001_PGC7KD69MBG400/rtl/include/pwrseq_define.v(line number: 37)] Define macro SM_DISABLE_PS_ON 6'h1D.
I: Verilog-0008: [C:/CPLD/pango/2_Tieta_Feiteng/Tieta_Feiteng_1001_PGC7KD69MBG400/rtl/include/pwrseq_define.v(line number: 39)] Define macro SM_HALT_POWER_CYCLE 6'h1E.
I: Verilog-0008: [C:/CPLD/pango/2_Tieta_Feiteng/Tieta_Feiteng_1001_PGC7KD69MBG400/rtl/include/pwrseq_define.v(line number: 40)] Define macro SM_AUX_FAIL_RECOVERY 6'h1F.
I: Verilog-0002: [C:/CPLD/pango/2_Tieta_Feiteng/Tieta_Feiteng_1001_PGC7KD69MBG400/rtl/source/pwrseq/pwrseq_master.v(line number: 13)] Analyzing module pwrseq_master (library work).
Parsing done.
I: Verilog-0001: Analyzing file C:/CPLD/pango/2_Tieta_Feiteng/Tieta_Feiteng_1001_PGC7KD69MBG400/rtl/source/pwrseq/pwrseq_slave.v.
I: Found Verilog include file C:/CPLD/pango/2_Tieta_Feiteng/Tieta_Feiteng_1001_PGC7KD69MBG400/rtl/include/pwrseq_define.v
I: Verilog-0008: [C:/CPLD/pango/2_Tieta_Feiteng/Tieta_Feiteng_1001_PGC7KD69MBG400/rtl/include/pwrseq_define.v(line number: 1)] Define macro SM_RESET_STATE 6'h00.
I: Verilog-0008: [C:/CPLD/pango/2_Tieta_Feiteng/Tieta_Feiteng_1001_PGC7KD69MBG400/rtl/include/pwrseq_define.v(line number: 2)] Define macro SM_DISABLE_S5_DEVICES 6'h01.
I: Verilog-0008: [C:/CPLD/pango/2_Tieta_Feiteng/Tieta_Feiteng_1001_PGC7KD69MBG400/rtl/include/pwrseq_define.v(line number: 4)] Define macro SM_OFF_STANDBY 6'h02.
I: Verilog-0008: [C:/CPLD/pango/2_Tieta_Feiteng/Tieta_Feiteng_1001_PGC7KD69MBG400/rtl/include/pwrseq_define.v(line number: 5)] Define macro SM_ENABLE_S5_DEVICES 6'h03.
I: Verilog-0008: [C:/CPLD/pango/2_Tieta_Feiteng/Tieta_Feiteng_1001_PGC7KD69MBG400/rtl/include/pwrseq_define.v(line number: 6)] Define macro SM_PS_ON 6'h04.
I: Verilog-0008: [C:/CPLD/pango/2_Tieta_Feiteng/Tieta_Feiteng_1001_PGC7KD69MBG400/rtl/include/pwrseq_define.v(line number: 7)] Define macro SM_EN_5V_STBY 6'h05.
I: Verilog-0008: [C:/CPLD/pango/2_Tieta_Feiteng/Tieta_Feiteng_1001_PGC7KD69MBG400/rtl/include/pwrseq_define.v(line number: 8)] Define macro SM_EN_TELEM 6'h06.
I: Verilog-0008: [C:/CPLD/pango/2_Tieta_Feiteng/Tieta_Feiteng_1001_PGC7KD69MBG400/rtl/include/pwrseq_define.v(line number: 9)] Define macro SM_EN_MAIN_EFUSE 6'h07.
I: Verilog-0008: [C:/CPLD/pango/2_Tieta_Feiteng/Tieta_Feiteng_1001_PGC7KD69MBG400/rtl/include/pwrseq_define.v(line number: 10)] Define macro SM_EN_5V 6'h08.
I: Verilog-0008: [C:/CPLD/pango/2_Tieta_Feiteng/Tieta_Feiteng_1001_PGC7KD69MBG400/rtl/include/pwrseq_define.v(line number: 11)] Define macro SM_EN_3V3 6'h09.
I: Verilog-0008: [C:/CPLD/pango/2_Tieta_Feiteng/Tieta_Feiteng_1001_PGC7KD69MBG400/rtl/include/pwrseq_define.v(line number: 12)] Define macro SM_EN_1V1 6'h0A.
I: Verilog-0008: [C:/CPLD/pango/2_Tieta_Feiteng/Tieta_Feiteng_1001_PGC7KD69MBG400/rtl/include/pwrseq_define.v(line number: 14)] Define macro SM_EN_CPU_CORE 6'h0B.
I: Verilog-0008: [C:/CPLD/pango/2_Tieta_Feiteng/Tieta_Feiteng_1001_PGC7KD69MBG400/rtl/include/pwrseq_define.v(line number: 15)] Define macro SM_EN_CPU_P1V8 6'h0C.
I: Verilog-0008: [C:/CPLD/pango/2_Tieta_Feiteng/Tieta_Feiteng_1001_PGC7KD69MBG400/rtl/include/pwrseq_define.v(line number: 16)] Define macro SM_EN_CPU_DDR 6'h0D.
I: Verilog-0008: [C:/CPLD/pango/2_Tieta_Feiteng/Tieta_Feiteng_1001_PGC7KD69MBG400/rtl/include/pwrseq_define.v(line number: 17)] Define macro SM_EN_CPU_VP 6'h0E.
I: Verilog-0008: [C:/CPLD/pango/2_Tieta_Feiteng/Tieta_Feiteng_1001_PGC7KD69MBG400/rtl/include/pwrseq_define.v(line number: 19)] Define macro PEX_RESET 6'h0F.
I: Verilog-0008: [C:/CPLD/pango/2_Tieta_Feiteng/Tieta_Feiteng_1001_PGC7KD69MBG400/rtl/include/pwrseq_define.v(line number: 20)] Define macro SM_CPU_RESET 6'h10.
I: Verilog-0008: [C:/CPLD/pango/2_Tieta_Feiteng/Tieta_Feiteng_1001_PGC7KD69MBG400/rtl/include/pwrseq_define.v(line number: 22)] Define macro SM_WAIT_POWEROK 6'h11.
I: Verilog-0008: [C:/CPLD/pango/2_Tieta_Feiteng/Tieta_Feiteng_1001_PGC7KD69MBG400/rtl/include/pwrseq_define.v(line number: 23)] Define macro SM_STEADY_PWROK 6'h12.
I: Verilog-0008: [C:/CPLD/pango/2_Tieta_Feiteng/Tieta_Feiteng_1001_PGC7KD69MBG400/rtl/include/pwrseq_define.v(line number: 24)] Define macro SM_CRITICAL_FAIL 6'h13.
I: Verilog-0008: [C:/CPLD/pango/2_Tieta_Feiteng/Tieta_Feiteng_1001_PGC7KD69MBG400/rtl/include/pwrseq_define.v(line number: 26)] Define macro SM_DISABLE_CPU_VP 6'h14.
I: Verilog-0008: [C:/CPLD/pango/2_Tieta_Feiteng/Tieta_Feiteng_1001_PGC7KD69MBG400/rtl/include/pwrseq_define.v(line number: 27)] Define macro SM_DISABLE_CPU_DDR 6'h15.
I: Verilog-0008: [C:/CPLD/pango/2_Tieta_Feiteng/Tieta_Feiteng_1001_PGC7KD69MBG400/rtl/include/pwrseq_define.v(line number: 28)] Define macro SM_DISABLE_CPU_P1V8 6'h16.
I: Verilog-0008: [C:/CPLD/pango/2_Tieta_Feiteng/Tieta_Feiteng_1001_PGC7KD69MBG400/rtl/include/pwrseq_define.v(line number: 29)] Define macro SM_DISABLE_CPU_CORE 6'h17.
I: Verilog-0008: [C:/CPLD/pango/2_Tieta_Feiteng/Tieta_Feiteng_1001_PGC7KD69MBG400/rtl/include/pwrseq_define.v(line number: 31)] Define macro SM_DISABLE_1V1 6'h18.
I: Verilog-0008: [C:/CPLD/pango/2_Tieta_Feiteng/Tieta_Feiteng_1001_PGC7KD69MBG400/rtl/include/pwrseq_define.v(line number: 32)] Define macro SM_DISABLE_3V3 6'h19.
I: Verilog-0008: [C:/CPLD/pango/2_Tieta_Feiteng/Tieta_Feiteng_1001_PGC7KD69MBG400/rtl/include/pwrseq_define.v(line number: 33)] Define macro SM_DISABLE_5V 6'h1A.
I: Verilog-0008: [C:/CPLD/pango/2_Tieta_Feiteng/Tieta_Feiteng_1001_PGC7KD69MBG400/rtl/include/pwrseq_define.v(line number: 35)] Define macro SM_DISABLE_MAIN_EFUSE 6'h1B.
I: Verilog-0008: [C:/CPLD/pango/2_Tieta_Feiteng/Tieta_Feiteng_1001_PGC7KD69MBG400/rtl/include/pwrseq_define.v(line number: 36)] Define macro SM_DISABLE_TELEM 6'h1C.
I: Verilog-0008: [C:/CPLD/pango/2_Tieta_Feiteng/Tieta_Feiteng_1001_PGC7KD69MBG400/rtl/include/pwrseq_define.v(line number: 37)] Define macro SM_DISABLE_PS_ON 6'h1D.
I: Verilog-0008: [C:/CPLD/pango/2_Tieta_Feiteng/Tieta_Feiteng_1001_PGC7KD69MBG400/rtl/include/pwrseq_define.v(line number: 39)] Define macro SM_HALT_POWER_CYCLE 6'h1E.
I: Verilog-0008: [C:/CPLD/pango/2_Tieta_Feiteng/Tieta_Feiteng_1001_PGC7KD69MBG400/rtl/include/pwrseq_define.v(line number: 40)] Define macro SM_AUX_FAIL_RECOVERY 6'h1F.
I: Verilog-0002: [C:/CPLD/pango/2_Tieta_Feiteng/Tieta_Feiteng_1001_PGC7KD69MBG400/rtl/source/pwrseq/pwrseq_slave.v(line number: 12)] Analyzing module pwrseq_slave (library work).
Parsing done.
I: Verilog-0001: Analyzing file C:/CPLD/pango/2_Tieta_Feiteng/Tieta_Feiteng_1001_PGC7KD69MBG400/rtl/source/common/timer_gen_50mhz.v.
I: Verilog-0002: [C:/CPLD/pango/2_Tieta_Feiteng/Tieta_Feiteng_1001_PGC7KD69MBG400/rtl/source/common/timer_gen_50mhz.v(line number: 15)] Analyzing module timer_gen (library work).
Parsing done.
I: Verilog-0001: Analyzing file C:/CPLD/pango/2_Tieta_Feiteng/Tieta_Feiteng_1001_PGC7KD69MBG400/rtl/source/common/pme_filter.v.
I: Verilog-0002: [C:/CPLD/pango/2_Tieta_Feiteng/Tieta_Feiteng_1001_PGC7KD69MBG400/rtl/source/common/pme_filter.v(line number: 16)] Analyzing module pme_filter (library work).
Parsing done.
I: Verilog-0001: Analyzing file C:/CPLD/pango/2_Tieta_Feiteng/Tieta_Feiteng_1001_PGC7KD69MBG400/rtl/source/pwrseq/fault_detectB_chklive.v.
I: Verilog-0002: [C:/CPLD/pango/2_Tieta_Feiteng/Tieta_Feiteng_1001_PGC7KD69MBG400/rtl/source/pwrseq/fault_detectB_chklive.v(line number: 20)] Analyzing module fault_detectB_chklive (library work).
Parsing done.
I: Verilog-0001: Analyzing file C:/CPLD/pango/2_Tieta_Feiteng/Tieta_Feiteng_1001_PGC7KD69MBG400/rtl/source/pwrseq/pwrseq_slave_dev.v.
I: Verilog-0002: [C:/CPLD/pango/2_Tieta_Feiteng/Tieta_Feiteng_1001_PGC7KD69MBG400/rtl/source/pwrseq/pwrseq_slave_dev.v(line number: 19)] Analyzing module pwrseq_slave_dev (library work).
Parsing done.
I: Verilog-0001: Analyzing file C:/CPLD/pango/2_Tieta_Feiteng/Tieta_Feiteng_1001_PGC7KD69MBG400/rtl/source/common/lowpass_filter.v.
I: Verilog-0002: [C:/CPLD/pango/2_Tieta_Feiteng/Tieta_Feiteng_1001_PGC7KD69MBG400/rtl/source/common/lowpass_filter.v(line number: 23)] Analyzing module lowpass_filter (library work).
Parsing done.
I: Verilog-0001: Analyzing file C:/CPLD/pango/2_Tieta_Feiteng/Tieta_Feiteng_1001_PGC7KD69MBG400/rtl/source/pwrseq/edge_detect.v.
I: Verilog-0002: [C:/CPLD/pango/2_Tieta_Feiteng/Tieta_Feiteng_1001_PGC7KD69MBG400/rtl/source/pwrseq/edge_detect.v(line number: 28)] Analyzing module edge_detect (library work).
Parsing done.
I: Verilog-0001: Analyzing file C:/CPLD/pango/2_Tieta_Feiteng/Tieta_Feiteng_1001_PGC7KD69MBG400/rtl/source/common/pwrcap_pwrbtn_led.v.
I: Found Verilog include file C:/CPLD/pango/2_Tieta_Feiteng/Tieta_Feiteng_1001_PGC7KD69MBG400/rtl/include/rs35m2c16s_g5_define.v
I: Verilog-0008: [C:/CPLD/pango/2_Tieta_Feiteng/Tieta_Feiteng_1001_PGC7KD69MBG400/rtl/include/rs35m2c16s_g5_define.v(line number: 6)] Define macro RS35M2C16S_VA.
I: Verilog-0008: [C:/CPLD/pango/2_Tieta_Feiteng/Tieta_Feiteng_1001_PGC7KD69MBG400/rtl/include/rs35m2c16s_g5_define.v(line number: 8)] Define macro RS41M2C9S.
I: Verilog-0008: [C:/CPLD/pango/2_Tieta_Feiteng/Tieta_Feiteng_1001_PGC7KD69MBG400/rtl/include/rs35m2c16s_g5_define.v(line number: 14)] Define macro H3C_2014_RS35M2C16S_VA.
I: Verilog-0008: [C:/CPLD/pango/2_Tieta_Feiteng/Tieta_Feiteng_1001_PGC7KD69MBG400/rtl/include/rs35m2c16s_g5_define.v(line number: 18)] Define macro SPECIFIC_POWER_P1V8_PCH_STBY.
I: Verilog-0008: [C:/CPLD/pango/2_Tieta_Feiteng/Tieta_Feiteng_1001_PGC7KD69MBG400/rtl/include/rs35m2c16s_g5_define.v(line number: 23)] Define macro PCH_MODE_LPC.
I: Verilog-0008: [C:/CPLD/pango/2_Tieta_Feiteng/Tieta_Feiteng_1001_PGC7KD69MBG400/rtl/include/rs35m2c16s_g5_define.v(line number: 25)] Define macro PSU_CTRL.
I: Verilog-0008: [C:/CPLD/pango/2_Tieta_Feiteng/Tieta_Feiteng_1001_PGC7KD69MBG400/rtl/include/rs35m2c16s_g5_define.v(line number: 30)] Define macro CPLD_DATE_YYYYMMDD 32'h20240608.
I: Verilog-0008: [C:/CPLD/pango/2_Tieta_Feiteng/Tieta_Feiteng_1001_PGC7KD69MBG400/rtl/include/rs35m2c16s_g5_define.v(line number: 33)] Define macro CPLD_TIME_HHMMSSXX {24'h151400, `CPLD_TIME_XX}.
I: Verilog-0008: [C:/CPLD/pango/2_Tieta_Feiteng/Tieta_Feiteng_1001_PGC7KD69MBG400/rtl/include/rs35m2c16s_g5_define.v(line number: 35)] Define macro CPLD_TIME_XX 8'hZZ.
I: Verilog-0008: [C:/CPLD/pango/2_Tieta_Feiteng/Tieta_Feiteng_1001_PGC7KD69MBG400/rtl/include/rs35m2c16s_g5_define.v(line number: 38)] Define macro H3C_2014_RS35M2C16S_VA.
I: Verilog-0008: [C:/CPLD/pango/2_Tieta_Feiteng/Tieta_Feiteng_1001_PGC7KD69MBG400/rtl/include/rs35m2c16s_g5_define.v(line number: 51)] Define macro CPLD_VER 16'h01A1.
I: Verilog-0008: [C:/CPLD/pango/2_Tieta_Feiteng/Tieta_Feiteng_1001_PGC7KD69MBG400/rtl/include/rs35m2c16s_g5_define.v(line number: 52)] Define macro PFR_CPLD_VER 16'h0500.
I: Verilog-0008: [C:/CPLD/pango/2_Tieta_Feiteng/Tieta_Feiteng_1001_PGC7KD69MBG400/rtl/include/rs35m2c16s_g5_define.v(line number: 53)] Define macro DB_CPLD_VER 16'h0500.
I: Verilog-0008: [C:/CPLD/pango/2_Tieta_Feiteng/Tieta_Feiteng_1001_PGC7KD69MBG400/rtl/include/rs35m2c16s_g5_define.v(line number: 56)] Define macro GEN_ID_RSVD 4'b0000.
I: Verilog-0008: [C:/CPLD/pango/2_Tieta_Feiteng/Tieta_Feiteng_1001_PGC7KD69MBG400/rtl/include/rs35m2c16s_g5_define.v(line number: 57)] Define macro GEN_ID_G2 4'b0010.
I: Verilog-0008: [C:/CPLD/pango/2_Tieta_Feiteng/Tieta_Feiteng_1001_PGC7KD69MBG400/rtl/include/rs35m2c16s_g5_define.v(line number: 58)] Define macro GEN_ID_G3 4'b0011.
I: Verilog-0008: [C:/CPLD/pango/2_Tieta_Feiteng/Tieta_Feiteng_1001_PGC7KD69MBG400/rtl/include/rs35m2c16s_g5_define.v(line number: 59)] Define macro GEN_ID_G5 4'b0101.
I: Verilog-0008: [C:/CPLD/pango/2_Tieta_Feiteng/Tieta_Feiteng_1001_PGC7KD69MBG400/rtl/include/rs35m2c16s_g5_define.v(line number: 63)] Define macro GEN_ID `GEN_ID_RSVD.
I: Verilog-0008: [C:/CPLD/pango/2_Tieta_Feiteng/Tieta_Feiteng_1001_PGC7KD69MBG400/rtl/include/rs35m2c16s_g5_define.v(line number: 67)] Define macro BOARD_ID_RSVD 4'b0000.
I: Verilog-0008: [C:/CPLD/pango/2_Tieta_Feiteng/Tieta_Feiteng_1001_PGC7KD69MBG400/rtl/include/rs35m2c16s_g5_define.v(line number: 68)] Define macro BOARD_ID_RS03M2C9S 4'b0100.
I: Verilog-0008: [C:/CPLD/pango/2_Tieta_Feiteng/Tieta_Feiteng_1001_PGC7KD69MBG400/rtl/include/rs35m2c16s_g5_define.v(line number: 69)] Define macro BOARD_ID_RS23M2C6S 4'b0011.
I: Verilog-0008: [C:/CPLD/pango/2_Tieta_Feiteng/Tieta_Feiteng_1001_PGC7KD69MBG400/rtl/include/rs35m2c16s_g5_define.v(line number: 70)] Define macro BOARD_ID_RS33M2C9S 4'b0100.
I: Verilog-0008: [C:/CPLD/pango/2_Tieta_Feiteng/Tieta_Feiteng_1001_PGC7KD69MBG400/rtl/include/rs35m2c16s_g5_define.v(line number: 71)] Define macro BOARD_ID_RS05M2C9S 4'b0101.
I: Verilog-0008: [C:/CPLD/pango/2_Tieta_Feiteng/Tieta_Feiteng_1001_PGC7KD69MBG400/rtl/include/rs35m2c16s_g5_define.v(line number: 72)] Define macro BOARD_ID_RS35M2C5S 4'b0011.
I: Verilog-0008: [C:/CPLD/pango/2_Tieta_Feiteng/Tieta_Feiteng_1001_PGC7KD69MBG400/rtl/include/rs35m2c16s_g5_define.v(line number: 73)] Define macro BOARD_ID_RS35M2C16S 4'b0100.
I: Verilog-0008: [C:/CPLD/pango/2_Tieta_Feiteng/Tieta_Feiteng_1001_PGC7KD69MBG400/rtl/include/rs35m2c16s_g5_define.v(line number: 75)] Define macro BOARD_ID_RS41M2C9S 4'b0001.
I: Verilog-0008: [C:/CPLD/pango/2_Tieta_Feiteng/Tieta_Feiteng_1001_PGC7KD69MBG400/rtl/include/rs35m2c16s_g5_define.v(line number: 83)] Define macro CHASSIS_ID_1U 3'b001.
I: Verilog-0008: [C:/CPLD/pango/2_Tieta_Feiteng/Tieta_Feiteng_1001_PGC7KD69MBG400/rtl/include/rs35m2c16s_g5_define.v(line number: 84)] Define macro CHASSIS_ID_2U 3'b010.
I: Verilog-0008: [C:/CPLD/pango/2_Tieta_Feiteng/Tieta_Feiteng_1001_PGC7KD69MBG400/rtl/include/rs35m2c16s_g5_define.v(line number: 85)] Define macro CHASSIS_ID_4U 3'b000.
I: Verilog-0008: [C:/CPLD/pango/2_Tieta_Feiteng/Tieta_Feiteng_1001_PGC7KD69MBG400/rtl/include/rs35m2c16s_g5_define.v(line number: 86)] Define macro CHASSIS_ID_8U 3'b011.
I: Verilog-0008: [C:/CPLD/pango/2_Tieta_Feiteng/Tieta_Feiteng_1001_PGC7KD69MBG400/rtl/include/rs35m2c16s_g5_define.v(line number: 90)] Define macro SERVER_ID_RSVD 16'h0000.
I: Verilog-0008: [C:/CPLD/pango/2_Tieta_Feiteng/Tieta_Feiteng_1001_PGC7KD69MBG400/rtl/include/rs35m2c16s_g5_define.v(line number: 91)] Define macro SERVER_ID_R4900 16'h4900.
I: Verilog-0008: [C:/CPLD/pango/2_Tieta_Feiteng/Tieta_Feiteng_1001_PGC7KD69MBG400/rtl/include/rs35m2c16s_g5_define.v(line number: 92)] Define macro SERVER_ID_R4700 16'h4700.
I: Verilog-0008: [C:/CPLD/pango/2_Tieta_Feiteng/Tieta_Feiteng_1001_PGC7KD69MBG400/rtl/include/rs35m2c16s_g5_define.v(line number: 93)] Define macro SERVER_ID_R2900 16'h2900.
I: Verilog-0008: [C:/CPLD/pango/2_Tieta_Feiteng/Tieta_Feiteng_1001_PGC7KD69MBG400/rtl/include/rs35m2c16s_g5_define.v(line number: 94)] Define macro SERVER_ID_R2700 16'h2700.
I: Verilog-0008: [C:/CPLD/pango/2_Tieta_Feiteng/Tieta_Feiteng_1001_PGC7KD69MBG400/rtl/include/rs35m2c16s_g5_define.v(line number: 96)] Define macro SERVER_ID_R6900 16'h6900.
I: Verilog-0008: [C:/CPLD/pango/2_Tieta_Feiteng/Tieta_Feiteng_1001_PGC7KD69MBG400/rtl/include/rs35m2c16s_g5_define.v(line number: 100)] Define macro CPU_PKG_ID_NOMCP 3'b000.
I: Verilog-0008: [C:/CPLD/pango/2_Tieta_Feiteng/Tieta_Feiteng_1001_PGC7KD69MBG400/rtl/include/rs35m2c16s_g5_define.v(line number: 101)] Define macro CPU_PKG_ID_FABRIC 3'b001.
I: Verilog-0008: [C:/CPLD/pango/2_Tieta_Feiteng/Tieta_Feiteng_1001_PGC7KD69MBG400/rtl/include/rs35m2c16s_g5_define.v(line number: 102)] Define macro CPU_PKG_ID_FPGA 3'b010.
I: Verilog-0008: [C:/CPLD/pango/2_Tieta_Feiteng/Tieta_Feiteng_1001_PGC7KD69MBG400/rtl/include/rs35m2c16s_g5_define.v(line number: 103)] Define macro CPU_PKG_ID_RSVD011 3'b011.
I: Verilog-0008: [C:/CPLD/pango/2_Tieta_Feiteng/Tieta_Feiteng_1001_PGC7KD69MBG400/rtl/include/rs35m2c16s_g5_define.v(line number: 104)] Define macro CPU_PKG_ID_RSVD100 3'b100.
I: Verilog-0008: [C:/CPLD/pango/2_Tieta_Feiteng/Tieta_Feiteng_1001_PGC7KD69MBG400/rtl/include/rs35m2c16s_g5_define.v(line number: 105)] Define macro CPU_PKG_ID_RSVD101 3'b101.
I: Verilog-0008: [C:/CPLD/pango/2_Tieta_Feiteng/Tieta_Feiteng_1001_PGC7KD69MBG400/rtl/include/rs35m2c16s_g5_define.v(line number: 106)] Define macro CPU_PKG_ID_RSVD110 3'b110.
I: Verilog-0008: [C:/CPLD/pango/2_Tieta_Feiteng/Tieta_Feiteng_1001_PGC7KD69MBG400/rtl/include/rs35m2c16s_g5_define.v(line number: 107)] Define macro CPU_PKG_ID_RSVD111 3'b111.
I: Verilog-0008: [C:/CPLD/pango/2_Tieta_Feiteng/Tieta_Feiteng_1001_PGC7KD69MBG400/rtl/include/rs35m2c16s_g5_define.v(line number: 116)] Define macro AROC_TYPE_HBA 2'b00.
I: Verilog-0008: [C:/CPLD/pango/2_Tieta_Feiteng/Tieta_Feiteng_1001_PGC7KD69MBG400/rtl/include/rs35m2c16s_g5_define.v(line number: 117)] Define macro AROC_TYPE_RAID 2'b01.
I: Verilog-0008: [C:/CPLD/pango/2_Tieta_Feiteng/Tieta_Feiteng_1001_PGC7KD69MBG400/rtl/include/rs35m2c16s_g5_define.v(line number: 118)] Define macro AROC_TYPE_MEZZ 2'b10.
I: Verilog-0008: [C:/CPLD/pango/2_Tieta_Feiteng/Tieta_Feiteng_1001_PGC7KD69MBG400/rtl/include/rs35m2c16s_g5_define.v(line number: 119)] Define macro AROC_TYPE_RSVD 2'b11.
I: Verilog-0008: [C:/CPLD/pango/2_Tieta_Feiteng/Tieta_Feiteng_1001_PGC7KD69MBG400/rtl/include/rs35m2c16s_g5_define.v(line number: 126)] Define macro RISER_ID_RS35R3X16 5'b00001.
I: Verilog-0008: [C:/CPLD/pango/2_Tieta_Feiteng/Tieta_Feiteng_1001_PGC7KD69MBG400/rtl/include/rs35m2c16s_g5_define.v(line number: 127)] Define macro RISER_ID_RS35RX16X8X8 5'b00010.
I: Verilog-0008: [C:/CPLD/pango/2_Tieta_Feiteng/Tieta_Feiteng_1001_PGC7KD69MBG400/rtl/include/rs35m2c16s_g5_define.v(line number: 128)] Define macro RISER_ID_RS35R2X8 5'b00011.
I: Verilog-0008: [C:/CPLD/pango/2_Tieta_Feiteng/Tieta_Feiteng_1001_PGC7KD69MBG400/rtl/include/rs35m2c16s_g5_define.v(line number: 129)] Define macro RISER_ID_RS35R2X16 5'b00100.
I: Verilog-0008: [C:/CPLD/pango/2_Tieta_Feiteng/Tieta_Feiteng_1001_PGC7KD69MBG400/rtl/include/rs35m2c16s_g5_define.v(line number: 130)] Define macro RISER_ID_RS35RX16 5'b00101.
I: Verilog-0008: [C:/CPLD/pango/2_Tieta_Feiteng/Tieta_Feiteng_1001_PGC7KD69MBG400/rtl/include/rs35m2c16s_g5_define.v(line number: 131)] Define macro RISER_ID_RS33RLPX8 5'b00111.
I: Verilog-0008: [C:/CPLD/pango/2_Tieta_Feiteng/Tieta_Feiteng_1001_PGC7KD69MBG400/rtl/include/rs35m2c16s_g5_define.v(line number: 132)] Define macro RISER_ID_RS35R5X8 5'b01000.
I: Verilog-0008: [C:/CPLD/pango/2_Tieta_Feiteng/Tieta_Feiteng_1001_PGC7KD69MBG400/rtl/include/rs35m2c16s_g5_define.v(line number: 133)] Define macro RISER_ID_RS35R1X16 5'b01010.
I: Verilog-0008: [C:/CPLD/pango/2_Tieta_Feiteng/Tieta_Feiteng_1001_PGC7KD69MBG400/rtl/include/rs35m2c16s_g5_define.v(line number: 134)] Define macro RISER_ID_RS35R2X8A 5'b01011.
I: Verilog-0008: [C:/CPLD/pango/2_Tieta_Feiteng/Tieta_Feiteng_1001_PGC7KD69MBG400/rtl/include/rs35m2c16s_g5_define.v(line number: 135)] Define macro RISER_ID_RS35ROCP 5'b01100.
I: Verilog-0008: [C:/CPLD/pango/2_Tieta_Feiteng/Tieta_Feiteng_1001_PGC7KD69MBG400/rtl/include/rs35m2c16s_g5_define.v(line number: 136)] Define macro RISER_ID_RS35R1X16C 5'b01101.
I: Verilog-0008: [C:/CPLD/pango/2_Tieta_Feiteng/Tieta_Feiteng_1001_PGC7KD69MBG400/rtl/include/rs35m2c16s_g5_define.v(line number: 139)] Define macro GPU_CABLE_ID_RSVD 2'b11.
I: Verilog-0008: [C:/CPLD/pango/2_Tieta_Feiteng/Tieta_Feiteng_1001_PGC7KD69MBG400/rtl/include/rs35m2c16s_g5_define.v(line number: 142)] Define macro BMC_MEM_SIZE_1G 2'b00.
I: Verilog-0008: [C:/CPLD/pango/2_Tieta_Feiteng/Tieta_Feiteng_1001_PGC7KD69MBG400/rtl/include/rs35m2c16s_g5_define.v(line number: 143)] Define macro BMC_MEM_SIZE_2G 2'b01.
I: Verilog-0008: [C:/CPLD/pango/2_Tieta_Feiteng/Tieta_Feiteng_1001_PGC7KD69MBG400/rtl/include/rs35m2c16s_g5_define.v(line number: 144)] Define macro BMC_MEM_SIZE_4G 2'b10.
I: Verilog-0008: [C:/CPLD/pango/2_Tieta_Feiteng/Tieta_Feiteng_1001_PGC7KD69MBG400/rtl/include/rs35m2c16s_g5_define.v(line number: 145)] Define macro BMC_MEM_SIZE_8G 2'b11.
I: Verilog-0008: [C:/CPLD/pango/2_Tieta_Feiteng/Tieta_Feiteng_1001_PGC7KD69MBG400/rtl/include/rs35m2c16s_g5_define.v(line number: 147)] Define macro BMC_MEM_SIZE `BMC_MEM_SIZE_2G.
I: Verilog-0008: [C:/CPLD/pango/2_Tieta_Feiteng/Tieta_Feiteng_1001_PGC7KD69MBG400/rtl/include/rs35m2c16s_g5_define.v(line number: 150)] Define macro PCB_VA 2'b00.
I: Verilog-0008: [C:/CPLD/pango/2_Tieta_Feiteng/Tieta_Feiteng_1001_PGC7KD69MBG400/rtl/include/rs35m2c16s_g5_define.v(line number: 156)] Define macro NUM_CPU 2.
I: Verilog-0008: [C:/CPLD/pango/2_Tieta_Feiteng/Tieta_Feiteng_1001_PGC7KD69MBG400/rtl/include/rs35m2c16s_g5_define.v(line number: 157)] Define macro NUM_CPUVR 2.
I: Verilog-0008: [C:/CPLD/pango/2_Tieta_Feiteng/Tieta_Feiteng_1001_PGC7KD69MBG400/rtl/include/rs35m2c16s_g5_define.v(line number: 158)] Define macro NUM_MEMVR 4.
I: Verilog-0008: [C:/CPLD/pango/2_Tieta_Feiteng/Tieta_Feiteng_1001_PGC7KD69MBG400/rtl/include/rs35m2c16s_g5_define.v(line number: 159)] Define macro NUM_CHN 4.
I: Verilog-0008: [C:/CPLD/pango/2_Tieta_Feiteng/Tieta_Feiteng_1001_PGC7KD69MBG400/rtl/include/rs35m2c16s_g5_define.v(line number: 160)] Define macro NUM_FAN 8.
I: Verilog-0008: [C:/CPLD/pango/2_Tieta_Feiteng/Tieta_Feiteng_1001_PGC7KD69MBG400/rtl/include/rs35m2c16s_g5_define.v(line number: 161)] Define macro NUM_NIC 4.
I: Verilog-0008: [C:/CPLD/pango/2_Tieta_Feiteng/Tieta_Feiteng_1001_PGC7KD69MBG400/rtl/include/rs35m2c16s_g5_define.v(line number: 162)] Define macro NUM_PSU 2.
I: Verilog-0008: [C:/CPLD/pango/2_Tieta_Feiteng/Tieta_Feiteng_1001_PGC7KD69MBG400/rtl/include/rs35m2c16s_g5_define.v(line number: 164)] Define macro NUM_IO 1.
I: Verilog-0008: [C:/CPLD/pango/2_Tieta_Feiteng/Tieta_Feiteng_1001_PGC7KD69MBG400/rtl/include/rs35m2c16s_g5_define.v(line number: 165)] Define macro NUM_RISER 6.
I: Verilog-0008: [C:/CPLD/pango/2_Tieta_Feiteng/Tieta_Feiteng_1001_PGC7KD69MBG400/rtl/include/rs35m2c16s_g5_define.v(line number: 166)] Define macro port_num 3.
I: Verilog-0008: [C:/CPLD/pango/2_Tieta_Feiteng/Tieta_Feiteng_1001_PGC7KD69MBG400/rtl/include/rs35m2c16s_g5_define.v(line number: 169)] Define macro SYS_HAS_UID_BTN.
I: Verilog-0008: [C:/CPLD/pango/2_Tieta_Feiteng/Tieta_Feiteng_1001_PGC7KD69MBG400/rtl/include/rs35m2c16s_g5_define.v(line number: 171)] Define macro NUM_BP 8      /********G5 2P**********/.
I: Verilog-0008: [C:/CPLD/pango/2_Tieta_Feiteng/Tieta_Feiteng_1001_PGC7KD69MBG400/rtl/include/rs35m2c16s_g5_define.v(line number: 173)] Define macro NUM_S5DEV 2      /********G5 2P**********/.
I: Verilog-0008: [C:/CPLD/pango/2_Tieta_Feiteng/Tieta_Feiteng_1001_PGC7KD69MBG400/rtl/include/rs35m2c16s_g5_define.v(line number: 187)] Define macro BOARD_TYPE 4'b0000.
I: Verilog-0008: [C:/CPLD/pango/2_Tieta_Feiteng/Tieta_Feiteng_1001_PGC7KD69MBG400/rtl/include/rs35m2c16s_g5_define.v(line number: 188)] Define macro OEM_TYPE 4'b0111.
I: Verilog-0008: [C:/CPLD/pango/2_Tieta_Feiteng/Tieta_Feiteng_1001_PGC7KD69MBG400/rtl/include/rs35m2c16s_g5_define.v(line number: 191)] Define macro MFR_ID_RSVD 8'h00.
I: Verilog-0008: [C:/CPLD/pango/2_Tieta_Feiteng/Tieta_Feiteng_1001_PGC7KD69MBG400/rtl/include/rs35m2c16s_g5_define.v(line number: 192)] Define macro MFR_ID_H3C 8'h03.
I: Verilog-0008: [C:/CPLD/pango/2_Tieta_Feiteng/Tieta_Feiteng_1001_PGC7KD69MBG400/rtl/include/rs35m2c16s_g5_define.v(line number: 194)] Define macro MFR_ID `MFR_ID_H3C.
I: Verilog-0008: [C:/CPLD/pango/2_Tieta_Feiteng/Tieta_Feiteng_1001_PGC7KD69MBG400/rtl/include/rs35m2c16s_g5_define.v(line number: 197)] Define macro ODM_ID_RSVD 8'h00.
I: Verilog-0008: [C:/CPLD/pango/2_Tieta_Feiteng/Tieta_Feiteng_1001_PGC7KD69MBG400/rtl/include/rs35m2c16s_g5_define.v(line number: 198)] Define macro ODM_ID_H3C 8'h03.
I: Verilog-0008: [C:/CPLD/pango/2_Tieta_Feiteng/Tieta_Feiteng_1001_PGC7KD69MBG400/rtl/include/rs35m2c16s_g5_define.v(line number: 200)] Define macro ODM_ID `ODM_ID_H3C.
I: Verilog-0008: [C:/CPLD/pango/2_Tieta_Feiteng/Tieta_Feiteng_1001_PGC7KD69MBG400/rtl/include/rs35m2c16s_g5_define.v(line number: 203)] Define macro PDT_LINE_RSVD 8'h00.
I: Verilog-0008: [C:/CPLD/pango/2_Tieta_Feiteng/Tieta_Feiteng_1001_PGC7KD69MBG400/rtl/include/rs35m2c16s_g5_define.v(line number: 204)] Define macro PDT_LINE_H3C_2014_LLS 8'h01.
I: Verilog-0008: [C:/CPLD/pango/2_Tieta_Feiteng/Tieta_Feiteng_1001_PGC7KD69MBG400/rtl/include/rs35m2c16s_g5_define.v(line number: 206)] Define macro PDT_LINE_H3C_OEM_IN 8'h63.
I: Verilog-0008: [C:/CPLD/pango/2_Tieta_Feiteng/Tieta_Feiteng_1001_PGC7KD69MBG400/rtl/include/rs35m2c16s_g5_define.v(line number: 208)] Define macro PDT_LINE `PDT_LINE_H3C_OEM_IN.
I: Verilog-0008: [C:/CPLD/pango/2_Tieta_Feiteng/Tieta_Feiteng_1001_PGC7KD69MBG400/rtl/include/rs35m2c16s_g5_define.v(line number: 211)] Define macro PDT_GEN_RSVD 8'h00.
I: Verilog-0008: [C:/CPLD/pango/2_Tieta_Feiteng/Tieta_Feiteng_1001_PGC7KD69MBG400/rtl/include/rs35m2c16s_g5_define.v(line number: 212)] Define macro PDT_GEN_H3C_2014_G2 8'h02.
I: Verilog-0008: [C:/CPLD/pango/2_Tieta_Feiteng/Tieta_Feiteng_1001_PGC7KD69MBG400/rtl/include/rs35m2c16s_g5_define.v(line number: 213)] Define macro PDT_GEN_H3C_2014_G3 8'h03.
I: Verilog-0008: [C:/CPLD/pango/2_Tieta_Feiteng/Tieta_Feiteng_1001_PGC7KD69MBG400/rtl/include/rs35m2c16s_g5_define.v(line number: 215)] Define macro PDT_GEN_H3C_S5000C 8'h07.
I: Verilog-0008: [C:/CPLD/pango/2_Tieta_Feiteng/Tieta_Feiteng_1001_PGC7KD69MBG400/rtl/include/rs35m2c16s_g5_define.v(line number: 218)] Define macro PDT_GEN `PDT_GEN_H3C_S5000C.
I: Verilog-0008: [C:/CPLD/pango/2_Tieta_Feiteng/Tieta_Feiteng_1001_PGC7KD69MBG400/rtl/include/rs35m2c16s_g5_define.v(line number: 221)] Define macro PDT_REV_RSVD 8'h00.
I: Verilog-0008: [C:/CPLD/pango/2_Tieta_Feiteng/Tieta_Feiteng_1001_PGC7KD69MBG400/rtl/include/rs35m2c16s_g5_define.v(line number: 222)] Define macro PDT_REV_H3C_2014_V100R001 8'h11.
I: Verilog-0008: [C:/CPLD/pango/2_Tieta_Feiteng/Tieta_Feiteng_1001_PGC7KD69MBG400/rtl/include/rs35m2c16s_g5_define.v(line number: 223)] Define macro PDT_REV_H3C_2014_V200R002 8'h22.
I: Verilog-0008: [C:/CPLD/pango/2_Tieta_Feiteng/Tieta_Feiteng_1001_PGC7KD69MBG400/rtl/include/rs35m2c16s_g5_define.v(line number: 224)] Define macro PDT_REV_H3C_2014_V500R002 8'h52.
I: Verilog-0008: [C:/CPLD/pango/2_Tieta_Feiteng/Tieta_Feiteng_1001_PGC7KD69MBG400/rtl/include/rs35m2c16s_g5_define.v(line number: 225)] Define macro PDT_REV_H3C_2014_V800R001 8'h81.
I: Verilog-0008: [C:/CPLD/pango/2_Tieta_Feiteng/Tieta_Feiteng_1001_PGC7KD69MBG400/rtl/include/rs35m2c16s_g5_define.v(line number: 226)] Define macro PDT_REV_H3C_2014_V200R005 8'h25.
I: Verilog-0008: [C:/CPLD/pango/2_Tieta_Feiteng/Tieta_Feiteng_1001_PGC7KD69MBG400/rtl/include/rs35m2c16s_g5_define.v(line number: 228)] Define macro PDT_REV_H3C_2014_V500R003 8'h53.
I: Verilog-0008: [C:/CPLD/pango/2_Tieta_Feiteng/Tieta_Feiteng_1001_PGC7KD69MBG400/rtl/include/rs35m2c16s_g5_define.v(line number: 229)] Define macro PDT_REV_H3C_2014_V500R005 8'h55.
I: Verilog-0008: [C:/CPLD/pango/2_Tieta_Feiteng/Tieta_Feiteng_1001_PGC7KD69MBG400/rtl/include/rs35m2c16s_g5_define.v(line number: 230)] Define macro PDT_REV_H3C_IT_C_RACK_V700R001 8'h71.
I: Verilog-0008: [C:/CPLD/pango/2_Tieta_Feiteng/Tieta_Feiteng_1001_PGC7KD69MBG400/rtl/include/rs35m2c16s_g5_define.v(line number: 234)] Define macro PDT_REV `PDT_REV_H3C_IT_C_RACK_V700R001.
I: Verilog-0008: [C:/CPLD/pango/2_Tieta_Feiteng/Tieta_Feiteng_1001_PGC7KD69MBG400/rtl/include/rs35m2c16s_g5_define.v(line number: 237)] Define macro SERVER_ID_H3C_2014_RSVD 8'h00.
I: Verilog-0008: [C:/CPLD/pango/2_Tieta_Feiteng/Tieta_Feiteng_1001_PGC7KD69MBG400/rtl/include/rs35m2c16s_g5_define.v(line number: 238)] Define macro SERVER_ID_H3C_2014_R2700 8'h01.
I: Verilog-0008: [C:/CPLD/pango/2_Tieta_Feiteng/Tieta_Feiteng_1001_PGC7KD69MBG400/rtl/include/rs35m2c16s_g5_define.v(line number: 239)] Define macro SERVER_ID_H3C_2014_R2900 8'h03.
I: Verilog-0008: [C:/CPLD/pango/2_Tieta_Feiteng/Tieta_Feiteng_1001_PGC7KD69MBG400/rtl/include/rs35m2c16s_g5_define.v(line number: 240)] Define macro SERVER_ID_H3C_2014_R4700 8'h11.
I: Verilog-0008: [C:/CPLD/pango/2_Tieta_Feiteng/Tieta_Feiteng_1001_PGC7KD69MBG400/rtl/include/rs35m2c16s_g5_define.v(line number: 241)] Define macro SERVER_ID_H3C_2014_R4900 8'h13.
I: Verilog-0008: [C:/CPLD/pango/2_Tieta_Feiteng/Tieta_Feiteng_1001_PGC7KD69MBG400/rtl/include/rs35m2c16s_g5_define.v(line number: 242)] Define macro SERVER_ID_H3C_2014_R6900 8'h23.
I: Verilog-0008: [C:/CPLD/pango/2_Tieta_Feiteng/Tieta_Feiteng_1001_PGC7KD69MBG400/rtl/include/rs35m2c16s_g5_define.v(line number: 243)] Define macro SERVER_ID_H3C_2014_R8900 8'h33.
I: Verilog-0008: [C:/CPLD/pango/2_Tieta_Feiteng/Tieta_Feiteng_1001_PGC7KD69MBG400/rtl/include/rs35m2c16s_g5_define.v(line number: 246)] Define macro BOARD_ID_H3C_2014_RSVD 8'h00.
I: Verilog-0008: [C:/CPLD/pango/2_Tieta_Feiteng/Tieta_Feiteng_1001_PGC7KD69MBG400/rtl/include/rs35m2c16s_g5_define.v(line number: 247)] Define macro BOARD_ID_H3C_2014_RS03M2C9S 8'h04.
I: Verilog-0008: [C:/CPLD/pango/2_Tieta_Feiteng/Tieta_Feiteng_1001_PGC7KD69MBG400/rtl/include/rs35m2c16s_g5_define.v(line number: 248)] Define macro BOARD_ID_H3C_2014_RS23M2C6S 8'h03.
I: Verilog-0008: [C:/CPLD/pango/2_Tieta_Feiteng/Tieta_Feiteng_1001_PGC7KD69MBG400/rtl/include/rs35m2c16s_g5_define.v(line number: 249)] Define macro BOARD_ID_H3C_2014_RS33M2C9S 8'h04.
I: Verilog-0008: [C:/CPLD/pango/2_Tieta_Feiteng/Tieta_Feiteng_1001_PGC7KD69MBG400/rtl/include/rs35m2c16s_g5_define.v(line number: 250)] Define macro BOARD_ID_H3C_2014_RS35M2C5S 8'h03.
I: Verilog-0008: [C:/CPLD/pango/2_Tieta_Feiteng/Tieta_Feiteng_1001_PGC7KD69MBG400/rtl/include/rs35m2c16s_g5_define.v(line number: 251)] Define macro BOARD_ID_H3C_2014_RS35M2C16S 8'h04.
I: Verilog-0008: [C:/CPLD/pango/2_Tieta_Feiteng/Tieta_Feiteng_1001_PGC7KD69MBG400/rtl/include/rs35m2c16s_g5_define.v(line number: 253)] Define macro BOARD_ID_H3C_2014_RS41M2C9S 8'h11.
I: Verilog-0008: [C:/CPLD/pango/2_Tieta_Feiteng/Tieta_Feiteng_1001_PGC7KD69MBG400/rtl/include/rs35m2c16s_g5_define.v(line number: 256)] Define macro CHASSIS_ID_H3C_2014_RSVD 8'h00.
I: Verilog-0008: [C:/CPLD/pango/2_Tieta_Feiteng/Tieta_Feiteng_1001_PGC7KD69MBG400/rtl/include/rs35m2c16s_g5_define.v(line number: 257)] Define macro CHASSIS_ID_H3C_2014_1U 8'h01.
I: Verilog-0008: [C:/CPLD/pango/2_Tieta_Feiteng/Tieta_Feiteng_1001_PGC7KD69MBG400/rtl/include/rs35m2c16s_g5_define.v(line number: 258)] Define macro CHASSIS_ID_H3C_2014_2U 8'h02.
I: Verilog-0008: [C:/CPLD/pango/2_Tieta_Feiteng/Tieta_Feiteng_1001_PGC7KD69MBG400/rtl/include/rs35m2c16s_g5_define.v(line number: 259)] Define macro CHASSIS_ID_H3C_2014_NONE 8'h03.
I: Verilog-0008: [C:/CPLD/pango/2_Tieta_Feiteng/Tieta_Feiteng_1001_PGC7KD69MBG400/rtl/include/rs35m2c16s_g5_define.v(line number: 262)] Define macro PLT_CPU_MFR_RSVD 8'h00.
I: Verilog-0008: [C:/CPLD/pango/2_Tieta_Feiteng/Tieta_Feiteng_1001_PGC7KD69MBG400/rtl/include/rs35m2c16s_g5_define.v(line number: 263)] Define macro PLT_CPU_MFR_INTEL 8'h01.
I: Verilog-0008: [C:/CPLD/pango/2_Tieta_Feiteng/Tieta_Feiteng_1001_PGC7KD69MBG400/rtl/include/rs35m2c16s_g5_define.v(line number: 264)] Define macro PLT_CPU_MFR_AMD 8'h02.
I: Verilog-0008: [C:/CPLD/pango/2_Tieta_Feiteng/Tieta_Feiteng_1001_PGC7KD69MBG400/rtl/include/rs35m2c16s_g5_define.v(line number: 265)] Define macro PLT_CPU_MFR_FT 8'h03.
I: Verilog-0008: [C:/CPLD/pango/2_Tieta_Feiteng/Tieta_Feiteng_1001_PGC7KD69MBG400/rtl/include/rs35m2c16s_g5_define.v(line number: 267)] Define macro PLT_CPU_MFR `PLT_CPU_MFR_FT.
I: Verilog-0008: [C:/CPLD/pango/2_Tieta_Feiteng/Tieta_Feiteng_1001_PGC7KD69MBG400/rtl/include/rs35m2c16s_g5_define.v(line number: 270)] Define macro PLT_CPU_GEN_RSVD 8'h00.
I: Verilog-0008: [C:/CPLD/pango/2_Tieta_Feiteng/Tieta_Feiteng_1001_PGC7KD69MBG400/rtl/include/rs35m2c16s_g5_define.v(line number: 271)] Define macro PLT_CPU_GEN_BROADWELL 8'h00.
I: Verilog-0008: [C:/CPLD/pango/2_Tieta_Feiteng/Tieta_Feiteng_1001_PGC7KD69MBG400/rtl/include/rs35m2c16s_g5_define.v(line number: 272)] Define macro PLT_CPU_GEN_SKYLATE 8'h01.
I: Verilog-0008: [C:/CPLD/pango/2_Tieta_Feiteng/Tieta_Feiteng_1001_PGC7KD69MBG400/rtl/include/rs35m2c16s_g5_define.v(line number: 273)] Define macro PLT_CPU_GEN_ICELATE 8'h10.
I: Verilog-0008: [C:/CPLD/pango/2_Tieta_Feiteng/Tieta_Feiteng_1001_PGC7KD69MBG400/rtl/include/rs35m2c16s_g5_define.v(line number: 274)] Define macro PLT_CPU_GEN_FT2500 8'h05.
I: Verilog-0008: [C:/CPLD/pango/2_Tieta_Feiteng/Tieta_Feiteng_1001_PGC7KD69MBG400/rtl/include/rs35m2c16s_g5_define.v(line number: 276)] Define macro PLT_CPU_GEN `PLT_CPU_GEN_FT2500.
I: Verilog-0008: [C:/CPLD/pango/2_Tieta_Feiteng/Tieta_Feiteng_1001_PGC7KD69MBG400/rtl/include/rs35m2c16s_g5_define.v(line number: 281)] Define macro INT_MODE_RISING 2'b01.
I: Verilog-0008: [C:/CPLD/pango/2_Tieta_Feiteng/Tieta_Feiteng_1001_PGC7KD69MBG400/rtl/include/rs35m2c16s_g5_define.v(line number: 282)] Define macro INT_MODE_FALLING 2'b10.
I: Verilog-0008: [C:/CPLD/pango/2_Tieta_Feiteng/Tieta_Feiteng_1001_PGC7KD69MBG400/rtl/include/rs35m2c16s_g5_define.v(line number: 283)] Define macro INT_MODE_BOTH 2'b11.
I: Verilog-0008: [C:/CPLD/pango/2_Tieta_Feiteng/Tieta_Feiteng_1001_PGC7KD69MBG400/rtl/include/rs35m2c16s_g5_define.v(line number: 288)] Define macro PN_RS03M2C9S {`ASCII_A, `ASCII_3, `ASCII_F, `ASCII_T}.
I: Verilog-0008: [C:/CPLD/pango/2_Tieta_Feiteng/Tieta_Feiteng_1001_PGC7KD69MBG400/rtl/include/rs35m2c16s_g5_define.v(line number: 289)] Define macro PN_RS33M2C9S {`ASCII_A, `ASCII_3, `ASCII_F, `ASCII_Q}.
I: Verilog-0008: [C:/CPLD/pango/2_Tieta_Feiteng/Tieta_Feiteng_1001_PGC7KD69MBG400/rtl/include/rs35m2c16s_g5_define.v(line number: 290)] Define macro PN_RS23M2C6S {`ASCII_A, `ASCII_3, `ASCII_F, `ASCII_R}.
I: Verilog-0008: [C:/CPLD/pango/2_Tieta_Feiteng/Tieta_Feiteng_1001_PGC7KD69MBG400/rtl/include/rs35m2c16s_g5_define.v(line number: 291)] Define macro PN_RS05M2C9S {`ASCII_A, `ASCII_4, `ASCII_L, `ASCII_M}.
I: Verilog-0008: [C:/CPLD/pango/2_Tieta_Feiteng/Tieta_Feiteng_1001_PGC7KD69MBG400/rtl/include/rs35m2c16s_g5_define.v(line number: 292)] Define macro PN_RS35M2C16S {`ASCII_A, `ASCII_5, `ASCII_B, `ASCII_8}.
I: Verilog-0008: [C:/CPLD/pango/2_Tieta_Feiteng/Tieta_Feiteng_1001_PGC7KD69MBG400/rtl/include/rs35m2c16s_g5_define.v(line number: 293)] Define macro PN_RS41M2C9S {`ASCII_A, `ASCII_5, `ASCII_K, `ASCII_B}.
I: Verilog-0008: [C:/CPLD/pango/2_Tieta_Feiteng/Tieta_Feiteng_1001_PGC7KD69MBG400/rtl/include/rs35m2c16s_g5_define.v(line number: 294)] Define macro PN_RSVD 32'h0000_0000.
I: Verilog-0008: [C:/CPLD/pango/2_Tieta_Feiteng/Tieta_Feiteng_1001_PGC7KD69MBG400/rtl/include/rs35m2c16s_g5_define.v(line number: 301)] Define macro BOARD_PN `PN_RS41M2C9S.
I: Verilog-0008: [C:/CPLD/pango/2_Tieta_Feiteng/Tieta_Feiteng_1001_PGC7KD69MBG400/rtl/include/rs35m2c16s_g5_define.v(line number: 306)] Define macro ASCII_0 8'h30.
I: Verilog-0008: [C:/CPLD/pango/2_Tieta_Feiteng/Tieta_Feiteng_1001_PGC7KD69MBG400/rtl/include/rs35m2c16s_g5_define.v(line number: 307)] Define macro ASCII_1 8'h31.
I: Verilog-0008: [C:/CPLD/pango/2_Tieta_Feiteng/Tieta_Feiteng_1001_PGC7KD69MBG400/rtl/include/rs35m2c16s_g5_define.v(line number: 308)] Define macro ASCII_2 8'h32.
I: Verilog-0008: [C:/CPLD/pango/2_Tieta_Feiteng/Tieta_Feiteng_1001_PGC7KD69MBG400/rtl/include/rs35m2c16s_g5_define.v(line number: 309)] Define macro ASCII_3 8'h33.
I: Verilog-0008: [C:/CPLD/pango/2_Tieta_Feiteng/Tieta_Feiteng_1001_PGC7KD69MBG400/rtl/include/rs35m2c16s_g5_define.v(line number: 310)] Define macro ASCII_4 8'h34.
I: Verilog-0008: [C:/CPLD/pango/2_Tieta_Feiteng/Tieta_Feiteng_1001_PGC7KD69MBG400/rtl/include/rs35m2c16s_g5_define.v(line number: 311)] Define macro ASCII_5 8'h35.
I: Verilog-0008: [C:/CPLD/pango/2_Tieta_Feiteng/Tieta_Feiteng_1001_PGC7KD69MBG400/rtl/include/rs35m2c16s_g5_define.v(line number: 312)] Define macro ASCII_6 8'h36.
I: Verilog-0008: [C:/CPLD/pango/2_Tieta_Feiteng/Tieta_Feiteng_1001_PGC7KD69MBG400/rtl/include/rs35m2c16s_g5_define.v(line number: 313)] Define macro ASCII_7 8'h37.
I: Verilog-0008: [C:/CPLD/pango/2_Tieta_Feiteng/Tieta_Feiteng_1001_PGC7KD69MBG400/rtl/include/rs35m2c16s_g5_define.v(line number: 314)] Define macro ASCII_8 8'h38.
I: Verilog-0008: [C:/CPLD/pango/2_Tieta_Feiteng/Tieta_Feiteng_1001_PGC7KD69MBG400/rtl/include/rs35m2c16s_g5_define.v(line number: 315)] Define macro ASCII_9 8'h39.
I: Verilog-0008: [C:/CPLD/pango/2_Tieta_Feiteng/Tieta_Feiteng_1001_PGC7KD69MBG400/rtl/include/rs35m2c16s_g5_define.v(line number: 316)] Define macro ASCII_A 8'h41.
I: Verilog-0008: [C:/CPLD/pango/2_Tieta_Feiteng/Tieta_Feiteng_1001_PGC7KD69MBG400/rtl/include/rs35m2c16s_g5_define.v(line number: 317)] Define macro ASCII_B 8'h42.
I: Verilog-0008: [C:/CPLD/pango/2_Tieta_Feiteng/Tieta_Feiteng_1001_PGC7KD69MBG400/rtl/include/rs35m2c16s_g5_define.v(line number: 318)] Define macro ASCII_C 8'h43.
I: Verilog-0008: [C:/CPLD/pango/2_Tieta_Feiteng/Tieta_Feiteng_1001_PGC7KD69MBG400/rtl/include/rs35m2c16s_g5_define.v(line number: 319)] Define macro ASCII_D 8'h44.
I: Verilog-0008: [C:/CPLD/pango/2_Tieta_Feiteng/Tieta_Feiteng_1001_PGC7KD69MBG400/rtl/include/rs35m2c16s_g5_define.v(line number: 320)] Define macro ASCII_E 8'h45.
I: Verilog-0008: [C:/CPLD/pango/2_Tieta_Feiteng/Tieta_Feiteng_1001_PGC7KD69MBG400/rtl/include/rs35m2c16s_g5_define.v(line number: 321)] Define macro ASCII_F 8'h46.
I: Verilog-0008: [C:/CPLD/pango/2_Tieta_Feiteng/Tieta_Feiteng_1001_PGC7KD69MBG400/rtl/include/rs35m2c16s_g5_define.v(line number: 322)] Define macro ASCII_G 8'h47.
I: Verilog-0008: [C:/CPLD/pango/2_Tieta_Feiteng/Tieta_Feiteng_1001_PGC7KD69MBG400/rtl/include/rs35m2c16s_g5_define.v(line number: 323)] Define macro ASCII_H 8'h48.
I: Verilog-0008: [C:/CPLD/pango/2_Tieta_Feiteng/Tieta_Feiteng_1001_PGC7KD69MBG400/rtl/include/rs35m2c16s_g5_define.v(line number: 324)] Define macro ASCII_I 8'h49.
I: Verilog-0008: [C:/CPLD/pango/2_Tieta_Feiteng/Tieta_Feiteng_1001_PGC7KD69MBG400/rtl/include/rs35m2c16s_g5_define.v(line number: 325)] Define macro ASCII_J 8'h4A.
I: Verilog-0008: [C:/CPLD/pango/2_Tieta_Feiteng/Tieta_Feiteng_1001_PGC7KD69MBG400/rtl/include/rs35m2c16s_g5_define.v(line number: 326)] Define macro ASCII_K 8'h4B.
I: Verilog-0008: [C:/CPLD/pango/2_Tieta_Feiteng/Tieta_Feiteng_1001_PGC7KD69MBG400/rtl/include/rs35m2c16s_g5_define.v(line number: 327)] Define macro ASCII_L 8'h4C.
I: Verilog-0008: [C:/CPLD/pango/2_Tieta_Feiteng/Tieta_Feiteng_1001_PGC7KD69MBG400/rtl/include/rs35m2c16s_g5_define.v(line number: 328)] Define macro ASCII_M 8'h4D.
I: Verilog-0008: [C:/CPLD/pango/2_Tieta_Feiteng/Tieta_Feiteng_1001_PGC7KD69MBG400/rtl/include/rs35m2c16s_g5_define.v(line number: 329)] Define macro ASCII_N 8'h4E.
I: Verilog-0008: [C:/CPLD/pango/2_Tieta_Feiteng/Tieta_Feiteng_1001_PGC7KD69MBG400/rtl/include/rs35m2c16s_g5_define.v(line number: 330)] Define macro ASCII_O 8'h4F.
I: Verilog-0008: [C:/CPLD/pango/2_Tieta_Feiteng/Tieta_Feiteng_1001_PGC7KD69MBG400/rtl/include/rs35m2c16s_g5_define.v(line number: 331)] Define macro ASCII_P 8'h50.
I: Verilog-0008: [C:/CPLD/pango/2_Tieta_Feiteng/Tieta_Feiteng_1001_PGC7KD69MBG400/rtl/include/rs35m2c16s_g5_define.v(line number: 332)] Define macro ASCII_Q 8'h51.
I: Verilog-0008: [C:/CPLD/pango/2_Tieta_Feiteng/Tieta_Feiteng_1001_PGC7KD69MBG400/rtl/include/rs35m2c16s_g5_define.v(line number: 333)] Define macro ASCII_R 8'h52.
I: Verilog-0008: [C:/CPLD/pango/2_Tieta_Feiteng/Tieta_Feiteng_1001_PGC7KD69MBG400/rtl/include/rs35m2c16s_g5_define.v(line number: 334)] Define macro ASCII_S 8'h53.
I: Verilog-0008: [C:/CPLD/pango/2_Tieta_Feiteng/Tieta_Feiteng_1001_PGC7KD69MBG400/rtl/include/rs35m2c16s_g5_define.v(line number: 335)] Define macro ASCII_T 8'h54.
I: Verilog-0008: [C:/CPLD/pango/2_Tieta_Feiteng/Tieta_Feiteng_1001_PGC7KD69MBG400/rtl/include/rs35m2c16s_g5_define.v(line number: 336)] Define macro ASCII_U 8'h55.
I: Verilog-0008: [C:/CPLD/pango/2_Tieta_Feiteng/Tieta_Feiteng_1001_PGC7KD69MBG400/rtl/include/rs35m2c16s_g5_define.v(line number: 337)] Define macro ASCII_V 8'h56.
I: Verilog-0008: [C:/CPLD/pango/2_Tieta_Feiteng/Tieta_Feiteng_1001_PGC7KD69MBG400/rtl/include/rs35m2c16s_g5_define.v(line number: 338)] Define macro ASCII_W 8'h57.
I: Verilog-0008: [C:/CPLD/pango/2_Tieta_Feiteng/Tieta_Feiteng_1001_PGC7KD69MBG400/rtl/include/rs35m2c16s_g5_define.v(line number: 339)] Define macro ASCII_X 8'h58.
I: Verilog-0008: [C:/CPLD/pango/2_Tieta_Feiteng/Tieta_Feiteng_1001_PGC7KD69MBG400/rtl/include/rs35m2c16s_g5_define.v(line number: 340)] Define macro ASCII_Y 8'h59.
I: Verilog-0008: [C:/CPLD/pango/2_Tieta_Feiteng/Tieta_Feiteng_1001_PGC7KD69MBG400/rtl/include/rs35m2c16s_g5_define.v(line number: 341)] Define macro ASCII_Z 8'h5A.
I: Verilog-0002: [C:/CPLD/pango/2_Tieta_Feiteng/Tieta_Feiteng_1001_PGC7KD69MBG400/rtl/source/common/pwrcap_pwrbtn_led.v(line number: 23)] Analyzing module pwrcap_pwrbtn_led (library work).
Parsing done.
I: Verilog-0001: Analyzing file C:/CPLD/pango/2_Tieta_Feiteng/Tieta_Feiteng_1001_PGC7KD69MBG400/rtl/source/common/delay_timer.v.
I: Verilog-0002: [C:/CPLD/pango/2_Tieta_Feiteng/Tieta_Feiteng_1001_PGC7KD69MBG400/rtl/source/common/delay_timer.v(line number: 26)] Analyzing module delay_timer (library work).
I: Verilog-0008: [C:/CPLD/pango/2_Tieta_Feiteng/Tieta_Feiteng_1001_PGC7KD69MBG400/rtl/source/common/delay_timer.v(line number: 35)] Define macro ZERO_COUNT {CNT_SIZE{1'b0}}.
Parsing done.
I: Verilog-0001: Analyzing file C:/CPLD/pango/2_Tieta_Feiteng/Tieta_Feiteng_1001_PGC7KD69MBG400/rtl/source/i2c/i2c_slave_bmc.v.
I: Verilog-0002: [C:/CPLD/pango/2_Tieta_Feiteng/Tieta_Feiteng_1001_PGC7KD69MBG400/rtl/source/i2c/i2c_slave_bmc.v(line number: 9)] Analyzing module i2c_slave_bmc (library work).
Parsing done.
I: Verilog-0001: Analyzing file C:/CPLD/pango/2_Tieta_Feiteng/Tieta_Feiteng_1001_PGC7KD69MBG400/rtl/source/i2c/i2c_slave_basic0.v.
I: Verilog-0002: [C:/CPLD/pango/2_Tieta_Feiteng/Tieta_Feiteng_1001_PGC7KD69MBG400/rtl/source/i2c/i2c_slave_basic0.v(line number: 8)] Analyzing module i2c_slave_basic0 (library work).
Parsing done.
I: Verilog-0001: Analyzing file C:/CPLD/pango/2_Tieta_Feiteng/Tieta_Feiteng_1001_PGC7KD69MBG400/prj/Tieta_M/ipcore/pll_i25M_o50M_o25M/pll_i25M_o50M_o25M.v.
I: Verilog-0002: [C:/CPLD/pango/2_Tieta_Feiteng/Tieta_Feiteng_1001_PGC7KD69MBG400/prj/Tieta_M/ipcore/pll_i25M_o50M_o25M/pll_i25M_o50M_o25M.v(line number: 17)] Analyzing module pll_i25M_o50M_o25M (library pll_i25M_o50M_o25M).
Parsing done.
W: Verilog-2084: [C:/CPLD/pango/2_Tieta_Feiteng/Tieta_Feiteng_1001_PGC7KD69MBG400/rtl/source/Tieta_Feiteng_1001_top.v(line number: 2499)] Identifier 'p1v1_en_r' is used before its declaration.
I: Module "Tieta_Feiteng_1001_top" is set as top module
Executing : rtl-analyze successfully. Time elapsed: 4.096s wall, 0.078s user + 0.031s system = 0.109s CPU (2.7%)

Start rtl-elaborate.
I: Verilog-0003: [C:/CPLD/pango/2_Tieta_Feiteng/Tieta_Feiteng_1001_PGC7KD69MBG400/rtl/source/Tieta_Feiteng_1001_top.v(line number: 4)] Elaborating module Tieta_Feiteng_1001_top.
W: Sdm-2008: The attribute named LOC is not legal, then it has no effect, ignore its value.
W: Sdm-2008: The attribute named LOC is not legal, then it has no effect, ignore its value.
W: Sdm-2008: The attribute named LOC is not legal, then it has no effect, ignore its value.
W: Sdm-2008: The attribute named LOC is not legal, then it has no effect, ignore its value.
W: Sdm-2008: The attribute named LOC is not legal, then it has no effect, ignore its value.
W: Sdm-2008: The attribute named LOC is not legal, then it has no effect, ignore its value.
W: Sdm-2008: The attribute named LOC is not legal, then it has no effect, ignore its value.
W: Sdm-2008: The attribute named LOC is not legal, then it has no effect, ignore its value.
W: Sdm-2008: The attribute named LOC is not legal, then it has no effect, ignore its value.
W: Sdm-2008: The attribute named LOC is not legal, then it has no effect, ignore its value.
W: Sdm-2008: The attribute named LOC is not legal, then it has no effect, ignore its value.
W: Sdm-2008: The attribute named LOC is not legal, then it has no effect, ignore its value.
W: Sdm-2008: The attribute named LOC is not legal, then it has no effect, ignore its value.
W: Sdm-2008: The attribute named LOC is not legal, then it has no effect, ignore its value.
W: Sdm-2008: The attribute named LOC is not legal, then it has no effect, ignore its value.
W: Sdm-2008: The attribute named LOC is not legal, then it has no effect, ignore its value.
W: Sdm-2008: The attribute named LOC is not legal, then it has no effect, ignore its value.
W: Sdm-2008: The attribute named LOC is not legal, then it has no effect, ignore its value.
W: Sdm-2008: The attribute named LOC is not legal, then it has no effect, ignore its value.
W: Sdm-2008: The attribute named LOC is not legal, then it has no effect, ignore its value.
W: Sdm-2008: The attribute named LOC is not legal, then it has no effect, ignore its value.
W: Sdm-2008: The attribute named LOC is not legal, then it has no effect, ignore its value.
W: Sdm-2008: The attribute named LOC is not legal, then it has no effect, ignore its value.
W: Sdm-2008: The attribute named LOC is not legal, then it has no effect, ignore its value.
W: Sdm-2008: The attribute named LOC is not legal, then it has no effect, ignore its value.
W: Sdm-2008: The attribute named LOC is not legal, then it has no effect, ignore its value.
W: Sdm-2008: The attribute named LOC is not legal, then it has no effect, ignore its value.
W: Sdm-2008: The attribute named LOC is not legal, then it has no effect, ignore its value.
W: Sdm-2008: The attribute named LOC is not legal, then it has no effect, ignore its value.
W: Sdm-2008: The attribute named LOC is not legal, then it has no effect, ignore its value.
W: Sdm-2008: The attribute named LOC is not legal, then it has no effect, ignore its value.
W: Sdm-2008: The attribute named LOC is not legal, then it has no effect, ignore its value.
W: Sdm-2008: The attribute named LOC is not legal, then it has no effect, ignore its value.
W: Sdm-2008: The attribute named LOC is not legal, then it has no effect, ignore its value.
W: Sdm-2008: The attribute named LOC is not legal, then it has no effect, ignore its value.
W: Sdm-2008: The attribute named LOC is not legal, then it has no effect, ignore its value.
W: Sdm-2008: The attribute named LOC is not legal, then it has no effect, ignore its value.
W: Sdm-2008: The attribute named LOC is not legal, then it has no effect, ignore its value.
W: Sdm-2008: The attribute named LOC is not legal, then it has no effect, ignore its value.
W: Sdm-2008: The attribute named LOC is not legal, then it has no effect, ignore its value.
W: Sdm-2008: The attribute named LOC is not legal, then it has no effect, ignore its value.
W: Sdm-2008: The attribute named LOC is not legal, then it has no effect, ignore its value.
W: Sdm-2008: The attribute named LOC is not legal, then it has no effect, ignore its value.
W: Sdm-2008: The attribute named LOC is not legal, then it has no effect, ignore its value.
W: Sdm-2008: The attribute named LOC is not legal, then it has no effect, ignore its value.
W: Sdm-2008: The attribute named LOC is not legal, then it has no effect, ignore its value.
W: Sdm-2008: The attribute named LOC is not legal, then it has no effect, ignore its value.
W: Sdm-2008: The attribute named LOC is not legal, then it has no effect, ignore its value.
W: Sdm-2008: The attribute named LOC is not legal, then it has no effect, ignore its value.
W: Sdm-2008: The attribute named LOC is not legal, then it has no effect, ignore its value.
W: Sdm-2008: The attribute named LOC is not legal, then it has no effect, ignore its value.
W: Sdm-2008: The attribute named LOC is not legal, then it has no effect, ignore its value.
W: Sdm-2008: The attribute named LOC is not legal, then it has no effect, ignore its value.
W: Sdm-2008: The attribute named LOC is not legal, then it has no effect, ignore its value.
W: Sdm-2008: The attribute named LOC is not legal, then it has no effect, ignore its value.
W: Sdm-2008: The attribute named LOC is not legal, then it has no effect, ignore its value.
W: Sdm-2008: The attribute named LOC is not legal, then it has no effect, ignore its value.
W: Sdm-2008: The attribute named LOC is not legal, then it has no effect, ignore its value.
W: Sdm-2008: The attribute named LOC is not legal, then it has no effect, ignore its value.
W: Sdm-2008: The attribute named LOC is not legal, then it has no effect, ignore its value.
W: Sdm-2008: The attribute named LOC is not legal, then it has no effect, ignore its value.
W: Sdm-2008: The attribute named LOC is not legal, then it has no effect, ignore its value.
W: Sdm-2008: The attribute named LOC is not legal, then it has no effect, ignore its value.
W: Sdm-2008: The attribute named LOC is not legal, then it has no effect, ignore its value.
W: Sdm-2008: The attribute named LOC is not legal, then it has no effect, ignore its value.
W: Sdm-2008: The attribute named LOC is not legal, then it has no effect, ignore its value.
W: Sdm-2008: The attribute named LOC is not legal, then it has no effect, ignore its value.
W: Sdm-2008: The attribute named LOC is not legal, then it has no effect, ignore its value.
W: Sdm-2008: The attribute named LOC is not legal, then it has no effect, ignore its value.
W: Sdm-2008: The attribute named LOC is not legal, then it has no effect, ignore its value.
W: Sdm-2008: The attribute named LOC is not legal, then it has no effect, ignore its value.
W: Sdm-2008: The attribute named LOC is not legal, then it has no effect, ignore its value.
W: Sdm-2008: The attribute named LOC is not legal, then it has no effect, ignore its value.
W: Sdm-2008: The attribute named LOC is not legal, then it has no effect, ignore its value.
W: Sdm-2008: The attribute named LOC is not legal, then it has no effect, ignore its value.
W: Sdm-2008: The attribute named LOC is not legal, then it has no effect, ignore its value.
W: Sdm-2008: The attribute named LOC is not legal, then it has no effect, ignore its value.
W: Sdm-2008: The attribute named LOC is not legal, then it has no effect, ignore its value.
W: Sdm-2008: The attribute named LOC is not legal, then it has no effect, ignore its value.
W: Sdm-2008: The attribute named LOC is not legal, then it has no effect, ignore its value.
W: Sdm-2008: The attribute named LOC is not legal, then it has no effect, ignore its value.
W: Sdm-2008: The attribute named LOC is not legal, then it has no effect, ignore its value.
W: Sdm-2008: The attribute named LOC is not legal, then it has no effect, ignore its value.
W: Sdm-2008: The attribute named LOC is not legal, then it has no effect, ignore its value.
W: Sdm-2008: The attribute named LOC is not legal, then it has no effect, ignore its value.
W: Sdm-2008: The attribute named LOC is not legal, then it has no effect, ignore its value.
W: Sdm-2008: The attribute named LOC is not legal, then it has no effect, ignore its value.
W: Sdm-2008: The attribute named LOC is not legal, then it has no effect, ignore its value.
W: Sdm-2008: The attribute named LOC is not legal, then it has no effect, ignore its value.
W: Sdm-2008: The attribute named LOC is not legal, then it has no effect, ignore its value.
W: Sdm-2008: The attribute named LOC is not legal, then it has no effect, ignore its value.
W: Sdm-2008: The attribute named LOC is not legal, then it has no effect, ignore its value.
W: Sdm-2008: The attribute named LOC is not legal, then it has no effect, ignore its value.
W: Sdm-2008: The attribute named LOC is not legal, then it has no effect, ignore its value.
W: Sdm-2008: The attribute named LOC is not legal, then it has no effect, ignore its value.
W: Sdm-2008: The attribute named LOC is not legal, then it has no effect, ignore its value.
W: Sdm-2008: The attribute named LOC is not legal, then it has no effect, ignore its value.
W: Sdm-2008: The attribute named LOC is not legal, then it has no effect, ignore its value.
W: Sdm-2008: The attribute named LOC is not legal, then it has no effect, ignore its value.
W: Sdm-2008: The attribute named LOC is not legal, then it has no effect, ignore its value.
W: Sdm-2008: The attribute named LOC is not legal, then it has no effect, ignore its value.
W: Sdm-2008: The attribute named LOC is not legal, then it has no effect, ignore its value.
W: Sdm-2008: The attribute named LOC is not legal, then it has no effect, ignore its value.
W: Sdm-2008: The attribute named LOC is not legal, then it has no effect, ignore its value.
W: Sdm-2008: The attribute named LOC is not legal, then it has no effect, ignore its value.
W: Sdm-2008: The attribute named LOC is not legal, then it has no effect, ignore its value.
W: Sdm-2008: The attribute named LOC is not legal, then it has no effect, ignore its value.
W: Sdm-2008: The attribute named LOC is not legal, then it has no effect, ignore its value.
W: Sdm-2008: The attribute named LOC is not legal, then it has no effect, ignore its value.
W: Sdm-2008: The attribute named LOC is not legal, then it has no effect, ignore its value.
W: Sdm-2008: The attribute named LOC is not legal, then it has no effect, ignore its value.
W: Sdm-2008: The attribute named LOC is not legal, then it has no effect, ignore its value.
W: Sdm-2008: The attribute named LOC is not legal, then it has no effect, ignore its value.
W: Sdm-2008: The attribute named LOC is not legal, then it has no effect, ignore its value.
W: Sdm-2008: The attribute named LOC is not legal, then it has no effect, ignore its value.
W: Sdm-2008: The attribute named LOC is not legal, then it has no effect, ignore its value.
W: Sdm-2008: The attribute named LOC is not legal, then it has no effect, ignore its value.
W: Sdm-2008: The attribute named LOC is not legal, then it has no effect, ignore its value.
W: Sdm-2008: The attribute named LOC is not legal, then it has no effect, ignore its value.
W: Sdm-2008: The attribute named LOC is not legal, then it has no effect, ignore its value.
W: Sdm-2008: The attribute named LOC is not legal, then it has no effect, ignore its value.
W: Sdm-2008: The attribute named LOC is not legal, then it has no effect, ignore its value.
W: Sdm-2008: The attribute named LOC is not legal, then it has no effect, ignore its value.
W: Sdm-2008: The attribute named LOC is not legal, then it has no effect, ignore its value.
W: Sdm-2008: The attribute named LOC is not legal, then it has no effect, ignore its value.
W: Sdm-2008: The attribute named LOC is not legal, then it has no effect, ignore its value.
W: Sdm-2008: The attribute named LOC is not legal, then it has no effect, ignore its value.
W: Sdm-2008: The attribute named LOC is not legal, then it has no effect, ignore its value.
W: Sdm-2008: The attribute named LOC is not legal, then it has no effect, ignore its value.
W: Sdm-2008: The attribute named LOC is not legal, then it has no effect, ignore its value.
W: Sdm-2008: The attribute named LOC is not legal, then it has no effect, ignore its value.
W: Sdm-2008: The attribute named LOC is not legal, then it has no effect, ignore its value.
W: Sdm-2008: The attribute named LOC is not legal, then it has no effect, ignore its value.
W: Sdm-2008: The attribute named LOC is not legal, then it has no effect, ignore its value.
W: Sdm-2008: The attribute named LOC is not legal, then it has no effect, ignore its value.
W: Sdm-2008: The attribute named LOC is not legal, then it has no effect, ignore its value.
W: Sdm-2008: The attribute named LOC is not legal, then it has no effect, ignore its value.
W: Sdm-2008: The attribute named LOC is not legal, then it has no effect, ignore its value.
W: Sdm-2008: The attribute named LOC is not legal, then it has no effect, ignore its value.
W: Sdm-2008: The attribute named LOC is not legal, then it has no effect, ignore its value.
W: Sdm-2008: The attribute named LOC is not legal, then it has no effect, ignore its value.
W: Sdm-2008: The attribute named LOC is not legal, then it has no effect, ignore its value.
W: Sdm-2008: The attribute named LOC is not legal, then it has no effect, ignore its value.
W: Sdm-2008: The attribute named LOC is not legal, then it has no effect, ignore its value.
W: Sdm-2008: The attribute named LOC is not legal, then it has no effect, ignore its value.
W: Sdm-2008: The attribute named LOC is not legal, then it has no effect, ignore its value.
W: Sdm-2008: The attribute named LOC is not legal, then it has no effect, ignore its value.
W: Sdm-2008: The attribute named LOC is not legal, then it has no effect, ignore its value.
W: Sdm-2008: The attribute named LOC is not legal, then it has no effect, ignore its value.
W: Sdm-2008: The attribute named LOC is not legal, then it has no effect, ignore its value.
W: Sdm-2008: The attribute named LOC is not legal, then it has no effect, ignore its value.
W: Sdm-2008: The attribute named LOC is not legal, then it has no effect, ignore its value.
W: Sdm-2008: The attribute named LOC is not legal, then it has no effect, ignore its value.
W: Sdm-2008: The attribute named LOC is not legal, then it has no effect, ignore its value.
W: Sdm-2008: The attribute named LOC is not legal, then it has no effect, ignore its value.
W: Sdm-2008: The attribute named LOC is not legal, then it has no effect, ignore its value.
W: Sdm-2008: The attribute named LOC is not legal, then it has no effect, ignore its value.
W: Sdm-2008: The attribute named LOC is not legal, then it has no effect, ignore its value.
W: Sdm-2008: The attribute named LOC is not legal, then it has no effect, ignore its value.
W: Sdm-2008: The attribute named LOC is not legal, then it has no effect, ignore its value.
W: Sdm-2008: The attribute named LOC is not legal, then it has no effect, ignore its value.
W: Sdm-2008: The attribute named LOC is not legal, then it has no effect, ignore its value.
W: Sdm-2008: The attribute named LOC is not legal, then it has no effect, ignore its value.
W: Sdm-2008: The attribute named LOC is not legal, then it has no effect, ignore its value.
W: Sdm-2008: The attribute named LOC is not legal, then it has no effect, ignore its value.
W: Sdm-2008: The attribute named LOC is not legal, then it has no effect, ignore its value.
W: Sdm-2008: The attribute named LOC is not legal, then it has no effect, ignore its value.
W: Sdm-2008: The attribute named LOC is not legal, then it has no effect, ignore its value.
W: Sdm-2008: The attribute named LOC is not legal, then it has no effect, ignore its value.
W: Sdm-2008: The attribute named LOC is not legal, then it has no effect, ignore its value.
W: Sdm-2008: The attribute named LOC is not legal, then it has no effect, ignore its value.
W: Sdm-2008: The attribute named LOC is not legal, then it has no effect, ignore its value.
W: Sdm-2008: The attribute named LOC is not legal, then it has no effect, ignore its value.
W: Sdm-2008: The attribute named LOC is not legal, then it has no effect, ignore its value.
W: Sdm-2008: The attribute named LOC is not legal, then it has no effect, ignore its value.
W: Sdm-2008: The attribute named LOC is not legal, then it has no effect, ignore its value.
W: Sdm-2008: The attribute named LOC is not legal, then it has no effect, ignore its value.
W: Sdm-2008: The attribute named LOC is not legal, then it has no effect, ignore its value.
W: Sdm-2008: The attribute named LOC is not legal, then it has no effect, ignore its value.
W: Sdm-2008: The attribute named LOC is not legal, then it has no effect, ignore its value.
W: Sdm-2008: The attribute named LOC is not legal, then it has no effect, ignore its value.
W: Sdm-2008: The attribute named LOC is not legal, then it has no effect, ignore its value.
W: Sdm-2008: The attribute named LOC is not legal, then it has no effect, ignore its value.
W: Sdm-2008: The attribute named LOC is not legal, then it has no effect, ignore its value.
W: Sdm-2008: The attribute named LOC is not legal, then it has no effect, ignore its value.
W: Sdm-2008: The attribute named LOC is not legal, then it has no effect, ignore its value.
W: Sdm-2008: The attribute named LOC is not legal, then it has no effect, ignore its value.
W: Sdm-2008: The attribute named LOC is not legal, then it has no effect, ignore its value.
W: Sdm-2008: The attribute named LOC is not legal, then it has no effect, ignore its value.
W: Sdm-2008: The attribute named LOC is not legal, then it has no effect, ignore its value.
W: Sdm-2008: The attribute named LOC is not legal, then it has no effect, ignore its value.
W: Sdm-2008: The attribute named LOC is not legal, then it has no effect, ignore its value.
W: Sdm-2008: The attribute named LOC is not legal, then it has no effect, ignore its value.
W: Sdm-2008: The attribute named LOC is not legal, then it has no effect, ignore its value.
W: Sdm-2008: The attribute named LOC is not legal, then it has no effect, ignore its value.
W: Sdm-2008: The attribute named LOC is not legal, then it has no effect, ignore its value.
W: Sdm-2008: The attribute named LOC is not legal, then it has no effect, ignore its value.
W: Sdm-2008: The attribute named LOC is not legal, then it has no effect, ignore its value.
W: Sdm-2008: The attribute named LOC is not legal, then it has no effect, ignore its value.
W: Sdm-2008: The attribute named LOC is not legal, then it has no effect, ignore its value.
W: Sdm-2008: The attribute named LOC is not legal, then it has no effect, ignore its value.
W: Sdm-2008: The attribute named LOC is not legal, then it has no effect, ignore its value.
W: Sdm-2008: The attribute named LOC is not legal, then it has no effect, ignore its value.
W: Sdm-2008: The attribute named LOC is not legal, then it has no effect, ignore its value.
W: Sdm-2008: The attribute named LOC is not legal, then it has no effect, ignore its value.
W: Sdm-2008: The attribute named LOC is not legal, then it has no effect, ignore its value.
W: Sdm-2008: The attribute named LOC is not legal, then it has no effect, ignore its value.
W: Sdm-2008: The attribute named LOC is not legal, then it has no effect, ignore its value.
W: Sdm-2008: The attribute named LOC is not legal, then it has no effect, ignore its value.
W: Sdm-2008: The attribute named LOC is not legal, then it has no effect, ignore its value.
W: Sdm-2008: The attribute named LOC is not legal, then it has no effect, ignore its value.
W: Sdm-2008: The attribute named LOC is not legal, then it has no effect, ignore its value.
W: Sdm-2008: The attribute named LOC is not legal, then it has no effect, ignore its value.
W: Sdm-2008: The attribute named LOC is not legal, then it has no effect, ignore its value.
W: Sdm-2008: The attribute named LOC is not legal, then it has no effect, ignore its value.
W: Sdm-2008: The attribute named LOC is not legal, then it has no effect, ignore its value.
W: Sdm-2008: The attribute named LOC is not legal, then it has no effect, ignore its value.
W: Sdm-2008: The attribute named LOC is not legal, then it has no effect, ignore its value.
W: Sdm-2008: The attribute named LOC is not legal, then it has no effect, ignore its value.
W: Sdm-2008: The attribute named LOC is not legal, then it has no effect, ignore its value.
W: Sdm-2008: The attribute named LOC is not legal, then it has no effect, ignore its value.
W: Sdm-2008: The attribute named LOC is not legal, then it has no effect, ignore its value.
W: Sdm-2008: The attribute named LOC is not legal, then it has no effect, ignore its value.
W: Sdm-2008: The attribute named LOC is not legal, then it has no effect, ignore its value.
W: Sdm-2008: The attribute named LOC is not legal, then it has no effect, ignore its value.
W: Sdm-2008: The attribute named LOC is not legal, then it has no effect, ignore its value.
W: Sdm-2008: The attribute named LOC is not legal, then it has no effect, ignore its value.
W: Sdm-2008: The attribute named LOC is not legal, then it has no effect, ignore its value.
W: Sdm-2008: The attribute named LOC is not legal, then it has no effect, ignore its value.
W: Sdm-2008: The attribute named LOC is not legal, then it has no effect, ignore its value.
W: Sdm-2008: The attribute named LOC is not legal, then it has no effect, ignore its value.
W: Sdm-2008: The attribute named LOC is not legal, then it has no effect, ignore its value.
W: Sdm-2008: The attribute named LOC is not legal, then it has no effect, ignore its value.
W: Sdm-2008: The attribute named LOC is not legal, then it has no effect, ignore its value.
W: Sdm-2008: The attribute named LOC is not legal, then it has no effect, ignore its value.
W: Sdm-2008: The attribute named LOC is not legal, then it has no effect, ignore its value.
W: Sdm-2008: The attribute named LOC is not legal, then it has no effect, ignore its value.
W: Sdm-2008: The attribute named LOC is not legal, then it has no effect, ignore its value.
W: Sdm-2008: The attribute named LOC is not legal, then it has no effect, ignore its value.
W: Sdm-2008: The attribute named LOC is not legal, then it has no effect, ignore its value.
W: Sdm-2008: The attribute named LOC is not legal, then it has no effect, ignore its value.
W: Sdm-2008: The attribute named LOC is not legal, then it has no effect, ignore its value.
W: Sdm-2008: The attribute named LOC is not legal, then it has no effect, ignore its value.
W: Sdm-2008: The attribute named LOC is not legal, then it has no effect, ignore its value.
W: Sdm-2008: The attribute named LOC is not legal, then it has no effect, ignore its value.
W: Sdm-2008: The attribute named LOC is not legal, then it has no effect, ignore its value.
W: Sdm-2008: The attribute named LOC is not legal, then it has no effect, ignore its value.
W: Sdm-2008: The attribute named LOC is not legal, then it has no effect, ignore its value.
W: Sdm-2008: The attribute named LOC is not legal, then it has no effect, ignore its value.
W: Sdm-2008: The attribute named LOC is not legal, then it has no effect, ignore its value.
W: Sdm-2008: The attribute named LOC is not legal, then it has no effect, ignore its value.
W: Sdm-2008: The attribute named LOC is not legal, then it has no effect, ignore its value.
W: Sdm-2008: The attribute named LOC is not legal, then it has no effect, ignore its value.
W: Sdm-2008: The attribute named LOC is not legal, then it has no effect, ignore its value.
W: Sdm-2008: The attribute named LOC is not legal, then it has no effect, ignore its value.
W: Sdm-2008: The attribute named LOC is not legal, then it has no effect, ignore its value.
W: Sdm-2008: The attribute named LOC is not legal, then it has no effect, ignore its value.
W: Sdm-2008: The attribute named LOC is not legal, then it has no effect, ignore its value.
W: Sdm-2008: The attribute named LOC is not legal, then it has no effect, ignore its value.
W: Sdm-2008: The attribute named LOC is not legal, then it has no effect, ignore its value.
W: Sdm-2008: The attribute named LOC is not legal, then it has no effect, ignore its value.
W: Sdm-2008: The attribute named LOC is not legal, then it has no effect, ignore its value.
W: Sdm-2008: The attribute named LOC is not legal, then it has no effect, ignore its value.
W: Sdm-2008: The attribute named LOC is not legal, then it has no effect, ignore its value.
W: Sdm-2008: The attribute named LOC is not legal, then it has no effect, ignore its value.
W: Sdm-2008: The attribute named LOC is not legal, then it has no effect, ignore its value.
W: Sdm-2008: The attribute named LOC is not legal, then it has no effect, ignore its value.
W: Sdm-2008: The attribute named LOC is not legal, then it has no effect, ignore its value.
W: Sdm-2008: The attribute named LOC is not legal, then it has no effect, ignore its value.
W: Sdm-2008: The attribute named LOC is not legal, then it has no effect, ignore its value.
W: Sdm-2008: The attribute named LOC is not legal, then it has no effect, ignore its value.
W: Sdm-2008: The attribute named LOC is not legal, then it has no effect, ignore its value.
W: Sdm-2008: The attribute named LOC is not legal, then it has no effect, ignore its value.
W: Sdm-2008: The attribute named LOC is not legal, then it has no effect, ignore its value.
W: Sdm-2008: The attribute named LOC is not legal, then it has no effect, ignore its value.
W: Sdm-2008: The attribute named LOC is not legal, then it has no effect, ignore its value.
W: Sdm-2008: The attribute named LOC is not legal, then it has no effect, ignore its value.
W: Sdm-2008: The attribute named LOC is not legal, then it has no effect, ignore its value.
W: Sdm-2008: The attribute named LOC is not legal, then it has no effect, ignore its value.
W: Sdm-2008: The attribute named LOC is not legal, then it has no effect, ignore its value.
W: Sdm-2008: The attribute named LOC is not legal, then it has no effect, ignore its value.
W: Sdm-2008: The attribute named LOC is not legal, then it has no effect, ignore its value.
W: Sdm-2008: The attribute named LOC is not legal, then it has no effect, ignore its value.
W: Sdm-2008: The attribute named LOC is not legal, then it has no effect, ignore its value.
W: Sdm-2008: The attribute named LOC is not legal, then it has no effect, ignore its value.
W: Sdm-2008: The attribute named LOC is not legal, then it has no effect, ignore its value.
W: Sdm-2008: The attribute named LOC is not legal, then it has no effect, ignore its value.
W: Sdm-2008: The attribute named LOC is not legal, then it has no effect, ignore its value.
W: Sdm-2008: The attribute named LOC is not legal, then it has no effect, ignore its value.
W: Sdm-2008: The attribute named LOC is not legal, then it has no effect, ignore its value.
W: Sdm-2008: The attribute named LOC is not legal, then it has no effect, ignore its value.
W: Sdm-2008: The attribute named LOC is not legal, then it has no effect, ignore its value.
W: Sdm-2008: The attribute named LOC is not legal, then it has no effect, ignore its value.
W: Sdm-2008: The attribute named LOC is not legal, then it has no effect, ignore its value.
W: Sdm-2008: The attribute named LOC is not legal, then it has no effect, ignore its value.
W: Sdm-2008: The attribute named LOC is not legal, then it has no effect, ignore its value.
W: Sdm-2008: The attribute named LOC is not legal, then it has no effect, ignore its value.
W: Sdm-2008: The attribute named LOC is not legal, then it has no effect, ignore its value.
W: Sdm-2008: The attribute named LOC is not legal, then it has no effect, ignore its value.
W: Sdm-2008: The attribute named LOC is not legal, then it has no effect, ignore its value.
W: Sdm-2008: The attribute named LOC is not legal, then it has no effect, ignore its value.
W: Sdm-2008: The attribute named LOC is not legal, then it has no effect, ignore its value.
W: Sdm-2008: The attribute named LOC is not legal, then it has no effect, ignore its value.
W: Sdm-2008: The attribute named LOC is not legal, then it has no effect, ignore its value.
W: Sdm-2008: The attribute named LOC is not legal, then it has no effect, ignore its value.
W: Sdm-2008: The attribute named LOC is not legal, then it has no effect, ignore its value.
W: Sdm-2008: The attribute named LOC is not legal, then it has no effect, ignore its value.
W: Sdm-2008: The attribute named LOC is not legal, then it has no effect, ignore its value.
W: Sdm-2008: The attribute named LOC is not legal, then it has no effect, ignore its value.
W: Sdm-2008: The attribute named LOC is not legal, then it has no effect, ignore its value.
W: Sdm-2008: The attribute named LOC is not legal, then it has no effect, ignore its value.
W: Sdm-2008: The attribute named LOC is not legal, then it has no effect, ignore its value.
W: Sdm-2008: The attribute named LOC is not legal, then it has no effect, ignore its value.
W: Sdm-2008: The attribute named LOC is not legal, then it has no effect, ignore its value.
W: Sdm-2008: The attribute named LOC is not legal, then it has no effect, ignore its value.
W: Sdm-2008: The attribute named LOC is not legal, then it has no effect, ignore its value.
W: Sdm-2008: The attribute named LOC is not legal, then it has no effect, ignore its value.
W: Sdm-2008: The attribute named LOC is not legal, then it has no effect, ignore its value.
W: Sdm-2008: The attribute named LOC is not legal, then it has no effect, ignore its value.
W: Sdm-2008: The attribute named LOC is not legal, then it has no effect, ignore its value.
W: Sdm-2008: The attribute named LOC is not legal, then it has no effect, ignore its value.
W: Sdm-2008: The attribute named LOC is not legal, then it has no effect, ignore its value.
W: Sdm-2008: The attribute named LOC is not legal, then it has no effect, ignore its value.
W: Sdm-2008: The attribute named LOC is not legal, then it has no effect, ignore its value.
W: Sdm-2008: The attribute named LOC is not legal, then it has no effect, ignore its value.
W: Sdm-2008: The attribute named LOC is not legal, then it has no effect, ignore its value.
W: Sdm-2008: The attribute named LOC is not legal, then it has no effect, ignore its value.
W: Sdm-2008: The attribute named LOC is not legal, then it has no effect, ignore its value.
W: Sdm-2008: The attribute named LOC is not legal, then it has no effect, ignore its value.
W: Sdm-2008: The attribute named LOC is not legal, then it has no effect, ignore its value.
W: Sdm-2008: The attribute named LOC is not legal, then it has no effect, ignore its value.
W: Sdm-2008: The attribute named LOC is not legal, then it has no effect, ignore its value.
W: Sdm-2008: The attribute named LOC is not legal, then it has no effect, ignore its value.
W: Sdm-2008: The attribute named LOC is not legal, then it has no effect, ignore its value.
W: Sdm-2008: The attribute named LOC is not legal, then it has no effect, ignore its value.
W: Sdm-2008: The attribute named LOC is not legal, then it has no effect, ignore its value.
W: Sdm-2008: The attribute named LOC is not legal, then it has no effect, ignore its value.
W: Sdm-2008: The attribute named LOC is not legal, then it has no effect, ignore its value.
W: Sdm-2008: The attribute named LOC is not legal, then it has no effect, ignore its value.
W: Sdm-2008: The attribute named LOC is not legal, then it has no effect, ignore its value.
W: Sdm-2008: The attribute named LOC is not legal, then it has no effect, ignore its value.
W: Sdm-2008: The attribute named LOC is not legal, then it has no effect, ignore its value.
W: Sdm-2008: The attribute named LOC is not legal, then it has no effect, ignore its value.
W: Sdm-2008: The attribute named LOC is not legal, then it has no effect, ignore its value.
W: Sdm-2008: The attribute named LOC is not legal, then it has no effect, ignore its value.
W: Sdm-2008: The attribute named LOC is not legal, then it has no effect, ignore its value.
W: Sdm-2008: The attribute named LOC is not legal, then it has no effect, ignore its value.
W: Sdm-2008: The attribute named LOC is not legal, then it has no effect, ignore its value.
W: Sdm-2008: The attribute named LOC is not legal, then it has no effect, ignore its value.
W: Sdm-2008: The attribute named LOC is not legal, then it has no effect, ignore its value.
W: Sdm-2008: The attribute named LOC is not legal, then it has no effect, ignore its value.
W: Sdm-2008: The attribute named LOC is not legal, then it has no effect, ignore its value.
W: Sdm-2008: The attribute named LOC is not legal, then it has no effect, ignore its value.
W: Sdm-2008: The attribute named LOC is not legal, then it has no effect, ignore its value.
W: Sdm-2008: The attribute named LOC is not legal, then it has no effect, ignore its value.
W: Sdm-2008: The attribute named LOC is not legal, then it has no effect, ignore its value.
W: Sdm-2008: The attribute named LOC is not legal, then it has no effect, ignore its value.
W: Sdm-2008: The attribute named LOC is not legal, then it has no effect, ignore its value.
W: Sdm-2008: The attribute named LOC is not legal, then it has no effect, ignore its value.
W: Sdm-2008: The attribute named LOC is not legal, then it has no effect, ignore its value.
W: Sdm-2008: The attribute named LOC is not legal, then it has no effect, ignore its value.
W: Sdm-2008: The attribute named LOC is not legal, then it has no effect, ignore its value.
W: Sdm-2008: The attribute named LOC is not legal, then it has no effect, ignore its value.
W: Sdm-2008: The attribute named LOC is not legal, then it has no effect, ignore its value.
W: Sdm-2008: The attribute named LOC is not legal, then it has no effect, ignore its value.
W: Sdm-2008: The attribute named LOC is not legal, then it has no effect, ignore its value.
W: Sdm-2008: The attribute named LOC is not legal, then it has no effect, ignore its value.
W: Sdm-2008: The attribute named LOC is not legal, then it has no effect, ignore its value.
W: Sdm-2008: The attribute named LOC is not legal, then it has no effect, ignore its value.
W: Sdm-2008: The attribute named LOC is not legal, then it has no effect, ignore its value.
W: Sdm-2008: The attribute named LOC is not legal, then it has no effect, ignore its value.
W: Sdm-2008: The attribute named LOC is not legal, then it has no effect, ignore its value.
W: Sdm-2008: The attribute named LOC is not legal, then it has no effect, ignore its value.
W: Sdm-2008: The attribute named LOC is not legal, then it has no effect, ignore its value.
W: Sdm-2008: The attribute named LOC is not legal, then it has no effect, ignore its value.
W: Sdm-2008: The attribute named LOC is not legal, then it has no effect, ignore its value.
W: Sdm-2008: The attribute named LOC is not legal, then it has no effect, ignore its value.
W: Sdm-2008: The attribute named LOC is not legal, then it has no effect, ignore its value.
W: Sdm-2008: The attribute named LOC is not legal, then it has no effect, ignore its value.
W: Sdm-2008: The attribute named LOC is not legal, then it has no effect, ignore its value.
W: Sdm-2008: The attribute named LOC is not legal, then it has no effect, ignore its value.
W: Sdm-2008: The attribute named LOC is not legal, then it has no effect, ignore its value.
W: Sdm-2008: The attribute named LOC is not legal, then it has no effect, ignore its value.
W: Sdm-2008: The attribute named LOC is not legal, then it has no effect, ignore its value.
W: Sdm-2008: The attribute named LOC is not legal, then it has no effect, ignore its value.
W: Sdm-2008: The attribute named LOC is not legal, then it has no effect, ignore its value.
W: Sdm-2008: The attribute named LOC is not legal, then it has no effect, ignore its value.
W: Sdm-2008: The attribute named LOC is not legal, then it has no effect, ignore its value.
W: Sdm-2008: The attribute named LOC is not legal, then it has no effect, ignore its value.
W: Sdm-2008: The attribute named LOC is not legal, then it has no effect, ignore its value.
W: Sdm-2008: The attribute named LOC is not legal, then it has no effect, ignore its value.
W: Sdm-2008: The attribute named LOC is not legal, then it has no effect, ignore its value.
W: Sdm-2008: The attribute named LOC is not legal, then it has no effect, ignore its value.
W: Sdm-2008: The attribute named LOC is not legal, then it has no effect, ignore its value.
W: Sdm-2008: The attribute named LOC is not legal, then it has no effect, ignore its value.
W: Sdm-2008: The attribute named LOC is not legal, then it has no effect, ignore its value.
W: Sdm-2008: The attribute named LOC is not legal, then it has no effect, ignore its value.
W: Sdm-2008: The attribute named LOC is not legal, then it has no effect, ignore its value.
W: Sdm-2008: The attribute named LOC is not legal, then it has no effect, ignore its value.
W: Sdm-2008: The attribute named LOC is not legal, then it has no effect, ignore its value.
W: Sdm-2008: The attribute named LOC is not legal, then it has no effect, ignore its value.
W: Sdm-2008: The attribute named LOC is not legal, then it has no effect, ignore its value.
W: Sdm-2008: The attribute named LOC is not legal, then it has no effect, ignore its value.
W: Sdm-2008: The attribute named LOC is not legal, then it has no effect, ignore its value.
W: Sdm-2008: The attribute named LOC is not legal, then it has no effect, ignore its value.
W: Sdm-2008: The attribute named LOC is not legal, then it has no effect, ignore its value.
W: Sdm-2008: The attribute named LOC is not legal, then it has no effect, ignore its value.
W: Sdm-2008: The attribute named LOC is not legal, then it has no effect, ignore its value.
W: Sdm-2008: The attribute named LOC is not legal, then it has no effect, ignore its value.
W: Sdm-2008: The attribute named LOC is not legal, then it has no effect, ignore its value.
W: Sdm-2008: The attribute named LOC is not legal, then it has no effect, ignore its value.
W: Sdm-2008: The attribute named LOC is not legal, then it has no effect, ignore its value.
W: Sdm-2008: The attribute named LOC is not legal, then it has no effect, ignore its value.
W: Sdm-2008: The attribute named LOC is not legal, then it has no effect, ignore its value.
W: Sdm-2008: The attribute named LOC is not legal, then it has no effect, ignore its value.
W: Sdm-2008: The attribute named LOC is not legal, then it has no effect, ignore its value.
W: Sdm-2008: The attribute named LOC is not legal, then it has no effect, ignore its value.
W: Sdm-2008: The attribute named LOC is not legal, then it has no effect, ignore its value.
W: Sdm-2008: The attribute named LOC is not legal, then it has no effect, ignore its value.
W: Sdm-2008: The attribute named LOC is not legal, then it has no effect, ignore its value.
W: Sdm-2008: The attribute named LOC is not legal, then it has no effect, ignore its value.
W: Sdm-2008: The attribute named LOC is not legal, then it has no effect, ignore its value.
W: Sdm-2008: The attribute named LOC is not legal, then it has no effect, ignore its value.
W: Sdm-2008: The attribute named LOC is not legal, then it has no effect, ignore its value.
W: Sdm-2008: The attribute named LOC is not legal, then it has no effect, ignore its value.
W: Sdm-2008: The attribute named LOC is not legal, then it has no effect, ignore its value.
W: Sdm-2008: The attribute named LOC is not legal, then it has no effect, ignore its value.
W: Sdm-2008: The attribute named LOC is not legal, then it has no effect, ignore its value.
W: Sdm-2008: The attribute named LOC is not legal, then it has no effect, ignore its value.
W: Sdm-2008: The attribute named LOC is not legal, then it has no effect, ignore its value.
W: Sdm-2008: The attribute named LOC is not legal, then it has no effect, ignore its value.
W: Sdm-2008: The attribute named LOC is not legal, then it has no effect, ignore its value.
W: Sdm-2008: The attribute named LOC is not legal, then it has no effect, ignore its value.
W: Sdm-2008: The attribute named LOC is not legal, then it has no effect, ignore its value.
W: Sdm-2008: The attribute named LOC is not legal, then it has no effect, ignore its value.
W: Sdm-2008: The attribute named LOC is not legal, then it has no effect, ignore its value.
W: Sdm-2008: The attribute named LOC is not legal, then it has no effect, ignore its value.
W: Sdm-2008: The attribute named LOC is not legal, then it has no effect, ignore its value.
W: Sdm-2008: The attribute named LOC is not legal, then it has no effect, ignore its value.
W: Sdm-2008: The attribute named LOC is not legal, then it has no effect, ignore its value.
W: Sdm-2008: The attribute named LOC is not legal, then it has no effect, ignore its value.
W: Sdm-2008: The attribute named LOC is not legal, then it has no effect, ignore its value.
W: Sdm-2008: The attribute named LOC is not legal, then it has no effect, ignore its value.
W: Sdm-2008: The attribute named LOC is not legal, then it has no effect, ignore its value.
W: Sdm-2008: The attribute named LOC is not legal, then it has no effect, ignore its value.
W: Sdm-2008: The attribute named LOC is not legal, then it has no effect, ignore its value.
W: Sdm-2008: The attribute named LOC is not legal, then it has no effect, ignore its value.
W: Sdm-2008: The attribute named LOC is not legal, then it has no effect, ignore its value.
W: Sdm-2008: The attribute named LOC is not legal, then it has no effect, ignore its value.
W: Sdm-2008: The attribute named LOC is not legal, then it has no effect, ignore its value.
W: Sdm-2008: The attribute named LOC is not legal, then it has no effect, ignore its value.
W: Sdm-2008: The attribute named LOC is not legal, then it has no effect, ignore its value.
W: Sdm-2008: The attribute named LOC is not legal, then it has no effect, ignore its value.
W: Sdm-2008: The attribute named LOC is not legal, then it has no effect, ignore its value.
W: Sdm-2008: The attribute named LOC is not legal, then it has no effect, ignore its value.
W: Sdm-2008: The attribute named LOC is not legal, then it has no effect, ignore its value.
W: Sdm-2008: The attribute named LOC is not legal, then it has no effect, ignore its value.
W: Sdm-2008: The attribute named LOC is not legal, then it has no effect, ignore its value.
W: Sdm-2008: The attribute named LOC is not legal, then it has no effect, ignore its value.
W: Sdm-2008: The attribute named LOC is not legal, then it has no effect, ignore its value.
W: Sdm-2008: The attribute named LOC is not legal, then it has no effect, ignore its value.
W: Sdm-2008: The attribute named LOC is not legal, then it has no effect, ignore its value.
W: Sdm-2008: The attribute named LOC is not legal, then it has no effect, ignore its value.
W: Sdm-2008: The attribute named LOC is not legal, then it has no effect, ignore its value.
W: Sdm-2008: The attribute named LOC is not legal, then it has no effect, ignore its value.
W: Sdm-2008: The attribute named LOC is not legal, then it has no effect, ignore its value.
W: Sdm-2008: The attribute named LOC is not legal, then it has no effect, ignore its value.
W: Sdm-2008: The attribute named LOC is not legal, then it has no effect, ignore its value.
W: Sdm-2008: The attribute named LOC is not legal, then it has no effect, ignore its value.
W: Sdm-2008: The attribute named LOC is not legal, then it has no effect, ignore its value.
W: Sdm-2008: The attribute named LOC is not legal, then it has no effect, ignore its value.
W: Sdm-2008: The attribute named LOC is not legal, then it has no effect, ignore its value.
W: Sdm-2008: The attribute named LOC is not legal, then it has no effect, ignore its value.
W: Sdm-2008: The attribute named LOC is not legal, then it has no effect, ignore its value.
W: Sdm-2008: The attribute named LOC is not legal, then it has no effect, ignore its value.
W: Sdm-2008: The attribute named LOC is not legal, then it has no effect, ignore its value.
W: Sdm-2008: The attribute named LOC is not legal, then it has no effect, ignore its value.
W: Sdm-2008: The attribute named LOC is not legal, then it has no effect, ignore its value.
W: Sdm-2008: The attribute named LOC is not legal, then it has no effect, ignore its value.
W: Sdm-2008: The attribute named LOC is not legal, then it has no effect, ignore its value.
W: Sdm-2008: The attribute named LOC is not legal, then it has no effect, ignore its value.
W: Sdm-2008: The attribute named LOC is not legal, then it has no effect, ignore its value.
W: Sdm-2008: The attribute named LOC is not legal, then it has no effect, ignore its value.
W: Sdm-2008: The attribute named LOC is not legal, then it has no effect, ignore its value.
W: Sdm-2008: The attribute named LOC is not legal, then it has no effect, ignore its value.
W: Sdm-2008: The attribute named LOC is not legal, then it has no effect, ignore its value.
W: Sdm-2008: The attribute named LOC is not legal, then it has no effect, ignore its value.
W: Sdm-2008: The attribute named LOC is not legal, then it has no effect, ignore its value.
W: Sdm-2008: The attribute named LOC is not legal, then it has no effect, ignore its value.
W: Sdm-2008: The attribute named LOC is not legal, then it has no effect, ignore its value.
W: Sdm-2008: The attribute named LOC is not legal, then it has no effect, ignore its value.
W: Sdm-2008: The attribute named LOC is not legal, then it has no effect, ignore its value.
W: Sdm-2008: The attribute named LOC is not legal, then it has no effect, ignore its value.
W: Sdm-2008: The attribute named LOC is not legal, then it has no effect, ignore its value.
W: Sdm-2008: The attribute named LOC is not legal, then it has no effect, ignore its value.
W: Sdm-2008: The attribute named LOC is not legal, then it has no effect, ignore its value.
W: Sdm-2008: The attribute named LOC is not legal, then it has no effect, ignore its value.
W: Sdm-2008: The attribute named LOC is not legal, then it has no effect, ignore its value.
W: Sdm-2008: The attribute named LOC is not legal, then it has no effect, ignore its value.
W: Sdm-2008: The attribute named LOC is not legal, then it has no effect, ignore its value.
W: Sdm-2008: The attribute named LOC is not legal, then it has no effect, ignore its value.
W: Sdm-2008: The attribute named LOC is not legal, then it has no effect, ignore its value.
W: Sdm-2008: The attribute named LOC is not legal, then it has no effect, ignore its value.
W: Sdm-2008: The attribute named LOC is not legal, then it has no effect, ignore its value.
W: Sdm-2008: The attribute named LOC is not legal, then it has no effect, ignore its value.
W: Sdm-2008: The attribute named LOC is not legal, then it has no effect, ignore its value.
W: Sdm-2008: The attribute named LOC is not legal, then it has no effect, ignore its value.
W: Sdm-2008: The attribute named LOC is not legal, then it has no effect, ignore its value.
W: Sdm-2008: The attribute named LOC is not legal, then it has no effect, ignore its value.
W: Sdm-2008: The attribute named LOC is not legal, then it has no effect, ignore its value.
W: Sdm-2008: The attribute named LOC is not legal, then it has no effect, ignore its value.
W: Sdm-2008: The attribute named LOC is not legal, then it has no effect, ignore its value.
W: Sdm-2008: The attribute named LOC is not legal, then it has no effect, ignore its value.
W: Sdm-2008: The attribute named LOC is not legal, then it has no effect, ignore its value.
W: Sdm-2008: The attribute named LOC is not legal, then it has no effect, ignore its value.
W: Sdm-2008: The attribute named LOC is not legal, then it has no effect, ignore its value.
W: Sdm-2008: The attribute named LOC is not legal, then it has no effect, ignore its value.
W: Sdm-2008: The attribute named LOC is not legal, then it has no effect, ignore its value.
W: Sdm-2008: The attribute named LOC is not legal, then it has no effect, ignore its value.
W: Sdm-2008: The attribute named LOC is not legal, then it has no effect, ignore its value.
W: Sdm-2008: The attribute named LOC is not legal, then it has no effect, ignore its value.
W: Sdm-2008: The attribute named LOC is not legal, then it has no effect, ignore its value.
W: Sdm-2008: The attribute named LOC is not legal, then it has no effect, ignore its value.
W: Sdm-2008: The attribute named LOC is not legal, then it has no effect, ignore its value.
W: Sdm-2008: The attribute named LOC is not legal, then it has no effect, ignore its value.
W: Sdm-2008: The attribute named LOC is not legal, then it has no effect, ignore its value.
W: Sdm-2008: The attribute named LOC is not legal, then it has no effect, ignore its value.
W: Sdm-2008: The attribute named LOC is not legal, then it has no effect, ignore its value.
W: Sdm-2008: The attribute named LOC is not legal, then it has no effect, ignore its value.
W: Sdm-2008: The attribute named LOC is not legal, then it has no effect, ignore its value.
W: Sdm-2008: The attribute named LOC is not legal, then it has no effect, ignore its value.
W: Sdm-2008: The attribute named LOC is not legal, then it has no effect, ignore its value.
W: Sdm-2008: The attribute named LOC is not legal, then it has no effect, ignore its value.
W: Sdm-2008: The attribute named LOC is not legal, then it has no effect, ignore its value.
W: Sdm-2008: The attribute named LOC is not legal, then it has no effect, ignore its value.
W: Sdm-2008: The attribute named LOC is not legal, then it has no effect, ignore its value.
W: Sdm-2008: The attribute named LOC is not legal, then it has no effect, ignore its value.
W: Sdm-2008: The attribute named LOC is not legal, then it has no effect, ignore its value.
W: Sdm-2008: The attribute named LOC is not legal, then it has no effect, ignore its value.
W: Sdm-2008: The attribute named LOC is not legal, then it has no effect, ignore its value.
W: Sdm-2008: The attribute named LOC is not legal, then it has no effect, ignore its value.
W: Sdm-2008: The attribute named LOC is not legal, then it has no effect, ignore its value.
W: Sdm-2008: The attribute named LOC is not legal, then it has no effect, ignore its value.
W: Sdm-2008: The attribute named LOC is not legal, then it has no effect, ignore its value.
W: Sdm-2008: The attribute named LOC is not legal, then it has no effect, ignore its value.
W: Sdm-2008: The attribute named LOC is not legal, then it has no effect, ignore its value.
W: Sdm-2008: The attribute named LOC is not legal, then it has no effect, ignore its value.
W: Sdm-2008: The attribute named LOC is not legal, then it has no effect, ignore its value.
W: Sdm-2008: The attribute named LOC is not legal, then it has no effect, ignore its value.
W: Sdm-2008: The attribute named LOC is not legal, then it has no effect, ignore its value.
W: Sdm-2008: The attribute named LOC is not legal, then it has no effect, ignore its value.
W: Sdm-2008: The attribute named LOC is not legal, then it has no effect, ignore its value.
W: Sdm-2008: The attribute named LOC is not legal, then it has no effect, ignore its value.
W: Sdm-2008: The attribute named LOC is not legal, then it has no effect, ignore its value.
W: Sdm-2008: The attribute named LOC is not legal, then it has no effect, ignore its value.
W: Sdm-2008: The attribute named LOC is not legal, then it has no effect, ignore its value.
W: Sdm-2008: The attribute named LOC is not legal, then it has no effect, ignore its value.
W: Sdm-2008: The attribute named LOC is not legal, then it has no effect, ignore its value.
W: Sdm-2008: The attribute named LOC is not legal, then it has no effect, ignore its value.
W: Sdm-2008: The attribute named LOC is not legal, then it has no effect, ignore its value.
W: Sdm-2008: The attribute named LOC is not legal, then it has no effect, ignore its value.
W: Sdm-2008: The attribute named LOC is not legal, then it has no effect, ignore its value.
W: Sdm-2008: The attribute named LOC is not legal, then it has no effect, ignore its value.
W: Sdm-2008: The attribute named LOC is not legal, then it has no effect, ignore its value.
W: Sdm-2008: The attribute named LOC is not legal, then it has no effect, ignore its value.
W: Sdm-2008: The attribute named LOC is not legal, then it has no effect, ignore its value.
W: Sdm-2008: The attribute named LOC is not legal, then it has no effect, ignore its value.
W: Sdm-2008: The attribute named LOC is not legal, then it has no effect, ignore its value.
W: Sdm-2008: The attribute named LOC is not legal, then it has no effect, ignore its value.
W: Sdm-2008: The attribute named LOC is not legal, then it has no effect, ignore its value.
W: Sdm-2008: The attribute named LOC is not legal, then it has no effect, ignore its value.
W: Sdm-2008: The attribute named LOC is not legal, then it has no effect, ignore its value.
W: Sdm-2008: The attribute named LOC is not legal, then it has no effect, ignore its value.
W: Sdm-2008: The attribute named LOC is not legal, then it has no effect, ignore its value.
W: Sdm-2008: The attribute named LOC is not legal, then it has no effect, ignore its value.
W: Sdm-2008: The attribute named LOC is not legal, then it has no effect, ignore its value.
W: Sdm-2008: The attribute named LOC is not legal, then it has no effect, ignore its value.
W: Sdm-2008: The attribute named LOC is not legal, then it has no effect, ignore its value.
W: Sdm-2008: The attribute named LOC is not legal, then it has no effect, ignore its value.
W: Sdm-2008: The attribute named LOC is not legal, then it has no effect, ignore its value.
W: Sdm-2008: The attribute named LOC is not legal, then it has no effect, ignore its value.
W: Sdm-2008: The attribute named LOC is not legal, then it has no effect, ignore its value.
W: Sdm-2008: The attribute named LOC is not legal, then it has no effect, ignore its value.
W: Sdm-2008: The attribute named LOC is not legal, then it has no effect, ignore its value.
W: Sdm-2008: The attribute named LOC is not legal, then it has no effect, ignore its value.
W: Sdm-2008: The attribute named LOC is not legal, then it has no effect, ignore its value.
W: Sdm-2008: The attribute named LOC is not legal, then it has no effect, ignore its value.
W: Sdm-2008: The attribute named LOC is not legal, then it has no effect, ignore its value.
W: Sdm-2008: The attribute named LOC is not legal, then it has no effect, ignore its value.
W: Sdm-2008: The attribute named LOC is not legal, then it has no effect, ignore its value.
W: Sdm-2008: The attribute named LOC is not legal, then it has no effect, ignore its value.
W: Sdm-2008: The attribute named LOC is not legal, then it has no effect, ignore its value.
W: Sdm-2008: The attribute named LOC is not legal, then it has no effect, ignore its value.
W: Sdm-2008: The attribute named LOC is not legal, then it has no effect, ignore its value.
W: Sdm-2008: The attribute named LOC is not legal, then it has no effect, ignore its value.
W: Sdm-2008: The attribute named LOC is not legal, then it has no effect, ignore its value.
W: Sdm-2008: The attribute named LOC is not legal, then it has no effect, ignore its value.
W: Sdm-2008: The attribute named LOC is not legal, then it has no effect, ignore its value.
W: Sdm-2008: The attribute named LOC is not legal, then it has no effect, ignore its value.
W: Sdm-2008: The attribute named LOC is not legal, then it has no effect, ignore its value.
W: Sdm-2008: The attribute named LOC is not legal, then it has no effect, ignore its value.
W: Sdm-2008: The attribute named LOC is not legal, then it has no effect, ignore its value.
W: Sdm-2008: The attribute named LOC is not legal, then it has no effect, ignore its value.
W: Sdm-2008: The attribute named LOC is not legal, then it has no effect, ignore its value.
W: Sdm-2008: The attribute named LOC is not legal, then it has no effect, ignore its value.
W: Sdm-2008: The attribute named LOC is not legal, then it has no effect, ignore its value.
W: Sdm-2008: The attribute named LOC is not legal, then it has no effect, ignore its value.
W: Sdm-2008: The attribute named LOC is not legal, then it has no effect, ignore its value.
W: Sdm-2008: The attribute named LOC is not legal, then it has no effect, ignore its value.
W: Sdm-2008: The attribute named LOC is not legal, then it has no effect, ignore its value.
W: Sdm-2008: The attribute named LOC is not legal, then it has no effect, ignore its value.
W: Sdm-2008: The attribute named LOC is not legal, then it has no effect, ignore its value.
W: Sdm-2008: The attribute named LOC is not legal, then it has no effect, ignore its value.
W: Sdm-2008: The attribute named LOC is not legal, then it has no effect, ignore its value.
W: Sdm-2008: The attribute named LOC is not legal, then it has no effect, ignore its value.
W: Sdm-2008: The attribute named LOC is not legal, then it has no effect, ignore its value.
I: Module instance {Tieta_Feiteng_1001_top} parameter value:
    PEAVEY_SUPPORT = 1'h1 | 1'd1 | 1'b1
W: Sdm-2008: The attribute named LOC is not legal, then it has no effect, ignore its value.
W: Sdm-2008: The attribute named LOC is not legal, then it has no effect, ignore its value.
W: Sdm-2008: The attribute named LOC is not legal, then it has no effect, ignore its value.
W: Sdm-2008: The attribute named LOC is not legal, then it has no effect, ignore its value.
W: Sdm-2008: The attribute named LOC is not legal, then it has no effect, ignore its value.
W: Sdm-2008: The attribute named LOC is not legal, then it has no effect, ignore its value.
W: Sdm-2008: The attribute named LOC is not legal, then it has no effect, ignore its value.
W: Sdm-2008: The attribute named LOC is not legal, then it has no effect, ignore its value.
W: Sdm-2008: The attribute named LOC is not legal, then it has no effect, ignore its value.
W: Sdm-2008: The attribute named LOC is not legal, then it has no effect, ignore its value.
W: Sdm-2008: The attribute named LOC is not legal, then it has no effect, ignore its value.
W: Sdm-2008: The attribute named LOC is not legal, then it has no effect, ignore its value.
W: Sdm-2008: The attribute named LOC is not legal, then it has no effect, ignore its value.
W: Sdm-2008: The attribute named LOC is not legal, then it has no effect, ignore its value.
W: Sdm-2008: The attribute named LOC is not legal, then it has no effect, ignore its value.
W: Sdm-2008: The attribute named LOC is not legal, then it has no effect, ignore its value.
W: Sdm-2008: The attribute named LOC is not legal, then it has no effect, ignore its value.
W: Sdm-2008: The attribute named LOC is not legal, then it has no effect, ignore its value.
W: Sdm-2008: The attribute named LOC is not legal, then it has no effect, ignore its value.
W: Sdm-2008: The attribute named LOC is not legal, then it has no effect, ignore its value.
W: Sdm-2008: The attribute named LOC is not legal, then it has no effect, ignore its value.
W: Sdm-2008: The attribute named LOC is not legal, then it has no effect, ignore its value.
W: Sdm-2008: The attribute named LOC is not legal, then it has no effect, ignore its value.
W: Sdm-2008: The attribute named LOC is not legal, then it has no effect, ignore its value.
W: Sdm-2008: The attribute named LOC is not legal, then it has no effect, ignore its value.
W: Sdm-2008: The attribute named LOC is not legal, then it has no effect, ignore its value.
W: Sdm-2008: The attribute named LOC is not legal, then it has no effect, ignore its value.
W: Sdm-2008: The attribute named LOC is not legal, then it has no effect, ignore its value.
W: Sdm-2008: The attribute named LOC is not legal, then it has no effect, ignore its value.
W: Sdm-2008: The attribute named LOC is not legal, then it has no effect, ignore its value.
W: Sdm-2008: The attribute named LOC is not legal, then it has no effect, ignore its value.
W: Sdm-2008: The attribute named LOC is not legal, then it has no effect, ignore its value.
W: Sdm-2008: The attribute named LOC is not legal, then it has no effect, ignore its value.
W: Sdm-2008: The attribute named LOC is not legal, then it has no effect, ignore its value.
W: Sdm-2008: The attribute named LOC is not legal, then it has no effect, ignore its value.
W: Sdm-2008: The attribute named LOC is not legal, then it has no effect, ignore its value.
W: Sdm-2008: The attribute named LOC is not legal, then it has no effect, ignore its value.
W: Sdm-2008: The attribute named LOC is not legal, then it has no effect, ignore its value.
W: Sdm-2008: The attribute named LOC is not legal, then it has no effect, ignore its value.
W: Sdm-2008: The attribute named LOC is not legal, then it has no effect, ignore its value.
W: Sdm-2008: The attribute named LOC is not legal, then it has no effect, ignore its value.
W: Sdm-2008: The attribute named LOC is not legal, then it has no effect, ignore its value.
W: Sdm-2008: The attribute named LOC is not legal, then it has no effect, ignore its value.
W: Sdm-2008: The attribute named LOC is not legal, then it has no effect, ignore its value.
W: Sdm-2008: The attribute named LOC is not legal, then it has no effect, ignore its value.
W: Sdm-2008: The attribute named LOC is not legal, then it has no effect, ignore its value.
W: Sdm-2008: The attribute named LOC is not legal, then it has no effect, ignore its value.
W: Sdm-2008: The attribute named LOC is not legal, then it has no effect, ignore its value.
W: Sdm-2008: The attribute named LOC is not legal, then it has no effect, ignore its value.
W: Sdm-2008: The attribute named LOC is not legal, then it has no effect, ignore its value.
W: Sdm-2008: The attribute named LOC is not legal, then it has no effect, ignore its value.
W: Sdm-2008: The attribute named LOC is not legal, then it has no effect, ignore its value.
W: Sdm-2008: The attribute named LOC is not legal, then it has no effect, ignore its value.
W: Sdm-2008: The attribute named LOC is not legal, then it has no effect, ignore its value.
W: Sdm-2008: The attribute named LOC is not legal, then it has no effect, ignore its value.
W: Sdm-2008: The attribute named LOC is not legal, then it has no effect, ignore its value.
W: Sdm-2008: The attribute named LOC is not legal, then it has no effect, ignore its value.
W: Sdm-2008: The attribute named LOC is not legal, then it has no effect, ignore its value.
W: Sdm-2008: The attribute named LOC is not legal, then it has no effect, ignore its value.
W: Sdm-2008: The attribute named LOC is not legal, then it has no effect, ignore its value.
W: Sdm-2008: The attribute named LOC is not legal, then it has no effect, ignore its value.
W: Sdm-2008: The attribute named LOC is not legal, then it has no effect, ignore its value.
W: Sdm-2008: The attribute named LOC is not legal, then it has no effect, ignore its value.
W: Sdm-2008: The attribute named LOC is not legal, then it has no effect, ignore its value.
W: Sdm-2008: The attribute named LOC is not legal, then it has no effect, ignore its value.
W: Sdm-2008: The attribute named LOC is not legal, then it has no effect, ignore its value.
W: Sdm-2008: The attribute named LOC is not legal, then it has no effect, ignore its value.
W: Sdm-2008: The attribute named LOC is not legal, then it has no effect, ignore its value.
W: Sdm-2008: The attribute named LOC is not legal, then it has no effect, ignore its value.
W: Sdm-2008: The attribute named LOC is not legal, then it has no effect, ignore its value.
W: Sdm-2008: The attribute named LOC is not legal, then it has no effect, ignore its value.
W: Sdm-2008: The attribute named LOC is not legal, then it has no effect, ignore its value.
W: Sdm-2008: The attribute named LOC is not legal, then it has no effect, ignore its value.
W: Sdm-2008: The attribute named LOC is not legal, then it has no effect, ignore its value.
W: Sdm-2008: The attribute named LOC is not legal, then it has no effect, ignore its value.
W: Sdm-2008: The attribute named LOC is not legal, then it has no effect, ignore its value.
W: Sdm-2008: The attribute named LOC is not legal, then it has no effect, ignore its value.
W: Sdm-2008: The attribute named LOC is not legal, then it has no effect, ignore its value.
W: Sdm-2008: The attribute named LOC is not legal, then it has no effect, ignore its value.
W: Sdm-2008: The attribute named LOC is not legal, then it has no effect, ignore its value.
W: Sdm-2008: The attribute named LOC is not legal, then it has no effect, ignore its value.
W: Sdm-2008: The attribute named LOC is not legal, then it has no effect, ignore its value.
W: Sdm-2008: The attribute named LOC is not legal, then it has no effect, ignore its value.
W: Sdm-2008: The attribute named LOC is not legal, then it has no effect, ignore its value.
W: Sdm-2008: The attribute named LOC is not legal, then it has no effect, ignore its value.
W: Sdm-2008: The attribute named LOC is not legal, then it has no effect, ignore its value.
W: Sdm-2008: The attribute named LOC is not legal, then it has no effect, ignore its value.
W: Sdm-2008: The attribute named LOC is not legal, then it has no effect, ignore its value.
W: Sdm-2008: The attribute named LOC is not legal, then it has no effect, ignore its value.
W: Sdm-2008: The attribute named LOC is not legal, then it has no effect, ignore its value.
W: Sdm-2008: The attribute named LOC is not legal, then it has no effect, ignore its value.
W: Sdm-2008: The attribute named LOC is not legal, then it has no effect, ignore its value.
W: Sdm-2008: The attribute named LOC is not legal, then it has no effect, ignore its value.
W: Sdm-2008: The attribute named LOC is not legal, then it has no effect, ignore its value.
W: Sdm-2008: The attribute named LOC is not legal, then it has no effect, ignore its value.
W: Sdm-2008: The attribute named LOC is not legal, then it has no effect, ignore its value.
W: Sdm-2008: The attribute named LOC is not legal, then it has no effect, ignore its value.
W: Sdm-2008: The attribute named LOC is not legal, then it has no effect, ignore its value.
W: Sdm-2008: The attribute named LOC is not legal, then it has no effect, ignore its value.
W: Sdm-2008: The attribute named LOC is not legal, then it has no effect, ignore its value.
W: Sdm-2008: The attribute named LOC is not legal, then it has no effect, ignore its value.
W: Sdm-2008: The attribute named LOC is not legal, then it has no effect, ignore its value.
W: Sdm-2008: The attribute named LOC is not legal, then it has no effect, ignore its value.
W: Sdm-2008: The attribute named LOC is not legal, then it has no effect, ignore its value.
W: Sdm-2008: The attribute named LOC is not legal, then it has no effect, ignore its value.
W: Sdm-2008: The attribute named LOC is not legal, then it has no effect, ignore its value.
W: Sdm-2008: The attribute named LOC is not legal, then it has no effect, ignore its value.
W: Sdm-2008: The attribute named LOC is not legal, then it has no effect, ignore its value.
W: Sdm-2008: The attribute named LOC is not legal, then it has no effect, ignore its value.
W: Sdm-2008: The attribute named LOC is not legal, then it has no effect, ignore its value.
W: Sdm-2008: The attribute named LOC is not legal, then it has no effect, ignore its value.
W: Sdm-2008: The attribute named LOC is not legal, then it has no effect, ignore its value.
W: Sdm-2008: The attribute named LOC is not legal, then it has no effect, ignore its value.
W: Sdm-2008: The attribute named LOC is not legal, then it has no effect, ignore its value.
W: Sdm-2008: The attribute named LOC is not legal, then it has no effect, ignore its value.
W: Sdm-2008: The attribute named LOC is not legal, then it has no effect, ignore its value.
W: Sdm-2008: The attribute named LOC is not legal, then it has no effect, ignore its value.
W: Sdm-2008: The attribute named LOC is not legal, then it has no effect, ignore its value.
W: Sdm-2008: The attribute named LOC is not legal, then it has no effect, ignore its value.
W: Sdm-2008: The attribute named LOC is not legal, then it has no effect, ignore its value.
W: Sdm-2008: The attribute named LOC is not legal, then it has no effect, ignore its value.
W: Sdm-2008: The attribute named LOC is not legal, then it has no effect, ignore its value.
W: Sdm-2008: The attribute named LOC is not legal, then it has no effect, ignore its value.
W: Sdm-2008: The attribute named LOC is not legal, then it has no effect, ignore its value.
W: Sdm-2008: The attribute named LOC is not legal, then it has no effect, ignore its value.
W: Sdm-2008: The attribute named LOC is not legal, then it has no effect, ignore its value.
W: Sdm-2008: The attribute named LOC is not legal, then it has no effect, ignore its value.
W: Sdm-2008: The attribute named LOC is not legal, then it has no effect, ignore its value.
W: Sdm-2008: The attribute named LOC is not legal, then it has no effect, ignore its value.
W: Sdm-2008: The attribute named LOC is not legal, then it has no effect, ignore its value.
W: Sdm-2008: The attribute named LOC is not legal, then it has no effect, ignore its value.
W: Sdm-2008: The attribute named LOC is not legal, then it has no effect, ignore its value.
W: Sdm-2008: The attribute named LOC is not legal, then it has no effect, ignore its value.
W: Sdm-2008: The attribute named LOC is not legal, then it has no effect, ignore its value.
W: Sdm-2008: The attribute named LOC is not legal, then it has no effect, ignore its value.
W: Sdm-2008: The attribute named LOC is not legal, then it has no effect, ignore its value.
W: Sdm-2008: The attribute named LOC is not legal, then it has no effect, ignore its value.
W: Sdm-2008: The attribute named LOC is not legal, then it has no effect, ignore its value.
W: Sdm-2008: The attribute named LOC is not legal, then it has no effect, ignore its value.
W: Sdm-2008: The attribute named LOC is not legal, then it has no effect, ignore its value.
W: Sdm-2008: The attribute named LOC is not legal, then it has no effect, ignore its value.
W: Sdm-2008: The attribute named LOC is not legal, then it has no effect, ignore its value.
W: Sdm-2008: The attribute named LOC is not legal, then it has no effect, ignore its value.
W: Sdm-2008: The attribute named LOC is not legal, then it has no effect, ignore its value.
W: Sdm-2008: The attribute named LOC is not legal, then it has no effect, ignore its value.
W: Sdm-2008: The attribute named LOC is not legal, then it has no effect, ignore its value.
W: Sdm-2008: The attribute named LOC is not legal, then it has no effect, ignore its value.
W: Sdm-2008: The attribute named LOC is not legal, then it has no effect, ignore its value.
W: Sdm-2008: The attribute named LOC is not legal, then it has no effect, ignore its value.
W: Sdm-2008: The attribute named LOC is not legal, then it has no effect, ignore its value.
W: Sdm-2008: The attribute named LOC is not legal, then it has no effect, ignore its value.
W: Sdm-2008: The attribute named LOC is not legal, then it has no effect, ignore its value.
W: Sdm-2008: The attribute named LOC is not legal, then it has no effect, ignore its value.
W: Sdm-2008: The attribute named LOC is not legal, then it has no effect, ignore its value.
W: Sdm-2008: The attribute named LOC is not legal, then it has no effect, ignore its value.
W: Sdm-2008: The attribute named LOC is not legal, then it has no effect, ignore its value.
W: Sdm-2008: The attribute named LOC is not legal, then it has no effect, ignore its value.
W: Sdm-2008: The attribute named LOC is not legal, then it has no effect, ignore its value.
W: Sdm-2008: The attribute named LOC is not legal, then it has no effect, ignore its value.
W: Sdm-2008: The attribute named LOC is not legal, then it has no effect, ignore its value.
W: Sdm-2008: The attribute named LOC is not legal, then it has no effect, ignore its value.
W: Sdm-2008: The attribute named LOC is not legal, then it has no effect, ignore its value.
W: Sdm-2008: The attribute named LOC is not legal, then it has no effect, ignore its value.
W: Sdm-2008: The attribute named LOC is not legal, then it has no effect, ignore its value.
W: Sdm-2008: The attribute named LOC is not legal, then it has no effect, ignore its value.
W: Sdm-2008: The attribute named LOC is not legal, then it has no effect, ignore its value.
W: Sdm-2008: The attribute named LOC is not legal, then it has no effect, ignore its value.
W: Sdm-2008: The attribute named LOC is not legal, then it has no effect, ignore its value.
W: Sdm-2008: The attribute named LOC is not legal, then it has no effect, ignore its value.
W: Sdm-2008: The attribute named LOC is not legal, then it has no effect, ignore its value.
W: Sdm-2008: The attribute named LOC is not legal, then it has no effect, ignore its value.
W: Sdm-2008: The attribute named LOC is not legal, then it has no effect, ignore its value.
W: Sdm-2008: The attribute named LOC is not legal, then it has no effect, ignore its value.
W: Sdm-2008: The attribute named LOC is not legal, then it has no effect, ignore its value.
W: Sdm-2008: The attribute named LOC is not legal, then it has no effect, ignore its value.
W: Sdm-2008: The attribute named LOC is not legal, then it has no effect, ignore its value.
W: Sdm-2008: The attribute named LOC is not legal, then it has no effect, ignore its value.
W: Sdm-2008: The attribute named LOC is not legal, then it has no effect, ignore its value.
W: Sdm-2008: The attribute named LOC is not legal, then it has no effect, ignore its value.
W: Sdm-2008: The attribute named LOC is not legal, then it has no effect, ignore its value.
W: Sdm-2008: The attribute named LOC is not legal, then it has no effect, ignore its value.
W: Sdm-2008: The attribute named LOC is not legal, then it has no effect, ignore its value.
W: Sdm-2008: The attribute named LOC is not legal, then it has no effect, ignore its value.
W: Sdm-2008: The attribute named LOC is not legal, then it has no effect, ignore its value.
W: Sdm-2008: The attribute named LOC is not legal, then it has no effect, ignore its value.
W: Sdm-2008: The attribute named LOC is not legal, then it has no effect, ignore its value.
W: Sdm-2008: The attribute named LOC is not legal, then it has no effect, ignore its value.
W: Sdm-2008: The attribute named LOC is not legal, then it has no effect, ignore its value.
W: Sdm-2008: The attribute named LOC is not legal, then it has no effect, ignore its value.
W: Sdm-2008: The attribute named LOC is not legal, then it has no effect, ignore its value.
W: Sdm-2008: The attribute named LOC is not legal, then it has no effect, ignore its value.
W: Sdm-2008: The attribute named LOC is not legal, then it has no effect, ignore its value.
W: Sdm-2008: The attribute named LOC is not legal, then it has no effect, ignore its value.
W: Sdm-2008: The attribute named LOC is not legal, then it has no effect, ignore its value.
W: Sdm-2008: The attribute named LOC is not legal, then it has no effect, ignore its value.
W: Sdm-2008: The attribute named LOC is not legal, then it has no effect, ignore its value.
W: Sdm-2008: The attribute named LOC is not legal, then it has no effect, ignore its value.
W: Sdm-2008: The attribute named LOC is not legal, then it has no effect, ignore its value.
W: Sdm-2008: The attribute named LOC is not legal, then it has no effect, ignore its value.
W: Sdm-2008: The attribute named LOC is not legal, then it has no effect, ignore its value.
W: Sdm-2008: The attribute named LOC is not legal, then it has no effect, ignore its value.
W: Sdm-2008: The attribute named LOC is not legal, then it has no effect, ignore its value.
W: Sdm-2008: The attribute named LOC is not legal, then it has no effect, ignore its value.
W: Sdm-2008: The attribute named LOC is not legal, then it has no effect, ignore its value.
W: Sdm-2008: The attribute named LOC is not legal, then it has no effect, ignore its value.
W: Sdm-2008: The attribute named LOC is not legal, then it has no effect, ignore its value.
W: Sdm-2008: The attribute named LOC is not legal, then it has no effect, ignore its value.
W: Sdm-2008: The attribute named LOC is not legal, then it has no effect, ignore its value.
W: Sdm-2008: The attribute named LOC is not legal, then it has no effect, ignore its value.
W: Sdm-2008: The attribute named LOC is not legal, then it has no effect, ignore its value.
W: Sdm-2008: The attribute named LOC is not legal, then it has no effect, ignore its value.
W: Sdm-2008: The attribute named LOC is not legal, then it has no effect, ignore its value.
W: Sdm-2008: The attribute named LOC is not legal, then it has no effect, ignore its value.
W: Sdm-2008: The attribute named LOC is not legal, then it has no effect, ignore its value.
W: Sdm-2008: The attribute named LOC is not legal, then it has no effect, ignore its value.
W: Sdm-2008: The attribute named LOC is not legal, then it has no effect, ignore its value.
W: Sdm-2008: The attribute named LOC is not legal, then it has no effect, ignore its value.
W: Sdm-2008: The attribute named LOC is not legal, then it has no effect, ignore its value.
W: Sdm-2008: The attribute named LOC is not legal, then it has no effect, ignore its value.
W: Sdm-2008: The attribute named LOC is not legal, then it has no effect, ignore its value.
W: Sdm-2008: The attribute named LOC is not legal, then it has no effect, ignore its value.
W: Sdm-2008: The attribute named LOC is not legal, then it has no effect, ignore its value.
W: Sdm-2008: The attribute named LOC is not legal, then it has no effect, ignore its value.
W: Sdm-2008: The attribute named LOC is not legal, then it has no effect, ignore its value.
W: Sdm-2008: The attribute named LOC is not legal, then it has no effect, ignore its value.
W: Sdm-2008: The attribute named LOC is not legal, then it has no effect, ignore its value.
W: Sdm-2008: The attribute named LOC is not legal, then it has no effect, ignore its value.
W: Sdm-2008: The attribute named LOC is not legal, then it has no effect, ignore its value.
W: Sdm-2008: The attribute named LOC is not legal, then it has no effect, ignore its value.
W: Sdm-2008: The attribute named LOC is not legal, then it has no effect, ignore its value.
W: Sdm-2008: The attribute named LOC is not legal, then it has no effect, ignore its value.
W: Sdm-2008: The attribute named LOC is not legal, then it has no effect, ignore its value.
W: Sdm-2008: The attribute named LOC is not legal, then it has no effect, ignore its value.
W: Sdm-2008: The attribute named LOC is not legal, then it has no effect, ignore its value.
W: Sdm-2008: The attribute named LOC is not legal, then it has no effect, ignore its value.
W: Sdm-2008: The attribute named LOC is not legal, then it has no effect, ignore its value.
W: Sdm-2008: The attribute named LOC is not legal, then it has no effect, ignore its value.
W: Sdm-2008: The attribute named LOC is not legal, then it has no effect, ignore its value.
W: Sdm-2008: The attribute named LOC is not legal, then it has no effect, ignore its value.
W: Sdm-2008: The attribute named LOC is not legal, then it has no effect, ignore its value.
W: Sdm-2008: The attribute named LOC is not legal, then it has no effect, ignore its value.
W: Sdm-2008: The attribute named LOC is not legal, then it has no effect, ignore its value.
W: Sdm-2008: The attribute named LOC is not legal, then it has no effect, ignore its value.
W: Sdm-2008: The attribute named LOC is not legal, then it has no effect, ignore its value.
W: Sdm-2008: The attribute named LOC is not legal, then it has no effect, ignore its value.
W: Sdm-2008: The attribute named LOC is not legal, then it has no effect, ignore its value.
W: Sdm-2008: The attribute named LOC is not legal, then it has no effect, ignore its value.
W: Sdm-2008: The attribute named LOC is not legal, then it has no effect, ignore its value.
W: Sdm-2008: The attribute named LOC is not legal, then it has no effect, ignore its value.
W: Sdm-2008: The attribute named LOC is not legal, then it has no effect, ignore its value.
W: Sdm-2008: The attribute named LOC is not legal, then it has no effect, ignore its value.
W: Sdm-2008: The attribute named LOC is not legal, then it has no effect, ignore its value.
W: Sdm-2008: The attribute named LOC is not legal, then it has no effect, ignore its value.
W: Sdm-2008: The attribute named LOC is not legal, then it has no effect, ignore its value.
W: Sdm-2008: The attribute named LOC is not legal, then it has no effect, ignore its value.
W: Sdm-2008: The attribute named LOC is not legal, then it has no effect, ignore its value.
W: Sdm-2008: The attribute named LOC is not legal, then it has no effect, ignore its value.
W: Sdm-2008: The attribute named LOC is not legal, then it has no effect, ignore its value.
W: Sdm-2008: The attribute named LOC is not legal, then it has no effect, ignore its value.
W: Sdm-2008: The attribute named LOC is not legal, then it has no effect, ignore its value.
W: Sdm-2008: The attribute named LOC is not legal, then it has no effect, ignore its value.
W: Sdm-2008: The attribute named LOC is not legal, then it has no effect, ignore its value.
W: Sdm-2008: The attribute named LOC is not legal, then it has no effect, ignore its value.
W: Sdm-2008: The attribute named LOC is not legal, then it has no effect, ignore its value.
W: Sdm-2008: The attribute named LOC is not legal, then it has no effect, ignore its value.
W: Sdm-2008: The attribute named LOC is not legal, then it has no effect, ignore its value.
W: Sdm-2008: The attribute named LOC is not legal, then it has no effect, ignore its value.
W: Sdm-2008: The attribute named LOC is not legal, then it has no effect, ignore its value.
W: Sdm-2008: The attribute named LOC is not legal, then it has no effect, ignore its value.
W: Sdm-2008: The attribute named LOC is not legal, then it has no effect, ignore its value.
W: Sdm-2008: The attribute named LOC is not legal, then it has no effect, ignore its value.
W: Sdm-2008: The attribute named LOC is not legal, then it has no effect, ignore its value.
W: Sdm-2008: The attribute named LOC is not legal, then it has no effect, ignore its value.
W: Sdm-2008: The attribute named LOC is not legal, then it has no effect, ignore its value.
W: Sdm-2008: The attribute named LOC is not legal, then it has no effect, ignore its value.
W: Sdm-2008: The attribute named LOC is not legal, then it has no effect, ignore its value.
W: Sdm-2008: The attribute named LOC is not legal, then it has no effect, ignore its value.
W: Sdm-2008: The attribute named LOC is not legal, then it has no effect, ignore its value.
W: Sdm-2008: The attribute named LOC is not legal, then it has no effect, ignore its value.
W: Sdm-2008: The attribute named LOC is not legal, then it has no effect, ignore its value.
W: Sdm-2008: The attribute named LOC is not legal, then it has no effect, ignore its value.
W: Sdm-2008: The attribute named LOC is not legal, then it has no effect, ignore its value.
W: Sdm-2008: The attribute named LOC is not legal, then it has no effect, ignore its value.
W: Sdm-2008: The attribute named LOC is not legal, then it has no effect, ignore its value.
W: Sdm-2008: The attribute named LOC is not legal, then it has no effect, ignore its value.
W: Sdm-2008: The attribute named LOC is not legal, then it has no effect, ignore its value.
W: Sdm-2008: The attribute named LOC is not legal, then it has no effect, ignore its value.
W: Sdm-2008: The attribute named LOC is not legal, then it has no effect, ignore its value.
W: Sdm-2008: The attribute named LOC is not legal, then it has no effect, ignore its value.
W: Sdm-2008: The attribute named LOC is not legal, then it has no effect, ignore its value.
W: Sdm-2008: The attribute named LOC is not legal, then it has no effect, ignore its value.
W: Sdm-2008: The attribute named LOC is not legal, then it has no effect, ignore its value.
W: Sdm-2008: The attribute named LOC is not legal, then it has no effect, ignore its value.
W: Sdm-2008: The attribute named LOC is not legal, then it has no effect, ignore its value.
W: Sdm-2008: The attribute named LOC is not legal, then it has no effect, ignore its value.
W: Sdm-2008: The attribute named LOC is not legal, then it has no effect, ignore its value.
W: Sdm-2008: The attribute named LOC is not legal, then it has no effect, ignore its value.
W: Sdm-2008: The attribute named LOC is not legal, then it has no effect, ignore its value.
W: Sdm-2008: The attribute named LOC is not legal, then it has no effect, ignore its value.
W: Sdm-2008: The attribute named LOC is not legal, then it has no effect, ignore its value.
W: Sdm-2008: The attribute named LOC is not legal, then it has no effect, ignore its value.
W: Sdm-2008: The attribute named LOC is not legal, then it has no effect, ignore its value.
W: Sdm-2008: The attribute named LOC is not legal, then it has no effect, ignore its value.
W: Sdm-2008: The attribute named LOC is not legal, then it has no effect, ignore its value.
W: Sdm-2008: The attribute named LOC is not legal, then it has no effect, ignore its value.
W: Sdm-2008: The attribute named LOC is not legal, then it has no effect, ignore its value.
W: Sdm-2008: The attribute named LOC is not legal, then it has no effect, ignore its value.
W: Sdm-2008: The attribute named LOC is not legal, then it has no effect, ignore its value.
I: Verilog-0004: [C:/CPLD/pango/2_Tieta_Feiteng/Tieta_Feiteng_1001_PGC7KD69MBG400/rtl/source/Tieta_Feiteng_1001_top.v(line number: 1375)] Elaborating instance pll_inst.
I: Verilog-0003: [C:/CPLD/pango/2_Tieta_Feiteng/Tieta_Feiteng_1001_PGC7KD69MBG400/prj/Tieta_M/ipcore/pll_i25M_o50M_o25M/pll_i25M_o50M_o25M.v(line number: 17)] Elaborating module pll_i25M_o50M_o25M.
I: Verilog-0004: [C:/CPLD/pango/2_Tieta_Feiteng/Tieta_Feiteng_1001_PGC7KD69MBG400/prj/Tieta_M/ipcore/pll_i25M_o50M_o25M/pll_i25M_o50M_o25M.v(line number: 254)] Elaborating instance u_pll_e2.
I: Verilog-0004: [C:/CPLD/pango/2_Tieta_Feiteng/Tieta_Feiteng_1001_PGC7KD69MBG400/rtl/source/Tieta_Feiteng_1001_top.v(line number: 1387)] Elaborating instance pon_reset_inst.
I: Verilog-0003: [C:/CPLD/pango/2_Tieta_Feiteng/Tieta_Feiteng_1001_PGC7KD69MBG400/rtl/source/common/pon_reset.v(line number: 19)] Elaborating module pon_reset.
I: Verilog-0004: [C:/CPLD/pango/2_Tieta_Feiteng/Tieta_Feiteng_1001_PGC7KD69MBG400/rtl/source/Tieta_Feiteng_1001_top.v(line number: 1404)] Elaborating instance timer_gen_inst.
I: Verilog-0003: [C:/CPLD/pango/2_Tieta_Feiteng/Tieta_Feiteng_1001_PGC7KD69MBG400/rtl/source/common/timer_gen_50mhz.v(line number: 15)] Elaborating module timer_gen.
I: Verilog-0004: [C:/CPLD/pango/2_Tieta_Feiteng/Tieta_Feiteng_1001_PGC7KD69MBG400/rtl/source/Tieta_Feiteng_1001_top.v(line number: 1438)] Elaborating instance db_inst_button.
I: Verilog-0003: [C:/CPLD/pango/2_Tieta_Feiteng/Tieta_Feiteng_1001_PGC7KD69MBG400/rtl/source/common/synclib.v(line number: 354)] Elaborating module PGM_DEBOUNCE.
I: Module instance {Tieta_Feiteng_1001_top/db_inst_button} parameter value:
    SIGCNT = 32'h1A | 32'd26 | 32'b00000000000000000000000000011010
    NBITS = 2'h2 | 2'd2 | 2'b10
    NDELAY = 32'h4 | 32'd4 | 32'b00000000000000000000000000000100
    ENABLE = 1'h1 | 1'd1 | 1'b1
I: Verilog-0004: [C:/CPLD/pango/2_Tieta_Feiteng/Tieta_Feiteng_1001_PGC7KD69MBG400/rtl/source/Tieta_Feiteng_1001_top.v(line number: 1522)] Elaborating instance db_inst_cpu_rail.
I: Verilog-0003: [C:/CPLD/pango/2_Tieta_Feiteng/Tieta_Feiteng_1001_PGC7KD69MBG400/rtl/source/common/synclib.v(line number: 354)] Elaborating module PGM_DEBOUNCE.
I: Module instance {Tieta_Feiteng_1001_top/db_inst_cpu_rail} parameter value:
    SIGCNT = 32'h34 | 32'd52 | 32'b00000000000000000000000000110100
    NBITS = 2'h3 | 2'd3 | 2'b11
    NDELAY = 32'h8 | 32'd8 | 32'b00000000000000000000000000001000
    ENABLE = 1'h1 | 1'd1 | 1'b1
W: Verilog-2019: [C:/CPLD/pango/2_Tieta_Feiteng/Tieta_Feiteng_1001_PGC7KD69MBG400/rtl/source/Tieta_Feiteng_1001_top.v(line number: 1579)] Width mismatch between port 'dout' (52 bits) and port connection (48 bits) in module instance 'PGM_DEBOUNCE'.
I: Verilog-0004: [C:/CPLD/pango/2_Tieta_Feiteng/Tieta_Feiteng_1001_PGC7KD69MBG400/rtl/source/Tieta_Feiteng_1001_top.v(line number: 1638)] Elaborating instance db_bp_pgood_fault.
I: Verilog-0003: [C:/CPLD/pango/2_Tieta_Feiteng/Tieta_Feiteng_1001_PGC7KD69MBG400/rtl/source/common/synclib.v(line number: 269)] Elaborating module PGM_DEBOUNCE_N.
I: Module instance {Tieta_Feiteng_1001_top/db_bp_pgood_fault} parameter value:
    SIGCNT = 32'hC | 32'd12 | 32'b00000000000000000000000000001100
    NBITS = 2'h3 | 2'd3 | 2'b11
    NDELAY = 32'h8 | 32'd8 | 32'b00000000000000000000000000001000
    ENABLE = 1'h1 | 1'd1 | 1'b1
W: Verilog-2019: [C:/CPLD/pango/2_Tieta_Feiteng/Tieta_Feiteng_1001_PGC7KD69MBG400/rtl/source/Tieta_Feiteng_1001_top.v(line number: 1648)] Width mismatch between port 'dout' (12 bits) and port connection (4 bits) in module instance 'PGM_DEBOUNCE_N'.
I: Verilog-0004: [C:/CPLD/pango/2_Tieta_Feiteng/Tieta_Feiteng_1001_PGC7KD69MBG400/rtl/source/Tieta_Feiteng_1001_top.v(line number: 1658)] Elaborating instance db_intruder.
I: Verilog-0003: [C:/CPLD/pango/2_Tieta_Feiteng/Tieta_Feiteng_1001_PGC7KD69MBG400/rtl/source/common/synclib.v(line number: 269)] Elaborating module PGM_DEBOUNCE_N.
I: Module instance {Tieta_Feiteng_1001_top/db_intruder} parameter value:
    SIGCNT = 32'h1 | 32'd1 | 32'b00000000000000000000000000000001
    NBITS = 2'h3 | 2'd3 | 2'b11
    NDELAY = 32'h8 | 32'd8 | 32'b00000000000000000000000000001000
    ENABLE = 1'h1 | 1'd1 | 1'b1
I: Verilog-0004: [C:/CPLD/pango/2_Tieta_Feiteng/Tieta_Feiteng_1001_PGC7KD69MBG400/rtl/source/Tieta_Feiteng_1001_top.v(line number: 1671)] Elaborating instance db_inst_psu.
I: Verilog-0003: [C:/CPLD/pango/2_Tieta_Feiteng/Tieta_Feiteng_1001_PGC7KD69MBG400/rtl/source/common/synclib.v(line number: 354)] Elaborating module PGM_DEBOUNCE.
I: Module instance {Tieta_Feiteng_1001_top/db_inst_psu} parameter value:
    SIGCNT = 32'h2 | 32'd2 | 32'b00000000000000000000000000000010
    NBITS = 2'h2 | 2'd2 | 2'b10
    NDELAY = 32'h4 | 32'd4 | 32'b00000000000000000000000000000100
    ENABLE = 1'h1 | 1'd1 | 1'b1
I: Verilog-0004: [C:/CPLD/pango/2_Tieta_Feiteng/Tieta_Feiteng_1001_PGC7KD69MBG400/rtl/source/Tieta_Feiteng_1001_top.v(line number: 1686)] Elaborating instance db_inst_prsnt.
I: Verilog-0003: [C:/CPLD/pango/2_Tieta_Feiteng/Tieta_Feiteng_1001_PGC7KD69MBG400/rtl/source/common/synclib.v(line number: 354)] Elaborating module PGM_DEBOUNCE.
I: Module instance {Tieta_Feiteng_1001_top/db_inst_prsnt} parameter value:
    SIGCNT = 32'h21 | 32'd33 | 32'b00000000000000000000000000100001
    NBITS = 2'h2 | 2'd2 | 2'b10
    NDELAY = 32'h4 | 32'd4 | 32'b00000000000000000000000000000100
    ENABLE = 1'h1 | 1'd1 | 1'b1
W: Verilog-2019: [C:/CPLD/pango/2_Tieta_Feiteng/Tieta_Feiteng_1001_PGC7KD69MBG400/rtl/source/Tieta_Feiteng_1001_top.v(line number: 1739)] Width mismatch between port 'dout' (33 bits) and port connection (21 bits) in module instance 'PGM_DEBOUNCE'.
I: Verilog-0004: [C:/CPLD/pango/2_Tieta_Feiteng/Tieta_Feiteng_1001_PGC7KD69MBG400/rtl/source/Tieta_Feiteng_1001_top.v(line number: 1791)] Elaborating instance db_pgood_fault2_n.
I: Verilog-0003: [C:/CPLD/pango/2_Tieta_Feiteng/Tieta_Feiteng_1001_PGC7KD69MBG400/rtl/source/common/synclib.v(line number: 354)] Elaborating module PGM_DEBOUNCE.
I: Module instance {Tieta_Feiteng_1001_top/db_pgood_fault2_n} parameter value:
    SIGCNT = 32'h2 | 32'd2 | 32'b00000000000000000000000000000010
    NBITS = 2'h3 | 2'd3 | 2'b11
    NDELAY = 32'h8 | 32'd8 | 32'b00000000000000000000000000001000
    ENABLE = 1'h1 | 1'd1 | 1'b1
W: Verilog-2019: [C:/CPLD/pango/2_Tieta_Feiteng/Tieta_Feiteng_1001_PGC7KD69MBG400/rtl/source/Tieta_Feiteng_1001_top.v(line number: 1798)] Width mismatch between port 'dout' (2 bits) and port connection (1 bits) in module instance 'PGM_DEBOUNCE'.
I: Verilog-0004: [C:/CPLD/pango/2_Tieta_Feiteng/Tieta_Feiteng_1001_PGC7KD69MBG400/rtl/source/Tieta_Feiteng_1001_top.v(line number: 1804)] Elaborating instance sync_data_low.
I: Verilog-0003: [C:/CPLD/pango/2_Tieta_Feiteng/Tieta_Feiteng_1001_PGC7KD69MBG400/rtl/source/common/synclib.v(line number: 106)] Elaborating module SYNC_DATA_N.
I: Module instance {Tieta_Feiteng_1001_top/sync_data_low} parameter value:
    SIGCNT = 32'h1 | 32'd1 | 32'b00000000000000000000000000000001
I: Verilog-0004: [C:/CPLD/pango/2_Tieta_Feiteng/Tieta_Feiteng_1001_PGC7KD69MBG400/rtl/source/Tieta_Feiteng_1001_top.v(line number: 1820)] Elaborating instance sync_data_high1.
I: Verilog-0003: [C:/CPLD/pango/2_Tieta_Feiteng/Tieta_Feiteng_1001_PGC7KD69MBG400/rtl/source/common/synclib.v(line number: 130)] Elaborating module SYNC_DATA.
I: Module instance {Tieta_Feiteng_1001_top/sync_data_high1} parameter value:
    SIGCNT = 32'h5 | 32'd5 | 32'b00000000000000000000000000000101
I: Verilog-0004: [C:/CPLD/pango/2_Tieta_Feiteng/Tieta_Feiteng_1001_PGC7KD69MBG400/rtl/source/Tieta_Feiteng_1001_top.v(line number: 1840)] Elaborating instance sync_data_ocp.
I: Verilog-0003: [C:/CPLD/pango/2_Tieta_Feiteng/Tieta_Feiteng_1001_PGC7KD69MBG400/rtl/source/common/synclib.v(line number: 130)] Elaborating module SYNC_DATA.
I: Module instance {Tieta_Feiteng_1001_top/sync_data_ocp} parameter value:
    SIGCNT = 32'h20 | 32'd32 | 32'b00000000000000000000000000100000
I: Verilog-0004: [C:/CPLD/pango/2_Tieta_Feiteng/Tieta_Feiteng_1001_PGC7KD69MBG400/rtl/source/Tieta_Feiteng_1001_top.v(line number: 1916)] Elaborating instance db_inst_alert.
I: Verilog-0003: [C:/CPLD/pango/2_Tieta_Feiteng/Tieta_Feiteng_1001_PGC7KD69MBG400/rtl/source/common/synclib.v(line number: 354)] Elaborating module PGM_DEBOUNCE.
I: Module instance {Tieta_Feiteng_1001_top/db_inst_alert} parameter value:
    SIGCNT = 32'h2 | 32'd2 | 32'b00000000000000000000000000000010
    NBITS = 2'h3 | 2'd3 | 2'b11
    NDELAY = 32'h8 | 32'd8 | 32'b00000000000000000000000000001000
    ENABLE = 1'h1 | 1'd1 | 1'b1
I: Verilog-0004: [C:/CPLD/pango/2_Tieta_Feiteng/Tieta_Feiteng_1001_PGC7KD69MBG400/rtl/source/Tieta_Feiteng_1001_top.v(line number: 1931)] Elaborating instance db_alert_inst1.
I: Verilog-0003: [C:/CPLD/pango/2_Tieta_Feiteng/Tieta_Feiteng_1001_PGC7KD69MBG400/rtl/source/common/synclib.v(line number: 354)] Elaborating module PGM_DEBOUNCE.
I: Module instance {Tieta_Feiteng_1001_top/db_alert_inst1} parameter value:
    SIGCNT = 32'h2 | 32'd2 | 32'b00000000000000000000000000000010
    NBITS = 2'h2 | 2'd2 | 2'b10
    NDELAY = 32'h4 | 32'd4 | 32'b00000000000000000000000000000100
    ENABLE = 1'h1 | 1'd1 | 1'b1
I: Verilog-0004: [C:/CPLD/pango/2_Tieta_Feiteng/Tieta_Feiteng_1001_PGC7KD69MBG400/rtl/source/Tieta_Feiteng_1001_top.v(line number: 1946)] Elaborating instance db_inst_cpu_rst_rail.
I: Verilog-0003: [C:/CPLD/pango/2_Tieta_Feiteng/Tieta_Feiteng_1001_PGC7KD69MBG400/rtl/source/common/synclib.v(line number: 354)] Elaborating module PGM_DEBOUNCE.
I: Module instance {Tieta_Feiteng_1001_top/db_inst_cpu_rst_rail} parameter value:
    SIGCNT = 32'h18 | 32'd24 | 32'b00000000000000000000000000011000
    NBITS = 2'h3 | 2'd3 | 2'b11
    NDELAY = 32'h8 | 32'd8 | 32'b00000000000000000000000000001000
    ENABLE = 1'h1 | 1'd1 | 1'b1
W: Verilog-2019: [C:/CPLD/pango/2_Tieta_Feiteng/Tieta_Feiteng_1001_PGC7KD69MBG400/rtl/source/Tieta_Feiteng_1001_top.v(line number: 1981)] Width mismatch between port 'dout' (24 bits) and port connection (10 bits) in module instance 'PGM_DEBOUNCE'.
I: Verilog-0004: [C:/CPLD/pango/2_Tieta_Feiteng/Tieta_Feiteng_1001_PGC7KD69MBG400/rtl/source/Tieta_Feiteng_1001_top.v(line number: 2019)] Elaborating instance db_fan_ctrl_inst1.
I: Verilog-0003: [C:/CPLD/pango/2_Tieta_Feiteng/Tieta_Feiteng_1001_PGC7KD69MBG400/rtl/source/common/synclib.v(line number: 354)] Elaborating module PGM_DEBOUNCE.
I: Module instance {Tieta_Feiteng_1001_top/db_fan_ctrl_inst1} parameter value:
    SIGCNT = 32'h4 | 32'd4 | 32'b00000000000000000000000000000100
    NBITS = 2'h2 | 2'd2 | 2'b10
    NDELAY = 32'h4 | 32'd4 | 32'b00000000000000000000000000000100
    ENABLE = 1'h1 | 1'd1 | 1'b1
W: Verilog-2019: [C:/CPLD/pango/2_Tieta_Feiteng/Tieta_Feiteng_1001_PGC7KD69MBG400/rtl/source/Tieta_Feiteng_1001_top.v(line number: 2023)] Width mismatch between port 'din' (4 bits) and port connection (12 bits) in module instance 'PGM_DEBOUNCE'.
W: Verilog-2019: [C:/CPLD/pango/2_Tieta_Feiteng/Tieta_Feiteng_1001_PGC7KD69MBG400/rtl/source/Tieta_Feiteng_1001_top.v(line number: 2037)] Width mismatch between port 'dout' (4 bits) and port connection (12 bits) in module instance 'PGM_DEBOUNCE'.
I: Verilog-0004: [C:/CPLD/pango/2_Tieta_Feiteng/Tieta_Feiteng_1001_PGC7KD69MBG400/rtl/source/Tieta_Feiteng_1001_top.v(line number: 2098)] Elaborating instance db_unused.
I: Verilog-0003: [C:/CPLD/pango/2_Tieta_Feiteng/Tieta_Feiteng_1001_PGC7KD69MBG400/rtl/source/common/synclib.v(line number: 354)] Elaborating module PGM_DEBOUNCE.
I: Module instance {Tieta_Feiteng_1001_top/db_unused} parameter value:
    SIGCNT = 32'h2A | 32'd42 | 32'b00000000000000000000000000101010
    NBITS = 2'h3 | 2'd3 | 2'b11
    NDELAY = 32'h8 | 32'd8 | 32'b00000000000000000000000000001000
    ENABLE = 1'h1 | 1'd1 | 1'b1
W: Verilog-2019: [C:/CPLD/pango/2_Tieta_Feiteng/Tieta_Feiteng_1001_PGC7KD69MBG400/rtl/source/Tieta_Feiteng_1001_top.v(line number: 2146)] Width mismatch between port 'dout' (42 bits) and port connection (41 bits) in module instance 'PGM_DEBOUNCE'.
I: Verilog-0004: [C:/CPLD/pango/2_Tieta_Feiteng/Tieta_Feiteng_1001_PGC7KD69MBG400/rtl/source/Tieta_Feiteng_1001_top.v(line number: 2226)] Elaborating instance inst_scpld_to_mcpld_s2p.
I: Verilog-0003: [C:/CPLD/pango/2_Tieta_Feiteng/Tieta_Feiteng_1001_PGC7KD69MBG400/rtl/source/communication/s2p_master.v(line number: 27)] Elaborating module s2p_master.
I: Module instance {Tieta_Feiteng_1001_top/inst_scpld_to_mcpld_s2p} parameter value:
    NBIT = 32'h200 | 32'd512 | 32'b00000000000000000000001000000000
I: Verilog-0004: [C:/CPLD/pango/2_Tieta_Feiteng/Tieta_Feiteng_1001_PGC7KD69MBG400/rtl/source/Tieta_Feiteng_1001_top.v(line number: 2240)] Elaborating instance inst_mcpld_to_scpld_p2s.
I: Verilog-0003: [C:/CPLD/pango/2_Tieta_Feiteng/Tieta_Feiteng_1001_PGC7KD69MBG400/rtl/source/communication/p2s_slave.v(line number: 28)] Elaborating module p2s_slave.
I: Module instance {Tieta_Feiteng_1001_top/inst_mcpld_to_scpld_p2s} parameter value:
    NBIT = 32'h200 | 32'd512 | 32'b00000000000000000000001000000000
I: Verilog-0004: [C:/CPLD/pango/2_Tieta_Feiteng/Tieta_Feiteng_1001_PGC7KD69MBG400/rtl/source/Tieta_Feiteng_1001_top.v(line number: 2644)] Elaborating instance power_button_inst.
I: Verilog-0003: [C:/CPLD/pango/2_Tieta_Feiteng/Tieta_Feiteng_1001_PGC7KD69MBG400/rtl/source/button_ctrl/power_button.v(line number: 16)] Elaborating module power_button.
I: Module instance {Tieta_Feiteng_1001_top/power_button_inst} parameter value:
    BL_MODE = 1'h0 | 1'd0 | 1'b0
I: Verilog-0004: [C:/CPLD/pango/2_Tieta_Feiteng/Tieta_Feiteng_1001_PGC7KD69MBG400/rtl/source/Tieta_Feiteng_1001_top.v(line number: 2682)] Elaborating instance edge_delay_cpu_gpio_ok.
I: Verilog-0003: [C:/CPLD/pango/2_Tieta_Feiteng/Tieta_Feiteng_1001_PGC7KD69MBG400/rtl/source/common/edge_delay.v(line number: 24)] Elaborating module edge_delay.
I: Module instance {Tieta_Feiteng_1001_top/edge_delay_cpu_gpio_ok} parameter value:
    CNTR_NBITS = 32'h4 | 32'd4 | 32'b00000000000000000000000000000100
    DEF_OUTPUT = 1'h0 | 1'd0 | 1'b0
    DELAY_MODE = 1'h0 | 1'd0 | 1'b0
I: Verilog-0004: [C:/CPLD/pango/2_Tieta_Feiteng/Tieta_Feiteng_1001_PGC7KD69MBG400/rtl/source/Tieta_Feiteng_1001_top.v(line number: 2865)] Elaborating instance pwrseq_master_inst.
I: Verilog-0003: [C:/CPLD/pango/2_Tieta_Feiteng/Tieta_Feiteng_1001_PGC7KD69MBG400/rtl/source/pwrseq/pwrseq_master.v(line number: 13)] Elaborating module pwrseq_master.
I: Module instance {Tieta_Feiteng_1001_top/pwrseq_master_inst} parameter value:
    LIM_RECOV_MAX_RETRY_ATTEMPT = 32'h2 | 32'd2 | 32'b00000000000000000000000000000010
    WDT_NBITS = 32'hA | 32'd10 | 32'b00000000000000000000000000001010
    P3V3_VCC_WATCHDOG_TIOMEOUT_VAL = 32'h2 | 32'd2 | 32'b00000000000000000000000000000010
    PON_WATCHDOG_TIMEOUT_VAL = 32'h100 | 32'd256 | 32'b00000000000000000000000100000000
    PSU_WATCHDOG_TIMEOUT_VAL = 32'hA | 32'd10 | 32'b00000000000000000000000000001010
    EFUSE_WATCHDOG_TIMEOUT_VAL = 32'h89 | 32'd137 | 32'b00000000000000000000000010001001
    PCH_WATCHDOG_TIMEOUT_VAL = 32'h100 | 32'd256 | 32'b00000000000000000000000100000000
    DSW_PWROK_TIMEOUT_VAL = 32'h2 | 32'd2 | 32'b00000000000000000000000000000010
    PON_65MS_WATCHDOG_TIMEOUT_VAL = 32'h2 | 32'd2 | 32'b00000000000000000000000000000010
    VCORE_WATCHDOG_TIMEOUT_VAL = 32'h100 | 32'd256 | 32'b00000000000000000000000100000000
    PDN_WATCHDOG_TIMEOUT_VAL = 32'h2 | 32'd2 | 32'b00000000000000000000000000000010
    PDN_WATCHDOG_TIMEOUT_FAULT_VAL = 32'h100 | 32'd256 | 32'b00000000000000000000000100000000
    DISABLE_INTEL_VCCIN_TIMEOUT_VAL = 32'h100 | 32'd256 | 32'b00000000000000000000000100000000
    DISABLE_INTEL_VCCIN_TIMEOUT_FAULT_VAL = 32'h100 | 32'd256 | 32'b00000000000000000000000100000000
    DISABLE_3V3_TIMEOUT_VAL = 32'h22 | 32'd34 | 32'b00000000000000000000000000100010
    DISABLE_3V3_TIMEOUT_FAULT_VAL = 32'h11 | 32'd17 | 32'b00000000000000000000000000010001
    PF_ON_WAIT_COMPLETE_VAL = 32'h4 | 32'd4 | 32'b00000000000000000000000000000100
    PO_ON_WAIT_COMPLETE_VAL = 32'h0 | 32'd0 | 32'b00000000000000000000000000000000
    S5_DEVICES_ON_WAIT_COMPLETE_NOFLT_VAL = 32'h4B | 32'd75 | 32'b00000000000000000000000001001011
    S5_DEVICES_ON_WAIT_COMPLETE_FAULT_VAL = 32'h6 | 32'd6 | 32'b00000000000000000000000000000110
    DC_ON_WAIT_COMPLETE_NOFLT_VAL = 32'h21 | 32'd33 | 32'b00000000000000000000000000100001
    DC_ON_WAIT_COMPLETE_FAULT_VAL = 32'h1 | 32'd1 | 32'b00000000000000000000000000000001
I: Verilog-0004: [C:/CPLD/pango/2_Tieta_Feiteng/Tieta_Feiteng_1001_PGC7KD69MBG400/rtl/source/pwrseq/pwrseq_master.v(line number: 416)] Elaborating instance edge_detect_button_ne_inst.
I: Verilog-0003: [C:/CPLD/pango/2_Tieta_Feiteng/Tieta_Feiteng_1001_PGC7KD69MBG400/rtl/source/pwrseq/edge_detect.v(line number: 28)] Elaborating module edge_detect.
I: Module instance {Tieta_Feiteng_1001_top/pwrseq_master_inst/edge_detect_button_ne_inst} parameter value:
    SIGCNT = 32'h2 | 32'd2 | 32'b00000000000000000000000000000010
    DEF_INIT = 2'h3 | 2'd3 | 2'b11
I: Verilog-0004: [C:/CPLD/pango/2_Tieta_Feiteng/Tieta_Feiteng_1001_PGC7KD69MBG400/rtl/source/pwrseq/pwrseq_master.v(line number: 426)] Elaborating instance edge_detect_ne_inst.
I: Verilog-0003: [C:/CPLD/pango/2_Tieta_Feiteng/Tieta_Feiteng_1001_PGC7KD69MBG400/rtl/source/pwrseq/edge_detect.v(line number: 28)] Elaborating module edge_detect.
I: Module instance {Tieta_Feiteng_1001_top/pwrseq_master_inst/edge_detect_ne_inst} parameter value:
    SIGCNT = 32'h2 | 32'd2 | 32'b00000000000000000000000000000010
    DEF_INIT = 2'h3 | 2'd3 | 2'b11
I: Verilog-0004: [C:/CPLD/pango/2_Tieta_Feiteng/Tieta_Feiteng_1001_PGC7KD69MBG400/rtl/source/pwrseq/pwrseq_master.v(line number: 601)] Elaborating instance sb_thermtrip_delay_inst.
I: Verilog-0003: [C:/CPLD/pango/2_Tieta_Feiteng/Tieta_Feiteng_1001_PGC7KD69MBG400/rtl/source/common/edge_delay.v(line number: 24)] Elaborating module edge_delay.
I: Module instance {Tieta_Feiteng_1001_top/pwrseq_master_inst/sb_thermtrip_delay_inst} parameter value:
    CNTR_NBITS = 32'h2 | 32'd2 | 32'b00000000000000000000000000000010
    DEF_OUTPUT = 1'h0 | 1'd0 | 1'b0
    DELAY_MODE = 1'h0 | 1'd0 | 1'b0
I: Verilog-0004: [C:/CPLD/pango/2_Tieta_Feiteng/Tieta_Feiteng_1001_PGC7KD69MBG400/rtl/source/Tieta_Feiteng_1001_top.v(line number: 3004)] Elaborating instance pwrseq_slave_inst.
I: Verilog-0003: [C:/CPLD/pango/2_Tieta_Feiteng/Tieta_Feiteng_1001_PGC7KD69MBG400/rtl/source/pwrseq/pwrseq_slave.v(line number: 12)] Elaborating module pwrseq_slave.
I: Module instance {Tieta_Feiteng_1001_top/pwrseq_slave_inst} parameter value:
    SHARED_P5V_STBY_HPMOS = 1'h1 | 1'd1 | 1'b1
    S5DEV_STUCKON_FAULT_CHK = 1'h0 | 1'd0 | 1'b0
    BOUND_SYS_PWROK = 1'h1 | 1'd1 | 1'b1
    NUM_CPU = 32'h2 | 32'd2 | 32'b00000000000000000000000000000010
    NUM_OPT_AUX = 32'h0 | 32'd0 | 32'b00000000000000000000000000000000
    NUM_S5DEV = 32'h2 | 32'd2 | 32'b00000000000000000000000000000010
    NUM_SAS = 32'h1 | 32'd1 | 32'b00000000000000000000000000000001
    NUM_HD_BP = 32'h2 | 32'd2 | 32'b00000000000000000000000000000010
    NUM_M2_BP = 32'h1 | 32'd1 | 32'b00000000000000000000000000000001
    NUM_RISER = 32'h6 | 32'd6 | 32'b00000000000000000000000000000110
    FAULT_VEC_SIZE = 32'h28 | 32'd40 | 32'b00000000000000000000000000101000
    RECOV_FAULT_MASK = 40'hFF0000000 | 40'd68451041280 | 40'b0000111111110000000000000000000000000000
    LIM_RECOV_FAULT_MASK = 40'h300FFFFFFF | 40'd206426865663 | 40'b0011000000001111111111111111111111111111
    NON_RECOV_FAULT_MASK = 40'h0 | 40'd0 | 40'b0000000000000000000000000000000000000000
I: Verilog-0004: [C:/CPLD/pango/2_Tieta_Feiteng/Tieta_Feiteng_1001_PGC7KD69MBG400/rtl/source/pwrseq/pwrseq_slave.v(line number: 665)] Elaborating instance p5v_stby_en_r_check_inst.
I: Verilog-0003: [C:/CPLD/pango/2_Tieta_Feiteng/Tieta_Feiteng_1001_PGC7KD69MBG400/rtl/source/common/edge_delay.v(line number: 24)] Elaborating module edge_delay.
I: Module instance {Tieta_Feiteng_1001_top/pwrseq_slave_inst/p5v_stby_en_r_check_inst} parameter value:
    CNTR_NBITS = 32'h2 | 32'd2 | 32'b00000000000000000000000000000010
    DEF_OUTPUT = 1'h0 | 1'd0 | 1'b0
    DELAY_MODE = 1'h0 | 1'd0 | 1'b0
I: Verilog-0004: [C:/CPLD/pango/2_Tieta_Feiteng/Tieta_Feiteng_1001_PGC7KD69MBG400/rtl/source/pwrseq/pwrseq_slave.v(line number: 674)] Elaborating instance p5v_stby_fault_detect_inst.
I: Verilog-0003: [C:/CPLD/pango/2_Tieta_Feiteng/Tieta_Feiteng_1001_PGC7KD69MBG400/rtl/source/pwrseq/fault_detectB_chklive.v(line number: 20)] Elaborating module fault_detectB_chklive.
I: Module instance {Tieta_Feiteng_1001_top/pwrseq_slave_inst/p5v_stby_fault_detect_inst} parameter value:
    NUMBER_OF_VRM = 32'h1 | 32'd1 | 32'b00000000000000000000000000000001
I: Verilog-0004: [C:/CPLD/pango/2_Tieta_Feiteng/Tieta_Feiteng_1001_PGC7KD69MBG400/rtl/source/pwrseq/pwrseq_slave.v(line number: 694)] Elaborating instance p3v3_stby_en_check_inst.
I: Verilog-0003: [C:/CPLD/pango/2_Tieta_Feiteng/Tieta_Feiteng_1001_PGC7KD69MBG400/rtl/source/common/edge_delay.v(line number: 24)] Elaborating module edge_delay.
I: Module instance {Tieta_Feiteng_1001_top/pwrseq_slave_inst/p3v3_stby_en_check_inst} parameter value:
    CNTR_NBITS = 32'h2 | 32'd2 | 32'b00000000000000000000000000000010
    DEF_OUTPUT = 1'h0 | 1'd0 | 1'b0
    DELAY_MODE = 1'h0 | 1'd0 | 1'b0
I: Verilog-0004: [C:/CPLD/pango/2_Tieta_Feiteng/Tieta_Feiteng_1001_PGC7KD69MBG400/rtl/source/pwrseq/pwrseq_slave.v(line number: 703)] Elaborating instance p3v3_stby_fault_detect_inst.
I: Verilog-0003: [C:/CPLD/pango/2_Tieta_Feiteng/Tieta_Feiteng_1001_PGC7KD69MBG400/rtl/source/pwrseq/fault_detectB_chklive.v(line number: 20)] Elaborating module fault_detectB_chklive.
I: Module instance {Tieta_Feiteng_1001_top/pwrseq_slave_inst/p3v3_stby_fault_detect_inst} parameter value:
    NUMBER_OF_VRM = 32'h1 | 32'd1 | 32'b00000000000000000000000000000001
I: Verilog-0004: [C:/CPLD/pango/2_Tieta_Feiteng/Tieta_Feiteng_1001_PGC7KD69MBG400/rtl/source/pwrseq/pwrseq_slave.v(line number: 724)] Elaborating instance p3v3_stby_bp_en_check_inst.
I: Verilog-0003: [C:/CPLD/pango/2_Tieta_Feiteng/Tieta_Feiteng_1001_PGC7KD69MBG400/rtl/source/common/edge_delay.v(line number: 24)] Elaborating module edge_delay.
I: Module instance {Tieta_Feiteng_1001_top/pwrseq_slave_inst/p3v3_stby_bp_en_check_inst} parameter value:
    CNTR_NBITS = 32'h2 | 32'd2 | 32'b00000000000000000000000000000010
    DEF_OUTPUT = 1'h0 | 1'd0 | 1'b0
    DELAY_MODE = 1'h0 | 1'd0 | 1'b0
I: Verilog-0004: [C:/CPLD/pango/2_Tieta_Feiteng/Tieta_Feiteng_1001_PGC7KD69MBG400/rtl/source/pwrseq/pwrseq_slave.v(line number: 733)] Elaborating instance p3v3_stby_bp_fault_detect_inst.
I: Verilog-0003: [C:/CPLD/pango/2_Tieta_Feiteng/Tieta_Feiteng_1001_PGC7KD69MBG400/rtl/source/pwrseq/fault_detectB_chklive.v(line number: 20)] Elaborating module fault_detectB_chklive.
I: Module instance {Tieta_Feiteng_1001_top/pwrseq_slave_inst/p3v3_stby_bp_fault_detect_inst} parameter value:
    NUMBER_OF_VRM = 32'h1 | 32'd1 | 32'b00000000000000000000000000000001
I: Verilog-0004: [C:/CPLD/pango/2_Tieta_Feiteng/Tieta_Feiteng_1001_PGC7KD69MBG400/rtl/source/pwrseq/pwrseq_slave.v(line number: 757)] Elaborating instance p12v_stby_en_check_inst.
I: Verilog-0003: [C:/CPLD/pango/2_Tieta_Feiteng/Tieta_Feiteng_1001_PGC7KD69MBG400/rtl/source/common/edge_delay.v(line number: 24)] Elaborating module edge_delay.
I: Module instance {Tieta_Feiteng_1001_top/pwrseq_slave_inst/p12v_stby_en_check_inst} parameter value:
    CNTR_NBITS = 32'h2 | 32'd2 | 32'b00000000000000000000000000000010
    DEF_OUTPUT = 1'h0 | 1'd0 | 1'b0
    DELAY_MODE = 1'h0 | 1'd0 | 1'b0
I: Verilog-0004: [C:/CPLD/pango/2_Tieta_Feiteng/Tieta_Feiteng_1001_PGC7KD69MBG400/rtl/source/pwrseq/pwrseq_slave.v(line number: 799)] Elaborating instance power_supply_on_check_inst.
I: Verilog-0003: [C:/CPLD/pango/2_Tieta_Feiteng/Tieta_Feiteng_1001_PGC7KD69MBG400/rtl/source/common/edge_delay.v(line number: 24)] Elaborating module edge_delay.
I: Module instance {Tieta_Feiteng_1001_top/pwrseq_slave_inst/power_supply_on_check_inst} parameter value:
    CNTR_NBITS = 32'h2 | 32'd2 | 32'b00000000000000000000000000000010
    DEF_OUTPUT = 1'h0 | 1'd0 | 1'b0
    DELAY_MODE = 1'h0 | 1'd0 | 1'b0
I: Verilog-0004: [C:/CPLD/pango/2_Tieta_Feiteng/Tieta_Feiteng_1001_PGC7KD69MBG400/rtl/source/pwrseq/pwrseq_slave.v(line number: 808)] Elaborating instance p12v_fan_efuse_fault_detect_inst.
I: Verilog-0003: [C:/CPLD/pango/2_Tieta_Feiteng/Tieta_Feiteng_1001_PGC7KD69MBG400/rtl/source/pwrseq/fault_detectB_chklive.v(line number: 20)] Elaborating module fault_detectB_chklive.
I: Module instance {Tieta_Feiteng_1001_top/pwrseq_slave_inst/p12v_fan_efuse_fault_detect_inst} parameter value:
    NUMBER_OF_VRM = 32'h1 | 32'd1 | 32'b00000000000000000000000000000001
I: Verilog-0004: [C:/CPLD/pango/2_Tieta_Feiteng/Tieta_Feiteng_1001_PGC7KD69MBG400/rtl/source/pwrseq/pwrseq_slave.v(line number: 822)] Elaborating instance p12v_dimm_efuse_fault_detect_inst.
I: Verilog-0003: [C:/CPLD/pango/2_Tieta_Feiteng/Tieta_Feiteng_1001_PGC7KD69MBG400/rtl/source/pwrseq/fault_detectB_chklive.v(line number: 20)] Elaborating module fault_detectB_chklive.
I: Module instance {Tieta_Feiteng_1001_top/pwrseq_slave_inst/p12v_dimm_efuse_fault_detect_inst} parameter value:
    NUMBER_OF_VRM = 32'h1 | 32'd1 | 32'b00000000000000000000000000000001
I: Verilog-0004: [C:/CPLD/pango/2_Tieta_Feiteng/Tieta_Feiteng_1001_PGC7KD69MBG400/rtl/source/pwrseq/pwrseq_slave.v(line number: 836)] Elaborating instance p12v_cpu1_vin_fault_detect_inst.
I: Verilog-0003: [C:/CPLD/pango/2_Tieta_Feiteng/Tieta_Feiteng_1001_PGC7KD69MBG400/rtl/source/pwrseq/fault_detectB_chklive.v(line number: 20)] Elaborating module fault_detectB_chklive.
I: Module instance {Tieta_Feiteng_1001_top/pwrseq_slave_inst/p12v_cpu1_vin_fault_detect_inst} parameter value:
    NUMBER_OF_VRM = 32'h1 | 32'd1 | 32'b00000000000000000000000000000001
I: Verilog-0004: [C:/CPLD/pango/2_Tieta_Feiteng/Tieta_Feiteng_1001_PGC7KD69MBG400/rtl/source/pwrseq/pwrseq_slave.v(line number: 850)] Elaborating instance p12v_cpu0_vin_fault_fault_detect_inst.
I: Verilog-0003: [C:/CPLD/pango/2_Tieta_Feiteng/Tieta_Feiteng_1001_PGC7KD69MBG400/rtl/source/pwrseq/fault_detectB_chklive.v(line number: 20)] Elaborating module fault_detectB_chklive.
I: Module instance {Tieta_Feiteng_1001_top/pwrseq_slave_inst/p12v_cpu0_vin_fault_fault_detect_inst} parameter value:
    NUMBER_OF_VRM = 32'h1 | 32'd1 | 32'b00000000000000000000000000000001
I: Verilog-0004: [C:/CPLD/pango/2_Tieta_Feiteng/Tieta_Feiteng_1001_PGC7KD69MBG400/rtl/source/pwrseq/pwrseq_slave.v(line number: 869)] Elaborating instance p12v_bp_front_en_check_inst.
I: Verilog-0003: [C:/CPLD/pango/2_Tieta_Feiteng/Tieta_Feiteng_1001_PGC7KD69MBG400/rtl/source/common/edge_delay.v(line number: 24)] Elaborating module edge_delay.
I: Module instance {Tieta_Feiteng_1001_top/pwrseq_slave_inst/p12v_bp_front_en_check_inst} parameter value:
    CNTR_NBITS = 32'h2 | 32'd2 | 32'b00000000000000000000000000000010
    DEF_OUTPUT = 1'h0 | 1'd0 | 1'b0
    DELAY_MODE = 1'h0 | 1'd0 | 1'b0
I: Verilog-0004: [C:/CPLD/pango/2_Tieta_Feiteng/Tieta_Feiteng_1001_PGC7KD69MBG400/rtl/source/pwrseq/pwrseq_slave.v(line number: 878)] Elaborating instance p12v_front_bp_efuse_fault_detect_inst.
I: Verilog-0003: [C:/CPLD/pango/2_Tieta_Feiteng/Tieta_Feiteng_1001_PGC7KD69MBG400/rtl/source/pwrseq/fault_detectB_chklive.v(line number: 20)] Elaborating module fault_detectB_chklive.
I: Module instance {Tieta_Feiteng_1001_top/pwrseq_slave_inst/p12v_front_bp_efuse_fault_detect_inst} parameter value:
    NUMBER_OF_VRM = 32'h1 | 32'd1 | 32'b00000000000000000000000000000001
I: Verilog-0004: [C:/CPLD/pango/2_Tieta_Feiteng/Tieta_Feiteng_1001_PGC7KD69MBG400/rtl/source/pwrseq/pwrseq_slave.v(line number: 897)] Elaborating instance p12v_bp_rear_en_check_inst.
I: Verilog-0003: [C:/CPLD/pango/2_Tieta_Feiteng/Tieta_Feiteng_1001_PGC7KD69MBG400/rtl/source/common/edge_delay.v(line number: 24)] Elaborating module edge_delay.
I: Module instance {Tieta_Feiteng_1001_top/pwrseq_slave_inst/p12v_bp_rear_en_check_inst} parameter value:
    CNTR_NBITS = 32'h2 | 32'd2 | 32'b00000000000000000000000000000010
    DEF_OUTPUT = 1'h0 | 1'd0 | 1'b0
    DELAY_MODE = 1'h0 | 1'd0 | 1'b0
I: Verilog-0004: [C:/CPLD/pango/2_Tieta_Feiteng/Tieta_Feiteng_1001_PGC7KD69MBG400/rtl/source/pwrseq/pwrseq_slave.v(line number: 906)] Elaborating instance p12v_reat_bp_efuse_fault_detect_inst.
I: Verilog-0003: [C:/CPLD/pango/2_Tieta_Feiteng/Tieta_Feiteng_1001_PGC7KD69MBG400/rtl/source/pwrseq/fault_detectB_chklive.v(line number: 20)] Elaborating module fault_detectB_chklive.
I: Module instance {Tieta_Feiteng_1001_top/pwrseq_slave_inst/p12v_reat_bp_efuse_fault_detect_inst} parameter value:
    NUMBER_OF_VRM = 32'h1 | 32'd1 | 32'b00000000000000000000000000000001
I: Verilog-0004: [C:/CPLD/pango/2_Tieta_Feiteng/Tieta_Feiteng_1001_PGC7KD69MBG400/rtl/source/pwrseq/pwrseq_slave.v(line number: 925)] Elaborating instance p5v_en_r_check_inst.
I: Verilog-0003: [C:/CPLD/pango/2_Tieta_Feiteng/Tieta_Feiteng_1001_PGC7KD69MBG400/rtl/source/common/edge_delay.v(line number: 24)] Elaborating module edge_delay.
I: Module instance {Tieta_Feiteng_1001_top/pwrseq_slave_inst/p5v_en_r_check_inst} parameter value:
    CNTR_NBITS = 32'h2 | 32'd2 | 32'b00000000000000000000000000000010
    DEF_OUTPUT = 1'h0 | 1'd0 | 1'b0
    DELAY_MODE = 1'h0 | 1'd0 | 1'b0
I: Verilog-0004: [C:/CPLD/pango/2_Tieta_Feiteng/Tieta_Feiteng_1001_PGC7KD69MBG400/rtl/source/pwrseq/pwrseq_slave.v(line number: 934)] Elaborating instance p5v_fault_det_inst.
I: Verilog-0003: [C:/CPLD/pango/2_Tieta_Feiteng/Tieta_Feiteng_1001_PGC7KD69MBG400/rtl/source/pwrseq/fault_detectB_chklive.v(line number: 20)] Elaborating module fault_detectB_chklive.
I: Module instance {Tieta_Feiteng_1001_top/pwrseq_slave_inst/p5v_fault_det_inst} parameter value:
    NUMBER_OF_VRM = 32'h1 | 32'd1 | 32'b00000000000000000000000000000001
I: Verilog-0004: [C:/CPLD/pango/2_Tieta_Feiteng/Tieta_Feiteng_1001_PGC7KD69MBG400/rtl/source/pwrseq/pwrseq_slave.v(line number: 954)] Elaborating instance p3v3_en_r_check_inst.
I: Verilog-0003: [C:/CPLD/pango/2_Tieta_Feiteng/Tieta_Feiteng_1001_PGC7KD69MBG400/rtl/source/common/edge_delay.v(line number: 24)] Elaborating module edge_delay.
I: Module instance {Tieta_Feiteng_1001_top/pwrseq_slave_inst/p3v3_en_r_check_inst} parameter value:
    CNTR_NBITS = 32'h2 | 32'd2 | 32'b00000000000000000000000000000010
    DEF_OUTPUT = 1'h0 | 1'd0 | 1'b0
    DELAY_MODE = 1'h0 | 1'd0 | 1'b0
I: Verilog-0004: [C:/CPLD/pango/2_Tieta_Feiteng/Tieta_Feiteng_1001_PGC7KD69MBG400/rtl/source/pwrseq/pwrseq_slave.v(line number: 963)] Elaborating instance p3v3_fault_det_inst.
I: Verilog-0003: [C:/CPLD/pango/2_Tieta_Feiteng/Tieta_Feiteng_1001_PGC7KD69MBG400/rtl/source/pwrseq/fault_detectB_chklive.v(line number: 20)] Elaborating module fault_detectB_chklive.
I: Module instance {Tieta_Feiteng_1001_top/pwrseq_slave_inst/p3v3_fault_det_inst} parameter value:
    NUMBER_OF_VRM = 32'h1 | 32'd1 | 32'b00000000000000000000000000000001
I: Verilog-0004: [C:/CPLD/pango/2_Tieta_Feiteng/Tieta_Feiteng_1001_PGC7KD69MBG400/rtl/source/pwrseq/pwrseq_slave.v(line number: 983)] Elaborating instance p1v1_en_r_check_inst.
I: Verilog-0003: [C:/CPLD/pango/2_Tieta_Feiteng/Tieta_Feiteng_1001_PGC7KD69MBG400/rtl/source/common/edge_delay.v(line number: 24)] Elaborating module edge_delay.
I: Module instance {Tieta_Feiteng_1001_top/pwrseq_slave_inst/p1v1_en_r_check_inst} parameter value:
    CNTR_NBITS = 32'h2 | 32'd2 | 32'b00000000000000000000000000000010
    DEF_OUTPUT = 1'h0 | 1'd0 | 1'b0
    DELAY_MODE = 1'h0 | 1'd0 | 1'b0
I: Verilog-0004: [C:/CPLD/pango/2_Tieta_Feiteng/Tieta_Feiteng_1001_PGC7KD69MBG400/rtl/source/pwrseq/pwrseq_slave.v(line number: 992)] Elaborating instance p1v1_fault_det_inst.
I: Verilog-0003: [C:/CPLD/pango/2_Tieta_Feiteng/Tieta_Feiteng_1001_PGC7KD69MBG400/rtl/source/pwrseq/fault_detectB_chklive.v(line number: 20)] Elaborating module fault_detectB_chklive.
I: Module instance {Tieta_Feiteng_1001_top/pwrseq_slave_inst/p1v1_fault_det_inst} parameter value:
    NUMBER_OF_VRM = 32'h1 | 32'd1 | 32'b00000000000000000000000000000001
I: Verilog-0004: [C:/CPLD/pango/2_Tieta_Feiteng/Tieta_Feiteng_1001_PGC7KD69MBG400/rtl/source/pwrseq/pwrseq_slave.v(line number: 1012)] Elaborating instance cpu0_vdd_core_en_r_check_inst.
I: Verilog-0003: [C:/CPLD/pango/2_Tieta_Feiteng/Tieta_Feiteng_1001_PGC7KD69MBG400/rtl/source/common/edge_delay.v(line number: 24)] Elaborating module edge_delay.
I: Module instance {Tieta_Feiteng_1001_top/pwrseq_slave_inst/cpu0_vdd_core_en_r_check_inst} parameter value:
    CNTR_NBITS = 32'h2 | 32'd2 | 32'b00000000000000000000000000000010
    DEF_OUTPUT = 1'h0 | 1'd0 | 1'b0
    DELAY_MODE = 1'h0 | 1'd0 | 1'b0
I: Verilog-0004: [C:/CPLD/pango/2_Tieta_Feiteng/Tieta_Feiteng_1001_PGC7KD69MBG400/rtl/source/pwrseq/pwrseq_slave.v(line number: 1021)] Elaborating instance cpu0_vdd_core_fault_det_inst.
I: Verilog-0003: [C:/CPLD/pango/2_Tieta_Feiteng/Tieta_Feiteng_1001_PGC7KD69MBG400/rtl/source/pwrseq/fault_detectB_chklive.v(line number: 20)] Elaborating module fault_detectB_chklive.
I: Module instance {Tieta_Feiteng_1001_top/pwrseq_slave_inst/cpu0_vdd_core_fault_det_inst} parameter value:
    NUMBER_OF_VRM = 32'h1 | 32'd1 | 32'b00000000000000000000000000000001
I: Verilog-0004: [C:/CPLD/pango/2_Tieta_Feiteng/Tieta_Feiteng_1001_PGC7KD69MBG400/rtl/source/pwrseq/pwrseq_slave.v(line number: 1037)] Elaborating instance cpu1_vdd_core_en_r_check_inst.
I: Verilog-0003: [C:/CPLD/pango/2_Tieta_Feiteng/Tieta_Feiteng_1001_PGC7KD69MBG400/rtl/source/common/edge_delay.v(line number: 24)] Elaborating module edge_delay.
I: Module instance {Tieta_Feiteng_1001_top/pwrseq_slave_inst/cpu1_vdd_core_en_r_check_inst} parameter value:
    CNTR_NBITS = 32'h2 | 32'd2 | 32'b00000000000000000000000000000010
    DEF_OUTPUT = 1'h0 | 1'd0 | 1'b0
    DELAY_MODE = 1'h0 | 1'd0 | 1'b0
I: Verilog-0004: [C:/CPLD/pango/2_Tieta_Feiteng/Tieta_Feiteng_1001_PGC7KD69MBG400/rtl/source/pwrseq/pwrseq_slave.v(line number: 1046)] Elaborating instance cpu1_vdd_core_fault_det_inst.
I: Verilog-0003: [C:/CPLD/pango/2_Tieta_Feiteng/Tieta_Feiteng_1001_PGC7KD69MBG400/rtl/source/pwrseq/fault_detectB_chklive.v(line number: 20)] Elaborating module fault_detectB_chklive.
I: Module instance {Tieta_Feiteng_1001_top/pwrseq_slave_inst/cpu1_vdd_core_fault_det_inst} parameter value:
    NUMBER_OF_VRM = 32'h1 | 32'd1 | 32'b00000000000000000000000000000001
I: Verilog-0004: [C:/CPLD/pango/2_Tieta_Feiteng/Tieta_Feiteng_1001_PGC7KD69MBG400/rtl/source/pwrseq/pwrseq_slave.v(line number: 1065)] Elaborating instance cpu0_p1v8_en_r_check_inst.
I: Verilog-0003: [C:/CPLD/pango/2_Tieta_Feiteng/Tieta_Feiteng_1001_PGC7KD69MBG400/rtl/source/common/edge_delay.v(line number: 24)] Elaborating module edge_delay.
I: Module instance {Tieta_Feiteng_1001_top/pwrseq_slave_inst/cpu0_p1v8_en_r_check_inst} parameter value:
    CNTR_NBITS = 32'h2 | 32'd2 | 32'b00000000000000000000000000000010
    DEF_OUTPUT = 1'h0 | 1'd0 | 1'b0
    DELAY_MODE = 1'h0 | 1'd0 | 1'b0
I: Verilog-0004: [C:/CPLD/pango/2_Tieta_Feiteng/Tieta_Feiteng_1001_PGC7KD69MBG400/rtl/source/pwrseq/pwrseq_slave.v(line number: 1074)] Elaborating instance cpu0_p1v8_fault_det_inst.
I: Verilog-0003: [C:/CPLD/pango/2_Tieta_Feiteng/Tieta_Feiteng_1001_PGC7KD69MBG400/rtl/source/pwrseq/fault_detectB_chklive.v(line number: 20)] Elaborating module fault_detectB_chklive.
I: Module instance {Tieta_Feiteng_1001_top/pwrseq_slave_inst/cpu0_p1v8_fault_det_inst} parameter value:
    NUMBER_OF_VRM = 32'h1 | 32'd1 | 32'b00000000000000000000000000000001
I: Verilog-0004: [C:/CPLD/pango/2_Tieta_Feiteng/Tieta_Feiteng_1001_PGC7KD69MBG400/rtl/source/pwrseq/pwrseq_slave.v(line number: 1090)] Elaborating instance cpu1_p1v8_en_r_check_inst.
I: Verilog-0003: [C:/CPLD/pango/2_Tieta_Feiteng/Tieta_Feiteng_1001_PGC7KD69MBG400/rtl/source/common/edge_delay.v(line number: 24)] Elaborating module edge_delay.
I: Module instance {Tieta_Feiteng_1001_top/pwrseq_slave_inst/cpu1_p1v8_en_r_check_inst} parameter value:
    CNTR_NBITS = 32'h2 | 32'd2 | 32'b00000000000000000000000000000010
    DEF_OUTPUT = 1'h0 | 1'd0 | 1'b0
    DELAY_MODE = 1'h0 | 1'd0 | 1'b0
I: Verilog-0004: [C:/CPLD/pango/2_Tieta_Feiteng/Tieta_Feiteng_1001_PGC7KD69MBG400/rtl/source/pwrseq/pwrseq_slave.v(line number: 1099)] Elaborating instance cpu1_p1v8_fault_det_inst.
I: Verilog-0003: [C:/CPLD/pango/2_Tieta_Feiteng/Tieta_Feiteng_1001_PGC7KD69MBG400/rtl/source/pwrseq/fault_detectB_chklive.v(line number: 20)] Elaborating module fault_detectB_chklive.
I: Module instance {Tieta_Feiteng_1001_top/pwrseq_slave_inst/cpu1_p1v8_fault_det_inst} parameter value:
    NUMBER_OF_VRM = 32'h1 | 32'd1 | 32'b00000000000000000000000000000001
I: Verilog-0004: [C:/CPLD/pango/2_Tieta_Feiteng/Tieta_Feiteng_1001_PGC7KD69MBG400/rtl/source/pwrseq/pwrseq_slave.v(line number: 1118)] Elaborating instance cpu0_vddq_en_r_check_inst.
I: Verilog-0003: [C:/CPLD/pango/2_Tieta_Feiteng/Tieta_Feiteng_1001_PGC7KD69MBG400/rtl/source/common/edge_delay.v(line number: 24)] Elaborating module edge_delay.
I: Module instance {Tieta_Feiteng_1001_top/pwrseq_slave_inst/cpu0_vddq_en_r_check_inst} parameter value:
    CNTR_NBITS = 32'h2 | 32'd2 | 32'b00000000000000000000000000000010
    DEF_OUTPUT = 1'h0 | 1'd0 | 1'b0
    DELAY_MODE = 1'h0 | 1'd0 | 1'b0
I: Verilog-0004: [C:/CPLD/pango/2_Tieta_Feiteng/Tieta_Feiteng_1001_PGC7KD69MBG400/rtl/source/pwrseq/pwrseq_slave.v(line number: 1127)] Elaborating instance cpu0_vddq_fault_det_inst.
I: Verilog-0003: [C:/CPLD/pango/2_Tieta_Feiteng/Tieta_Feiteng_1001_PGC7KD69MBG400/rtl/source/pwrseq/fault_detectB_chklive.v(line number: 20)] Elaborating module fault_detectB_chklive.
I: Module instance {Tieta_Feiteng_1001_top/pwrseq_slave_inst/cpu0_vddq_fault_det_inst} parameter value:
    NUMBER_OF_VRM = 32'h1 | 32'd1 | 32'b00000000000000000000000000000001
I: Verilog-0004: [C:/CPLD/pango/2_Tieta_Feiteng/Tieta_Feiteng_1001_PGC7KD69MBG400/rtl/source/pwrseq/pwrseq_slave.v(line number: 1143)] Elaborating instance cpu1_vddq_en_r_check_inst.
I: Verilog-0003: [C:/CPLD/pango/2_Tieta_Feiteng/Tieta_Feiteng_1001_PGC7KD69MBG400/rtl/source/common/edge_delay.v(line number: 24)] Elaborating module edge_delay.
I: Module instance {Tieta_Feiteng_1001_top/pwrseq_slave_inst/cpu1_vddq_en_r_check_inst} parameter value:
    CNTR_NBITS = 32'h2 | 32'd2 | 32'b00000000000000000000000000000010
    DEF_OUTPUT = 1'h0 | 1'd0 | 1'b0
    DELAY_MODE = 1'h0 | 1'd0 | 1'b0
I: Verilog-0004: [C:/CPLD/pango/2_Tieta_Feiteng/Tieta_Feiteng_1001_PGC7KD69MBG400/rtl/source/pwrseq/pwrseq_slave.v(line number: 1152)] Elaborating instance cpu1_vddq_fault_det_inst.
I: Verilog-0003: [C:/CPLD/pango/2_Tieta_Feiteng/Tieta_Feiteng_1001_PGC7KD69MBG400/rtl/source/pwrseq/fault_detectB_chklive.v(line number: 20)] Elaborating module fault_detectB_chklive.
I: Module instance {Tieta_Feiteng_1001_top/pwrseq_slave_inst/cpu1_vddq_fault_det_inst} parameter value:
    NUMBER_OF_VRM = 32'h1 | 32'd1 | 32'b00000000000000000000000000000001
I: Verilog-0004: [C:/CPLD/pango/2_Tieta_Feiteng/Tieta_Feiteng_1001_PGC7KD69MBG400/rtl/source/pwrseq/pwrseq_slave.v(line number: 1173)] Elaborating instance cpu0_ddr_vdd_en_r_check_inst.
I: Verilog-0003: [C:/CPLD/pango/2_Tieta_Feiteng/Tieta_Feiteng_1001_PGC7KD69MBG400/rtl/source/common/edge_delay.v(line number: 24)] Elaborating module edge_delay.
I: Module instance {Tieta_Feiteng_1001_top/pwrseq_slave_inst/cpu0_ddr_vdd_en_r_check_inst} parameter value:
    CNTR_NBITS = 32'h2 | 32'd2 | 32'b00000000000000000000000000000010
    DEF_OUTPUT = 1'h0 | 1'd0 | 1'b0
    DELAY_MODE = 1'h0 | 1'd0 | 1'b0
I: Verilog-0004: [C:/CPLD/pango/2_Tieta_Feiteng/Tieta_Feiteng_1001_PGC7KD69MBG400/rtl/source/pwrseq/pwrseq_slave.v(line number: 1182)] Elaborating instance cpu0_ddr_vdd_fault_det_inst.
I: Verilog-0003: [C:/CPLD/pango/2_Tieta_Feiteng/Tieta_Feiteng_1001_PGC7KD69MBG400/rtl/source/pwrseq/fault_detectB_chklive.v(line number: 20)] Elaborating module fault_detectB_chklive.
I: Module instance {Tieta_Feiteng_1001_top/pwrseq_slave_inst/cpu0_ddr_vdd_fault_det_inst} parameter value:
    NUMBER_OF_VRM = 32'h1 | 32'd1 | 32'b00000000000000000000000000000001
I: Verilog-0004: [C:/CPLD/pango/2_Tieta_Feiteng/Tieta_Feiteng_1001_PGC7KD69MBG400/rtl/source/pwrseq/pwrseq_slave.v(line number: 1198)] Elaborating instance cpu1_ddr_vdd_en_r_check_inst.
I: Verilog-0003: [C:/CPLD/pango/2_Tieta_Feiteng/Tieta_Feiteng_1001_PGC7KD69MBG400/rtl/source/common/edge_delay.v(line number: 24)] Elaborating module edge_delay.
I: Module instance {Tieta_Feiteng_1001_top/pwrseq_slave_inst/cpu1_ddr_vdd_en_r_check_inst} parameter value:
    CNTR_NBITS = 32'h2 | 32'd2 | 32'b00000000000000000000000000000010
    DEF_OUTPUT = 1'h0 | 1'd0 | 1'b0
    DELAY_MODE = 1'h0 | 1'd0 | 1'b0
I: Verilog-0004: [C:/CPLD/pango/2_Tieta_Feiteng/Tieta_Feiteng_1001_PGC7KD69MBG400/rtl/source/pwrseq/pwrseq_slave.v(line number: 1207)] Elaborating instance cpu1_ddr_vdd_fault_det_inst.
I: Verilog-0003: [C:/CPLD/pango/2_Tieta_Feiteng/Tieta_Feiteng_1001_PGC7KD69MBG400/rtl/source/pwrseq/fault_detectB_chklive.v(line number: 20)] Elaborating module fault_detectB_chklive.
I: Module instance {Tieta_Feiteng_1001_top/pwrseq_slave_inst/cpu1_ddr_vdd_fault_det_inst} parameter value:
    NUMBER_OF_VRM = 32'h1 | 32'd1 | 32'b00000000000000000000000000000001
I: Verilog-0004: [C:/CPLD/pango/2_Tieta_Feiteng/Tieta_Feiteng_1001_PGC7KD69MBG400/rtl/source/pwrseq/pwrseq_slave.v(line number: 1226)] Elaborating instance cpu0_pll_p1v8_en_r_check_inst.
I: Verilog-0003: [C:/CPLD/pango/2_Tieta_Feiteng/Tieta_Feiteng_1001_PGC7KD69MBG400/rtl/source/common/edge_delay.v(line number: 24)] Elaborating module edge_delay.
I: Module instance {Tieta_Feiteng_1001_top/pwrseq_slave_inst/cpu0_pll_p1v8_en_r_check_inst} parameter value:
    CNTR_NBITS = 32'h2 | 32'd2 | 32'b00000000000000000000000000000010
    DEF_OUTPUT = 1'h0 | 1'd0 | 1'b0
    DELAY_MODE = 1'h0 | 1'd0 | 1'b0
I: Verilog-0004: [C:/CPLD/pango/2_Tieta_Feiteng/Tieta_Feiteng_1001_PGC7KD69MBG400/rtl/source/pwrseq/pwrseq_slave.v(line number: 1235)] Elaborating instance cpu0_pll_p1v8_fault_det_inst.
I: Verilog-0003: [C:/CPLD/pango/2_Tieta_Feiteng/Tieta_Feiteng_1001_PGC7KD69MBG400/rtl/source/pwrseq/fault_detectB_chklive.v(line number: 20)] Elaborating module fault_detectB_chklive.
I: Module instance {Tieta_Feiteng_1001_top/pwrseq_slave_inst/cpu0_pll_p1v8_fault_det_inst} parameter value:
    NUMBER_OF_VRM = 32'h1 | 32'd1 | 32'b00000000000000000000000000000001
I: Verilog-0004: [C:/CPLD/pango/2_Tieta_Feiteng/Tieta_Feiteng_1001_PGC7KD69MBG400/rtl/source/pwrseq/pwrseq_slave.v(line number: 1251)] Elaborating instance cpu1_pll_p1v8_en_r_check_inst.
I: Verilog-0003: [C:/CPLD/pango/2_Tieta_Feiteng/Tieta_Feiteng_1001_PGC7KD69MBG400/rtl/source/common/edge_delay.v(line number: 24)] Elaborating module edge_delay.
I: Module instance {Tieta_Feiteng_1001_top/pwrseq_slave_inst/cpu1_pll_p1v8_en_r_check_inst} parameter value:
    CNTR_NBITS = 32'h2 | 32'd2 | 32'b00000000000000000000000000000010
    DEF_OUTPUT = 1'h0 | 1'd0 | 1'b0
    DELAY_MODE = 1'h0 | 1'd0 | 1'b0
I: Verilog-0004: [C:/CPLD/pango/2_Tieta_Feiteng/Tieta_Feiteng_1001_PGC7KD69MBG400/rtl/source/pwrseq/pwrseq_slave.v(line number: 1260)] Elaborating instance cpu1_pll_p1v8_fault_det_inst.
I: Verilog-0003: [C:/CPLD/pango/2_Tieta_Feiteng/Tieta_Feiteng_1001_PGC7KD69MBG400/rtl/source/pwrseq/fault_detectB_chklive.v(line number: 20)] Elaborating module fault_detectB_chklive.
I: Module instance {Tieta_Feiteng_1001_top/pwrseq_slave_inst/cpu1_pll_p1v8_fault_det_inst} parameter value:
    NUMBER_OF_VRM = 32'h1 | 32'd1 | 32'b00000000000000000000000000000001
I: Verilog-0004: [C:/CPLD/pango/2_Tieta_Feiteng/Tieta_Feiteng_1001_PGC7KD69MBG400/rtl/source/pwrseq/pwrseq_slave.v(line number: 1286)] Elaborating instance cpu0_d0_vp_p0v9_en_r_inst.
I: Verilog-0003: [C:/CPLD/pango/2_Tieta_Feiteng/Tieta_Feiteng_1001_PGC7KD69MBG400/rtl/source/common/edge_delay.v(line number: 24)] Elaborating module edge_delay.
I: Module instance {Tieta_Feiteng_1001_top/pwrseq_slave_inst/cpu0_d0_vp_p0v9_en_r_inst} parameter value:
    CNTR_NBITS = 32'h2 | 32'd2 | 32'b00000000000000000000000000000010
    DEF_OUTPUT = 1'h0 | 1'd0 | 1'b0
    DELAY_MODE = 1'h0 | 1'd0 | 1'b0
I: Verilog-0004: [C:/CPLD/pango/2_Tieta_Feiteng/Tieta_Feiteng_1001_PGC7KD69MBG400/rtl/source/pwrseq/pwrseq_slave.v(line number: 1295)] Elaborating instance cpu0_d0_vp_p0v9_fault_detect_inst.
I: Verilog-0003: [C:/CPLD/pango/2_Tieta_Feiteng/Tieta_Feiteng_1001_PGC7KD69MBG400/rtl/source/pwrseq/fault_detectB_chklive.v(line number: 20)] Elaborating module fault_detectB_chklive.
I: Module instance {Tieta_Feiteng_1001_top/pwrseq_slave_inst/cpu0_d0_vp_p0v9_fault_detect_inst} parameter value:
    NUMBER_OF_VRM = 32'h1 | 32'd1 | 32'b00000000000000000000000000000001
I: Verilog-0004: [C:/CPLD/pango/2_Tieta_Feiteng/Tieta_Feiteng_1001_PGC7KD69MBG400/rtl/source/pwrseq/pwrseq_slave.v(line number: 1310)] Elaborating instance cpu0_d1_vp_p0v9_en_r_inst.
I: Verilog-0003: [C:/CPLD/pango/2_Tieta_Feiteng/Tieta_Feiteng_1001_PGC7KD69MBG400/rtl/source/common/edge_delay.v(line number: 24)] Elaborating module edge_delay.
I: Module instance {Tieta_Feiteng_1001_top/pwrseq_slave_inst/cpu0_d1_vp_p0v9_en_r_inst} parameter value:
    CNTR_NBITS = 32'h2 | 32'd2 | 32'b00000000000000000000000000000010
    DEF_OUTPUT = 1'h0 | 1'd0 | 1'b0
    DELAY_MODE = 1'h0 | 1'd0 | 1'b0
I: Verilog-0004: [C:/CPLD/pango/2_Tieta_Feiteng/Tieta_Feiteng_1001_PGC7KD69MBG400/rtl/source/pwrseq/pwrseq_slave.v(line number: 1319)] Elaborating instance cpu0_d1_vp_p0v9_fault_detect_inst.
I: Verilog-0003: [C:/CPLD/pango/2_Tieta_Feiteng/Tieta_Feiteng_1001_PGC7KD69MBG400/rtl/source/pwrseq/fault_detectB_chklive.v(line number: 20)] Elaborating module fault_detectB_chklive.
I: Module instance {Tieta_Feiteng_1001_top/pwrseq_slave_inst/cpu0_d1_vp_p0v9_fault_detect_inst} parameter value:
    NUMBER_OF_VRM = 32'h1 | 32'd1 | 32'b00000000000000000000000000000001
I: Verilog-0004: [C:/CPLD/pango/2_Tieta_Feiteng/Tieta_Feiteng_1001_PGC7KD69MBG400/rtl/source/pwrseq/pwrseq_slave.v(line number: 1334)] Elaborating instance cpu0_d0_vph_p1v8_en_r_inst.
I: Verilog-0003: [C:/CPLD/pango/2_Tieta_Feiteng/Tieta_Feiteng_1001_PGC7KD69MBG400/rtl/source/common/edge_delay.v(line number: 24)] Elaborating module edge_delay.
I: Module instance {Tieta_Feiteng_1001_top/pwrseq_slave_inst/cpu0_d0_vph_p1v8_en_r_inst} parameter value:
    CNTR_NBITS = 32'h2 | 32'd2 | 32'b00000000000000000000000000000010
    DEF_OUTPUT = 1'h0 | 1'd0 | 1'b0
    DELAY_MODE = 1'h0 | 1'd0 | 1'b0
I: Verilog-0004: [C:/CPLD/pango/2_Tieta_Feiteng/Tieta_Feiteng_1001_PGC7KD69MBG400/rtl/source/pwrseq/pwrseq_slave.v(line number: 1343)] Elaborating instance cpu0_d0_vph_p1v8_fault_detect_inst.
I: Verilog-0003: [C:/CPLD/pango/2_Tieta_Feiteng/Tieta_Feiteng_1001_PGC7KD69MBG400/rtl/source/pwrseq/fault_detectB_chklive.v(line number: 20)] Elaborating module fault_detectB_chklive.
I: Module instance {Tieta_Feiteng_1001_top/pwrseq_slave_inst/cpu0_d0_vph_p1v8_fault_detect_inst} parameter value:
    NUMBER_OF_VRM = 32'h1 | 32'd1 | 32'b00000000000000000000000000000001
I: Verilog-0004: [C:/CPLD/pango/2_Tieta_Feiteng/Tieta_Feiteng_1001_PGC7KD69MBG400/rtl/source/pwrseq/pwrseq_slave.v(line number: 1358)] Elaborating instance cpu0_d1_vph_p1v8_en_r_inst.
I: Verilog-0003: [C:/CPLD/pango/2_Tieta_Feiteng/Tieta_Feiteng_1001_PGC7KD69MBG400/rtl/source/common/edge_delay.v(line number: 24)] Elaborating module edge_delay.
I: Module instance {Tieta_Feiteng_1001_top/pwrseq_slave_inst/cpu0_d1_vph_p1v8_en_r_inst} parameter value:
    CNTR_NBITS = 32'h2 | 32'd2 | 32'b00000000000000000000000000000010
    DEF_OUTPUT = 1'h0 | 1'd0 | 1'b0
    DELAY_MODE = 1'h0 | 1'd0 | 1'b0
I: Verilog-0004: [C:/CPLD/pango/2_Tieta_Feiteng/Tieta_Feiteng_1001_PGC7KD69MBG400/rtl/source/pwrseq/pwrseq_slave.v(line number: 1367)] Elaborating instance cpu0_d1_vph_p1v8_fault_detect_inst.
I: Verilog-0003: [C:/CPLD/pango/2_Tieta_Feiteng/Tieta_Feiteng_1001_PGC7KD69MBG400/rtl/source/pwrseq/fault_detectB_chklive.v(line number: 20)] Elaborating module fault_detectB_chklive.
I: Module instance {Tieta_Feiteng_1001_top/pwrseq_slave_inst/cpu0_d1_vph_p1v8_fault_detect_inst} parameter value:
    NUMBER_OF_VRM = 32'h1 | 32'd1 | 32'b00000000000000000000000000000001
I: Verilog-0004: [C:/CPLD/pango/2_Tieta_Feiteng/Tieta_Feiteng_1001_PGC7KD69MBG400/rtl/source/pwrseq/pwrseq_slave.v(line number: 1382)] Elaborating instance cpu1_d0_vp_p0v9_en_r_inst.
I: Verilog-0003: [C:/CPLD/pango/2_Tieta_Feiteng/Tieta_Feiteng_1001_PGC7KD69MBG400/rtl/source/common/edge_delay.v(line number: 24)] Elaborating module edge_delay.
I: Module instance {Tieta_Feiteng_1001_top/pwrseq_slave_inst/cpu1_d0_vp_p0v9_en_r_inst} parameter value:
    CNTR_NBITS = 32'h2 | 32'd2 | 32'b00000000000000000000000000000010
    DEF_OUTPUT = 1'h0 | 1'd0 | 1'b0
    DELAY_MODE = 1'h0 | 1'd0 | 1'b0
I: Verilog-0004: [C:/CPLD/pango/2_Tieta_Feiteng/Tieta_Feiteng_1001_PGC7KD69MBG400/rtl/source/pwrseq/pwrseq_slave.v(line number: 1391)] Elaborating instance cpu1_d0_vp_p0v9_fault_detect_inst.
I: Verilog-0003: [C:/CPLD/pango/2_Tieta_Feiteng/Tieta_Feiteng_1001_PGC7KD69MBG400/rtl/source/pwrseq/fault_detectB_chklive.v(line number: 20)] Elaborating module fault_detectB_chklive.
I: Module instance {Tieta_Feiteng_1001_top/pwrseq_slave_inst/cpu1_d0_vp_p0v9_fault_detect_inst} parameter value:
    NUMBER_OF_VRM = 32'h1 | 32'd1 | 32'b00000000000000000000000000000001
I: Verilog-0004: [C:/CPLD/pango/2_Tieta_Feiteng/Tieta_Feiteng_1001_PGC7KD69MBG400/rtl/source/pwrseq/pwrseq_slave.v(line number: 1406)] Elaborating instance cpu1_d1_vp_p0v9_en_r_inst.
I: Verilog-0003: [C:/CPLD/pango/2_Tieta_Feiteng/Tieta_Feiteng_1001_PGC7KD69MBG400/rtl/source/common/edge_delay.v(line number: 24)] Elaborating module edge_delay.
I: Module instance {Tieta_Feiteng_1001_top/pwrseq_slave_inst/cpu1_d1_vp_p0v9_en_r_inst} parameter value:
    CNTR_NBITS = 32'h2 | 32'd2 | 32'b00000000000000000000000000000010
    DEF_OUTPUT = 1'h0 | 1'd0 | 1'b0
    DELAY_MODE = 1'h0 | 1'd0 | 1'b0
I: Verilog-0004: [C:/CPLD/pango/2_Tieta_Feiteng/Tieta_Feiteng_1001_PGC7KD69MBG400/rtl/source/pwrseq/pwrseq_slave.v(line number: 1415)] Elaborating instance cpu1_d1_vp_p0v9_fault_detect_inst.
I: Verilog-0003: [C:/CPLD/pango/2_Tieta_Feiteng/Tieta_Feiteng_1001_PGC7KD69MBG400/rtl/source/pwrseq/fault_detectB_chklive.v(line number: 20)] Elaborating module fault_detectB_chklive.
I: Module instance {Tieta_Feiteng_1001_top/pwrseq_slave_inst/cpu1_d1_vp_p0v9_fault_detect_inst} parameter value:
    NUMBER_OF_VRM = 32'h1 | 32'd1 | 32'b00000000000000000000000000000001
I: Verilog-0004: [C:/CPLD/pango/2_Tieta_Feiteng/Tieta_Feiteng_1001_PGC7KD69MBG400/rtl/source/pwrseq/pwrseq_slave.v(line number: 1430)] Elaborating instance cpu1_d0_vph_p1v8_en_r_inst.
I: Verilog-0003: [C:/CPLD/pango/2_Tieta_Feiteng/Tieta_Feiteng_1001_PGC7KD69MBG400/rtl/source/common/edge_delay.v(line number: 24)] Elaborating module edge_delay.
I: Module instance {Tieta_Feiteng_1001_top/pwrseq_slave_inst/cpu1_d0_vph_p1v8_en_r_inst} parameter value:
    CNTR_NBITS = 32'h2 | 32'd2 | 32'b00000000000000000000000000000010
    DEF_OUTPUT = 1'h0 | 1'd0 | 1'b0
    DELAY_MODE = 1'h0 | 1'd0 | 1'b0
I: Verilog-0004: [C:/CPLD/pango/2_Tieta_Feiteng/Tieta_Feiteng_1001_PGC7KD69MBG400/rtl/source/pwrseq/pwrseq_slave.v(line number: 1439)] Elaborating instance cpu1_d0_vph_p1v8_fault_detect_inst.
I: Verilog-0003: [C:/CPLD/pango/2_Tieta_Feiteng/Tieta_Feiteng_1001_PGC7KD69MBG400/rtl/source/pwrseq/fault_detectB_chklive.v(line number: 20)] Elaborating module fault_detectB_chklive.
I: Module instance {Tieta_Feiteng_1001_top/pwrseq_slave_inst/cpu1_d0_vph_p1v8_fault_detect_inst} parameter value:
    NUMBER_OF_VRM = 32'h1 | 32'd1 | 32'b00000000000000000000000000000001
I: Verilog-0004: [C:/CPLD/pango/2_Tieta_Feiteng/Tieta_Feiteng_1001_PGC7KD69MBG400/rtl/source/pwrseq/pwrseq_slave.v(line number: 1454)] Elaborating instance cpu1_d1_vph_p1v8_en_r_inst.
I: Verilog-0003: [C:/CPLD/pango/2_Tieta_Feiteng/Tieta_Feiteng_1001_PGC7KD69MBG400/rtl/source/common/edge_delay.v(line number: 24)] Elaborating module edge_delay.
I: Module instance {Tieta_Feiteng_1001_top/pwrseq_slave_inst/cpu1_d1_vph_p1v8_en_r_inst} parameter value:
    CNTR_NBITS = 32'h2 | 32'd2 | 32'b00000000000000000000000000000010
    DEF_OUTPUT = 1'h0 | 1'd0 | 1'b0
    DELAY_MODE = 1'h0 | 1'd0 | 1'b0
I: Verilog-0004: [C:/CPLD/pango/2_Tieta_Feiteng/Tieta_Feiteng_1001_PGC7KD69MBG400/rtl/source/pwrseq/pwrseq_slave.v(line number: 1463)] Elaborating instance cpu1_d1_vph_p1v8_fault_detect_inst.
I: Verilog-0003: [C:/CPLD/pango/2_Tieta_Feiteng/Tieta_Feiteng_1001_PGC7KD69MBG400/rtl/source/pwrseq/fault_detectB_chklive.v(line number: 20)] Elaborating module fault_detectB_chklive.
I: Module instance {Tieta_Feiteng_1001_top/pwrseq_slave_inst/cpu1_d1_vph_p1v8_fault_detect_inst} parameter value:
    NUMBER_OF_VRM = 32'h1 | 32'd1 | 32'b00000000000000000000000000000001
I: Verilog-0004: [C:/CPLD/pango/2_Tieta_Feiteng/Tieta_Feiteng_1001_PGC7KD69MBG400/rtl/source/pwrseq/pwrseq_slave.v(line number: 1482)] Elaborating instance cpu0_pcie_p0v9_en_r_check_inst.
I: Verilog-0003: [C:/CPLD/pango/2_Tieta_Feiteng/Tieta_Feiteng_1001_PGC7KD69MBG400/rtl/source/common/edge_delay.v(line number: 24)] Elaborating module edge_delay.
I: Module instance {Tieta_Feiteng_1001_top/pwrseq_slave_inst/cpu0_pcie_p0v9_en_r_check_inst} parameter value:
    CNTR_NBITS = 32'h2 | 32'd2 | 32'b00000000000000000000000000000010
    DEF_OUTPUT = 1'h0 | 1'd0 | 1'b0
    DELAY_MODE = 1'h0 | 1'd0 | 1'b0
I: Verilog-0004: [C:/CPLD/pango/2_Tieta_Feiteng/Tieta_Feiteng_1001_PGC7KD69MBG400/rtl/source/pwrseq/pwrseq_slave.v(line number: 1491)] Elaborating instance cpu0_pcie_p0v9_fault_det_inst.
I: Verilog-0003: [C:/CPLD/pango/2_Tieta_Feiteng/Tieta_Feiteng_1001_PGC7KD69MBG400/rtl/source/pwrseq/fault_detectB_chklive.v(line number: 20)] Elaborating module fault_detectB_chklive.
I: Module instance {Tieta_Feiteng_1001_top/pwrseq_slave_inst/cpu0_pcie_p0v9_fault_det_inst} parameter value:
    NUMBER_OF_VRM = 32'h1 | 32'd1 | 32'b00000000000000000000000000000001
I: Verilog-0004: [C:/CPLD/pango/2_Tieta_Feiteng/Tieta_Feiteng_1001_PGC7KD69MBG400/rtl/source/pwrseq/pwrseq_slave.v(line number: 1507)] Elaborating instance cpu1_pcie_p0v9_en_r_check_inst.
I: Verilog-0003: [C:/CPLD/pango/2_Tieta_Feiteng/Tieta_Feiteng_1001_PGC7KD69MBG400/rtl/source/common/edge_delay.v(line number: 24)] Elaborating module edge_delay.
I: Module instance {Tieta_Feiteng_1001_top/pwrseq_slave_inst/cpu1_pcie_p0v9_en_r_check_inst} parameter value:
    CNTR_NBITS = 32'h2 | 32'd2 | 32'b00000000000000000000000000000010
    DEF_OUTPUT = 1'h0 | 1'd0 | 1'b0
    DELAY_MODE = 1'h0 | 1'd0 | 1'b0
I: Verilog-0004: [C:/CPLD/pango/2_Tieta_Feiteng/Tieta_Feiteng_1001_PGC7KD69MBG400/rtl/source/pwrseq/pwrseq_slave.v(line number: 1516)] Elaborating instance cpu1_pcie_p0v9_fault_det_inst.
I: Verilog-0003: [C:/CPLD/pango/2_Tieta_Feiteng/Tieta_Feiteng_1001_PGC7KD69MBG400/rtl/source/pwrseq/fault_detectB_chklive.v(line number: 20)] Elaborating module fault_detectB_chklive.
I: Module instance {Tieta_Feiteng_1001_top/pwrseq_slave_inst/cpu1_pcie_p0v9_fault_det_inst} parameter value:
    NUMBER_OF_VRM = 32'h1 | 32'd1 | 32'b00000000000000000000000000000001
I: Verilog-0004: [C:/CPLD/pango/2_Tieta_Feiteng/Tieta_Feiteng_1001_PGC7KD69MBG400/rtl/source/pwrseq/pwrseq_slave.v(line number: 1536)] Elaborating instance cpu0_pcie_p1v8_en_r_check_inst.
I: Verilog-0003: [C:/CPLD/pango/2_Tieta_Feiteng/Tieta_Feiteng_1001_PGC7KD69MBG400/rtl/source/common/edge_delay.v(line number: 24)] Elaborating module edge_delay.
I: Module instance {Tieta_Feiteng_1001_top/pwrseq_slave_inst/cpu0_pcie_p1v8_en_r_check_inst} parameter value:
    CNTR_NBITS = 32'h2 | 32'd2 | 32'b00000000000000000000000000000010
    DEF_OUTPUT = 1'h0 | 1'd0 | 1'b0
    DELAY_MODE = 1'h0 | 1'd0 | 1'b0
I: Verilog-0004: [C:/CPLD/pango/2_Tieta_Feiteng/Tieta_Feiteng_1001_PGC7KD69MBG400/rtl/source/pwrseq/pwrseq_slave.v(line number: 1545)] Elaborating instance cpu0_pcie_p1v8_fault_det_inst.
I: Verilog-0003: [C:/CPLD/pango/2_Tieta_Feiteng/Tieta_Feiteng_1001_PGC7KD69MBG400/rtl/source/pwrseq/fault_detectB_chklive.v(line number: 20)] Elaborating module fault_detectB_chklive.
I: Module instance {Tieta_Feiteng_1001_top/pwrseq_slave_inst/cpu0_pcie_p1v8_fault_det_inst} parameter value:
    NUMBER_OF_VRM = 32'h1 | 32'd1 | 32'b00000000000000000000000000000001
I: Verilog-0004: [C:/CPLD/pango/2_Tieta_Feiteng/Tieta_Feiteng_1001_PGC7KD69MBG400/rtl/source/pwrseq/pwrseq_slave.v(line number: 1561)] Elaborating instance cpu1_pcie_p1v8_en_r_check_inst.
I: Verilog-0003: [C:/CPLD/pango/2_Tieta_Feiteng/Tieta_Feiteng_1001_PGC7KD69MBG400/rtl/source/common/edge_delay.v(line number: 24)] Elaborating module edge_delay.
I: Module instance {Tieta_Feiteng_1001_top/pwrseq_slave_inst/cpu1_pcie_p1v8_en_r_check_inst} parameter value:
    CNTR_NBITS = 32'h2 | 32'd2 | 32'b00000000000000000000000000000010
    DEF_OUTPUT = 1'h0 | 1'd0 | 1'b0
    DELAY_MODE = 1'h0 | 1'd0 | 1'b0
I: Verilog-0004: [C:/CPLD/pango/2_Tieta_Feiteng/Tieta_Feiteng_1001_PGC7KD69MBG400/rtl/source/pwrseq/pwrseq_slave.v(line number: 1570)] Elaborating instance cpu1_pcie_p1v8_fault_det_inst.
I: Verilog-0003: [C:/CPLD/pango/2_Tieta_Feiteng/Tieta_Feiteng_1001_PGC7KD69MBG400/rtl/source/pwrseq/fault_detectB_chklive.v(line number: 20)] Elaborating module fault_detectB_chklive.
I: Module instance {Tieta_Feiteng_1001_top/pwrseq_slave_inst/cpu1_pcie_p1v8_fault_det_inst} parameter value:
    NUMBER_OF_VRM = 32'h1 | 32'd1 | 32'b00000000000000000000000000000001
I: Verilog-0004: [C:/CPLD/pango/2_Tieta_Feiteng/Tieta_Feiteng_1001_PGC7KD69MBG400/rtl/source/pwrseq/pwrseq_slave.v(line number: 1591)] Elaborating instance cpupwrok_en_check_inst.
I: Verilog-0003: [C:/CPLD/pango/2_Tieta_Feiteng/Tieta_Feiteng_1001_PGC7KD69MBG400/rtl/source/common/edge_delay.v(line number: 24)] Elaborating module edge_delay.
I: Module instance {Tieta_Feiteng_1001_top/pwrseq_slave_inst/cpupwrok_en_check_inst} parameter value:
    CNTR_NBITS = 32'h2 | 32'd2 | 32'b00000000000000000000000000000010
    DEF_OUTPUT = 1'h0 | 1'd0 | 1'b0
    DELAY_MODE = 1'h0 | 1'd0 | 1'b0
I: Verilog-0004: [C:/CPLD/pango/2_Tieta_Feiteng/Tieta_Feiteng_1001_PGC7KD69MBG400/rtl/source/pwrseq/pwrseq_slave.v(line number: 1623)] Elaborating instance bp_en_check_inst.
I: Verilog-0003: [C:/CPLD/pango/2_Tieta_Feiteng/Tieta_Feiteng_1001_PGC7KD69MBG400/rtl/source/common/edge_delay.v(line number: 24)] Elaborating module edge_delay.
I: Module instance {Tieta_Feiteng_1001_top/pwrseq_slave_inst/bp_en_check_inst} parameter value:
    CNTR_NBITS = 32'h3 | 32'd3 | 32'b00000000000000000000000000000011
    DEF_OUTPUT = 1'h0 | 1'd0 | 1'b0
    DELAY_MODE = 1'h0 | 1'd0 | 1'b0
I: Verilog-0004: [C:/CPLD/pango/2_Tieta_Feiteng/Tieta_Feiteng_1001_PGC7KD69MBG400/rtl/source/pwrseq/pwrseq_slave.v(line number: 767)] Elaborating instance p12_fault_detect_inst.
I: Verilog-0003: [C:/CPLD/pango/2_Tieta_Feiteng/Tieta_Feiteng_1001_PGC7KD69MBG400/rtl/source/pwrseq/fault_detectB_chklive.v(line number: 20)] Elaborating module fault_detectB_chklive.
I: Module instance {Tieta_Feiteng_1001_top/pwrseq_slave_inst/_P12V_FAULT_DETECT_.p12_fault_detect_inst} parameter value:
    NUMBER_OF_VRM = 32'h3 | 32'd3 | 32'b00000000000000000000000000000011
I: Verilog-0004: [C:/CPLD/pango/2_Tieta_Feiteng/Tieta_Feiteng_1001_PGC7KD69MBG400/rtl/source/pwrseq/pwrseq_slave.v(line number: 1602)] Elaborating instance inst_cpu_thermtrip_fault_det.
I: Verilog-0003: [C:/CPLD/pango/2_Tieta_Feiteng/Tieta_Feiteng_1001_PGC7KD69MBG400/rtl/source/pwrseq/fault_detectB_chklive.v(line number: 20)] Elaborating module fault_detectB_chklive.
I: Module instance {Tieta_Feiteng_1001_top/pwrseq_slave_inst/_CPU_THERMTRIP_DETECT_BLOCK_[0].inst_cpu_thermtrip_fault_det} parameter value:
    NUMBER_OF_VRM = 32'h1 | 32'd1 | 32'b00000000000000000000000000000001
I: Verilog-0004: [C:/CPLD/pango/2_Tieta_Feiteng/Tieta_Feiteng_1001_PGC7KD69MBG400/rtl/source/pwrseq/pwrseq_slave.v(line number: 1602)] Elaborating instance inst_cpu_thermtrip_fault_det.
I: Verilog-0003: [C:/CPLD/pango/2_Tieta_Feiteng/Tieta_Feiteng_1001_PGC7KD69MBG400/rtl/source/pwrseq/fault_detectB_chklive.v(line number: 20)] Elaborating module fault_detectB_chklive.
I: Module instance {Tieta_Feiteng_1001_top/pwrseq_slave_inst/_CPU_THERMTRIP_DETECT_BLOCK_[1].inst_cpu_thermtrip_fault_det} parameter value:
    NUMBER_OF_VRM = 32'h1 | 32'd1 | 32'b00000000000000000000000000000001
I: Verilog-0004: [C:/CPLD/pango/2_Tieta_Feiteng/Tieta_Feiteng_1001_PGC7KD69MBG400/rtl/source/pwrseq/pwrseq_slave.v(line number: 1633)] Elaborating instance inst_hd_bp_pwr_fault_det.
I: Verilog-0003: [C:/CPLD/pango/2_Tieta_Feiteng/Tieta_Feiteng_1001_PGC7KD69MBG400/rtl/source/pwrseq/fault_detectB_chklive.v(line number: 20)] Elaborating module fault_detectB_chklive.
I: Module instance {Tieta_Feiteng_1001_top/pwrseq_slave_inst/_HD_BP_PWR_DETECT_BLOCK_[0].inst_hd_bp_pwr_fault_det} parameter value:
    NUMBER_OF_VRM = 32'h1 | 32'd1 | 32'b00000000000000000000000000000001
I: Verilog-0004: [C:/CPLD/pango/2_Tieta_Feiteng/Tieta_Feiteng_1001_PGC7KD69MBG400/rtl/source/pwrseq/pwrseq_slave.v(line number: 1633)] Elaborating instance inst_hd_bp_pwr_fault_det.
I: Verilog-0003: [C:/CPLD/pango/2_Tieta_Feiteng/Tieta_Feiteng_1001_PGC7KD69MBG400/rtl/source/pwrseq/fault_detectB_chklive.v(line number: 20)] Elaborating module fault_detectB_chklive.
I: Module instance {Tieta_Feiteng_1001_top/pwrseq_slave_inst/_HD_BP_PWR_DETECT_BLOCK_[1].inst_hd_bp_pwr_fault_det} parameter value:
    NUMBER_OF_VRM = 32'h1 | 32'd1 | 32'b00000000000000000000000000000001
W: Verilog-2024: [C:/CPLD/pango/2_Tieta_Feiteng/Tieta_Feiteng_1001_PGC7KD69MBG400/rtl/source/pwrseq/pwrseq_slave.v(line number: 12)] Assign a tri-state buf to drive the floating output port dc_on_wait_complete in module pwrseq_slave.
W: Verilog-2024: [C:/CPLD/pango/2_Tieta_Feiteng/Tieta_Feiteng_1001_PGC7KD69MBG400/rtl/source/pwrseq/pwrseq_slave.v(line number: 12)] Assign a tri-state buf to drive the floating output port rt_critical_fail_store in module pwrseq_slave.
W: Verilog-2021: [C:/CPLD/pango/2_Tieta_Feiteng/Tieta_Feiteng_1001_PGC7KD69MBG400/rtl/source/pwrseq/pwrseq_slave.v(line number: 1707)] Net aux_fault in pwrseq_slave(original module pwrseq_slave) does not have a driver, tie it to 0.
W: Verilog-2019: [C:/CPLD/pango/2_Tieta_Feiteng/Tieta_Feiteng_1001_PGC7KD69MBG400/rtl/source/Tieta_Feiteng_1001_top.v(line number: 3177)] Width mismatch between port 'hd_bp_fault_det' (2 bits) and port connection (8 bits) in module instance 'pwrseq_slave'.
I: Verilog-0004: [C:/CPLD/pango/2_Tieta_Feiteng/Tieta_Feiteng_1001_PGC7KD69MBG400/rtl/source/Tieta_Feiteng_1001_top.v(line number: 3373)] Elaborating instance UID_Function_u0.
I: Verilog-0003: [C:/CPLD/pango/2_Tieta_Feiteng/Tieta_Feiteng_1001_PGC7KD69MBG400/rtl/source/common/UID_Function.v(line number: 27)] Elaborating module UID_Function.
I: Module instance {Tieta_Feiteng_1001_top/UID_Function_u0} parameter value:
    LONG_PRESS = 4'h5 | 4'd5 | 4'b0101
I: Verilog-0004: [C:/CPLD/pango/2_Tieta_Feiteng/Tieta_Feiteng_1001_PGC7KD69MBG400/rtl/source/common/UID_Function.v(line number: 340)] Elaborating instance lowpass_filter_U0.
I: Verilog-0003: [C:/CPLD/pango/2_Tieta_Feiteng/Tieta_Feiteng_1001_PGC7KD69MBG400/rtl/source/common/lowpass_filter.v(line number: 23)] Elaborating module lowpass_filter.
I: Module instance {Tieta_Feiteng_1001_top/UID_Function_u0/lowpass_filter_U0} parameter value:
    TOTAL_STAGES = 32'h3 | 32'd3 | 32'b00000000000000000000000000000011
    INIT_VALUE = 1'h1 | 1'd1 | 1'b1
I: Verilog-0004: [C:/CPLD/pango/2_Tieta_Feiteng/Tieta_Feiteng_1001_PGC7KD69MBG400/rtl/source/common/UID_Function.v(line number: 353)] Elaborating instance lowpass_filter_U1.
I: Verilog-0003: [C:/CPLD/pango/2_Tieta_Feiteng/Tieta_Feiteng_1001_PGC7KD69MBG400/rtl/source/common/lowpass_filter.v(line number: 23)] Elaborating module lowpass_filter.
I: Module instance {Tieta_Feiteng_1001_top/UID_Function_u0/lowpass_filter_U1} parameter value:
    TOTAL_STAGES = 32'h3 | 32'd3 | 32'b00000000000000000000000000000011
    INIT_VALUE = 1'h1 | 1'd1 | 1'b1
I: Verilog-0004: [C:/CPLD/pango/2_Tieta_Feiteng/Tieta_Feiteng_1001_PGC7KD69MBG400/rtl/source/common/UID_Function.v(line number: 365)] Elaborating instance Edge_Detect_U0.
I: Verilog-0003: [C:/CPLD/pango/2_Tieta_Feiteng/Tieta_Feiteng_1001_PGC7KD69MBG400/rtl/source/common/edge_detect.v(line number: 4)] Elaborating module Edge_Detect.
I: Verilog-0004: [C:/CPLD/pango/2_Tieta_Feiteng/Tieta_Feiteng_1001_PGC7KD69MBG400/rtl/source/common/UID_Function.v(line number: 376)] Elaborating instance Edge_Detect_U1.
I: Verilog-0003: [C:/CPLD/pango/2_Tieta_Feiteng/Tieta_Feiteng_1001_PGC7KD69MBG400/rtl/source/common/edge_detect.v(line number: 4)] Elaborating module Edge_Detect.
I: Verilog-0004: [C:/CPLD/pango/2_Tieta_Feiteng/Tieta_Feiteng_1001_PGC7KD69MBG400/rtl/source/common/UID_Function.v(line number: 387)] Elaborating instance Edge_Detect_U2.
I: Verilog-0003: [C:/CPLD/pango/2_Tieta_Feiteng/Tieta_Feiteng_1001_PGC7KD69MBG400/rtl/source/common/edge_detect.v(line number: 4)] Elaborating module Edge_Detect.
I: Verilog-0004: [C:/CPLD/pango/2_Tieta_Feiteng/Tieta_Feiteng_1001_PGC7KD69MBG400/rtl/source/Tieta_Feiteng_1001_top.v(line number: 3456)] Elaborating instance psu_inst.
I: Verilog-0003: [C:/CPLD/pango/2_Tieta_Feiteng/Tieta_Feiteng_1001_PGC7KD69MBG400/rtl/source/pwrseq/psu.v(line number: 16)] Elaborating module psu.
I: Module instance {Tieta_Feiteng_1001_top/psu_inst} parameter value:
    NUM_PSU = 32'h2 | 32'd2 | 32'b00000000000000000000000000000010
    BROWNOUT_WARN_VAL = 32'h5 | 32'd5 | 32'b00000000000000000000000000000101
I: Verilog-0004: [C:/CPLD/pango/2_Tieta_Feiteng/Tieta_Feiteng_1001_PGC7KD69MBG400/rtl/source/Tieta_Feiteng_1001_top.v(line number: 3485)] Elaborating instance edge_delay_ps0_on_n.
I: Verilog-0003: [C:/CPLD/pango/2_Tieta_Feiteng/Tieta_Feiteng_1001_PGC7KD69MBG400/rtl/source/common/edge_delay.v(line number: 24)] Elaborating module edge_delay.
I: Module instance {Tieta_Feiteng_1001_top/edge_delay_ps0_on_n} parameter value:
    CNTR_NBITS = 32'h2 | 32'd2 | 32'b00000000000000000000000000000010
    DEF_OUTPUT = 1'h1 | 1'd1 | 1'b1
    DELAY_MODE = 1'h0 | 1'd0 | 1'b0
I: Verilog-0004: [C:/CPLD/pango/2_Tieta_Feiteng/Tieta_Feiteng_1001_PGC7KD69MBG400/rtl/source/Tieta_Feiteng_1001_top.v(line number: 3494)] Elaborating instance edge_delay_ps1_on_n.
I: Verilog-0003: [C:/CPLD/pango/2_Tieta_Feiteng/Tieta_Feiteng_1001_PGC7KD69MBG400/rtl/source/common/edge_delay.v(line number: 24)] Elaborating module edge_delay.
I: Module instance {Tieta_Feiteng_1001_top/edge_delay_ps1_on_n} parameter value:
    CNTR_NBITS = 32'h2 | 32'd2 | 32'b00000000000000000000000000000010
    DEF_OUTPUT = 1'h1 | 1'd1 | 1'b1
    DELAY_MODE = 1'h0 | 1'd0 | 1'b0
I: Verilog-0004: [C:/CPLD/pango/2_Tieta_Feiteng/Tieta_Feiteng_1001_PGC7KD69MBG400/rtl/source/Tieta_Feiteng_1001_top.v(line number: 3766)] Elaborating instance pwrcap_inst.
I: Verilog-0003: [C:/CPLD/pango/2_Tieta_Feiteng/Tieta_Feiteng_1001_PGC7KD69MBG400/rtl/source/pwrseq/pwrcap.v(line number: 25)] Elaborating module pwrcap.
I: Module instance {Tieta_Feiteng_1001_top/pwrcap_inst} parameter value:
    NUMBER_OF_PSU = 32'h2 | 32'd2 | 32'b00000000000000000000000000000010
    NUMBER_OF_CHANNEL = 32'h4 | 32'd4 | 32'b00000000000000000000000000000100
    NUMBER_OF_CPUS = 32'h2 | 32'd2 | 32'b00000000000000000000000000000010
I: Verilog-0004: [C:/CPLD/pango/2_Tieta_Feiteng/Tieta_Feiteng_1001_PGC7KD69MBG400/rtl/source/pwrseq/pwrcap.v(line number: 166)] Elaborating instance pwrcap_pwrbtn_led_inst.
I: Verilog-0003: [C:/CPLD/pango/2_Tieta_Feiteng/Tieta_Feiteng_1001_PGC7KD69MBG400/rtl/source/common/pwrcap_pwrbtn_led.v(line number: 23)] Elaborating module pwrcap_pwrbtn_led.
I: Verilog-0004: [C:/CPLD/pango/2_Tieta_Feiteng/Tieta_Feiteng_1001_PGC7KD69MBG400/rtl/source/pwrseq/pwrcap.v(line number: 196)] Elaborating instance ps_ebrake_dct.
I: Verilog-0003: [C:/CPLD/pango/2_Tieta_Feiteng/Tieta_Feiteng_1001_PGC7KD69MBG400/rtl/source/common/edge_sync.v(line number: 19)] Elaborating module edge_sync.
I: Module instance {Tieta_Feiteng_1001_top/pwrcap_inst/inst[0].ps_ebrake_dct} parameter value:
    BUFFER_WIDTH = 1'h1 | 1'd1 | 1'b1
I: Verilog-0004: [C:/CPLD/pango/2_Tieta_Feiteng/Tieta_Feiteng_1001_PGC7KD69MBG400/rtl/source/pwrseq/pwrcap.v(line number: 196)] Elaborating instance ps_ebrake_dct.
I: Verilog-0003: [C:/CPLD/pango/2_Tieta_Feiteng/Tieta_Feiteng_1001_PGC7KD69MBG400/rtl/source/common/edge_sync.v(line number: 19)] Elaborating module edge_sync.
I: Module instance {Tieta_Feiteng_1001_top/pwrcap_inst/inst[1].ps_ebrake_dct} parameter value:
    BUFFER_WIDTH = 1'h1 | 1'd1 | 1'b1
I: Verilog-0004: [C:/CPLD/pango/2_Tieta_Feiteng/Tieta_Feiteng_1001_PGC7KD69MBG400/rtl/source/Tieta_Feiteng_1001_top.v(line number: 3802)] Elaborating instance thermal_inst.
I: Verilog-0003: [C:/CPLD/pango/2_Tieta_Feiteng/Tieta_Feiteng_1001_PGC7KD69MBG400/rtl/source/common/thermal.v(line number: 18)] Elaborating module thermal.
I: Verilog-0004: [C:/CPLD/pango/2_Tieta_Feiteng/Tieta_Feiteng_1001_PGC7KD69MBG400/rtl/source/common/thermal.v(line number: 135)] Elaborating instance cpu_thermtrip_delay_inst.
I: Verilog-0003: [C:/CPLD/pango/2_Tieta_Feiteng/Tieta_Feiteng_1001_PGC7KD69MBG400/rtl/source/common/delay_timer.v(line number: 26)] Elaborating module delay_timer.
I: Module instance {Tieta_Feiteng_1001_top/thermal_inst/cpu_thermtrip_delay_timer[0].cpu_thermtrip_delay_inst} parameter value:
    CNT_SIZE = 32'h5 | 32'd5 | 32'b00000000000000000000000000000101
I: Verilog-0004: [C:/CPLD/pango/2_Tieta_Feiteng/Tieta_Feiteng_1001_PGC7KD69MBG400/rtl/source/common/thermal.v(line number: 135)] Elaborating instance cpu_thermtrip_delay_inst.
I: Verilog-0003: [C:/CPLD/pango/2_Tieta_Feiteng/Tieta_Feiteng_1001_PGC7KD69MBG400/rtl/source/common/delay_timer.v(line number: 26)] Elaborating module delay_timer.
I: Module instance {Tieta_Feiteng_1001_top/thermal_inst/cpu_thermtrip_delay_timer[1].cpu_thermtrip_delay_inst} parameter value:
    CNT_SIZE = 32'h5 | 32'd5 | 32'b00000000000000000000000000000101
I: Verilog-0004: [C:/CPLD/pango/2_Tieta_Feiteng/Tieta_Feiteng_1001_PGC7KD69MBG400/rtl/source/Tieta_Feiteng_1001_top.v(line number: 3843)] Elaborating instance system_reset_inst.
I: Verilog-0003: [C:/CPLD/pango/2_Tieta_Feiteng/Tieta_Feiteng_1001_PGC7KD69MBG400/rtl/source/common/system_reset.v(line number: 15)] Elaborating module system_reset.
I: Module instance {Tieta_Feiteng_1001_top/system_reset_inst} parameter value:
    PEAVEY_SUPPORT = 1'h1 | 1'd1 | 1'b1
    MAX_HSB_EVENTS_PER_RESET = 32'h14 | 32'd20 | 32'b00000000000000000000000000010100
    MAX_HSB_RST_ATTEMPT = 32'h4 | 32'd4 | 32'b00000000000000000000000000000100
    NUM_CPU = 32'h2 | 32'd2 | 32'b00000000000000000000000000000010
    NUM_IO = 32'h1 | 32'd1 | 32'b00000000000000000000000000000001
I: Verilog-0004: [C:/CPLD/pango/2_Tieta_Feiteng/Tieta_Feiteng_1001_PGC7KD69MBG400/rtl/source/Tieta_Feiteng_1001_top.v(line number: 3908)] Elaborating instance led_blink_code_inst.
I: Verilog-0003: [C:/CPLD/pango/2_Tieta_Feiteng/Tieta_Feiteng_1001_PGC7KD69MBG400/rtl/source/common/led_blink_code.v(line number: 35)] Elaborating module led_blink_code.
I: Module instance {Tieta_Feiteng_1001_top/led_blink_code_inst} parameter value:
    OFF_SECS = 32'h1 | 32'd1 | 32'b00000000000000000000000000000001
    MAX_NUMBER_OF_BLINKS = 32'h9 | 32'd9 | 32'b00000000000000000000000000001001
    CLASS_SIZE = 32'h8 | 32'd8 | 32'b00000000000000000000000000001000
I: Verilog-0004: [C:/CPLD/pango/2_Tieta_Feiteng/Tieta_Feiteng_1001_PGC7KD69MBG400/rtl/source/Tieta_Feiteng_1001_top.v(line number: 3932)] Elaborating instance post_leds_inst.
I: Verilog-0003: [C:/CPLD/pango/2_Tieta_Feiteng/Tieta_Feiteng_1001_PGC7KD69MBG400/rtl/source/common/post_leds.v(line number: 21)] Elaborating module post_leds.
I: Module instance {Tieta_Feiteng_1001_top/post_leds_inst} parameter value:
    MULTI_PALS = 32'h2 | 32'd2 | 32'b00000000000000000000000000000010
    PAL_VER_BITS = 32'h30 | 32'd48 | 32'b00000000000000000000000000110000
I: Verilog-0004: [C:/CPLD/pango/2_Tieta_Feiteng/Tieta_Feiteng_1001_PGC7KD69MBG400/rtl/source/Tieta_Feiteng_1001_top.v(line number: 4439)] Elaborating instance Edge_Detect_u3.
I: Verilog-0003: [C:/CPLD/pango/2_Tieta_Feiteng/Tieta_Feiteng_1001_PGC7KD69MBG400/rtl/source/common/Edge_Detect1.v(line number: 4)] Elaborating module Edge_Detect1.
I: Verilog-0004: [C:/CPLD/pango/2_Tieta_Feiteng/Tieta_Feiteng_1001_PGC7KD69MBG400/rtl/source/Tieta_Feiteng_1001_top.v(line number: 3284)] Elaborating instance fan_pwm_tach_m.
I: Verilog-0003: [C:/CPLD/pango/2_Tieta_Feiteng/Tieta_Feiteng_1001_PGC7KD69MBG400/rtl/source/fan_ctrl/fan_pwm_tach.v(line number: 11)] Elaborating module fan_pwm_tach.
I: Verilog-0004: [C:/CPLD/pango/2_Tieta_Feiteng/Tieta_Feiteng_1001_PGC7KD69MBG400/rtl/source/fan_ctrl/fan_pwm_tach.v(line number: 93)] Elaborating instance Edge_Detect_u0.
I: Verilog-0003: [C:/CPLD/pango/2_Tieta_Feiteng/Tieta_Feiteng_1001_PGC7KD69MBG400/rtl/source/common/edge_detect.v(line number: 4)] Elaborating module Edge_Detect.
I: Verilog-0004: [C:/CPLD/pango/2_Tieta_Feiteng/Tieta_Feiteng_1001_PGC7KD69MBG400/rtl/source/fan_ctrl/fan_pwm_tach.v(line number: 106)] Elaborating instance fan_pwm_cnt_u0.
I: Verilog-0003: [C:/CPLD/pango/2_Tieta_Feiteng/Tieta_Feiteng_1001_PGC7KD69MBG400/rtl/source/fan_ctrl/fan_counter.v(line number: 24)] Elaborating module fan_counter.
I: Module instance {Tieta_Feiteng_1001_top/genblk1[0].fan_pwm_tach_m/fan_pwm_cnt_u0} parameter value:
    WIDTH = 32'h8 | 32'd8 | 32'b00000000000000000000000000001000
    MAX_VALUE = 32'hFF | 32'd255 | 32'b00000000000000000000000011111111
I: Verilog-0004: [C:/CPLD/pango/2_Tieta_Feiteng/Tieta_Feiteng_1001_PGC7KD69MBG400/rtl/source/fan_ctrl/fan_pwm_tach.v(line number: 133)] Elaborating instance Edge_Detect_u1.
I: Verilog-0003: [C:/CPLD/pango/2_Tieta_Feiteng/Tieta_Feiteng_1001_PGC7KD69MBG400/rtl/source/common/edge_detect.v(line number: 4)] Elaborating module Edge_Detect.
I: Verilog-0004: [C:/CPLD/pango/2_Tieta_Feiteng/Tieta_Feiteng_1001_PGC7KD69MBG400/rtl/source/fan_ctrl/fan_pwm_tach.v(line number: 144)] Elaborating instance Edge_Detect_u2.
I: Verilog-0003: [C:/CPLD/pango/2_Tieta_Feiteng/Tieta_Feiteng_1001_PGC7KD69MBG400/rtl/source/common/edge_detect.v(line number: 4)] Elaborating module Edge_Detect.
I: Verilog-0004: [C:/CPLD/pango/2_Tieta_Feiteng/Tieta_Feiteng_1001_PGC7KD69MBG400/rtl/source/fan_ctrl/fan_pwm_tach.v(line number: 158)] Elaborating instance fan_pwm_cnt_u1.
I: Verilog-0003: [C:/CPLD/pango/2_Tieta_Feiteng/Tieta_Feiteng_1001_PGC7KD69MBG400/rtl/source/fan_ctrl/fan_counter.v(line number: 24)] Elaborating module fan_counter.
I: Module instance {Tieta_Feiteng_1001_top/genblk1[0].fan_pwm_tach_m/fan_pwm_cnt_u1} parameter value:
    WIDTH = 32'hB | 32'd11 | 32'b00000000000000000000000000001011
    MAX_VALUE = 32'h3B6 | 32'd950 | 32'b00000000000000000000001110110110
I: Verilog-0004: [C:/CPLD/pango/2_Tieta_Feiteng/Tieta_Feiteng_1001_PGC7KD69MBG400/rtl/source/fan_ctrl/fan_pwm_tach.v(line number: 168)] Elaborating instance Edge_Detect_u3.
I: Verilog-0003: [C:/CPLD/pango/2_Tieta_Feiteng/Tieta_Feiteng_1001_PGC7KD69MBG400/rtl/source/common/edge_detect.v(line number: 4)] Elaborating module Edge_Detect.
I: Verilog-0004: [C:/CPLD/pango/2_Tieta_Feiteng/Tieta_Feiteng_1001_PGC7KD69MBG400/rtl/source/fan_ctrl/fan_pwm_tach.v(line number: 181)] Elaborating instance fan_pwm_cnt_u2.
I: Verilog-0003: [C:/CPLD/pango/2_Tieta_Feiteng/Tieta_Feiteng_1001_PGC7KD69MBG400/rtl/source/fan_ctrl/fan_counter.v(line number: 24)] Elaborating module fan_counter.
I: Module instance {Tieta_Feiteng_1001_top/genblk1[0].fan_pwm_tach_m/fan_pwm_cnt_u2} parameter value:
    WIDTH = 32'hB | 32'd11 | 32'b00000000000000000000000000001011
    MAX_VALUE = 32'h3B6 | 32'd950 | 32'b00000000000000000000001110110110
I: Verilog-0004: [C:/CPLD/pango/2_Tieta_Feiteng/Tieta_Feiteng_1001_PGC7KD69MBG400/rtl/source/Tieta_Feiteng_1001_top.v(line number: 3284)] Elaborating instance fan_pwm_tach_m.
I: Verilog-0003: [C:/CPLD/pango/2_Tieta_Feiteng/Tieta_Feiteng_1001_PGC7KD69MBG400/rtl/source/fan_ctrl/fan_pwm_tach.v(line number: 11)] Elaborating module fan_pwm_tach.
I: Verilog-0004: [C:/CPLD/pango/2_Tieta_Feiteng/Tieta_Feiteng_1001_PGC7KD69MBG400/rtl/source/Tieta_Feiteng_1001_top.v(line number: 3284)] Elaborating instance fan_pwm_tach_m.
I: Verilog-0003: [C:/CPLD/pango/2_Tieta_Feiteng/Tieta_Feiteng_1001_PGC7KD69MBG400/rtl/source/fan_ctrl/fan_pwm_tach.v(line number: 11)] Elaborating module fan_pwm_tach.
W: Verilog-2044: [C:/CPLD/pango/2_Tieta_Feiteng/Tieta_Feiteng_1001_PGC7KD69MBG400/rtl/source/Tieta_Feiteng_1001_top.v(line number: 3293)] Index 4 of 'w_fan_tach_reg' is out of range.
W: Verilog-2044: [C:/CPLD/pango/2_Tieta_Feiteng/Tieta_Feiteng_1001_PGC7KD69MBG400/rtl/source/Tieta_Feiteng_1001_top.v(line number: 3294)] Index 5 of 'w_fan_tach_reg' is out of range.
W: Verilog-2044: [C:/CPLD/pango/2_Tieta_Feiteng/Tieta_Feiteng_1001_PGC7KD69MBG400/rtl/source/Tieta_Feiteng_1001_top.v(line number: 3295)] Index 4 of 'w_fan_tach_real' is out of range.
W: Verilog-2044: [C:/CPLD/pango/2_Tieta_Feiteng/Tieta_Feiteng_1001_PGC7KD69MBG400/rtl/source/Tieta_Feiteng_1001_top.v(line number: 3296)] Index 5 of 'w_fan_tach_real' is out of range.
I: Verilog-0004: [C:/CPLD/pango/2_Tieta_Feiteng/Tieta_Feiteng_1001_PGC7KD69MBG400/rtl/source/Tieta_Feiteng_1001_top.v(line number: 3284)] Elaborating instance fan_pwm_tach_m.
I: Verilog-0003: [C:/CPLD/pango/2_Tieta_Feiteng/Tieta_Feiteng_1001_PGC7KD69MBG400/rtl/source/fan_ctrl/fan_pwm_tach.v(line number: 11)] Elaborating module fan_pwm_tach.
W: Verilog-2044: [C:/CPLD/pango/2_Tieta_Feiteng/Tieta_Feiteng_1001_PGC7KD69MBG400/rtl/source/Tieta_Feiteng_1001_top.v(line number: 3293)] Index 6 of 'w_fan_tach_reg' is out of range.
W: Verilog-2044: [C:/CPLD/pango/2_Tieta_Feiteng/Tieta_Feiteng_1001_PGC7KD69MBG400/rtl/source/Tieta_Feiteng_1001_top.v(line number: 3294)] Index 7 of 'w_fan_tach_reg' is out of range.
W: Verilog-2044: [C:/CPLD/pango/2_Tieta_Feiteng/Tieta_Feiteng_1001_PGC7KD69MBG400/rtl/source/Tieta_Feiteng_1001_top.v(line number: 3295)] Index 6 of 'w_fan_tach_real' is out of range.
W: Verilog-2044: [C:/CPLD/pango/2_Tieta_Feiteng/Tieta_Feiteng_1001_PGC7KD69MBG400/rtl/source/Tieta_Feiteng_1001_top.v(line number: 3296)] Index 7 of 'w_fan_tach_real' is out of range.
I: Verilog-0004: [C:/CPLD/pango/2_Tieta_Feiteng/Tieta_Feiteng_1001_PGC7KD69MBG400/rtl/source/Tieta_Feiteng_1001_top.v(line number: 3614)] Elaborating instance uart_master_u1.
I: Verilog-0003: [C:/CPLD/pango/2_Tieta_Feiteng/Tieta_Feiteng_1001_PGC7KD69MBG400/rtl/source/communication/uart_master.v(line number: 25)] Elaborating module UART_MASTER.
I: Module instance {Tieta_Feiteng_1001_top/uart_master_u1} parameter value:
    NBIT_IN = 32'h10 | 32'd16 | 32'b00000000000000000000000000010000
    NBIT_OUT = 32'h10 | 32'd16 | 32'b00000000000000000000000000010000
    BPS_COUNT_NUM = 32'h30 | 32'd48 | 32'b00000000000000000000000000110000
    DEF_OUTPUT = 1'h0 | 1'd0 | 1'b0
    START_COUNT_NUM = 32'h18 | 32'd24 | 32'b00000000000000000000000000011000
I: Verilog-0004: [C:/CPLD/pango/2_Tieta_Feiteng/Tieta_Feiteng_1001_PGC7KD69MBG400/rtl/source/Tieta_Feiteng_1001_top.v(line number: 3632)] Elaborating instance uart_master_u2.
I: Verilog-0003: [C:/CPLD/pango/2_Tieta_Feiteng/Tieta_Feiteng_1001_PGC7KD69MBG400/rtl/source/communication/uart_master.v(line number: 25)] Elaborating module UART_MASTER.
I: Module instance {Tieta_Feiteng_1001_top/uart_master_u2} parameter value:
    NBIT_IN = 32'h10 | 32'd16 | 32'b00000000000000000000000000010000
    NBIT_OUT = 32'h10 | 32'd16 | 32'b00000000000000000000000000010000
    BPS_COUNT_NUM = 32'h30 | 32'd48 | 32'b00000000000000000000000000110000
    DEF_OUTPUT = 1'h0 | 1'd0 | 1'b0
    START_COUNT_NUM = 32'h18 | 32'd24 | 32'b00000000000000000000000000011000
I: Verilog-0004: [C:/CPLD/pango/2_Tieta_Feiteng/Tieta_Feiteng_1001_PGC7KD69MBG400/rtl/source/Tieta_Feiteng_1001_top.v(line number: 4197)] Elaborating instance bmc_cpld_i2c_ram_u0.
I: Verilog-0003: [C:/CPLD/pango/2_Tieta_Feiteng/Tieta_Feiteng_1001_PGC7KD69MBG400/rtl/source/i2c/bmc_cpld_i2c_ram.v(line number: 3)] Elaborating module bmc_cpld_i2c_ram.
I: Module instance {Tieta_Feiteng_1001_top/bmc_cpld_i2c_ram_u0} parameter value:
    DLY_LEN = 32'h10 | 32'd16 | 32'b00000000000000000000000000010000
I: Verilog-0004: [C:/CPLD/pango/2_Tieta_Feiteng/Tieta_Feiteng_1001_PGC7KD69MBG400/rtl/source/i2c/bmc_cpld_i2c_ram.v(line number: 1573)] Elaborating instance i2c_slave_bmc_u0.
I: Verilog-0003: [C:/CPLD/pango/2_Tieta_Feiteng/Tieta_Feiteng_1001_PGC7KD69MBG400/rtl/source/i2c/i2c_slave_bmc.v(line number: 9)] Elaborating module i2c_slave_bmc.
I: Module instance {Tieta_Feiteng_1001_top/bmc_cpld_i2c_ram_u0/i2c_slave_bmc_u0} parameter value:
    DLY_LEN = 32'h10 | 32'd16 | 32'b00000000000000000000000000010000
I: Verilog-0004: [C:/CPLD/pango/2_Tieta_Feiteng/Tieta_Feiteng_1001_PGC7KD69MBG400/rtl/source/i2c/i2c_slave_bmc.v(line number: 73)] Elaborating instance i2c_slave_basic0_u0.
I: Verilog-0003: [C:/CPLD/pango/2_Tieta_Feiteng/Tieta_Feiteng_1001_PGC7KD69MBG400/rtl/source/i2c/i2c_slave_basic0.v(line number: 8)] Elaborating module i2c_slave_basic0.
I: Module instance {Tieta_Feiteng_1001_top/bmc_cpld_i2c_ram_u0/i2c_slave_bmc_u0/i2c_slave_basic0_u0} parameter value:
    TOTAL_STAGES = 32'h3 | 32'd3 | 32'b00000000000000000000000000000011
    DLY_LEN = 32'h10 | 32'd16 | 32'b00000000000000000000000000010000
W: Verilog-2024: [C:/CPLD/pango/2_Tieta_Feiteng/Tieta_Feiteng_1001_PGC7KD69MBG400/rtl/source/i2c/bmc_cpld_i2c_ram.v(line number: 3)] Assign a tri-state buf to drive the floating output port o_pwm_bmc_fan0 in module bmc_cpld_i2c_ram.
W: Verilog-2024: [C:/CPLD/pango/2_Tieta_Feiteng/Tieta_Feiteng_1001_PGC7KD69MBG400/rtl/source/i2c/bmc_cpld_i2c_ram.v(line number: 3)] Assign a tri-state buf to drive the floating output port o_pwm_bmc_fan1 in module bmc_cpld_i2c_ram.
W: Verilog-2024: [C:/CPLD/pango/2_Tieta_Feiteng/Tieta_Feiteng_1001_PGC7KD69MBG400/rtl/source/i2c/bmc_cpld_i2c_ram.v(line number: 3)] Assign a tri-state buf to drive the floating output port o_pwm_bmc_fan2 in module bmc_cpld_i2c_ram.
W: Verilog-2024: [C:/CPLD/pango/2_Tieta_Feiteng/Tieta_Feiteng_1001_PGC7KD69MBG400/rtl/source/i2c/bmc_cpld_i2c_ram.v(line number: 3)] Assign a tri-state buf to drive the floating output port o_pwm_bmc_fan3 in module bmc_cpld_i2c_ram.
W: Verilog-2021: [C:/CPLD/pango/2_Tieta_Feiteng/Tieta_Feiteng_1001_PGC7KD69MBG400/rtl/source/i2c/bmc_cpld_i2c_ram.v(line number: 255)] Net w_ram_0001 in bmc_cpld_i2c_ram(original module bmc_cpld_i2c_ram) does not have a driver, tie it to 0.
W: Verilog-2021: [C:/CPLD/pango/2_Tieta_Feiteng/Tieta_Feiteng_1001_PGC7KD69MBG400/rtl/source/i2c/bmc_cpld_i2c_ram.v(line number: 278)] Net w_ram_0021 in bmc_cpld_i2c_ram(original module bmc_cpld_i2c_ram) does not have a driver, tie it to 0.
W: Verilog-2021: [C:/CPLD/pango/2_Tieta_Feiteng/Tieta_Feiteng_1001_PGC7KD69MBG400/rtl/source/i2c/bmc_cpld_i2c_ram.v(line number: 279)] Net w_ram_0022 in bmc_cpld_i2c_ram(original module bmc_cpld_i2c_ram) does not have a driver, tie it to 0.
W: Verilog-2021: [C:/CPLD/pango/2_Tieta_Feiteng/Tieta_Feiteng_1001_PGC7KD69MBG400/rtl/source/i2c/bmc_cpld_i2c_ram.v(line number: 280)] Net w_ram_0023 in bmc_cpld_i2c_ram(original module bmc_cpld_i2c_ram) does not have a driver, tie it to 0.
W: Verilog-2021: [C:/CPLD/pango/2_Tieta_Feiteng/Tieta_Feiteng_1001_PGC7KD69MBG400/rtl/source/i2c/bmc_cpld_i2c_ram.v(line number: 281)] Net w_ram_0024 in bmc_cpld_i2c_ram(original module bmc_cpld_i2c_ram) does not have a driver, tie it to 0.
W: Verilog-2021: [C:/CPLD/pango/2_Tieta_Feiteng/Tieta_Feiteng_1001_PGC7KD69MBG400/rtl/source/i2c/bmc_cpld_i2c_ram.v(line number: 282)] Net w_ram_0025 in bmc_cpld_i2c_ram(original module bmc_cpld_i2c_ram) does not have a driver, tie it to 0.
W: Verilog-2021: [C:/CPLD/pango/2_Tieta_Feiteng/Tieta_Feiteng_1001_PGC7KD69MBG400/rtl/source/i2c/bmc_cpld_i2c_ram.v(line number: 287)] Net w_ram_002A in bmc_cpld_i2c_ram(original module bmc_cpld_i2c_ram) does not have a driver, tie it to 0.
W: Verilog-2021: [C:/CPLD/pango/2_Tieta_Feiteng/Tieta_Feiteng_1001_PGC7KD69MBG400/rtl/source/i2c/bmc_cpld_i2c_ram.v(line number: 321)] Net w_ram_005A in bmc_cpld_i2c_ram(original module bmc_cpld_i2c_ram) does not have a driver, tie it to 0.
W: Verilog-2021: [C:/CPLD/pango/2_Tieta_Feiteng/Tieta_Feiteng_1001_PGC7KD69MBG400/rtl/source/i2c/bmc_cpld_i2c_ram.v(line number: 322)] Net w_ram_005B in bmc_cpld_i2c_ram(original module bmc_cpld_i2c_ram) does not have a driver, tie it to 0.
W: Verilog-2021: [C:/CPLD/pango/2_Tieta_Feiteng/Tieta_Feiteng_1001_PGC7KD69MBG400/rtl/source/i2c/bmc_cpld_i2c_ram.v(line number: 323)] Net w_ram_005C in bmc_cpld_i2c_ram(original module bmc_cpld_i2c_ram) does not have a driver, tie it to 0.
W: Verilog-2021: [C:/CPLD/pango/2_Tieta_Feiteng/Tieta_Feiteng_1001_PGC7KD69MBG400/rtl/source/i2c/bmc_cpld_i2c_ram.v(line number: 324)] Net w_ram_005D in bmc_cpld_i2c_ram(original module bmc_cpld_i2c_ram) does not have a driver, tie it to 0.
W: Verilog-2021: [C:/CPLD/pango/2_Tieta_Feiteng/Tieta_Feiteng_1001_PGC7KD69MBG400/rtl/source/i2c/bmc_cpld_i2c_ram.v(line number: 325)] Net w_ram_005E in bmc_cpld_i2c_ram(original module bmc_cpld_i2c_ram) does not have a driver, tie it to 0.
W: Verilog-2021: [C:/CPLD/pango/2_Tieta_Feiteng/Tieta_Feiteng_1001_PGC7KD69MBG400/rtl/source/i2c/bmc_cpld_i2c_ram.v(line number: 326)] Net w_ram_0062 in bmc_cpld_i2c_ram(original module bmc_cpld_i2c_ram) does not have a driver, tie it to 0.
W: Verilog-2021: [C:/CPLD/pango/2_Tieta_Feiteng/Tieta_Feiteng_1001_PGC7KD69MBG400/rtl/source/i2c/bmc_cpld_i2c_ram.v(line number: 327)] Net w_ram_0063 in bmc_cpld_i2c_ram(original module bmc_cpld_i2c_ram) does not have a driver, tie it to 0.
W: Verilog-2021: [C:/CPLD/pango/2_Tieta_Feiteng/Tieta_Feiteng_1001_PGC7KD69MBG400/rtl/source/i2c/bmc_cpld_i2c_ram.v(line number: 328)] Net w_ram_0064 in bmc_cpld_i2c_ram(original module bmc_cpld_i2c_ram) does not have a driver, tie it to 0.
W: Verilog-2021: [C:/CPLD/pango/2_Tieta_Feiteng/Tieta_Feiteng_1001_PGC7KD69MBG400/rtl/source/i2c/bmc_cpld_i2c_ram.v(line number: 329)] Net w_ram_0066 in bmc_cpld_i2c_ram(original module bmc_cpld_i2c_ram) does not have a driver, tie it to 0.
W: Verilog-2021: [C:/CPLD/pango/2_Tieta_Feiteng/Tieta_Feiteng_1001_PGC7KD69MBG400/rtl/source/i2c/bmc_cpld_i2c_ram.v(line number: 330)] Net w_ram_006B in bmc_cpld_i2c_ram(original module bmc_cpld_i2c_ram) does not have a driver, tie it to 0.
W: Verilog-2021: [C:/CPLD/pango/2_Tieta_Feiteng/Tieta_Feiteng_1001_PGC7KD69MBG400/rtl/source/i2c/bmc_cpld_i2c_ram.v(line number: 331)] Net w_ram_006C in bmc_cpld_i2c_ram(original module bmc_cpld_i2c_ram) does not have a driver, tie it to 0.
W: Verilog-2021: [C:/CPLD/pango/2_Tieta_Feiteng/Tieta_Feiteng_1001_PGC7KD69MBG400/rtl/source/i2c/bmc_cpld_i2c_ram.v(line number: 332)] Net w_ram_006D in bmc_cpld_i2c_ram(original module bmc_cpld_i2c_ram) does not have a driver, tie it to 0.
W: Verilog-2021: [C:/CPLD/pango/2_Tieta_Feiteng/Tieta_Feiteng_1001_PGC7KD69MBG400/rtl/source/i2c/bmc_cpld_i2c_ram.v(line number: 336)] Net w_ram_0073 in bmc_cpld_i2c_ram(original module bmc_cpld_i2c_ram) does not have a driver, tie it to 0.
W: Verilog-2021: [C:/CPLD/pango/2_Tieta_Feiteng/Tieta_Feiteng_1001_PGC7KD69MBG400/rtl/source/i2c/bmc_cpld_i2c_ram.v(line number: 341)] Net w_ram_0093 in bmc_cpld_i2c_ram(original module bmc_cpld_i2c_ram) does not have a driver, tie it to 0.
W: Verilog-2021: [C:/CPLD/pango/2_Tieta_Feiteng/Tieta_Feiteng_1001_PGC7KD69MBG400/rtl/source/i2c/bmc_cpld_i2c_ram.v(line number: 342)] Net w_ram_009C in bmc_cpld_i2c_ram(original module bmc_cpld_i2c_ram) does not have a driver, tie it to 0.
W: Verilog-2021: [C:/CPLD/pango/2_Tieta_Feiteng/Tieta_Feiteng_1001_PGC7KD69MBG400/rtl/source/i2c/bmc_cpld_i2c_ram.v(line number: 343)] Net w_ram_009D in bmc_cpld_i2c_ram(original module bmc_cpld_i2c_ram) does not have a driver, tie it to 0.
W: Verilog-2021: [C:/CPLD/pango/2_Tieta_Feiteng/Tieta_Feiteng_1001_PGC7KD69MBG400/rtl/source/i2c/bmc_cpld_i2c_ram.v(line number: 344)] Net w_ram_009E in bmc_cpld_i2c_ram(original module bmc_cpld_i2c_ram) does not have a driver, tie it to 0.
W: Verilog-2021: [C:/CPLD/pango/2_Tieta_Feiteng/Tieta_Feiteng_1001_PGC7KD69MBG400/rtl/source/i2c/bmc_cpld_i2c_ram.v(line number: 361)] Net w_ram_00B0 in bmc_cpld_i2c_ram(original module bmc_cpld_i2c_ram) does not have a driver, tie it to 0.
W: Verilog-2021: [C:/CPLD/pango/2_Tieta_Feiteng/Tieta_Feiteng_1001_PGC7KD69MBG400/rtl/source/i2c/bmc_cpld_i2c_ram.v(line number: 362)] Net w_ram_00C0 in bmc_cpld_i2c_ram(original module bmc_cpld_i2c_ram) does not have a driver, tie it to 0.
W: Verilog-2021: [C:/CPLD/pango/2_Tieta_Feiteng/Tieta_Feiteng_1001_PGC7KD69MBG400/rtl/source/i2c/bmc_cpld_i2c_ram.v(line number: 367)] Net w_ram_00E0 in bmc_cpld_i2c_ram(original module bmc_cpld_i2c_ram) does not have a driver, tie it to 0.
W: Verilog-2021: [C:/CPLD/pango/2_Tieta_Feiteng/Tieta_Feiteng_1001_PGC7KD69MBG400/rtl/source/i2c/bmc_cpld_i2c_ram.v(line number: 368)] Net w_ram_00F0 in bmc_cpld_i2c_ram(original module bmc_cpld_i2c_ram) does not have a driver, tie it to 0.
W: Verilog-2021: [C:/CPLD/pango/2_Tieta_Feiteng/Tieta_Feiteng_1001_PGC7KD69MBG400/rtl/source/i2c/bmc_cpld_i2c_ram.v(line number: 378)] Net w_ram_00FA in bmc_cpld_i2c_ram(original module bmc_cpld_i2c_ram) does not have a driver, tie it to 0.
W: Verilog-2021: [C:/CPLD/pango/2_Tieta_Feiteng/Tieta_Feiteng_1001_PGC7KD69MBG400/rtl/source/i2c/bmc_cpld_i2c_ram.v(line number: 384)] Net w_ram_0103 in bmc_cpld_i2c_ram(original module bmc_cpld_i2c_ram) does not have a driver, tie it to 0.
W: Verilog-2021: [C:/CPLD/pango/2_Tieta_Feiteng/Tieta_Feiteng_1001_PGC7KD69MBG400/rtl/source/i2c/bmc_cpld_i2c_ram.v(line number: 385)] Net w_ram_0104 in bmc_cpld_i2c_ram(original module bmc_cpld_i2c_ram) does not have a driver, tie it to 0.
W: Verilog-2021: [C:/CPLD/pango/2_Tieta_Feiteng/Tieta_Feiteng_1001_PGC7KD69MBG400/rtl/source/i2c/bmc_cpld_i2c_ram.v(line number: 386)] Net w_ram_0105 in bmc_cpld_i2c_ram(original module bmc_cpld_i2c_ram) does not have a driver, tie it to 0.
W: Verilog-2021: [C:/CPLD/pango/2_Tieta_Feiteng/Tieta_Feiteng_1001_PGC7KD69MBG400/rtl/source/i2c/bmc_cpld_i2c_ram.v(line number: 387)] Net w_ram_0110 in bmc_cpld_i2c_ram(original module bmc_cpld_i2c_ram) does not have a driver, tie it to 0.
W: Verilog-2021: [C:/CPLD/pango/2_Tieta_Feiteng/Tieta_Feiteng_1001_PGC7KD69MBG400/rtl/source/i2c/bmc_cpld_i2c_ram.v(line number: 388)] Net w_ram_0111 in bmc_cpld_i2c_ram(original module bmc_cpld_i2c_ram) does not have a driver, tie it to 0.
W: Verilog-2021: [C:/CPLD/pango/2_Tieta_Feiteng/Tieta_Feiteng_1001_PGC7KD69MBG400/rtl/source/i2c/bmc_cpld_i2c_ram.v(line number: 389)] Net w_ram_0120 in bmc_cpld_i2c_ram(original module bmc_cpld_i2c_ram) does not have a driver, tie it to 0.
W: Verilog-2021: [C:/CPLD/pango/2_Tieta_Feiteng/Tieta_Feiteng_1001_PGC7KD69MBG400/rtl/source/i2c/bmc_cpld_i2c_ram.v(line number: 390)] Net w_ram_0121 in bmc_cpld_i2c_ram(original module bmc_cpld_i2c_ram) does not have a driver, tie it to 0.
W: Verilog-2021: [C:/CPLD/pango/2_Tieta_Feiteng/Tieta_Feiteng_1001_PGC7KD69MBG400/rtl/source/i2c/bmc_cpld_i2c_ram.v(line number: 391)] Net w_ram_0260 in bmc_cpld_i2c_ram(original module bmc_cpld_i2c_ram) does not have a driver, tie it to 0.
W: Verilog-2021: [C:/CPLD/pango/2_Tieta_Feiteng/Tieta_Feiteng_1001_PGC7KD69MBG400/rtl/source/i2c/bmc_cpld_i2c_ram.v(line number: 392)] Net w_ram_0271 in bmc_cpld_i2c_ram(original module bmc_cpld_i2c_ram) does not have a driver, tie it to 0.
W: Verilog-2021: [C:/CPLD/pango/2_Tieta_Feiteng/Tieta_Feiteng_1001_PGC7KD69MBG400/rtl/source/i2c/bmc_cpld_i2c_ram.v(line number: 393)] Net w_ram_0290 in bmc_cpld_i2c_ram(original module bmc_cpld_i2c_ram) does not have a driver, tie it to 0.
W: Verilog-2021: [C:/CPLD/pango/2_Tieta_Feiteng/Tieta_Feiteng_1001_PGC7KD69MBG400/rtl/source/i2c/bmc_cpld_i2c_ram.v(line number: 394)] Net w_ram_0291 in bmc_cpld_i2c_ram(original module bmc_cpld_i2c_ram) does not have a driver, tie it to 0.
W: Verilog-2021: [C:/CPLD/pango/2_Tieta_Feiteng/Tieta_Feiteng_1001_PGC7KD69MBG400/rtl/source/i2c/bmc_cpld_i2c_ram.v(line number: 395)] Net w_ram_02A1 in bmc_cpld_i2c_ram(original module bmc_cpld_i2c_ram) does not have a driver, tie it to 0.
W: Verilog-2021: [C:/CPLD/pango/2_Tieta_Feiteng/Tieta_Feiteng_1001_PGC7KD69MBG400/rtl/source/i2c/bmc_cpld_i2c_ram.v(line number: 396)] Net w_ram_02A3 in bmc_cpld_i2c_ram(original module bmc_cpld_i2c_ram) does not have a driver, tie it to 0.
W: Verilog-2021: [C:/CPLD/pango/2_Tieta_Feiteng/Tieta_Feiteng_1001_PGC7KD69MBG400/rtl/source/i2c/bmc_cpld_i2c_ram.v(line number: 397)] Net w_ram_02A4 in bmc_cpld_i2c_ram(original module bmc_cpld_i2c_ram) does not have a driver, tie it to 0.
W: Verilog-2021: [C:/CPLD/pango/2_Tieta_Feiteng/Tieta_Feiteng_1001_PGC7KD69MBG400/rtl/source/i2c/bmc_cpld_i2c_ram.v(line number: 398)] Net w_ram_02A8 in bmc_cpld_i2c_ram(original module bmc_cpld_i2c_ram) does not have a driver, tie it to 0.
W: Verilog-2021: [C:/CPLD/pango/2_Tieta_Feiteng/Tieta_Feiteng_1001_PGC7KD69MBG400/rtl/source/i2c/bmc_cpld_i2c_ram.v(line number: 399)] Net w_ram_02AB in bmc_cpld_i2c_ram(original module bmc_cpld_i2c_ram) does not have a driver, tie it to 0.
W: Verilog-2021: [C:/CPLD/pango/2_Tieta_Feiteng/Tieta_Feiteng_1001_PGC7KD69MBG400/rtl/source/i2c/bmc_cpld_i2c_ram.v(line number: 400)] Net w_ram_02E0 in bmc_cpld_i2c_ram(original module bmc_cpld_i2c_ram) does not have a driver, tie it to 0.
W: Verilog-2021: [C:/CPLD/pango/2_Tieta_Feiteng/Tieta_Feiteng_1001_PGC7KD69MBG400/rtl/source/i2c/bmc_cpld_i2c_ram.v(line number: 401)] Net w_ram_02E8 in bmc_cpld_i2c_ram(original module bmc_cpld_i2c_ram) does not have a driver, tie it to 0.
W: Verilog-2021: [C:/CPLD/pango/2_Tieta_Feiteng/Tieta_Feiteng_1001_PGC7KD69MBG400/rtl/source/i2c/bmc_cpld_i2c_ram.v(line number: 402)] Net w_ram_0300 in bmc_cpld_i2c_ram(original module bmc_cpld_i2c_ram) does not have a driver, tie it to 0.
W: Verilog-2021: [C:/CPLD/pango/2_Tieta_Feiteng/Tieta_Feiteng_1001_PGC7KD69MBG400/rtl/source/i2c/bmc_cpld_i2c_ram.v(line number: 403)] Net w_ram_0310 in bmc_cpld_i2c_ram(original module bmc_cpld_i2c_ram) does not have a driver, tie it to 0.
W: Verilog-2021: [C:/CPLD/pango/2_Tieta_Feiteng/Tieta_Feiteng_1001_PGC7KD69MBG400/rtl/source/i2c/bmc_cpld_i2c_ram.v(line number: 404)] Net w_ram_0311 in bmc_cpld_i2c_ram(original module bmc_cpld_i2c_ram) does not have a driver, tie it to 0.
W: Verilog-2021: [C:/CPLD/pango/2_Tieta_Feiteng/Tieta_Feiteng_1001_PGC7KD69MBG400/rtl/source/i2c/bmc_cpld_i2c_ram.v(line number: 405)] Net w_ram_0312 in bmc_cpld_i2c_ram(original module bmc_cpld_i2c_ram) does not have a driver, tie it to 0.
W: Verilog-2021: [C:/CPLD/pango/2_Tieta_Feiteng/Tieta_Feiteng_1001_PGC7KD69MBG400/rtl/source/i2c/bmc_cpld_i2c_ram.v(line number: 406)] Net w_ram_03E0 in bmc_cpld_i2c_ram(original module bmc_cpld_i2c_ram) does not have a driver, tie it to 0.
W: Verilog-2021: [C:/CPLD/pango/2_Tieta_Feiteng/Tieta_Feiteng_1001_PGC7KD69MBG400/rtl/source/i2c/bmc_cpld_i2c_ram.v(line number: 407)] Net w_ram_03F0 in bmc_cpld_i2c_ram(original module bmc_cpld_i2c_ram) does not have a driver, tie it to 0.
W: Verilog-2021: [C:/CPLD/pango/2_Tieta_Feiteng/Tieta_Feiteng_1001_PGC7KD69MBG400/rtl/source/i2c/bmc_cpld_i2c_ram.v(line number: 408)] Net w_ram_0440 in bmc_cpld_i2c_ram(original module bmc_cpld_i2c_ram) does not have a driver, tie it to 0.
W: Verilog-2021: [C:/CPLD/pango/2_Tieta_Feiteng/Tieta_Feiteng_1001_PGC7KD69MBG400/rtl/source/i2c/bmc_cpld_i2c_ram.v(line number: 409)] Net w_ram_0460 in bmc_cpld_i2c_ram(original module bmc_cpld_i2c_ram) does not have a driver, tie it to 0.
W: Verilog-2021: [C:/CPLD/pango/2_Tieta_Feiteng/Tieta_Feiteng_1001_PGC7KD69MBG400/rtl/source/i2c/bmc_cpld_i2c_ram.v(line number: 410)] Net w_ram_0461 in bmc_cpld_i2c_ram(original module bmc_cpld_i2c_ram) does not have a driver, tie it to 0.
W: Verilog-2021: [C:/CPLD/pango/2_Tieta_Feiteng/Tieta_Feiteng_1001_PGC7KD69MBG400/rtl/source/i2c/bmc_cpld_i2c_ram.v(line number: 411)] Net w_ram_0470 in bmc_cpld_i2c_ram(original module bmc_cpld_i2c_ram) does not have a driver, tie it to 0.
W: Verilog-2021: [C:/CPLD/pango/2_Tieta_Feiteng/Tieta_Feiteng_1001_PGC7KD69MBG400/rtl/source/i2c/bmc_cpld_i2c_ram.v(line number: 412)] Net w_ram_0471 in bmc_cpld_i2c_ram(original module bmc_cpld_i2c_ram) does not have a driver, tie it to 0.
W: Verilog-2021: [C:/CPLD/pango/2_Tieta_Feiteng/Tieta_Feiteng_1001_PGC7KD69MBG400/rtl/source/i2c/bmc_cpld_i2c_ram.v(line number: 413)] Net w_ram_04B0 in bmc_cpld_i2c_ram(original module bmc_cpld_i2c_ram) does not have a driver, tie it to 0.
W: Verilog-2021: [C:/CPLD/pango/2_Tieta_Feiteng/Tieta_Feiteng_1001_PGC7KD69MBG400/rtl/source/i2c/bmc_cpld_i2c_ram.v(line number: 414)] Net w_ram_0560 in bmc_cpld_i2c_ram(original module bmc_cpld_i2c_ram) does not have a driver, tie it to 0.
W: Verilog-2021: [C:/CPLD/pango/2_Tieta_Feiteng/Tieta_Feiteng_1001_PGC7KD69MBG400/rtl/source/i2c/bmc_cpld_i2c_ram.v(line number: 415)] Net w_ram_05D0 in bmc_cpld_i2c_ram(original module bmc_cpld_i2c_ram) does not have a driver, tie it to 0.
W: Verilog-2021: [C:/CPLD/pango/2_Tieta_Feiteng/Tieta_Feiteng_1001_PGC7KD69MBG400/rtl/source/i2c/bmc_cpld_i2c_ram.v(line number: 416)] Net w_ram_0640 in bmc_cpld_i2c_ram(original module bmc_cpld_i2c_ram) does not have a driver, tie it to 0.
W: Verilog-2021: [C:/CPLD/pango/2_Tieta_Feiteng/Tieta_Feiteng_1001_PGC7KD69MBG400/rtl/source/i2c/bmc_cpld_i2c_ram.v(line number: 486)] Net r_reg_00D1 in bmc_cpld_i2c_ram(original module bmc_cpld_i2c_ram) does not have a driver, tie it to 0.
W: Verilog-2021: [C:/CPLD/pango/2_Tieta_Feiteng/Tieta_Feiteng_1001_PGC7KD69MBG400/rtl/source/i2c/bmc_cpld_i2c_ram.v(line number: 487)] Net r_reg_00D2 in bmc_cpld_i2c_ram(original module bmc_cpld_i2c_ram) does not have a driver, tie it to 0.
W: Verilog-2021: [C:/CPLD/pango/2_Tieta_Feiteng/Tieta_Feiteng_1001_PGC7KD69MBG400/rtl/source/i2c/bmc_cpld_i2c_ram.v(line number: 489)] Net r_reg_00D4 in bmc_cpld_i2c_ram(original module bmc_cpld_i2c_ram) does not have a driver, tie it to 0.
W: Verilog-2021: [C:/CPLD/pango/2_Tieta_Feiteng/Tieta_Feiteng_1001_PGC7KD69MBG400/rtl/source/i2c/bmc_cpld_i2c_ram.v(line number: 492)] Net r_reg_0101 in bmc_cpld_i2c_ram(original module bmc_cpld_i2c_ram) does not have a driver, tie it to 0.
W: Verilog-2021: [C:/CPLD/pango/2_Tieta_Feiteng/Tieta_Feiteng_1001_PGC7KD69MBG400/rtl/source/i2c/bmc_cpld_i2c_ram.v(line number: 493)] Net r_reg_0102 in bmc_cpld_i2c_ram(original module bmc_cpld_i2c_ram) does not have a driver, tie it to 0.
W: Verilog-2021: [C:/CPLD/pango/2_Tieta_Feiteng/Tieta_Feiteng_1001_PGC7KD69MBG400/rtl/source/i2c/bmc_cpld_i2c_ram.v(line number: 496)] Net r_reg_0130 in bmc_cpld_i2c_ram(original module bmc_cpld_i2c_ram) does not have a driver, tie it to 0.
W: Verilog-2021: [C:/CPLD/pango/2_Tieta_Feiteng/Tieta_Feiteng_1001_PGC7KD69MBG400/rtl/source/i2c/bmc_cpld_i2c_ram.v(line number: 498)] Net r_reg_0141 in bmc_cpld_i2c_ram(original module bmc_cpld_i2c_ram) does not have a driver, tie it to 0.
W: Verilog-2021: [C:/CPLD/pango/2_Tieta_Feiteng/Tieta_Feiteng_1001_PGC7KD69MBG400/rtl/source/i2c/bmc_cpld_i2c_ram.v(line number: 499)] Net r_reg_0142 in bmc_cpld_i2c_ram(original module bmc_cpld_i2c_ram) does not have a driver, tie it to 0.
W: Verilog-2021: [C:/CPLD/pango/2_Tieta_Feiteng/Tieta_Feiteng_1001_PGC7KD69MBG400/rtl/source/i2c/bmc_cpld_i2c_ram.v(line number: 500)] Net r_reg_0143 in bmc_cpld_i2c_ram(original module bmc_cpld_i2c_ram) does not have a driver, tie it to 0.
W: Verilog-2021: [C:/CPLD/pango/2_Tieta_Feiteng/Tieta_Feiteng_1001_PGC7KD69MBG400/rtl/source/i2c/bmc_cpld_i2c_ram.v(line number: 501)] Net r_reg_0270 in bmc_cpld_i2c_ram(original module bmc_cpld_i2c_ram) does not have a driver, tie it to 0.
W: Verilog-2021: [C:/CPLD/pango/2_Tieta_Feiteng/Tieta_Feiteng_1001_PGC7KD69MBG400/rtl/source/i2c/bmc_cpld_i2c_ram.v(line number: 503)] Net r_reg_02A2 in bmc_cpld_i2c_ram(original module bmc_cpld_i2c_ram) does not have a driver, tie it to 0.
W: Verilog-2021: [C:/CPLD/pango/2_Tieta_Feiteng/Tieta_Feiteng_1001_PGC7KD69MBG400/rtl/source/i2c/bmc_cpld_i2c_ram.v(line number: 505)] Net r_reg_02A9 in bmc_cpld_i2c_ram(original module bmc_cpld_i2c_ram) does not have a driver, tie it to 0.
W: Verilog-2021: [C:/CPLD/pango/2_Tieta_Feiteng/Tieta_Feiteng_1001_PGC7KD69MBG400/rtl/source/i2c/bmc_cpld_i2c_ram.v(line number: 506)] Net r_reg_02C0 in bmc_cpld_i2c_ram(original module bmc_cpld_i2c_ram) does not have a driver, tie it to 0.
W: Verilog-2021: [C:/CPLD/pango/2_Tieta_Feiteng/Tieta_Feiteng_1001_PGC7KD69MBG400/rtl/source/i2c/bmc_cpld_i2c_ram.v(line number: 508)] Net r_reg_03A0 in bmc_cpld_i2c_ram(original module bmc_cpld_i2c_ram) does not have a driver, tie it to 0.
W: Verilog-2021: [C:/CPLD/pango/2_Tieta_Feiteng/Tieta_Feiteng_1001_PGC7KD69MBG400/rtl/source/i2c/bmc_cpld_i2c_ram.v(line number: 509)] Net r_reg_03A1 in bmc_cpld_i2c_ram(original module bmc_cpld_i2c_ram) does not have a driver, tie it to 0.
W: Verilog-2021: [C:/CPLD/pango/2_Tieta_Feiteng/Tieta_Feiteng_1001_PGC7KD69MBG400/rtl/source/i2c/bmc_cpld_i2c_ram.v(line number: 510)] Net r_reg_04D0 in bmc_cpld_i2c_ram(original module bmc_cpld_i2c_ram) does not have a driver, tie it to 0.
W: Verilog-2021: [C:/CPLD/pango/2_Tieta_Feiteng/Tieta_Feiteng_1001_PGC7KD69MBG400/rtl/source/i2c/bmc_cpld_i2c_ram.v(line number: 511)] Net r_reg_04D1 in bmc_cpld_i2c_ram(original module bmc_cpld_i2c_ram) does not have a driver, tie it to 0.
W: Verilog-2021: [C:/CPLD/pango/2_Tieta_Feiteng/Tieta_Feiteng_1001_PGC7KD69MBG400/rtl/source/i2c/bmc_cpld_i2c_ram.v(line number: 512)] Net r_reg_04D2 in bmc_cpld_i2c_ram(original module bmc_cpld_i2c_ram) does not have a driver, tie it to 0.
W: Verilog-2021: [C:/CPLD/pango/2_Tieta_Feiteng/Tieta_Feiteng_1001_PGC7KD69MBG400/rtl/source/i2c/bmc_cpld_i2c_ram.v(line number: 514)] Net r_reg_0641 in bmc_cpld_i2c_ram(original module bmc_cpld_i2c_ram) does not have a driver, tie it to 0.
W: Verilog-2021: [C:/CPLD/pango/2_Tieta_Feiteng/Tieta_Feiteng_1001_PGC7KD69MBG400/rtl/source/i2c/bmc_cpld_i2c_ram.v(line number: 515)] Net r_reg_0800 in bmc_cpld_i2c_ram(original module bmc_cpld_i2c_ram) does not have a driver, tie it to 0.
W: Verilog-2019: [C:/CPLD/pango/2_Tieta_Feiteng/Tieta_Feiteng_1001_PGC7KD69MBG400/rtl/source/Tieta_Feiteng_1001_top.v(line number: 4310)] Width mismatch between port 'o_bmc_ctr_fan_led_status' (8 bits) and port connection (4 bits) in module instance 'bmc_cpld_i2c_ram'.
W: Verilog-2024: [C:/CPLD/pango/2_Tieta_Feiteng/Tieta_Feiteng_1001_PGC7KD69MBG400/rtl/source/Tieta_Feiteng_1001_top.v(line number: 4)] Assign a tri-state buf to drive the floating output port o_CPLD_M_S_SGPIO1_CLK_R in module Tieta_Feiteng_1001_top.
W: Verilog-2024: [C:/CPLD/pango/2_Tieta_Feiteng/Tieta_Feiteng_1001_PGC7KD69MBG400/rtl/source/Tieta_Feiteng_1001_top.v(line number: 4)] Assign a tri-state buf to drive the floating output port o_CPLD_M_S_SGPIO1_LD_N_R in module Tieta_Feiteng_1001_top.
W: Verilog-2024: [C:/CPLD/pango/2_Tieta_Feiteng/Tieta_Feiteng_1001_PGC7KD69MBG400/rtl/source/Tieta_Feiteng_1001_top.v(line number: 4)] Assign a tri-state buf to drive the floating output port o_CPLD_M_S_SGPIO1_MOSI_R in module Tieta_Feiteng_1001_top.
W: Verilog-2024: [C:/CPLD/pango/2_Tieta_Feiteng/Tieta_Feiteng_1001_PGC7KD69MBG400/rtl/source/Tieta_Feiteng_1001_top.v(line number: 4)] Assign a tri-state buf to drive the floating output port o_CPU0_D1_SPI0_SCK in module Tieta_Feiteng_1001_top.
W: Verilog-2024: [C:/CPLD/pango/2_Tieta_Feiteng/Tieta_Feiteng_1001_PGC7KD69MBG400/rtl/source/Tieta_Feiteng_1001_top.v(line number: 4)] Assign a tri-state buf to drive the floating output port o_CPU0_D1_SPI0_CS in module Tieta_Feiteng_1001_top.
W: Verilog-2024: [C:/CPLD/pango/2_Tieta_Feiteng/Tieta_Feiteng_1001_PGC7KD69MBG400/rtl/source/Tieta_Feiteng_1001_top.v(line number: 4)] Assign a tri-state buf to drive the floating output port o_CPU0_D1_SPI0_MOSI in module Tieta_Feiteng_1001_top.
W: Verilog-2024: [C:/CPLD/pango/2_Tieta_Feiteng/Tieta_Feiteng_1001_PGC7KD69MBG400/rtl/source/Tieta_Feiteng_1001_top.v(line number: 4)] Assign a tri-state buf to drive the floating output port o_PAL_DPLL_GPIO0_R in module Tieta_Feiteng_1001_top.
W: Verilog-2024: [C:/CPLD/pango/2_Tieta_Feiteng/Tieta_Feiteng_1001_PGC7KD69MBG400/rtl/source/Tieta_Feiteng_1001_top.v(line number: 4)] Assign a tri-state buf to drive the floating output port o_PAL_DPLL_GPIO1_R in module Tieta_Feiteng_1001_top.
W: Verilog-2024: [C:/CPLD/pango/2_Tieta_Feiteng/Tieta_Feiteng_1001_PGC7KD69MBG400/rtl/source/Tieta_Feiteng_1001_top.v(line number: 4)] Assign a tri-state buf to drive the floating output port o_PAL_DPLL_INIT_R in module Tieta_Feiteng_1001_top.
W: Verilog-2024: [C:/CPLD/pango/2_Tieta_Feiteng/Tieta_Feiteng_1001_PGC7KD69MBG400/rtl/source/Tieta_Feiteng_1001_top.v(line number: 4)] Assign a tri-state buf to drive the floating output port o_PAL_DPLL_RESET_R in module Tieta_Feiteng_1001_top.
W: Verilog-2024: [C:/CPLD/pango/2_Tieta_Feiteng/Tieta_Feiteng_1001_PGC7KD69MBG400/rtl/source/Tieta_Feiteng_1001_top.v(line number: 4)] Assign a tri-state buf to drive the floating output port o_PAL_WX1860_NRST_R in module Tieta_Feiteng_1001_top.
W: Verilog-2024: [C:/CPLD/pango/2_Tieta_Feiteng/Tieta_Feiteng_1001_PGC7KD69MBG400/rtl/source/Tieta_Feiteng_1001_top.v(line number: 4)] Assign a tri-state buf to drive the floating output port o_PAL_WX1860_PERST_R in module Tieta_Feiteng_1001_top.
W: Verilog-2024: [C:/CPLD/pango/2_Tieta_Feiteng/Tieta_Feiteng_1001_PGC7KD69MBG400/rtl/source/Tieta_Feiteng_1001_top.v(line number: 4)] Assign a tri-state buf to drive the floating output port o_CPU0_D0123_SOCKET_ID_R in module Tieta_Feiteng_1001_top.
W: Verilog-2024: [C:/CPLD/pango/2_Tieta_Feiteng/Tieta_Feiteng_1001_PGC7KD69MBG400/rtl/source/Tieta_Feiteng_1001_top.v(line number: 4)] Assign a tri-state buf to drive the floating output port o_CPU1_D0123_SOCKET_ID_R in module Tieta_Feiteng_1001_top.
W: Verilog-2036: [C:/CPLD/pango/2_Tieta_Feiteng/Tieta_Feiteng_1001_PGC7KD69MBG400/rtl/source/Tieta_Feiteng_1001_top.v(line number: 2865)] The net keep_alive_on_fault that drives an input pin of module instance Tieta_Feiteng_1001_top.pwrseq_master_inst has no driver, tie the net to 0.
W: Verilog-2036: [C:/CPLD/pango/2_Tieta_Feiteng/Tieta_Feiteng_1001_PGC7KD69MBG400/rtl/source/Tieta_Feiteng_1001_top.v(line number: 3456)] The net xr_ps_enable that drives an input pin of module instance Tieta_Feiteng_1001_top.psu_inst has no driver, tie the net to 0.
W: Verilog-2036: [C:/CPLD/pango/2_Tieta_Feiteng/Tieta_Feiteng_1001_PGC7KD69MBG400/rtl/source/Tieta_Feiteng_1001_top.v(line number: 3766)] The net db_i_pal_p5v_pgd that drives an input pin of module instance Tieta_Feiteng_1001_top.pwrcap_inst has no driver, tie the net to 0.
W: Verilog-2036: [C:/CPLD/pango/2_Tieta_Feiteng/Tieta_Feiteng_1001_PGC7KD69MBG400/rtl/source/Tieta_Feiteng_1001_top.v(line number: 4197)] The net cpld_pwm_main_type that drives an input pin of module instance Tieta_Feiteng_1001_top.bmc_cpld_i2c_ram_u0 has no driver, tie the net to 0.
W: Verilog-2023: [C:/CPLD/pango/2_Tieta_Feiteng/Tieta_Feiteng_1001_PGC7KD69MBG400/rtl/source/Tieta_Feiteng_1001_top.v(line number: 4197)] Assign 0 to drive the floating input pin ocp2_fan_foo of module instance Tieta_Feiteng_1001_top.bmc_cpld_i2c_ram_u0.
W: Verilog-2023: [C:/CPLD/pango/2_Tieta_Feiteng/Tieta_Feiteng_1001_PGC7KD69MBG400/rtl/source/Tieta_Feiteng_1001_top.v(line number: 4197)] Assign 0 to drive the floating input pin ocp2_fan_prsnt of module instance Tieta_Feiteng_1001_top.bmc_cpld_i2c_ram_u0.
W: Verilog-2023: [C:/CPLD/pango/2_Tieta_Feiteng/Tieta_Feiteng_1001_PGC7KD69MBG400/rtl/source/Tieta_Feiteng_1001_top.v(line number: 4197)] Assign 0 to drive the floating input pin ocp1_fan_foo of module instance Tieta_Feiteng_1001_top.bmc_cpld_i2c_ram_u0.
W: Verilog-2023: [C:/CPLD/pango/2_Tieta_Feiteng/Tieta_Feiteng_1001_PGC7KD69MBG400/rtl/source/Tieta_Feiteng_1001_top.v(line number: 4197)] Assign 0 to drive the floating input pin ocp1_fan_prsnt of module instance Tieta_Feiteng_1001_top.bmc_cpld_i2c_ram_u0.
W: Verilog-2023: [C:/CPLD/pango/2_Tieta_Feiteng/Tieta_Feiteng_1001_PGC7KD69MBG400/rtl/source/Tieta_Feiteng_1001_top.v(line number: 4197)] Assign 0 to drive the floating input pin fan_prsnt of module instance Tieta_Feiteng_1001_top.bmc_cpld_i2c_ram_u0.
W: Verilog-2036: [C:/CPLD/pango/2_Tieta_Feiteng/Tieta_Feiteng_1001_PGC7KD69MBG400/rtl/source/Tieta_Feiteng_1001_top.v(line number: 4197)] The net i2c_ram_1058 that drives an input pin of module instance Tieta_Feiteng_1001_top.bmc_cpld_i2c_ram_u0 has no driver, tie the net to 0.
W: Verilog-2021: [C:/CPLD/pango/2_Tieta_Feiteng/Tieta_Feiteng_1001_PGC7KD69MBG400/rtl/source/Tieta_Feiteng_1001_top.v(line number: 810)] Net emc_alert_n in Tieta_Feiteng_1001_top(original module Tieta_Feiteng_1001_top) does not have a driver, tie it to 0.
W: Verilog-2021: [C:/CPLD/pango/2_Tieta_Feiteng/Tieta_Feiteng_1001_PGC7KD69MBG400/rtl/source/Tieta_Feiteng_1001_top.v(line number: 957)] Net vwire_cpu_rst_pcie in Tieta_Feiteng_1001_top(original module Tieta_Feiteng_1001_top) does not have a driver, tie it to 0.
W: Verilog-2021: [C:/CPLD/pango/2_Tieta_Feiteng/Tieta_Feiteng_1001_PGC7KD69MBG400/rtl/source/Tieta_Feiteng_1001_top.v(line number: 977)] Net emc_alert_mask in Tieta_Feiteng_1001_top(original module Tieta_Feiteng_1001_top) does not have a driver, tie it to 0.
W: Verilog-2021: [C:/CPLD/pango/2_Tieta_Feiteng/Tieta_Feiteng_1001_PGC7KD69MBG400/rtl/source/Tieta_Feiteng_1001_top.v(line number: 980)] Net riser1_emc_alert_mask in Tieta_Feiteng_1001_top(original module Tieta_Feiteng_1001_top) does not have a driver, tie it to 0.
W: Verilog-2021: [C:/CPLD/pango/2_Tieta_Feiteng/Tieta_Feiteng_1001_PGC7KD69MBG400/rtl/source/Tieta_Feiteng_1001_top.v(line number: 981)] Net riser2_emc_alert_mask in Tieta_Feiteng_1001_top(original module Tieta_Feiteng_1001_top) does not have a driver, tie it to 0.
W: Verilog-2021: [C:/CPLD/pango/2_Tieta_Feiteng/Tieta_Feiteng_1001_PGC7KD69MBG400/rtl/source/Tieta_Feiteng_1001_top.v(line number: 990)] Net ocp_temp_alert_mask in Tieta_Feiteng_1001_top(original module Tieta_Feiteng_1001_top) does not have a driver, tie it to 0.
W: Verilog-2020: [C:/CPLD/pango/2_Tieta_Feiteng/Tieta_Feiteng_1001_PGC7KD69MBG400/rtl/source/Tieta_Feiteng_1001_top.v(line number: 1038)] Net i2c_ram_1055[3] in Tieta_Feiteng_1001_top(original module Tieta_Feiteng_1001_top) does not have a driver, tie it to 0.
W: Verilog-2020: [C:/CPLD/pango/2_Tieta_Feiteng/Tieta_Feiteng_1001_PGC7KD69MBG400/rtl/source/Tieta_Feiteng_1001_top.v(line number: 1038)] Net i2c_ram_1055[4] in Tieta_Feiteng_1001_top(original module Tieta_Feiteng_1001_top) does not have a driver, tie it to 0.
W: Verilog-2020: [C:/CPLD/pango/2_Tieta_Feiteng/Tieta_Feiteng_1001_PGC7KD69MBG400/rtl/source/Tieta_Feiteng_1001_top.v(line number: 1038)] Net i2c_ram_1055[7] in Tieta_Feiteng_1001_top(original module Tieta_Feiteng_1001_top) does not have a driver, tie it to 0.
W: Verilog-2020: [C:/CPLD/pango/2_Tieta_Feiteng/Tieta_Feiteng_1001_PGC7KD69MBG400/rtl/source/Tieta_Feiteng_1001_top.v(line number: 1039)] Net i2c_ram_1056[6] in Tieta_Feiteng_1001_top(original module Tieta_Feiteng_1001_top) does not have a driver, tie it to 0.
W: Verilog-2020: [C:/CPLD/pango/2_Tieta_Feiteng/Tieta_Feiteng_1001_PGC7KD69MBG400/rtl/source/Tieta_Feiteng_1001_top.v(line number: 1039)] Net i2c_ram_1056[7] in Tieta_Feiteng_1001_top(original module Tieta_Feiteng_1001_top) does not have a driver, tie it to 0.
W: Verilog-2020: [C:/CPLD/pango/2_Tieta_Feiteng/Tieta_Feiteng_1001_PGC7KD69MBG400/rtl/source/Tieta_Feiteng_1001_top.v(line number: 1040)] Net i2c_ram_1057[0] in Tieta_Feiteng_1001_top(original module Tieta_Feiteng_1001_top) does not have a driver, tie it to 0.
W: Verilog-2021: [C:/CPLD/pango/2_Tieta_Feiteng/Tieta_Feiteng_1001_PGC7KD69MBG400/rtl/source/Tieta_Feiteng_1001_top.v(line number: 1080)] Net pfr_to_led in Tieta_Feiteng_1001_top(original module Tieta_Feiteng_1001_top) does not have a driver, tie it to 0.
W: Verilog-2021: [C:/CPLD/pango/2_Tieta_Feiteng/Tieta_Feiteng_1001_PGC7KD69MBG400/rtl/source/Tieta_Feiteng_1001_top.v(line number: 1232)] Net db_i_pal_usb_upd1_oci4b in Tieta_Feiteng_1001_top(original module Tieta_Feiteng_1001_top) does not have a driver, tie it to 0.
W: Verilog-2021: [C:/CPLD/pango/2_Tieta_Feiteng/Tieta_Feiteng_1001_PGC7KD69MBG400/rtl/source/Tieta_Feiteng_1001_top.v(line number: 1252)] Net pgd_p1v8_stby_dly32ms in Tieta_Feiteng_1001_top(original module Tieta_Feiteng_1001_top) does not have a driver, tie it to 0.
W: Verilog-2021: [C:/CPLD/pango/2_Tieta_Feiteng/Tieta_Feiteng_1001_PGC7KD69MBG400/rtl/source/Tieta_Feiteng_1001_top.v(line number: 1253)] Net pgd_p1v8_stby_dly30ms in Tieta_Feiteng_1001_top(original module Tieta_Feiteng_1001_top) does not have a driver, tie it to 0.
W: Verilog-2021: [C:/CPLD/pango/2_Tieta_Feiteng/Tieta_Feiteng_1001_PGC7KD69MBG400/rtl/source/Tieta_Feiteng_1001_top.v(line number: 1360)] Net AUX_BP_type in Tieta_Feiteng_1001_top(original module Tieta_Feiteng_1001_top) does not have a driver, tie it to 0.
W: Verilog-2021: [C:/CPLD/pango/2_Tieta_Feiteng/Tieta_Feiteng_1001_PGC7KD69MBG400/rtl/source/Tieta_Feiteng_1001_top.v(line number: 1361)] Net pcie_detect in Tieta_Feiteng_1001_top(original module Tieta_Feiteng_1001_top) does not have a driver, tie it to 0.
W: Verilog-2021: [C:/CPLD/pango/2_Tieta_Feiteng/Tieta_Feiteng_1001_PGC7KD69MBG400/rtl/source/Tieta_Feiteng_1001_top.v(line number: 1364)] Net o_mb_cb_prsnt_bmc in Tieta_Feiteng_1001_top(original module Tieta_Feiteng_1001_top) does not have a driver, tie it to 0.
W: Verilog-2020: [C:/CPLD/pango/2_Tieta_Feiteng/Tieta_Feiteng_1001_PGC7KD69MBG400/rtl/source/Tieta_Feiteng_1001_top.v(line number: 1365)] Net debug_reg_15[0] in Tieta_Feiteng_1001_top(original module Tieta_Feiteng_1001_top) does not have a driver, tie it to 0.
W: Verilog-2020: [C:/CPLD/pango/2_Tieta_Feiteng/Tieta_Feiteng_1001_PGC7KD69MBG400/rtl/source/Tieta_Feiteng_1001_top.v(line number: 1365)] Net debug_reg_15[1] in Tieta_Feiteng_1001_top(original module Tieta_Feiteng_1001_top) does not have a driver, tie it to 0.
W: Verilog-2020: [C:/CPLD/pango/2_Tieta_Feiteng/Tieta_Feiteng_1001_PGC7KD69MBG400/rtl/source/Tieta_Feiteng_1001_top.v(line number: 1365)] Net debug_reg_15[2] in Tieta_Feiteng_1001_top(original module Tieta_Feiteng_1001_top) does not have a driver, tie it to 0.
W: Verilog-2020: [C:/CPLD/pango/2_Tieta_Feiteng/Tieta_Feiteng_1001_PGC7KD69MBG400/rtl/source/Tieta_Feiteng_1001_top.v(line number: 1365)] Net debug_reg_15[3] in Tieta_Feiteng_1001_top(original module Tieta_Feiteng_1001_top) does not have a driver, tie it to 0.
W: Verilog-2020: [C:/CPLD/pango/2_Tieta_Feiteng/Tieta_Feiteng_1001_PGC7KD69MBG400/rtl/source/Tieta_Feiteng_1001_top.v(line number: 1365)] Net debug_reg_15[4] in Tieta_Feiteng_1001_top(original module Tieta_Feiteng_1001_top) does not have a driver, tie it to 0.
W: Verilog-2020: [C:/CPLD/pango/2_Tieta_Feiteng/Tieta_Feiteng_1001_PGC7KD69MBG400/rtl/source/Tieta_Feiteng_1001_top.v(line number: 1365)] Net debug_reg_15[5] in Tieta_Feiteng_1001_top(original module Tieta_Feiteng_1001_top) does not have a driver, tie it to 0.
W: Verilog-2020: [C:/CPLD/pango/2_Tieta_Feiteng/Tieta_Feiteng_1001_PGC7KD69MBG400/rtl/source/Tieta_Feiteng_1001_top.v(line number: 1365)] Net debug_reg_15[6] in Tieta_Feiteng_1001_top(original module Tieta_Feiteng_1001_top) does not have a driver, tie it to 0.
W: Verilog-2020: [C:/CPLD/pango/2_Tieta_Feiteng/Tieta_Feiteng_1001_PGC7KD69MBG400/rtl/source/Tieta_Feiteng_1001_top.v(line number: 1365)] Net debug_reg_15[7] in Tieta_Feiteng_1001_top(original module Tieta_Feiteng_1001_top) does not have a driver, tie it to 0.
W: Verilog-2020: [C:/CPLD/pango/2_Tieta_Feiteng/Tieta_Feiteng_1001_PGC7KD69MBG400/rtl/source/Tieta_Feiteng_1001_top.v(line number: 2198)] Net mcpld_to_scpld_p2s_data[32] in Tieta_Feiteng_1001_top(original module Tieta_Feiteng_1001_top) does not have a driver, tie it to 0.
W: Verilog-2020: [C:/CPLD/pango/2_Tieta_Feiteng/Tieta_Feiteng_1001_PGC7KD69MBG400/rtl/source/Tieta_Feiteng_1001_top.v(line number: 2198)] Net mcpld_to_scpld_p2s_data[219] in Tieta_Feiteng_1001_top(original module Tieta_Feiteng_1001_top) does not have a driver, tie it to 0.
W: Verilog-2020: [C:/CPLD/pango/2_Tieta_Feiteng/Tieta_Feiteng_1001_PGC7KD69MBG400/rtl/source/Tieta_Feiteng_1001_top.v(line number: 2198)] Net mcpld_to_scpld_p2s_data[220] in Tieta_Feiteng_1001_top(original module Tieta_Feiteng_1001_top) does not have a driver, tie it to 0.
W: Verilog-2020: [C:/CPLD/pango/2_Tieta_Feiteng/Tieta_Feiteng_1001_PGC7KD69MBG400/rtl/source/Tieta_Feiteng_1001_top.v(line number: 2198)] Net mcpld_to_scpld_p2s_data[221] in Tieta_Feiteng_1001_top(original module Tieta_Feiteng_1001_top) does not have a driver, tie it to 0.
W: Verilog-2021: [C:/CPLD/pango/2_Tieta_Feiteng/Tieta_Feiteng_1001_PGC7KD69MBG400/rtl/source/Tieta_Feiteng_1001_top.v(line number: 1731)] Net i_PAL_OCP1_FAN_PRSNT_N in Tieta_Feiteng_1001_top(original module Tieta_Feiteng_1001_top) does not have a driver, tie it to 0.
W: Verilog-2021: [C:/CPLD/pango/2_Tieta_Feiteng/Tieta_Feiteng_1001_PGC7KD69MBG400/rtl/source/Tieta_Feiteng_1001_top.v(line number: 1827)] Net i_PAL_CPU0_VR_PMALT_UPD in Tieta_Feiteng_1001_top(original module Tieta_Feiteng_1001_top) does not have a driver, tie it to 0.
W: Verilog-2021: [C:/CPLD/pango/2_Tieta_Feiteng/Tieta_Feiteng_1001_PGC7KD69MBG400/rtl/source/Tieta_Feiteng_1001_top.v(line number: 1828)] Net i_PAL_CPU1_VR_PMALT_UPD in Tieta_Feiteng_1001_top(original module Tieta_Feiteng_1001_top) does not have a driver, tie it to 0.
W: Verilog-2021: [C:/CPLD/pango/2_Tieta_Feiteng/Tieta_Feiteng_1001_PGC7KD69MBG400/rtl/source/Tieta_Feiteng_1001_top.v(line number: 1845)] Net ocp_pvt_act_p0_n in Tieta_Feiteng_1001_top(original module Tieta_Feiteng_1001_top) does not have a driver, tie it to 0.
W: Verilog-2021: [C:/CPLD/pango/2_Tieta_Feiteng/Tieta_Feiteng_1001_PGC7KD69MBG400/rtl/source/Tieta_Feiteng_1001_top.v(line number: 1846)] Net ocp_pvt_act_p1_n in Tieta_Feiteng_1001_top(original module Tieta_Feiteng_1001_top) does not have a driver, tie it to 0.
W: Verilog-2021: [C:/CPLD/pango/2_Tieta_Feiteng/Tieta_Feiteng_1001_PGC7KD69MBG400/rtl/source/Tieta_Feiteng_1001_top.v(line number: 1847)] Net ocp_pvt_act_p2_n in Tieta_Feiteng_1001_top(original module Tieta_Feiteng_1001_top) does not have a driver, tie it to 0.
W: Verilog-2021: [C:/CPLD/pango/2_Tieta_Feiteng/Tieta_Feiteng_1001_PGC7KD69MBG400/rtl/source/Tieta_Feiteng_1001_top.v(line number: 1848)] Net ocp_pvt_act_p3_n in Tieta_Feiteng_1001_top(original module Tieta_Feiteng_1001_top) does not have a driver, tie it to 0.
W: Verilog-2021: [C:/CPLD/pango/2_Tieta_Feiteng/Tieta_Feiteng_1001_PGC7KD69MBG400/rtl/source/Tieta_Feiteng_1001_top.v(line number: 1849)] Net ocp_pvt_act_p4_n in Tieta_Feiteng_1001_top(original module Tieta_Feiteng_1001_top) does not have a driver, tie it to 0.
W: Verilog-2021: [C:/CPLD/pango/2_Tieta_Feiteng/Tieta_Feiteng_1001_PGC7KD69MBG400/rtl/source/Tieta_Feiteng_1001_top.v(line number: 1850)] Net ocp_pvt_act_p5_n in Tieta_Feiteng_1001_top(original module Tieta_Feiteng_1001_top) does not have a driver, tie it to 0.
W: Verilog-2021: [C:/CPLD/pango/2_Tieta_Feiteng/Tieta_Feiteng_1001_PGC7KD69MBG400/rtl/source/Tieta_Feiteng_1001_top.v(line number: 1851)] Net ocp_pvt_act_p6_n in Tieta_Feiteng_1001_top(original module Tieta_Feiteng_1001_top) does not have a driver, tie it to 0.
W: Verilog-2021: [C:/CPLD/pango/2_Tieta_Feiteng/Tieta_Feiteng_1001_PGC7KD69MBG400/rtl/source/Tieta_Feiteng_1001_top.v(line number: 1852)] Net ocp_pvt_act_p7_n in Tieta_Feiteng_1001_top(original module Tieta_Feiteng_1001_top) does not have a driver, tie it to 0.
W: Verilog-2021: [C:/CPLD/pango/2_Tieta_Feiteng/Tieta_Feiteng_1001_PGC7KD69MBG400/rtl/source/Tieta_Feiteng_1001_top.v(line number: 1853)] Net ocp_pvt_link_spda_p0_n in Tieta_Feiteng_1001_top(original module Tieta_Feiteng_1001_top) does not have a driver, tie it to 0.
W: Verilog-2021: [C:/CPLD/pango/2_Tieta_Feiteng/Tieta_Feiteng_1001_PGC7KD69MBG400/rtl/source/Tieta_Feiteng_1001_top.v(line number: 1853)] Net ocp_pvt_link_spdb_p0_n in Tieta_Feiteng_1001_top(original module Tieta_Feiteng_1001_top) does not have a driver, tie it to 0.
W: Verilog-2021: [C:/CPLD/pango/2_Tieta_Feiteng/Tieta_Feiteng_1001_PGC7KD69MBG400/rtl/source/Tieta_Feiteng_1001_top.v(line number: 1854)] Net ocp_pvt_link_spda_p1_n in Tieta_Feiteng_1001_top(original module Tieta_Feiteng_1001_top) does not have a driver, tie it to 0.
W: Verilog-2021: [C:/CPLD/pango/2_Tieta_Feiteng/Tieta_Feiteng_1001_PGC7KD69MBG400/rtl/source/Tieta_Feiteng_1001_top.v(line number: 1854)] Net ocp_pvt_link_spdb_p1_n in Tieta_Feiteng_1001_top(original module Tieta_Feiteng_1001_top) does not have a driver, tie it to 0.
W: Verilog-2021: [C:/CPLD/pango/2_Tieta_Feiteng/Tieta_Feiteng_1001_PGC7KD69MBG400/rtl/source/Tieta_Feiteng_1001_top.v(line number: 1855)] Net ocp_pvt_link_spda_p2_n in Tieta_Feiteng_1001_top(original module Tieta_Feiteng_1001_top) does not have a driver, tie it to 0.
W: Verilog-2021: [C:/CPLD/pango/2_Tieta_Feiteng/Tieta_Feiteng_1001_PGC7KD69MBG400/rtl/source/Tieta_Feiteng_1001_top.v(line number: 1855)] Net ocp_pvt_link_spdb_p2_n in Tieta_Feiteng_1001_top(original module Tieta_Feiteng_1001_top) does not have a driver, tie it to 0.
W: Verilog-2021: [C:/CPLD/pango/2_Tieta_Feiteng/Tieta_Feiteng_1001_PGC7KD69MBG400/rtl/source/Tieta_Feiteng_1001_top.v(line number: 1856)] Net ocp_pvt_link_spda_p3_n in Tieta_Feiteng_1001_top(original module Tieta_Feiteng_1001_top) does not have a driver, tie it to 0.
W: Verilog-2021: [C:/CPLD/pango/2_Tieta_Feiteng/Tieta_Feiteng_1001_PGC7KD69MBG400/rtl/source/Tieta_Feiteng_1001_top.v(line number: 1856)] Net ocp_pvt_link_spdb_p3_n in Tieta_Feiteng_1001_top(original module Tieta_Feiteng_1001_top) does not have a driver, tie it to 0.
W: Verilog-2021: [C:/CPLD/pango/2_Tieta_Feiteng/Tieta_Feiteng_1001_PGC7KD69MBG400/rtl/source/Tieta_Feiteng_1001_top.v(line number: 1857)] Net ocp_pvt_link_spda_p4_n in Tieta_Feiteng_1001_top(original module Tieta_Feiteng_1001_top) does not have a driver, tie it to 0.
W: Verilog-2021: [C:/CPLD/pango/2_Tieta_Feiteng/Tieta_Feiteng_1001_PGC7KD69MBG400/rtl/source/Tieta_Feiteng_1001_top.v(line number: 1857)] Net ocp_pvt_link_spdb_p4_n in Tieta_Feiteng_1001_top(original module Tieta_Feiteng_1001_top) does not have a driver, tie it to 0.
W: Verilog-2021: [C:/CPLD/pango/2_Tieta_Feiteng/Tieta_Feiteng_1001_PGC7KD69MBG400/rtl/source/Tieta_Feiteng_1001_top.v(line number: 1858)] Net ocp_pvt_link_spda_p5_n in Tieta_Feiteng_1001_top(original module Tieta_Feiteng_1001_top) does not have a driver, tie it to 0.
W: Verilog-2021: [C:/CPLD/pango/2_Tieta_Feiteng/Tieta_Feiteng_1001_PGC7KD69MBG400/rtl/source/Tieta_Feiteng_1001_top.v(line number: 1858)] Net ocp_pvt_link_spdb_p5_n in Tieta_Feiteng_1001_top(original module Tieta_Feiteng_1001_top) does not have a driver, tie it to 0.
W: Verilog-2021: [C:/CPLD/pango/2_Tieta_Feiteng/Tieta_Feiteng_1001_PGC7KD69MBG400/rtl/source/Tieta_Feiteng_1001_top.v(line number: 1859)] Net ocp_pvt_link_spda_p6_n in Tieta_Feiteng_1001_top(original module Tieta_Feiteng_1001_top) does not have a driver, tie it to 0.
W: Verilog-2021: [C:/CPLD/pango/2_Tieta_Feiteng/Tieta_Feiteng_1001_PGC7KD69MBG400/rtl/source/Tieta_Feiteng_1001_top.v(line number: 1859)] Net ocp_pvt_link_spdb_p6_n in Tieta_Feiteng_1001_top(original module Tieta_Feiteng_1001_top) does not have a driver, tie it to 0.
W: Verilog-2021: [C:/CPLD/pango/2_Tieta_Feiteng/Tieta_Feiteng_1001_PGC7KD69MBG400/rtl/source/Tieta_Feiteng_1001_top.v(line number: 1860)] Net ocp_pvt_link_spda_p7_n in Tieta_Feiteng_1001_top(original module Tieta_Feiteng_1001_top) does not have a driver, tie it to 0.
W: Verilog-2021: [C:/CPLD/pango/2_Tieta_Feiteng/Tieta_Feiteng_1001_PGC7KD69MBG400/rtl/source/Tieta_Feiteng_1001_top.v(line number: 1860)] Net ocp_pvt_link_spdb_p7_n in Tieta_Feiteng_1001_top(original module Tieta_Feiteng_1001_top) does not have a driver, tie it to 0.
W: Verilog-2021: [C:/CPLD/pango/2_Tieta_Feiteng/Tieta_Feiteng_1001_PGC7KD69MBG400/rtl/source/Tieta_Feiteng_1001_top.v(line number: 1861)] Net ocp2_pvt_act_p0_n in Tieta_Feiteng_1001_top(original module Tieta_Feiteng_1001_top) does not have a driver, tie it to 0.
W: Verilog-2021: [C:/CPLD/pango/2_Tieta_Feiteng/Tieta_Feiteng_1001_PGC7KD69MBG400/rtl/source/Tieta_Feiteng_1001_top.v(line number: 1862)] Net ocp2_pvt_act_p1_n in Tieta_Feiteng_1001_top(original module Tieta_Feiteng_1001_top) does not have a driver, tie it to 0.
W: Verilog-2021: [C:/CPLD/pango/2_Tieta_Feiteng/Tieta_Feiteng_1001_PGC7KD69MBG400/rtl/source/Tieta_Feiteng_1001_top.v(line number: 1863)] Net ocp2_pvt_act_p2_n in Tieta_Feiteng_1001_top(original module Tieta_Feiteng_1001_top) does not have a driver, tie it to 0.
W: Verilog-2021: [C:/CPLD/pango/2_Tieta_Feiteng/Tieta_Feiteng_1001_PGC7KD69MBG400/rtl/source/Tieta_Feiteng_1001_top.v(line number: 1864)] Net ocp2_pvt_act_p3_n in Tieta_Feiteng_1001_top(original module Tieta_Feiteng_1001_top) does not have a driver, tie it to 0.
W: Verilog-2021: [C:/CPLD/pango/2_Tieta_Feiteng/Tieta_Feiteng_1001_PGC7KD69MBG400/rtl/source/Tieta_Feiteng_1001_top.v(line number: 1865)] Net ocp2_pvt_act_p4_n in Tieta_Feiteng_1001_top(original module Tieta_Feiteng_1001_top) does not have a driver, tie it to 0.
W: Verilog-2021: [C:/CPLD/pango/2_Tieta_Feiteng/Tieta_Feiteng_1001_PGC7KD69MBG400/rtl/source/Tieta_Feiteng_1001_top.v(line number: 1866)] Net ocp2_pvt_act_p5_n in Tieta_Feiteng_1001_top(original module Tieta_Feiteng_1001_top) does not have a driver, tie it to 0.
W: Verilog-2021: [C:/CPLD/pango/2_Tieta_Feiteng/Tieta_Feiteng_1001_PGC7KD69MBG400/rtl/source/Tieta_Feiteng_1001_top.v(line number: 1867)] Net ocp2_pvt_act_p6_n in Tieta_Feiteng_1001_top(original module Tieta_Feiteng_1001_top) does not have a driver, tie it to 0.
W: Verilog-2021: [C:/CPLD/pango/2_Tieta_Feiteng/Tieta_Feiteng_1001_PGC7KD69MBG400/rtl/source/Tieta_Feiteng_1001_top.v(line number: 1868)] Net ocp2_pvt_act_p7_n in Tieta_Feiteng_1001_top(original module Tieta_Feiteng_1001_top) does not have a driver, tie it to 0.
W: Verilog-2021: [C:/CPLD/pango/2_Tieta_Feiteng/Tieta_Feiteng_1001_PGC7KD69MBG400/rtl/source/Tieta_Feiteng_1001_top.v(line number: 1869)] Net ocp2_pvt_link_spda_p0_n in Tieta_Feiteng_1001_top(original module Tieta_Feiteng_1001_top) does not have a driver, tie it to 0.
W: Verilog-2021: [C:/CPLD/pango/2_Tieta_Feiteng/Tieta_Feiteng_1001_PGC7KD69MBG400/rtl/source/Tieta_Feiteng_1001_top.v(line number: 1869)] Net ocp2_pvt_link_spdb_p0_n in Tieta_Feiteng_1001_top(original module Tieta_Feiteng_1001_top) does not have a driver, tie it to 0.
W: Verilog-2021: [C:/CPLD/pango/2_Tieta_Feiteng/Tieta_Feiteng_1001_PGC7KD69MBG400/rtl/source/Tieta_Feiteng_1001_top.v(line number: 1870)] Net ocp2_pvt_link_spda_p1_n in Tieta_Feiteng_1001_top(original module Tieta_Feiteng_1001_top) does not have a driver, tie it to 0.
W: Verilog-2021: [C:/CPLD/pango/2_Tieta_Feiteng/Tieta_Feiteng_1001_PGC7KD69MBG400/rtl/source/Tieta_Feiteng_1001_top.v(line number: 1870)] Net ocp2_pvt_link_spdb_p1_n in Tieta_Feiteng_1001_top(original module Tieta_Feiteng_1001_top) does not have a driver, tie it to 0.
W: Verilog-2021: [C:/CPLD/pango/2_Tieta_Feiteng/Tieta_Feiteng_1001_PGC7KD69MBG400/rtl/source/Tieta_Feiteng_1001_top.v(line number: 1871)] Net ocp2_pvt_link_spda_p2_n in Tieta_Feiteng_1001_top(original module Tieta_Feiteng_1001_top) does not have a driver, tie it to 0.
W: Verilog-2021: [C:/CPLD/pango/2_Tieta_Feiteng/Tieta_Feiteng_1001_PGC7KD69MBG400/rtl/source/Tieta_Feiteng_1001_top.v(line number: 1871)] Net ocp2_pvt_link_spdb_p2_n in Tieta_Feiteng_1001_top(original module Tieta_Feiteng_1001_top) does not have a driver, tie it to 0.
W: Verilog-2021: [C:/CPLD/pango/2_Tieta_Feiteng/Tieta_Feiteng_1001_PGC7KD69MBG400/rtl/source/Tieta_Feiteng_1001_top.v(line number: 1872)] Net ocp2_pvt_link_spda_p3_n in Tieta_Feiteng_1001_top(original module Tieta_Feiteng_1001_top) does not have a driver, tie it to 0.
W: Verilog-2021: [C:/CPLD/pango/2_Tieta_Feiteng/Tieta_Feiteng_1001_PGC7KD69MBG400/rtl/source/Tieta_Feiteng_1001_top.v(line number: 1872)] Net ocp2_pvt_link_spdb_p3_n in Tieta_Feiteng_1001_top(original module Tieta_Feiteng_1001_top) does not have a driver, tie it to 0.
W: Verilog-2021: [C:/CPLD/pango/2_Tieta_Feiteng/Tieta_Feiteng_1001_PGC7KD69MBG400/rtl/source/Tieta_Feiteng_1001_top.v(line number: 1873)] Net ocp2_pvt_link_spda_p4_n in Tieta_Feiteng_1001_top(original module Tieta_Feiteng_1001_top) does not have a driver, tie it to 0.
W: Verilog-2021: [C:/CPLD/pango/2_Tieta_Feiteng/Tieta_Feiteng_1001_PGC7KD69MBG400/rtl/source/Tieta_Feiteng_1001_top.v(line number: 1873)] Net ocp2_pvt_link_spdb_p4_n in Tieta_Feiteng_1001_top(original module Tieta_Feiteng_1001_top) does not have a driver, tie it to 0.
W: Verilog-2021: [C:/CPLD/pango/2_Tieta_Feiteng/Tieta_Feiteng_1001_PGC7KD69MBG400/rtl/source/Tieta_Feiteng_1001_top.v(line number: 1874)] Net ocp2_pvt_link_spda_p5_n in Tieta_Feiteng_1001_top(original module Tieta_Feiteng_1001_top) does not have a driver, tie it to 0.
W: Verilog-2021: [C:/CPLD/pango/2_Tieta_Feiteng/Tieta_Feiteng_1001_PGC7KD69MBG400/rtl/source/Tieta_Feiteng_1001_top.v(line number: 1874)] Net ocp2_pvt_link_spdb_p5_n in Tieta_Feiteng_1001_top(original module Tieta_Feiteng_1001_top) does not have a driver, tie it to 0.
W: Verilog-2021: [C:/CPLD/pango/2_Tieta_Feiteng/Tieta_Feiteng_1001_PGC7KD69MBG400/rtl/source/Tieta_Feiteng_1001_top.v(line number: 1875)] Net ocp2_pvt_link_spda_p6_n in Tieta_Feiteng_1001_top(original module Tieta_Feiteng_1001_top) does not have a driver, tie it to 0.
W: Verilog-2021: [C:/CPLD/pango/2_Tieta_Feiteng/Tieta_Feiteng_1001_PGC7KD69MBG400/rtl/source/Tieta_Feiteng_1001_top.v(line number: 1875)] Net ocp2_pvt_link_spdb_p6_n in Tieta_Feiteng_1001_top(original module Tieta_Feiteng_1001_top) does not have a driver, tie it to 0.
W: Verilog-2021: [C:/CPLD/pango/2_Tieta_Feiteng/Tieta_Feiteng_1001_PGC7KD69MBG400/rtl/source/Tieta_Feiteng_1001_top.v(line number: 1876)] Net ocp2_pvt_link_spda_p7_n in Tieta_Feiteng_1001_top(original module Tieta_Feiteng_1001_top) does not have a driver, tie it to 0.
W: Verilog-2021: [C:/CPLD/pango/2_Tieta_Feiteng/Tieta_Feiteng_1001_PGC7KD69MBG400/rtl/source/Tieta_Feiteng_1001_top.v(line number: 1876)] Net ocp2_pvt_link_spdb_p7_n in Tieta_Feiteng_1001_top(original module Tieta_Feiteng_1001_top) does not have a driver, tie it to 0.
Executing : rtl-elaborate successfully. Time elapsed: 0.453s wall, 0.313s user + 0.031s system = 0.344s CPU (75.8%)

Start rtl-prep.
Executing : rtl-prep successfully. Time elapsed: 0.848s wall, 0.688s user + 0.000s system = 0.688s CPU (81.0%)

Start rtl-infer.
Start DFF-inference.
W: Sdm-2003: [C:/CPLD/pango/2_Tieta_Feiteng/Tieta_Feiteng_1001_PGC7KD69MBG400/rtl/source/Tieta_Feiteng_1001_top.v(line number: 3218)] The net 'w_fan_type[0]' in Tieta_Feiteng_1001_top is un-driven.
W: Sdm-2003: [C:/CPLD/pango/2_Tieta_Feiteng/Tieta_Feiteng_1001_PGC7KD69MBG400/rtl/source/Tieta_Feiteng_1001_top.v(line number: 3218)] The net 'w_fan_type[1]' in Tieta_Feiteng_1001_top is un-driven.
W: Sdm-2003: [C:/CPLD/pango/2_Tieta_Feiteng/Tieta_Feiteng_1001_PGC7KD69MBG400/rtl/source/Tieta_Feiteng_1001_top.v(line number: 3218)] The net 'w_fan_type[2]' in Tieta_Feiteng_1001_top is un-driven.
W: Sdm-2003: [C:/CPLD/pango/2_Tieta_Feiteng/Tieta_Feiteng_1001_PGC7KD69MBG400/rtl/source/Tieta_Feiteng_1001_top.v(line number: 3218)] The net 'w_fan_type[3]' in Tieta_Feiteng_1001_top is un-driven.
W: Sdm-2004: [C:/CPLD/pango/2_Tieta_Feiteng/Tieta_Feiteng_1001_PGC7KD69MBG400/rtl/source/Tieta_Feiteng_1001_top.v(line number: 1059)] Latch is generated for signal power_on_off, possible missing assignment in an if or case statement.
W: Sdm-2014: [C:/CPLD/pango/2_Tieta_Feiteng/Tieta_Feiteng_1001_PGC7KD69MBG400/rtl/source/communication/s2p_master.v(line number: 34)] Feedback mux created for signal 'sclk'. It is possible a async set/reset assignment for this is signal missing. To improve timing and area, specify a set/reset value.
W: Sdm-2014: [C:/CPLD/pango/2_Tieta_Feiteng/Tieta_Feiteng_1001_PGC7KD69MBG400/rtl/source/communication/s2p_master.v(line number: 33)] Feedback mux created for signal 'sld_n'. It is possible a async set/reset assignment for this is signal missing. To improve timing and area, specify a set/reset value.
W: Sdm-2014: [C:/CPLD/pango/2_Tieta_Feiteng/Tieta_Feiteng_1001_PGC7KD69MBG400/rtl/source/communication/uart_master.v(line number: 77)] Feedback mux created for signal 'reg_par_data_out'. It is possible a async set/reset assignment for this is signal missing. To improve timing and area, specify a set/reset value.
I: Removed inst rst_gmt_n that is redundant to gmt_lreset_n.
I: Removed inst rst_io_n that is redundant to gmt_lreset_n.
W: Sdm-2014: [C:/CPLD/pango/2_Tieta_Feiteng/Tieta_Feiteng_1001_PGC7KD69MBG400/rtl/source/communication/p2s_slave.v(line number: 32)] Feedback mux created for signal 'so'. It is possible a async set/reset assignment for this is signal missing. To improve timing and area, specify a set/reset value.
W: Sdm-2004: [C:/CPLD/pango/2_Tieta_Feiteng/Tieta_Feiteng_1001_PGC7KD69MBG400/rtl/source/i2c/i2c_slave_bmc.v(line number: 39)] Latch is generated for signal w_i2c_command, possible missing assignment in an if or case statement.
W: Sdm-2014: Feedback mux created for signal 'r_I2c_address[6]'. It is possible a async set/reset assignment for this is signal missing. To improve timing and area, specify a set/reset value.
W: Sdm-2014: Feedback mux created for signal 'r_I2c_address[5]'. It is possible a async set/reset assignment for this is signal missing. To improve timing and area, specify a set/reset value.
W: Sdm-2014: Feedback mux created for signal 'r_I2c_address[4]'. It is possible a async set/reset assignment for this is signal missing. To improve timing and area, specify a set/reset value.
W: Sdm-2014: Feedback mux created for signal 'r_I2c_address[3]'. It is possible a async set/reset assignment for this is signal missing. To improve timing and area, specify a set/reset value.
W: Sdm-2014: Feedback mux created for signal 'r_I2c_address[2]'. It is possible a async set/reset assignment for this is signal missing. To improve timing and area, specify a set/reset value.
W: Sdm-2014: Feedback mux created for signal 'r_I2c_address[1]'. It is possible a async set/reset assignment for this is signal missing. To improve timing and area, specify a set/reset value.
W: Sdm-2014: Feedback mux created for signal 'r_I2c_address[0]'. It is possible a async set/reset assignment for this is signal missing. To improve timing and area, specify a set/reset value.
Executing : DFF-inference successfully.
W: Sdm-2000: [C:/CPLD/pango/2_Tieta_Feiteng/Tieta_Feiteng_1001_PGC7KD69MBG400/rtl/source/common/system_reset.v(line number: 294)] Removed register node system_reset_inst/gmt_lreset_n that is stuck at constant 0.
I: Removed inst pon_65ms_watchdog_timeout that is redundant to dsw_pwrok_timeout.
I: Removed inst pon_watchdog_timeout that is redundant to pch_watchdog_timeout.
I: Removed inst reg_p12v_en that is redundant to ocp_main_en.
I: Removed inst reg_power_supply_on that is redundant to ocp_main_en.
I: Removed inst reg_cpu1_vdd_core_en_r that is redundant to reg_cpu0_vdd_core_en_r.
I: Removed inst reg_cpu1_p1v8_en_r that is redundant to reg_cpu0_p1v8_en_r.
I: Removed inst reg_cpu1_ddr_vdd_en_r that is redundant to reg_cpu0_vddq_en_r.
I: Removed inst reg_cpu1_pll_p1v8_en_r that is redundant to reg_cpu0_vddq_en_r.
I: Removed inst reg_cpu1_vddq_en_r that is redundant to reg_cpu0_vddq_en_r.
I: Removed inst reg_cpu0_vddq_en_r that is redundant to reg_cpu0_ddr_vdd_en_r.
I: Removed inst reg_cpu0_pll_p1v8_en_r that is redundant to reg_cpu0_ddr_vdd_en_r.
I: Removed inst reg_cpu1_pcie_p1v8_en_r that is redundant to reg_cpu0_d1_vp_p0v9_en_r.
I: Removed inst reg_cpu0_d1_vph_p1v8_en_r that is redundant to reg_cpu0_d1_vp_p0v9_en_r.
I: Removed inst reg_cpu1_d0_vph_p1v8_en_r that is redundant to reg_cpu0_d1_vp_p0v9_en_r.
I: Removed inst reg_cpu0_pcie_p0v9_en_r that is redundant to reg_cpu0_d1_vp_p0v9_en_r.
I: Removed inst reg_cpu1_d1_vph_p1v8_en_r that is redundant to reg_cpu0_d1_vp_p0v9_en_r.
I: Removed inst reg_cpu1_pcie_p0v9_en_r that is redundant to reg_cpu0_d1_vp_p0v9_en_r.
I: Removed inst reg_cpu1_d1_vp_p0v9_en_r that is redundant to reg_cpu0_d1_vp_p0v9_en_r.
I: Removed inst reg_cpu0_d1_vp_p0v9_en_r that is redundant to reg_cpu0_d0_vp_p0v9_en_r.
I: Removed inst reg_cpu0_d0_vph_p1v8_en_r that is redundant to reg_cpu0_d0_vp_p0v9_en_r.
I: Removed inst reg_cpu0_pcie_p1v8_en_r that is redundant to reg_cpu0_d0_vp_p0v9_en_r.
I: Removed inst reg_cpu1_d0_vp_p0v9_en_r that is redundant to reg_cpu0_d0_vp_p0v9_en_r.
I: Removed inst usb_ponrst_r_n that is redundant to reg_cpu_por_n.
Executing : rtl-infer successfully. Time elapsed: 14.280s wall, 6.813s user + 6.844s system = 13.656s CPU (95.6%)

Start rtl-control-opt.
Executing : rtl-control-opt successfully. Time elapsed: 0.059s wall, 0.063s user + 0.000s system = 0.063s CPU (105.2%)

Start rtl-data-opt.
Executing : rtl-data-opt successfully. Time elapsed: 0.416s wall, 0.422s user + 0.000s system = 0.422s CPU (101.5%)

Start FSM inference.
I: FSM state_fsm[5:0] inferred.
I: FSM r_flag_uid_fsm[7:0] inferred.
I: FSM state_fsm[1:0] inferred.
I: FSM state_fsm[2:0] inferred.
I: FSM curr_state_fsm[2:0] inferred.
I: FSM r_I2C_state_fsm[4:0] inferred.
Executing : FSM inference successfully. Time elapsed: 0.241s wall, 0.203s user + 0.000s system = 0.203s CPU (84.3%)

Start sdm2adm.
I: Constant propagation done on N80 (bmsWIDEMUX).
I: Constant propagation done on N66 (bmsWIDEMUX).
I: Constant propagation done on N80 (bmsWIDEMUX).
I: Constant propagation done on N66 (bmsWIDEMUX).
I: Constant propagation done on N71[9]_inv (bmsWIDEINV).
I: Constant propagation done on N600 (bmsREDAND).
I: Constant propagation done on N601 (bmsREDAND).
I: Constant propagation done on N602 (bmsREDAND).
I: Constant propagation done on N603 (bmsREDAND).
I: Constant propagation done on N604 (bmsREDAND).
Executing : sdm2adm successfully. Time elapsed: 0.376s wall, 0.359s user + 0.000s system = 0.359s CPU (95.7%)

Saving design to DB.
Action compile: Export DB successfully.
Action compile: Real time elapsed is 0h:0m:26s
Action compile: CPU time elapsed is 0h:0m:11s
Action compile: Process CPU time elapsed is 0h:0m:11s
Action compile: Peak memory pool usage is 176 MB

Current time: Mon Mar  2 22:50:46 2026
